Channel,Sales Order,Sales Order Line,Customer ID,Reseller ID,SKU,Region,Country,Order Date,Due Date,Ship Date,Order Quantity,Unit Price,Unit Price Discount Pct,Product Standard Cost,Total Product Cost,Extended Amount,Sales Amount,_batch_id
Internet,SO46867,SO46867 - 1,AW00013029,,BK-R89B-52,Northwest,United States,"Jun 22, 2018",2018-07-02,29-06-2018,1.0,2181.5625,0.0,1320.6838,1320.6838,2181.5625,2181.5625,ERP_EXPORT_20240115
internet,SO46793,SO46793 - 1,AW00013214,,BK-R89B-48,Northwest,United States,2018-06-13,2018-06-23,"Jun 20, 2018",1.0,2181.5625,0.0,1320.6838,1320.6838,2181.5625,2181.5625,ERP_EXPORT_20240115
Internet,SO47904,SO47904 - 1,AW00016562,,BK-R89B-52,United Kingdom,United Kingdom,23-09-2018,2018-10-03,30-09-2018,1.0,2181.5625,0.0,1320.6838,1320.6838,2181.5625,2181.5625,ERP_EXPORT_20240115
Internet,SO46217,SO46217 - 1,AW00020614,,BK-R93R-56,australia,Australia,2018-04-14 00:00:00,2018-04-24,2018-04-21 00:00:00,1.0,3578.27,0.0%,2171.2942,2171.2942,3578.27,3578.27,ERP_EXPORT_20240115
Internet,SO44147,SO44147 - 1,AW00017320,,BK-R93R-62,Australia,Australia,04-08-2017,2017-08-14,20170811,1.0,3578.27,,2171.2942,2171.2942,3578.27,3578.27,ERP_EXPORT_20240115
Internet,SO47137,SO47137 - 1,AW00013348,,BK-R89R-58,Southwest,United States,07/08/2018,2018-07-18,"Jul 15, 2018",1.0,2181.5625,,1320.6838,1320.6838,2181.5625,2181.5625,ERP_EXPORT_20240115
Internet,SO44183,SO44183 - 1,AW00028158,,BK-R93R-62,Southwest,United States,20170812,2017-08-22,20170819,1.0,3578.27,,2171.2942,2171.2942,3578.27,3578.27,ERP_EXPORT_20240115
Internet,SO43921,SO43921 - 1,,,BK-R93R-52,Australia,Australia,"Jul 17, 2017",2017-07-27,2017-07-24,1.4,3578.27,,2171.2942,2171.2942,-3578.27,-3578.27,ERP_EXPORT_20240115
 Internet,SO46837,SO46837 - 1,AW00014003,,BK-R64Y-38,Northwest,United States,19-06-2018,2018-06-29,2018-06-26,1.0,1000.4375,0.0,605.6492,605.6492,1000.4375,1000.4375,ERP_EXPORT_20240115
internet,SO44329,SO44329 - 1,,,BK-R93R-44,Australia,Australia,09/03/2017,2017-09-13,2017-09-10 00:00:00,1.3,3578.27,,2171.2942,2171.2942,-3578.27,-3578.27,ERP_EXPORT_20240115
Internet,SO45136,SO45136 - 1,,,BK-R93R-48,Australia,Australia,"Dec 11, 2017",2017-12-21,18-12-2017,1.5,3578.27,,2171.2942,2171.2942,3578.27,3578.27,ERP_EXPORT_20240115
Internet,SO45710,SO45710 - 1,AW00019963,,BK-R93R-62,Australia,Australia,17-02-2018,2018-02-27,02/24/2018,1.0,3578.27,0.0,2171.2942,2171.2942,3578.27,3578.27,ERP_EXPORT_20240115
internet,SO45900,SO45900 - 1,AW00011837,,BK-R93R-48, Southwest,United States,15-03-2018,2018-03-25,"Mar 22, 2018",1.0,3578.27,0.0,2171.2942,2171.2942,3578.27,3578.27,ERP_EXPORT_20240115
internet,SO46538,SO46538 - 1,AW00012774,,BK-R93R-62,Southwest ,United States,22-05-2018,2018-06-01,"May 29, 2018",1.0,3578.27,0.0,2171.2942,2171.2942,3578.27,3578.27,ERP_EXPORT_20240115
Internet,SO43944,SO43944 - 1,,,BK-M82S-38,Australia,Australia,"Jul 20, 2017",2017-07-30,"Jul 27, 2017",1.8,3399.99,,1912.1544,1912.1544,-3399.99,-3399.99,ERP_EXPORT_20240115
Internet ,SO43709,SO43709 - 1,,,BK-R93R-52,Australia,Australia,"Jul 02, 2017",2017-07-12,"Jul 09, 2017",1.8,3578.27,,2171.2942,2171.2942,-3578.27,-3578.27,ERP_EXPORT_20240115
Internet,SO48432,SO48432 - 1,AW00023098,,BK-R89B-52,australia,Australia,2018-11-02 00:00:00,2018-11-12,"Nov 09, 2018",1.0,2181.5625,0.0,1320.6838,1320.6838,2181.5625,2181.5625,ERP_EXPORT_20240115
internet,SO44961,SO44961 - 1,AW00029060,,BK-R93R-52,Southwest,United States,11/20/2017,2017-11-30,20171127,1.0,3578.27,0.0,2171.2942,2171.2942,3578.27,3578.27,ERP_EXPORT_20240115
Internet,SO47183,SO47183 - 1,,,BK-R50B-60,Southwest,United States,2018-07-14,2018-07-24,20180721,1.3,782.99,,486.7066,486.7066,782.99,-782.99,ERP_EXPORT_20240115
Internet,SO46818,SO46818 - 1,AW00021211,,BK-R89R-48,Australia,Australia,06/16/2018,2018-06-26,2018-06-23,1.0,2443.35,0.0,1518.7864,1518.7864,2443.35,2443.35,ERP_EXPORT_20240115
Internet,SO44471,SO44471 - 1,AW00025561,,BK-R50R-60,Australia,Australia,09/28/2017,2017-10-08,10/05/2017,1.0,699.0982,0.0,413.1463,413.1463,699.0982,699.0982,ERP_EXPORT_20240115
Internet,SO45895,SO45895 - 1,AW00011727,,BK-R93R-44,Southwest,United States,20180314,2018-03-24,2018-03-21,1.0,3578.27,0.0,2171.2942,2171.2942,3578.27,3578.27,ERP_EXPORT_20240115
Internet,SO44974,SO44974 - 1,,,BK-R93R-48,United Kingdom,United Kingdom,20171122,2017-12-02,2017-11-29,1.3,3578.27,,2171.2942,2171.2942,-3578.27,-3578.27,ERP_EXPORT_20240115
Internet,SO45630,SO45630 - 1,AW00011899,,BK-M82B-48,Australia,Australia,04-02-2018,2018-02-14,2018-02-11,1.0,3374.99,0.0,1898.0944,1898.0944,3374.99,3374.99,ERP_EXPORT_20240115
Internet,SO45082,SO45082 - 1,,,BK-M82B-44,australia,Australia,12/01/2017,2017-12-11,2017-12-08 00:00:00,1.7,3374.99,,1898.0944,1898.0944,-3374.99,-3374.99,ERP_EXPORT_20240115
 Internet,SO43733,SO43733 - 1,AW00027577,,BK-R93R-48,Northwest,United States,2017-07-05 00:00:00,2017-07-15,20170712,1.0,3578.27,,2171.2942,2171.2942,3578.27,3578.27,ERP_EXPORT_20240115
Internet,SO44830,SO44830 - 1,AW00018337,,BK-R93R-56,Australia,Australia,2017-11-03 00:00:00,2017-11-13,10-11-2017,1.0,3578.27,,2171.2942,2171.2942,3578.27,3578.27,ERP_EXPORT_20240115
Internet,SO47915,SO47915 - 1,AW00026351,,BK-M68B-42,Southwest,United States,09/24/2018,2018-10-04,10/01/2018,1.0,2049.0982,0.0,1105.81,1105.81,2049.0982,2049.0982,ERP_EXPORT_20240115
Internet,SO45871,SO45871 - 1,AW00025919,,BK-R50R-44,australia,Australia,10-03-2018,2018-03-20,17-03-2018,1.0,699.0982,0.0,413.1463,413.1463,699.0982,699.0982,ERP_EXPORT_20240115
Internet,SO44235,SO44235 - 1,AW00022117,,BK-R93R-52,CANADA,Canada,"Aug 23, 2017",2017-09-02,"Aug 30, 2017",1.0,3578.27,,2171.2942,2171.2942,3578.27,3578.27,ERP_EXPORT_20240115
Internet,SO48821,SO48821 - 1,AW00023344,,BK-R89B-58,AUSTRALIA,Australia,"Dec 03, 2018",2018-12-13,"Dec 10, 2018",1.0,2181.5625,0.0,1320.6838,1320.6838,2181.5625,2181.5625,ERP_EXPORT_20240115
Internet,SO44708,SO44708 - 1,AW00025909,,BK-M82B-44,Southwest,United States,2017-10-24 00:00:00,2017-11-03,20171031,1.0,3374.99,0.0,1898.0944,1898.0944,3374.99,3374.99,ERP_EXPORT_20240115
Internet,SO45894,SO45894 - 1,AW00019450,,BK-R50B-58,Germany,Germany,03/14/2018,2018-03-24,21-03-2018,1.0,699.0982,0.0,413.1463,413.1463,699.0982,699.0982,ERP_EXPORT_20240115
Internet,SO47511,SO47511 - 1,,,BK-R89B-48,France,France,"Aug 10, 2018",2018-08-20,"Aug 17, 2018",1.8,2181.5625,,1320.6838,1320.6838,2181.5625,-2181.5625,ERP_EXPORT_20240115
INTERNET,SO46452,SO46452 - 1,AW00026112,,BK-M82B-42,Northwest,United States,10-05-2018,2018-05-20,2018-05-17,1.0,3374.99,0.0,1898.0944,1898.0944,3374.99,3374.99,ERP_EXPORT_20240115
Internet,SO46842,SO46842 - 1,AW00015166,,BK-R50R-58,Southwest,United States,"Jun 19, 2018",2018-06-29,20180626,1.0,782.99,0.0%,486.7066,486.7066,782.99,782.99,ERP_EXPORT_20240115
Internet,SO44717,SO44717 - 1,AW00014616,,BK-R50B-62,Southwest,United States,"Oct 26, 2017",2017-11-05,2017-11-02 00:00:00,1.0,699.0982,0.0,413.1463,413.1463,699.0982,699.0982,ERP_EXPORT_20240115
Internet,SO45371,SO45371 - 1,AW00015062,,BK-R93R-62,United Kingdom,United Kingdom,2018-01-05 00:00:00,2018-01-15,20180112,1.0,3578.27,0.0,2171.2942,2171.2942,3578.27,3578.27,ERP_EXPORT_20240115
 Internet,SO46582,SO46582 - 1,AW00012207,,BK-R93R-56,northwest,United States,27-05-2018,2018-06-06,2018-06-03 00:00:00,1.0,3578.27,0.0,2171.2942,2171.2942,3578.27,3578.27,ERP_EXPORT_20240115
Internet,SO45433,SO45433 - 1,AW00012547,,BK-R93R-62,France,France,14-01-2018,2018-01-24,20180121,1.0,3578.27,0.0,2171.2942,2171.2942,3578.27,3578.27,ERP_EXPORT_20240115
Internet,SO48211,SO48211 - 1,AW00017634,,BK-R64Y-42,France,France,10/21/2018,2018-10-31,2018-10-28,1.0,1000.4375,0.0,605.6492,605.6492,1000.4375,1000.4375,ERP_EXPORT_20240115
internet,SO45504,SO45504 - 1,AW00014730,,BK-R50B-48,Southwest,United States,"Jan 26, 2018",2018-02-05,2018-02-02 00:00:00,1.0,699.0982,0.0%,413.1463,413.1463,699.0982,699.0982,ERP_EXPORT_20240115
Internet,SO44417,SO44417 - 1,AW00017917,,BK-R93R-44,Australia,Australia,"Sep 18, 2017",2017-09-28,25-09-2017,1.0,3578.27,,2171.2942,2171.2942,3578.27,3578.27,ERP_EXPORT_20240115
internet,SO45402,SO45402 - 1,AW00011413,,BK-M82S-38,United Kingdom,United Kingdom,"Jan 10, 2018",2018-01-20,01/17/2018,1.0,3399.99,0.0,1912.1544,1912.1544,3399.99,3399.99,ERP_EXPORT_20240115
Internet,SO48538,SO48538 - 1,AW00022905,,BK-R89B-58,Australia,Australia,2018-11-12,2018-11-22,20181119,1.0,2181.5625,0.0,1320.6838,1320.6838,2181.5625,2181.5625,ERP_EXPORT_20240115
Internet,SO46266,SO46266 - 1,AW00020425,,BK-R93R-56,australia,Australia,04/21/2018,2018-05-01,28-04-2018,1.0,3578.27,0.0,2171.2942,2171.2942,3578.27,3578.27,ERP_EXPORT_20240115
INTERNET,SO45872,SO45872 - 1,,,BK-M82S-48,Germany,Germany,03/11/2018,2018-03-21,18-03-2018,1.5,3399.99,,1912.1544,1912.1544,3399.99,-3399.99,ERP_EXPORT_20240115
Internet,SO48929,SO48929 - 1,AW00013526,,BK-M68S-38,Australia,Australia,20181216,2018-12-26,2018-12-23 00:00:00,1.0,2071.4196,0.0%,1117.8559,1117.8559,2071.4196,2071.4196,ERP_EXPORT_20240115
Internet,SO47948,SO47948 - 1,AW00013450,,BK-R89R-48,NORTHWEST,United States,09/29/2018,2018-10-09,10/06/2018,1.0,2443.35,0.0%,1518.7864,1518.7864,2443.35,2443.35,ERP_EXPORT_20240115
internet,SO46810,SO46810 - 1,AW00015622,,BK-R89R-52,Germany,Germany,2018-06-16 00:00:00,2018-06-26,20180623,1.0,2443.35,0.0,1518.7864,1518.7864,2443.35,2443.35,ERP_EXPORT_20240115
Internet,SO46694,SO46694 - 1,AW00013220,,BK-R89B-44,southwest,United States,02-06-2018,2018-06-12,2018-06-09,1.0,2181.5625,0.0,1320.6838,1320.6838,2181.5625,2181.5625,ERP_EXPORT_20240115
Internet,SO43957,SO43957 - 1,,,BK-R93R-52,southwest,United States,2017-07-21,2017-07-31,2017-07-28,1.2,3578.27,,2171.2942,2171.2942,3578.27,-3578.27,ERP_EXPORT_20240115
 Internet,SO48107,SO48107 - 1,AW00022580,,BK-R89R-52,Australia,Australia,2018-10-03,2018-10-13,20181010,1.0,2443.35,0.0,1518.7864,1518.7864,2443.35,2443.35,ERP_EXPORT_20240115
INTERNET,SO47299,SO47299 - 1,AW00013425,,BK-R89R-48,Northwest,United States,"Jul 26, 2018",2018-08-05,08/02/2018,1.0,2443.35,0.0,1518.7864,1518.7864,2443.35,2443.35,ERP_EXPORT_20240115
INTERNET,SO47763,SO47763 - 1,AW00022170,,BK-R89B-58,Australia,Australia,20180904,2018-09-14,"Sep 11, 2018",1.0,2181.5625,0.0,1320.6838,1320.6838,2181.5625,2181.5625,ERP_EXPORT_20240115
Internet,SO44812,SO44812 - 1,AW00028988,,BK-R93R-56,Southwest,United States,2017-11-01 00:00:00,2017-11-11,2017-11-08,1.0,3578.27,0.0,2171.2942,2171.2942,3578.27,3578.27,ERP_EXPORT_20240115
Internet,SO45989,SO45989 - 1,AW00012631,,BK-R93R-44,France,France,2018-03-27,2018-04-06,2018-04-03,1.0,3578.27,0.0,2171.2942,2171.2942,3578.27,3578.27,ERP_EXPORT_20240115
Internet,SO44045,SO44045 - 1,,,BK-M82S-38,France,France,2017-07-30,2017-08-09,08/06/2017,1.1,3399.99,,1912.1544,1912.1544,3399.99,3399.99,ERP_EXPORT_20240115
Internet,SO46691,SO46691 - 1,AW00013142,,BK-R89R-44,Southwest,United States,02-06-2018,2018-06-12,2018-06-09 00:00:00,1.0,2443.35,0.0,1518.7864,1518.7864,2443.35,2443.35,ERP_EXPORT_20240115
Internet,SO43971,SO43971 - 1,,,BK-R93R-56,Australia,Australia,2017-07-22 00:00:00,2017-08-01,29-07-2017,1.6,3578.27,,2171.2942,2171.2942,-3578.27,-3578.27,ERP_EXPORT_20240115
Internet,SO46499,SO46499 - 1,AW00012179,,BK-R93R-62,Northwest,United States,2018-05-18,2018-05-28,25-05-2018,1.0,3578.27,0.0,2171.2942,2171.2942,3578.27,3578.27,ERP_EXPORT_20240115
Internet,SO47633,SO47633 - 1,AW00021894,,BK-R89R-58,Australia,Australia,08/26/2018,2018-09-05,"Sep 02, 2018",1.0,2181.5625,0.0%,1320.6838,1320.6838,2181.5625,2181.5625,ERP_EXPORT_20240115
Internet,SO48861,SO48861 - 1,AW00026786,,BK-M68S-38,Southwest ,United States,20181209,2018-12-19,16-12-2018,1.0,2071.4196,0.0,1117.8559,1117.8559,2071.4196,2071.4196,ERP_EXPORT_20240115
Internet,SO44156,SO44156 - 1,AW00025887,,BK-M82S-44,Northwest,United States,06-08-2017,2017-08-16,2017-08-13,1.0,3399.99,,1912.1544,1912.1544,3399.99,3399.99,ERP_EXPORT_20240115
 Internet,SO44683,SO44683 - 1,,,BK-R93R-48,Southwest,United States,20171019,2017-10-29,20171026,1.2,3578.27,,2171.2942,2171.2942,-3578.27,-3578.27,ERP_EXPORT_20240115
INTERNET,SO45667,SO45667 - 1,AW00019957,,BK-R93R-56,Australia,Australia,2018-02-11,2018-02-21,18-02-2018,1.0,3578.27,0.0,2171.2942,2171.2942,3578.27,3578.27,ERP_EXPORT_20240115
 Internet,SO47218,SO47218 - 1,AW00021361,,BK-R89R-48,Australia,Australia,"Jul 18, 2018",2018-07-28,"Jul 25, 2018",1.0,2443.35,0.0%,1518.7864,1518.7864,2443.35,2443.35,ERP_EXPORT_20240115
Internet,SO46522,SO46522 - 1,AW00012882,,BK-R93R-48,Southwest,United States,20-05-2018,2018-05-30,"May 27, 2018",1.0,3578.27,0.0,2171.2942,2171.2942,3578.27,3578.27,ERP_EXPORT_20240115
Internet,SO48897,SO48897 - 1,AW00016540,,BK-R89B-52,Germany,Germany,2018-12-13 00:00:00,2018-12-23,12/20/2018,1.0,2181.5625,0.0,1320.6838,1320.6838,2181.5625,2181.5625,ERP_EXPORT_20240115
Internet,SO48475,SO48475 - 1,AW00017214,,BK-R89R-52,United Kingdom,United Kingdom,"Nov 07, 2018",2018-11-17,20181114,1.0,2443.35,0.0,1518.7864,1518.7864,2443.35,2443.35,ERP_EXPORT_20240115
INTERNET,SO45432,SO45432 - 1,AW00014167,,BK-R93R-48,Germany,Germany,20180114,2018-01-24,01/21/2018,1.0,3578.27,,2171.2942,2171.2942,3578.27,3578.27,ERP_EXPORT_20240115
Internet,SO48531,SO48531 - 1,AW00013105,,BK-M68B-42,Australia,Australia,2018-11-11,2018-11-21,18-11-2018,1.0,2049.0982,0.0,1105.81,1105.81,2049.0982,2049.0982,ERP_EXPORT_20240115
Internet ,SO45618,SO45618 - 1,AW00012618,,BK-R93R-44,france,France,03-02-2018,2018-02-13,2018-02-10 00:00:00,1.0,3578.27,0.0,2171.2942,2171.2942,3578.27,3578.27,ERP_EXPORT_20240115
 Internet,SO47141,SO47141 - 1,,,BK-R89R-58,australia,Australia,09-07-2018,2018-07-19,07/16/2018,1.8,2181.5625,,1320.6838,1320.6838,-2181.5625,-2181.5625,ERP_EXPORT_20240115
Internet,SO44894,SO44894 - 1,AW00025943,,BK-M82B-38,Southwest,United States,"Nov 12, 2017",2017-11-22,11/19/2017,1.0,3374.99,,1898.0944,1898.0944,3374.99,3374.99,ERP_EXPORT_20240115
Internet,SO48176,SO48176 - 1,AW00015379,,BK-R50B-62,Southwest,United States,10/15/2018,2018-10-25,22-10-2018,1.0,782.99,0.0,486.7066,486.7066,782.99,782.99,ERP_EXPORT_20240115
Internet,SO44706,SO44706 - 1,AW00028618,,BK-R93R-44,Northwest,United States,"Oct 24, 2017",2017-11-03,2017-10-31 00:00:00,1.0,3578.27,0.0,2171.2942,2171.2942,3578.27,3578.27,ERP_EXPORT_20240115
Internet,SO45083,SO45083 - 1,AW00014947,,BK-R93R-48,United Kingdom,United Kingdom,20171202,2017-12-12,"Dec 09, 2017",1.0,3578.27,0.0,2171.2942,2171.2942,3578.27,3578.27,ERP_EXPORT_20240115
Internet,SO46836,SO46836 - 1,AW00013769,,BK-R89B-52,France,France,06/19/2018,2018-06-29,2018-06-26,1.0,2181.5625,0.0,1320.6838,1320.6838,2181.5625,2181.5625,ERP_EXPORT_20240115
internet,SO47794,SO47794 - 1,AW00020375,,BK-M68S-42, Canada,Canada,2018-09-10 00:00:00,2018-09-20,"Sep 17, 2018",1.0,2071.4196,,1117.8559,1117.8559,2071.4196,2071.4196,ERP_EXPORT_20240115
Internet,SO44150,SO44150 - 1,AW00017315,,BK-R93R-48,Australia,Australia,20170805,2017-08-15,2017-08-12,1.0,3578.27,,2171.2942,2171.2942,3578.27,3578.27,ERP_EXPORT_20240115
Internet,SO44929,SO44929 - 1,AW00012398,,BK-R93R-48,France,France,20171117,2017-11-27,2017-11-24 00:00:00,1.0,3578.27,,2171.2942,2171.2942,3578.27,3578.27,ERP_EXPORT_20240115
Internet,SO45510,SO45510 - 1,AW00022998,,BK-R93R-62,Canada,Canada,2018-01-27,2018-02-06,"Feb 03, 2018",1.0,3578.27,,2171.2942,2171.2942,3578.27,3578.27,ERP_EXPORT_20240115
Internet,SO47093,SO47093 - 1,AW00013380,,BK-R89R-48,southwest,United States,07/04/2018,2018-07-14,2018-07-11 00:00:00,1.0,2443.35,0.0,1518.7864,1518.7864,2443.35,2443.35,ERP_EXPORT_20240115
Internet,SO48575,SO48575 - 1,,,BK-M68B-42,Australia,Australia,"Nov 15, 2018",2018-11-25,2018-11-22,1.1,2049.0982,,1105.81,1105.81,-2049.0982,-2049.0982,ERP_EXPORT_20240115
Internet,SO46690,SO46690 - 1,AW00013039,,BK-R89R-44,Southwest,United States,20180602,2018-06-12,2018-06-09,1.0,2443.35,0.0%,1518.7864,1518.7864,2443.35,2443.35,ERP_EXPORT_20240115
Internet,SO46767,SO46767 - 1,AW00012573,,BK-M68B-46,australia,Australia,10-06-2018,2018-06-20,2018-06-17 00:00:00,1.0,2049.0982,0.0,1105.81,1105.81,2049.0982,2049.0982,ERP_EXPORT_20240115
Internet,SO47542,SO47542 - 1,,,BK-R89B-44,Australia,Australia,2018-08-13,2018-08-23,"Aug 20, 2018",1.3,2181.5625,,1320.6838,1320.6838,-2181.5625,-2181.5625,ERP_EXPORT_20240115
 Internet,SO46422,SO46422 - 1,AW00012884,,BK-R93R-44,Southwest,United States,2018-05-06 00:00:00,2018-05-16,"May 13, 2018",1.0,3578.27,,2171.2942,2171.2942,3578.27,3578.27,ERP_EXPORT_20240115
Internet,SO46152,SO46152 - 1,AW00020424,,BK-R93R-56,Australia,Australia,04/05/2018,2018-04-15,2018-04-12,1.0,3578.27,0.0,2171.2942,2171.2942,3578.27,3578.27,ERP_EXPORT_20240115
Internet,SO46494,SO46494 - 1,AW00020983,,BK-R93R-52,Australia,Australia,2018-05-17,2018-05-27,05/24/2018,1.0,3578.27,0.0,2171.2942,2171.2942,3578.27,3578.27,ERP_EXPORT_20240115
Internet ,SO44940,SO44940 - 1,AW00018490,,BK-R93R-44,Australia ,Australia,2017-11-18,2017-11-28,11/25/2017,1.0,3578.27,0.0,2171.2942,2171.2942,3578.27,3578.27,ERP_EXPORT_20240115
Internet,SO44854,SO44854 - 1,AW00029004,,BK-R93R-44,Southwest,United States,11/07/2017,2017-11-17,11/14/2017,1.0,3578.27,0.0,2171.2942,2171.2942,3578.27,3578.27,ERP_EXPORT_20240115
Internet,SO47125,SO47125 - 1,AW00013325,,BK-R89B-48,Southwest,United States,2018-07-07,2018-07-17,2018-07-14 00:00:00,1.0,2181.5625,0.0,1320.6838,1320.6838,2181.5625,2181.5625,ERP_EXPORT_20240115
Internet,SO44936,SO44936 - 1,AW00029044,,BK-R93R-48, Northwest,United States,11/18/2017,2017-11-28,2017-11-25 00:00:00,1.0,3578.27,0.0,2171.2942,2171.2942,3578.27,3578.27,ERP_EXPORT_20240115
Internet,SO44227,SO44227 - 1,AW00028401,,BK-M82B-42,France,France,2017-08-22 00:00:00,2017-09-01,2017-08-29,1.0,3374.99,0.0,1898.0944,1898.0944,3374.99,3374.99,ERP_EXPORT_20240115
internet,SO47617,SO47617 - 1,AW00021943,,BK-R89B-52,Australia,Australia,08/24/2018,2018-09-03,08/31/2018,1.0,2181.5625,0.0,1320.6838,1320.6838,2181.5625,2181.5625,ERP_EXPORT_20240115
Internet,SO48804,SO48804 - 1,AW00012276,,BK-M68S-46,Germany,Germany,20181202,2018-12-12,"Dec 09, 2018",1.0,2071.4196,0.0,1117.8559,1117.8559,2071.4196,2071.4196,ERP_EXPORT_20240115
Internet,SO44435,SO44435 - 1,AW00028573,,BK-R93R-48,Northwest,United States,2017-09-22 00:00:00,2017-10-02,29-09-2017,1.0,3578.27,,2171.2942,2171.2942,3578.27,3578.27,ERP_EXPORT_20240115
internet,SO45097,SO45097 - 1,AW00029151,,BK-R93R-52,Southwest,United States,12/04/2017,2017-12-14,2017-12-11,1.0,3578.27,0.0,2171.2942,2171.2942,3578.27,3578.27,ERP_EXPORT_20240115
internet,SO48093,SO48093 - 1,,,BK-R89B-52,United Kingdom,United Kingdom,2018-10-01,2018-10-11,08-10-2018,1.6,2181.5625,,1320.6838,1320.6838,-2181.5625,-2181.5625,ERP_EXPORT_20240115
Internet,SO45365,SO45365 - 1,,,BK-R93R-52,United Kingdom,United Kingdom,2018-01-04,2018-01-14,11-01-2018,1.3,3578.27,,2171.2942,2171.2942,-3578.27,-3578.27,ERP_EXPORT_20240115
internet,SO43705,SO43705 - 1,AW00011011,,BK-M82S-38,Australia ,Australia,2017-07-01,2017-07-11,20170708,1.0,3399.99,0.0,1912.1544,1912.1544,3399.99,3399.99,ERP_EXPORT_20240115
Internet ,SO46560,SO46560 - 1,AW00026096,,BK-M82S-38,Southwest,United States,"May 24, 2018",2018-06-03,05/31/2018,1.0,3399.99,0.0,1912.1544,1912.1544,3399.99,3399.99,ERP_EXPORT_20240115
Internet ,SO45903,SO45903 - 1,AW00015619,,BK-R93R-62,United Kingdom,United Kingdom,15-03-2018,2018-03-25,2018-03-22 00:00:00,1.0,3578.27,0.0,2171.2942,2171.2942,3578.27,3578.27,ERP_EXPORT_20240115
INTERNET,SO44836,SO44836 - 1,AW00018465,,BK-R93R-56,Australia,Australia,20171104,2017-11-14,20171111,1.0,3578.27,0.0,2171.2942,2171.2942,3578.27,3578.27,ERP_EXPORT_20240115
Internet,SO44465,SO44465 - 1,AW00014613,,BK-R50R-58,Northwest,United States,2017-09-28 00:00:00,2017-10-08,2017-10-05 00:00:00,1.0,699.0982,0.0,413.1463,413.1463,699.0982,699.0982,ERP_EXPORT_20240115
Internet,SO47534,SO47534 - 1,AW00026148,,BK-R50R-48,AUSTRALIA,Australia,2018-08-12,2018-08-22,19-08-2018,1.0,782.99,0.0,486.7066,486.7066,782.99,782.99,ERP_EXPORT_20240115
Internet,SO48656,SO48656 - 1,AW00020829,,BK-R50B-62,Germany,Germany,11/23/2018,2018-12-03,20181130,1.0,782.99,,486.7066,486.7066,782.99,782.99,ERP_EXPORT_20240115
Internet,SO45082,SO45082 - 1,,,BK-M82B-44,australia,Australia,12/01/2017,2017-12-11,2017-12-08 00:00:00,1.7,3374.99,,1898.0944,1898.0944,-3374.99,-3374.99,ERP_EXPORT_20240115
Internet,SO45123,SO45123 - 1,AW00022971,,BK-R93R-44,Canada,Canada,09-12-2017,2017-12-19,"Dec 16, 2017",1.0,3578.27,,2171.2942,2171.2942,3578.27,3578.27,ERP_EXPORT_20240115
Internet,SO44989,SO44989 - 1,AW00028854,,BK-R93R-44,Northwest,United States,2017-11-24,2017-12-04,"Dec 01, 2017",1.0,3578.27,,2171.2942,2171.2942,3578.27,3578.27,ERP_EXPORT_20240115
Internet,SO43765,SO43765 - 1,,,BK-M82S-44,Australia,Australia,"Jul 09, 2017",2017-07-19,07/16/2017,1.5,3399.99,,1912.1544,1912.1544,3399.99,3399.99,ERP_EXPORT_20240115
Internet,SO44997,SO44997 - 1,AW00028870,,BK-R93R-62,Northwest,United States,2017-11-25,2017-12-05,"Dec 02, 2017",1.0,3578.27,,2171.2942,2171.2942,3578.27,3578.27,ERP_EXPORT_20240115
Internet,SO46496,SO46496 - 1,AW00020627,,BK-R93R-48,Australia,Australia,2018-05-17 00:00:00,2018-05-27,24-05-2018,1.0,3578.27,0.0,2171.2942,2171.2942,3578.27,3578.27,ERP_EXPORT_20240115
 Internet,SO45255,SO45255 - 1,AW00029258,,BK-R93R-56,northwest,United States,2017-12-30,2018-01-09,2018-01-06,1.0,3578.27,0.0,2171.2942,2171.2942,3578.27,3578.27,ERP_EXPORT_20240115
Internet,SO48484,SO48484 - 1,AW00013525,,BK-M68S-38,Australia,Australia,2018-11-07 00:00:00,2018-11-17,20181114,1.0,2071.4196,0.0,1117.8559,1117.8559,2071.4196,2071.4196,ERP_EXPORT_20240115
Internet,SO45228,SO45228 - 1,AW00018768,,BK-R93R-56,Australia,Australia,25-12-2017,2018-01-04,01/01/2018,1.0,3578.27,0.0,2171.2942,2171.2942,3578.27,3578.27,ERP_EXPORT_20240115
Internet,SO46593,SO46593 - 1,AW00012912,,BK-R93R-56,Northwest ,United States,29-05-2018,2018-06-08,20180605,1.0,3578.27,0.0,2171.2942,2171.2942,3578.27,3578.27,ERP_EXPORT_20240115
Internet,SO47122,SO47122 - 1,AW00013362,,BK-R89R-58,Southwest ,United States,"Jul 07, 2018",2018-07-17,2018-07-14 00:00:00,1.0,2181.5625,0.0,1320.6838,1320.6838,2181.5625,2181.5625,ERP_EXPORT_20240115
internet,SO48250,SO48250 - 1,AW00022572,,BK-R89R-52,Australia ,Australia,20181026,2018-11-05,20181102,1.0,2443.35,0.0%,1518.7864,1518.7864,2443.35,2443.35,ERP_EXPORT_20240115
Internet,SO45026,SO45026 - 1,AW00025962,,BK-M82S-38,Northwest,United States,2017-11-29 00:00:00,2017-12-09,20171206,1.0,3399.99,0.0%,1912.1544,1912.1544,3399.99,3399.99,ERP_EXPORT_20240115
Internet,SO48950,SO48950 - 1,AW00012486,,BK-M68B-38,United Kingdom,United Kingdom,"Dec 20, 2018",2018-12-30,"Dec 27, 2018",1.0,2049.0982,0.0,1105.81,1105.81,2049.0982,2049.0982,ERP_EXPORT_20240115
Internet,SO44867,SO44867 - 1,AW00014793,,BK-R93R-52,United Kingdom ,United Kingdom,2017-11-08 00:00:00,2017-11-18,20171115,1.0,3578.27,0.0,2171.2942,2171.2942,3578.27,3578.27,ERP_EXPORT_20240115
Internet,SO45178,SO45178 - 1,AW00011456,,BK-M82S-48,australia,Australia,20171217,2017-12-27,"Dec 24, 2017",1.0,3399.99,0.0,1912.1544,1912.1544,3399.99,3399.99,ERP_EXPORT_20240115
Internet,SO44827,SO44827 - 1,AW00025973,,BK-M82S-38,northwest,United States,20171103,2017-11-13,20171110,1.0,3399.99,0.0,1912.1544,1912.1544,3399.99,3399.99,ERP_EXPORT_20240115
Internet,SO48628,SO48628 - 1,AW00012381,,BK-M68S-38,United Kingdom,United Kingdom,20-11-2018,2018-11-30,2018-11-27 00:00:00,1.0,2071.4196,0.0,1117.8559,1117.8559,2071.4196,2071.4196,ERP_EXPORT_20240115
Internet,SO45996,SO45996 - 1,AW00011839,,BK-R93R-48,Southwest,United States,"Mar 28, 2018",2018-04-07,2018-04-04 00:00:00,1.0,3578.27,0.0,2171.2942,2171.2942,3578.27,3578.27,ERP_EXPORT_20240115
Internet,SO46475,SO46475 - 1,AW00020575,,BK-R50R-60,United Kingdom,United Kingdom,13-05-2018,2018-05-23,20-05-2018,1.0,699.0982,0.0,413.1463,413.1463,699.0982,699.0982,ERP_EXPORT_20240115
 Internet,SO45825,SO45825 - 1,AW00023725,,BK-R93R-56,CANADA,Canada,03/03/2018,2018-03-13,2018-03-10 00:00:00,1.0,3578.27,0.0,2171.2942,2171.2942,3578.27,3578.27,ERP_EXPORT_20240115
Internet,SO46420,SO46420 - 1,AW00013511,,BK-R93R-52,France,France,2018-05-05,2018-05-15,12-05-2018,1.0,3578.27,0.0,2171.2942,2171.2942,3578.27,3578.27,ERP_EXPORT_20240115
Internet,SO45381,SO45381 - 1,AW00019988,,BK-M82S-38,canada,Canada,2018-01-06 00:00:00,2018-01-16,01/13/2018,1.0,3399.99,0.0,1912.1544,1912.1544,3399.99,3399.99,ERP_EXPORT_20240115
Internet,SO43784,SO43784 - 1,AW00027667,,BK-R93R-62,southwest,United States,20170712,2017-07-22,2017-07-19,1.0,3578.27,,2171.2942,2171.2942,3578.27,3578.27,ERP_EXPORT_20240115
Internet,SO43984,SO43984 - 1,,,BK-R93R-44,Germany,Germany,20170724,2017-08-03,"Jul 31, 2017",1.4,3578.27,,2171.2942,2171.2942,3578.27,3578.27,ERP_EXPORT_20240115
Internet,SO47246,SO47246 - 1,AW00020713,,BK-R50B-52,United Kingdom,United Kingdom,20180721,2018-07-31,07/28/2018,1.0,782.99,0.0,486.7066,486.7066,782.99,782.99,ERP_EXPORT_20240115
Internet,SO48500,SO48500 - 1,AW00013135,,BK-M68B-38,Australia,Australia,"Nov 09, 2018",2018-11-19,16-11-2018,1.0,2049.0982,0.0,1105.81,1105.81,2049.0982,2049.0982,ERP_EXPORT_20240115
Internet,SO46708,SO46708 - 1,AW00021200,,BK-R89B-52,Australia,Australia,20180603,2018-06-13,10-06-2018,1.0,2181.5625,0.0,1320.6838,1320.6838,2181.5625,2181.5625,ERP_EXPORT_20240115
internet,SO46535,SO46535 - 1,AW00020815,,BK-R93R-62,Australia,Australia,2018-05-21 00:00:00,2018-05-31,2018-05-28,1.0,3578.27,0.0%,2171.2942,2171.2942,3578.27,3578.27,ERP_EXPORT_20240115
Internet,SO44198,SO44198 - 1,,,BK-R93R-62,Southwest,United States,20170816,2017-08-26,"Aug 23, 2017",1.2,3578.27,,2171.2942,2171.2942,-3578.27,-3578.27,ERP_EXPORT_20240115
Internet,SO44012,SO44012 - 1,AW00011052,,BK-M82B-42,Australia,Australia,"Jul 26, 2017",2017-08-05,08/02/2017,1.0,3374.99,,1898.0944,1898.0944,3374.99,3374.99,ERP_EXPORT_20240115
Internet,SO48453,SO48453 - 1,AW00017647,,BK-R64Y-42,France,France,05-11-2018,2018-11-15,11/12/2018,1.0,1000.4375,0.0,605.6492,605.6492,1000.4375,1000.4375,ERP_EXPORT_20240115
INTERNET,SO46416,SO46416 - 1,AW00012181,,BK-R93R-52,Southwest,United States,"May 05, 2018",2018-05-15,2018-05-12,1.0,3578.27,0.0,2171.2942,2171.2942,3578.27,3578.27,ERP_EXPORT_20240115
Internet,SO44003,SO44003 - 1,,,BK-R50B-52,Germany,Germany,20170726,2017-08-05,08/02/2017,1.5,699.0982,,413.1463,413.1463,699.0982,699.0982,ERP_EXPORT_20240115
Internet,SO45170,SO45170 - 1,AW00011462,,BK-M82B-48,Australia,Australia,"Dec 16, 2017",2017-12-26,2017-12-23 00:00:00,1.0,3374.99,0.0,1898.0944,1898.0944,3374.99,3374.99,ERP_EXPORT_20240115
internet,SO48132,SO48132 - 1,AW00026521,,BK-M68S-38,Northwest,United States,2018-10-08 00:00:00,2018-10-18,15-10-2018,1.0,2071.4196,0.0,1117.8559,1117.8559,2071.4196,2071.4196,ERP_EXPORT_20240115
Internet,SO47103,SO47103 - 1,AW00013369,,BK-R89R-44,Northwest,United States,20180705,2018-07-15,"Jul 12, 2018",1.0,2443.35,0.0%,1518.7864,1518.7864,2443.35,2443.35,ERP_EXPORT_20240115
internet,SO47136,SO47136 - 1,AW00021389,,BK-R89B-58,Australia,Australia,2018-07-08,2018-07-18,2018-07-15 00:00:00,1.0,2181.5625,0.0,1320.6838,1320.6838,2181.5625,2181.5625,ERP_EXPORT_20240115
Internet,SO47105,SO47105 - 1,AW00013319,,BK-R89R-58,Northwest,United States,2018-07-05,2018-07-15,20180712,1.0,2181.5625,0.0,1320.6838,1320.6838,2181.5625,2181.5625,ERP_EXPORT_20240115
Internet,SO44333,SO44333 - 1,AW00011343,,BK-M82S-42,United Kingdom,United Kingdom,20170905,2017-09-15,"Sep 12, 2017",1.0,3399.99,0.0,1912.1544,1912.1544,3399.99,3399.99,ERP_EXPORT_20240115
 Internet,SO44272,SO44272 - 1,AW00012256,,BK-R93R-44,France,France,2017-08-31,2017-09-10,"Sep 07, 2017",1.0,3578.27,,2171.2942,2171.2942,3578.27,3578.27,ERP_EXPORT_20240115
INTERNET,SO44726,SO44726 - 1,AW00014614,,BK-R50B-58,Southwest,United States,"Oct 28, 2017",2017-11-07,20171104,1.0,699.0982,,413.1463,413.1463,699.0982,699.0982,ERP_EXPORT_20240115
Internet,SO47249,SO47249 - 1,AW00013346,,BK-R89B-52,Northwest,United States,21-07-2018,2018-07-31,07/28/2018,1.0,2181.5625,0.0,1320.6838,1320.6838,2181.5625,2181.5625,ERP_EXPORT_20240115
Internet,SO44914,SO44914 - 1,AW00018491,,BK-R93R-44,Australia,Australia,2017-11-14 00:00:00,2017-11-24,"Nov 21, 2017",1.0,3578.27,,2171.2942,2171.2942,3578.27,3578.27,ERP_EXPORT_20240115
Internet,SO45139,SO45139 - 1,AW00012468,,BK-R93R-56,France,France,12/12/2017,2017-12-22,12/19/2017,1.0,3578.27,0.0,2171.2942,2171.2942,3578.27,3578.27,ERP_EXPORT_20240115
Internet,SO45902,SO45902 - 1,AW00015614,,BK-R93R-56,United Kingdom,United Kingdom,2018-03-15,2018-03-25,2018-03-22 00:00:00,1.0,3578.27,0.0,2171.2942,2171.2942,3578.27,3578.27,ERP_EXPORT_20240115
Internet,SO45181,SO45181 - 1,AW00014929,,BK-R93R-62, United Kingdom,United Kingdom,2017-12-18,2017-12-28,2017-12-25,1.0,3578.27,0.0,2171.2942,2171.2942,3578.27,3578.27,ERP_EXPORT_20240115
internet,SO48164,SO48164 - 1,AW00026438,,BK-R50R-48,AUSTRALIA,Australia,2018-10-12 00:00:00,2018-10-22,10/19/2018,1.0,782.99,,486.7066,486.7066,782.99,782.99,ERP_EXPORT_20240115
Internet,SO48442,SO48442 - 1,AW00013735,,BK-R89B-52,Northwest,United States,20181104,2018-11-14,11-11-2018,1.0,2181.5625,0.0,1320.6838,1320.6838,2181.5625,2181.5625,ERP_EXPORT_20240115
Internet,SO45616,SO45616 - 1,AW00014800,,BK-R93R-56,GERMANY,Germany,02/03/2018,2018-02-13,2018-02-10 00:00:00,1.0,3578.27,,2171.2942,2171.2942,3578.27,3578.27,ERP_EXPORT_20240115
internet,SO46317,SO46317 - 1,AW00014884,,BK-R50B-60, Southwest,United States,29-04-2018,2018-05-09,"May 06, 2018",1.0,699.0982,,413.1463,413.1463,699.0982,699.0982,ERP_EXPORT_20240115
internet,SO47244,SO47244 - 1,AW00019193,,BK-R64Y-42,UNITED KINGDOM,United Kingdom,20180721,2018-07-31,2018-07-28 00:00:00,1.0,1000.4375,0.0%,605.6492,605.6492,1000.4375,1000.4375,ERP_EXPORT_20240115
Internet,SO45495,SO45495 - 1,AW00025821,,BK-R50B-52,Australia,Australia,2018-01-25 00:00:00,2018-02-04,2018-02-01,1.0,699.0982,,413.1463,413.1463,699.0982,699.0982,ERP_EXPORT_20240115
Internet ,SO43820,SO43820 - 1,AW00027651,,BK-R93R-48,Southwest,United States,"Jul 15, 2017",2017-07-25,2017-07-22,1.0,3578.27,,2171.2942,2171.2942,3578.27,3578.27,ERP_EXPORT_20240115
Internet,SO45237,SO45237 - 1,AW00018737,,BK-R93R-56,Australia,Australia,2017-12-27,2018-01-06,2018-01-03,1.0,3578.27,0.0,2171.2942,2171.2942,3578.27,3578.27,ERP_EXPORT_20240115
Internet,SO44639,SO44639 - 1,,,BK-R50R-52,Northwest,United States,2017-10-12 00:00:00,2017-10-22,"Oct 19, 2017",1.8,699.0982,,413.1463,413.1463,-699.0982,-699.0982,ERP_EXPORT_20240115
Internet,SO48916,SO48916 - 1,AW00013616,,BK-M68B-38,Australia,Australia,2018-12-15,2018-12-25,2018-12-22,1.0,2049.0982,0.0,1105.81,1105.81,2049.0982,2049.0982,ERP_EXPORT_20240115
Internet,SO48906,SO48906 - 1,AW00026705,,BK-M68S-46,Southwest,United States,2018-12-14 00:00:00,2018-12-24,20181221,1.0,2071.4196,0.0,1117.8559,1117.8559,2071.4196,2071.4196,ERP_EXPORT_20240115
Internet,SO46293,SO46293 - 1,AW00014951,,BK-R93R-44,Germany,Germany,2018-04-24,2018-05-04,05/01/2018,1.0,3578.27,0.0,2171.2942,2171.2942,3578.27,3578.27,ERP_EXPORT_20240115
Internet,SO45740,SO45740 - 1,AW00019786,,BK-R93R-56,Australia,Australia,2018-02-22,2018-03-04,01-03-2018,1.0,3578.27,0.0,2171.2942,2171.2942,3578.27,3578.27,ERP_EXPORT_20240115
Internet ,SO45760,SO45760 - 1,AW00011329,,BK-R93R-44,Southwest,United States,02/25/2018,2018-03-07,2018-03-04,1.0,3578.27,0.0,2171.2942,2171.2942,3578.27,3578.27,ERP_EXPORT_20240115
Internet,SO48809,SO48809 - 1,AW00023411,,BK-R89R-48,Australia,Australia,2018-12-02,2018-12-12,09-12-2018,1.0,2443.35,0.0,1518.7864,1518.7864,2443.35,2443.35,ERP_EXPORT_20240115
Internet,SO43714,SO43714 - 1,AW00013591,,BK-R93R-44,United Kingdom,United Kingdom,2017-07-03,2017-07-13,2017-07-10 00:00:00,1.0,3578.27,,2171.2942,2171.2942,3578.27,3578.27,ERP_EXPORT_20240115
 Internet,SO45090,SO45090 - 1,AW00029170,,BK-R93R-62, Southwest,United States,20171203,2017-12-13,20171210,1.0,3578.27,,2171.2942,2171.2942,3578.27,3578.27,ERP_EXPORT_20240115
Internet,SO47306,SO47306 - 1,AW00028798,,BK-R89R-48,Canada,Canada,"Jul 27, 2018",2018-08-06,"Aug 03, 2018",1.0,2443.35,0.0,1518.7864,1518.7864,2443.35,2443.35,ERP_EXPORT_20240115
 Internet,SO44863,SO44863 - 1,,,BK-R93R-62,Australia,Australia,2017-11-07 00:00:00,2017-11-17,2017-11-14,1.6,3578.27,,2171.2942,2171.2942,-3578.27,-3578.27,ERP_EXPORT_20240115
Internet,SO44404,SO44404 - 1,AW00028221,,BK-R93R-56,Southwest,United States,2017-09-16,2017-09-26,2017-09-23 00:00:00,1.0,3578.27,,2171.2942,2171.2942,3578.27,3578.27,ERP_EXPORT_20240115
Internet ,SO48530,SO48530 - 1,AW00013104,,BK-M68S-38,Australia,Australia,2018-11-11,2018-11-21,"Nov 18, 2018",1.0,2071.4196,0.0,1117.8559,1117.8559,2071.4196,2071.4196,ERP_EXPORT_20240115
Internet,SO48428,SO48428 - 1,AW00013733,,BK-R89R-58,Northwest,United States,"Nov 02, 2018",2018-11-12,20181109,1.0,2181.5625,0.0,1320.6838,1320.6838,2181.5625,2181.5625,ERP_EXPORT_20240115
Internet,SO45014,SO45014 - 1,AW00025705,,BK-R50R-60,Australia,Australia,2017-11-27 00:00:00,2017-12-07,2017-12-04,1.0,699.0982,0.0,413.1463,413.1463,699.0982,699.0982,ERP_EXPORT_20240115
Internet,SO44977,SO44977 - 1,AW00029010,,BK-R93R-52,Southwest,United States,22-11-2017,2017-12-02,11/29/2017,1.0,3578.27,0.0,2171.2942,2171.2942,3578.27,3578.27,ERP_EXPORT_20240115
Internet,SO44157,SO44157 - 1,,,BK-R93R-56, Australia,Australia,2017-08-06,2017-08-16,08/13/2017,1.2,3578.27,,2171.2942,2171.2942,-3578.27,-3578.27,ERP_EXPORT_20240115
Internet,SO46238,SO46238 - 1,AW00014838,,BK-R93R-44,Germany,Germany,20180417,2018-04-27,2018-04-24 00:00:00,1.0,3578.27,0.0,2171.2942,2171.2942,3578.27,3578.27,ERP_EXPORT_20240115
Internet,SO47181,SO47181 - 1,,,BK-R89R-44, Southwest,United States,2018-07-14,2018-07-24,2018-07-21 00:00:00,1.1,2443.35,,1518.7864,1518.7864,-2443.35,-2443.35,ERP_EXPORT_20240115
Internet,SO47601,SO47601 - 1,AW00014192,,BK-R89B-58,France,France,20180822,2018-09-01,08/29/2018,1.0,2181.5625,0.0,1320.6838,1320.6838,2181.5625,2181.5625,ERP_EXPORT_20240115
Internet,SO45120,SO45120 - 1,AW00011751,,BK-M82S-38,Australia,Australia,12/08/2017,2017-12-18,2017-12-15 00:00:00,1.0,3399.99,0.0,1912.1544,1912.1544,3399.99,3399.99,ERP_EXPORT_20240115
Internet,SO48240,SO48240 - 1,AW00020856,,BK-R50R-60,United Kingdom,United Kingdom,10/25/2018,2018-11-04,11/01/2018,1.0,782.99,0.0,486.7066,486.7066,782.99,782.99,ERP_EXPORT_20240115
Internet,SO48444,SO48444 - 1,AW00026618,,BK-M68B-46,southwest,United States,"Nov 04, 2018",2018-11-14,11/11/2018,1.0,2049.0982,0.0,1105.81,1105.81,2049.0982,2049.0982,ERP_EXPORT_20240115
Internet,SO47505,SO47505 - 1,,,BK-M68S-38,SOUTHWEST,United States,08/09/2018,2018-08-19,2018-08-16,1.5,2071.4196,,1117.8559,1117.8559,-2071.4196,-2071.4196,ERP_EXPORT_20240115
Internet,SO45758,SO45758 - 1,AW00015106,,BK-R93R-48,United Kingdom ,United Kingdom,"Feb 25, 2018",2018-03-07,2018-03-04 00:00:00,1.0,3578.27,0.0,2171.2942,2171.2942,3578.27,3578.27,ERP_EXPORT_20240115
Internet,SO46741,SO46741 - 1,AW00028766,,BK-R89R-52,Canada,Canada,06/07/2018,2018-06-17,"Jun 14, 2018",1.0,2443.35,0.0,1518.7864,1518.7864,2443.35,2443.35,ERP_EXPORT_20240115
Internet,SO46584,SO46584 - 1,AW00012252,,BK-M82B-38,Australia,Australia,20180527,2018-06-06,2018-06-03,1.0,3374.99,0.0,1898.0944,1898.0944,3374.99,3374.99,ERP_EXPORT_20240115
Internet,SO44070,SO44070 - 1,AW00019829,,BK-M82B-42,Canada,Canada,08/02/2017,2017-08-12,08/09/2017,1.0,3374.99,,1898.0944,1898.0944,3374.99,3374.99,ERP_EXPORT_20240115
 Internet,SO45214,SO45214 - 1,AW00012464,,BK-R93R-62,France,France,20171223,2018-01-02,2017-12-30,1.0,3578.27,0.0,2171.2942,2171.2942,3578.27,3578.27,ERP_EXPORT_20240115
Internet,SO43803,SO43803 - 1,AW00021741,,BK-R93R-56,Canada,Canada,07/14/2017,2017-07-24,21-07-2017,1.0,3578.27,,2171.2942,2171.2942,3578.27,3578.27,ERP_EXPORT_20240115
 Internet,SO47198,SO47198 - 1,AW00014169,,BK-R89R-52,France,France,07/16/2018,2018-07-26,2018-07-23,1.0,2443.35,,1518.7864,1518.7864,2443.35,2443.35,ERP_EXPORT_20240115
Internet,SO45011,SO45011 - 1,AW00022268,,BK-R93R-52,Canada,Canada,20171127,2017-12-07,12/04/2017,1.0,3578.27,,2171.2942,2171.2942,3578.27,3578.27,ERP_EXPORT_20240115
Internet,SO46247,SO46247 - 1,,,BK-R50B-60,Southwest,United States,04/18/2018,2018-04-28,2018-04-25 00:00:00,1.7,699.0982,,413.1463,413.1463,699.0982,699.0982,ERP_EXPORT_20240115
internet,SO47291,SO47291 - 1,AW00016318,,BK-R89R-58,United Kingdom,United Kingdom,2018-07-26 00:00:00,2018-08-05,2018-08-02 00:00:00,1.0,2181.5625,0.0,1320.6838,1320.6838,2181.5625,2181.5625,ERP_EXPORT_20240115
Internet,SO44666,SO44666 - 1,AW00028763,,BK-R93R-52,Southwest,United States,"Oct 16, 2017",2017-10-26,10/23/2017,1.0,3578.27,,2171.2942,2171.2942,3578.27,3578.27,ERP_EXPORT_20240115
Internet,SO47942,SO47942 - 1,AW00026167,,BK-R50B-62, Australia,Australia,"Sep 28, 2018",2018-10-08,20181005,1.0,782.99,0.0,486.7066,486.7066,782.99,782.99,ERP_EXPORT_20240115
INTERNET,SO43748,SO43748 - 1,AW00027625,,BK-R93R-52,Northwest,United States,"Jul 07, 2017",2017-07-17,07/14/2017,1.0,3578.27,,2171.2942,2171.2942,3578.27,3578.27,ERP_EXPORT_20240115
Internet ,SO45109,SO45109 - 1,AW00014937,,BK-R93R-44,UNITED KINGDOM,United Kingdom,12/07/2017,2017-12-17,2017-12-14,1.0,3578.27,,2171.2942,2171.2942,3578.27,3578.27,ERP_EXPORT_20240115
Internet,SO48540,SO48540 - 1,AW00022931,,BK-R89B-52,Australia,Australia,20181112,2018-11-22,2018-11-19 00:00:00,1.0,2181.5625,0.0,1320.6838,1320.6838,2181.5625,2181.5625,ERP_EXPORT_20240115
INTERNET,SO45861,SO45861 - 1,AW00012650,,BK-R93R-44,France,France,03/08/2018,2018-03-18,03/15/2018,1.0,3578.27,0.0,2171.2942,2171.2942,3578.27,3578.27,ERP_EXPORT_20240115
Internet,SO43768,SO43768 - 1,AW00027649,,BK-R93R-48, Northwest,United States,2017-07-10 00:00:00,2017-07-20,2017-07-17 00:00:00,1.0,3578.27,,2171.2942,2171.2942,3578.27,3578.27,ERP_EXPORT_20240115
Internet,SO47934,SO47934 - 1,AW00014106,,BK-R64Y-42,Southwest,United States,27-09-2018,2018-10-07,2018-10-04,1.0,1000.4375,0.0,605.6492,605.6492,1000.4375,1000.4375,ERP_EXPORT_20240115
 Internet,SO47338,SO47338 - 1,AW00016277,,BK-R89B-44,United Kingdom,United Kingdom,2018-07-31,2018-08-10,2018-08-07,1.0,2181.5625,0.0,1320.6838,1320.6838,2181.5625,2181.5625,ERP_EXPORT_20240115
Internet,SO48472,SO48472 - 1,AW00022942,,BK-R89B-44,australia,Australia,"Nov 06, 2018",2018-11-16,13-11-2018,1.0,2181.5625,0.0,1320.6838,1320.6838,2181.5625,2181.5625,ERP_EXPORT_20240115
INTERNET,SO48831,SO48831 - 1,AW00020886,,BK-R50R-44,United Kingdom,United Kingdom,2018-12-05 00:00:00,2018-12-15,2018-12-12,1.0,782.99,0.0,486.7066,486.7066,782.99,782.99,ERP_EXPORT_20240115
Internet,SO44829,SO44829 - 1,AW00014643,,BK-R50B-60,Northwest,United States,"Nov 03, 2017",2017-11-13,11/10/2017,1.0,699.0982,0.0,413.1463,413.1463,699.0982,699.0982,ERP_EXPORT_20240115
Internet,SO45683,SO45683 - 1,,,BK-R93R-44,Germany,Germany,2018-02-14,2018-02-24,21-02-2018,1.5,3578.27,,2171.2942,2171.2942,-3578.27,-3578.27,ERP_EXPORT_20240115
Internet,SO45725,SO45725 - 1,,,BK-R93R-48, Germany,Germany,02/20/2018,2018-03-02,"Feb 27, 2018",1.7,3578.27,,2171.2942,2171.2942,-3578.27,-3578.27,ERP_EXPORT_20240115
 Internet,SO46283,SO46283 - 1,AW00026093,,BK-M82B-48,Southwest,United States,2018-04-23 00:00:00,2018-05-03,20180430,1.0,3374.99,0.0,1898.0944,1898.0944,3374.99,3374.99,ERP_EXPORT_20240115
 Internet,SO44061,SO44061 - 1,AW00027919,,BK-R93R-62,Northwest,United States,2017-08-01,2017-08-11,"Aug 08, 2017",1.0,3578.27,,2171.2942,2171.2942,3578.27,3578.27,ERP_EXPORT_20240115
Internet,SO44248,SO44248 - 1,,,BK-R93R-52,australia,Australia,20170825,2017-09-04,2017-09-01,1.3,3578.27,,2171.2942,2171.2942,3578.27,3578.27,ERP_EXPORT_20240115
Internet,SO46461,SO46461 - 1,AW00020821,,BK-R93R-44,Australia,Australia,20180511,2018-05-21,05/18/2018,1.0,3578.27,0.0,2171.2942,2171.2942,3578.27,3578.27,ERP_EXPORT_20240115
Internet,SO48721,SO48721 - 1,AW00022930,,BK-R89R-44,Australia,Australia,2018-11-29,2018-12-09,20181206,1.0,2443.35,0.0,1518.7864,1518.7864,2443.35,2443.35,ERP_EXPORT_20240115
Internet,SO46881,SO46881 - 1,AW00012572,,BK-M68S-42,Australia ,Australia,24-06-2018,2018-07-04,2018-07-01 00:00:00,1.0,2071.4196,0.0,1117.8559,1117.8559,2071.4196,2071.4196,ERP_EXPORT_20240115
INTERNET,SO48492,SO48492 - 1,AW00026567,,BK-R50R-52,Australia,Australia,20181108,2018-11-18,20181115,1.0,782.99,0.0,486.7066,486.7066,782.99,782.99,ERP_EXPORT_20240115
Internet,SO43929,SO43929 - 1,AW00025270,,BK-R50R-60,AUSTRALIA,Australia,20170718,2017-07-28,"Jul 25, 2017",1.0,699.0982,,413.1463,413.1463,699.0982,699.0982,ERP_EXPORT_20240115
Internet ,SO45484,SO45484 - 1,AW00023267,,BK-R93R-52,CANADA,Canada,"Jan 24, 2018",2018-02-03,31-01-2018,1.0,3578.27,0.0%,2171.2942,2171.2942,3578.27,3578.27,ERP_EXPORT_20240115
Internet,SO45502,SO45502 - 1,AW00028173,,BK-R93R-56,Canada,Canada,2018-01-26 00:00:00,2018-02-05,"Feb 02, 2018",1.0,3578.27,0.0,2171.2942,2171.2942,3578.27,3578.27,ERP_EXPORT_20240115
Internet,SO44411,SO44411 - 1,AW00028584,,BK-R93R-48,Southwest,United States,09/17/2017,2017-09-27,20170924,1.0,3578.27,,2171.2942,2171.2942,3578.27,3578.27,ERP_EXPORT_20240115
Internet,SO43749,SO43749 - 1,AW00027636,,BK-R93R-56,Northwest,United States,2017-07-07,2017-07-17,2017-07-14,1.0,3578.27,,2171.2942,2171.2942,3578.27,3578.27,ERP_EXPORT_20240115
Internet,SO43991,SO43991 - 1,,,BK-R93R-62,Australia,Australia,24-07-2017,2017-08-03,"Jul 31, 2017",1.8,3578.27,,2171.2942,2171.2942,-3578.27,-3578.27,ERP_EXPORT_20240115
Internet,SO46276,SO46276 - 1,AW00020612,,BK-R93R-44,Australia,Australia,20180422,2018-05-02,2018-04-29 00:00:00,1.0,3578.27,0.0,2171.2942,2171.2942,3578.27,3578.27,ERP_EXPORT_20240115
Internet,SO43722,SO43722 - 1,AW00013581,,BK-R93R-48,United Kingdom,United Kingdom,07/04/2017,2017-07-14,07/11/2017,1.0,3578.27,,2171.2942,2171.2942,3578.27,3578.27,ERP_EXPORT_20240115
Internet,SO45708,SO45708 - 1,,,BK-R93R-52,Australia,Australia,2018-02-17 00:00:00,2018-02-27,20180224,1.7,3578.27,,2171.2942,2171.2942,-3578.27,-3578.27,ERP_EXPORT_20240115
Internet,SO44477,SO44477 - 1,AW00017922,,BK-R93R-62,AUSTRALIA,Australia,09/29/2017,2017-10-09,"Oct 06, 2017",1.0,3578.27,0.0%,2171.2942,2171.2942,3578.27,3578.27,ERP_EXPORT_20240115
 Internet,SO48633,SO48633 - 1,AW00020875,,BK-R50B-44,United Kingdom,United Kingdom,2018-11-21 00:00:00,2018-12-01,"Nov 28, 2018",1.0,782.99,0.0,486.7066,486.7066,782.99,782.99,ERP_EXPORT_20240115
Internet,SO43973,SO43973 - 1,AW00028039,,BK-R93R-48,SOUTHWEST,United States,2017-07-23 00:00:00,2017-08-02,07/30/2017,1.0,3578.27,,2171.2942,2171.2942,3578.27,3578.27,ERP_EXPORT_20240115
Internet,SO43983,SO43983 - 1,AW00028017,,BK-R93R-56,northwest,United States,24-07-2017,2017-08-03,31-07-2017,1.0,3578.27,,2171.2942,2171.2942,3578.27,3578.27,ERP_EXPORT_20240115
Internet ,SO44246,SO44246 - 1,AW00012219,,BK-R93R-48,france,France,"Aug 25, 2017",2017-09-04,2017-09-01 00:00:00,1.0,3578.27,0.0,2171.2942,2171.2942,3578.27,3578.27,ERP_EXPORT_20240115
Internet,SO47208,SO47208 - 1,AW00021359,,BK-R89R-48,australia,Australia,17-07-2018,2018-07-27,20180724,1.0,2443.35,0.0%,1518.7864,1518.7864,2443.35,2443.35,ERP_EXPORT_20240115
internet,SO45488,SO45488 - 1,AW00019577,,BK-R93R-44,Australia,Australia,"Jan 24, 2018",2018-02-03,20180131,1.0,3578.27,0.0,2171.2942,2171.2942,3578.27,3578.27,ERP_EXPORT_20240115
Internet,SO43734,SO43734 - 1,AW00027604,,BK-R93R-48,Northwest,United States,"Jul 05, 2017",2017-07-15,07/12/2017,1.0,3578.27,,2171.2942,2171.2942,3578.27,3578.27,ERP_EXPORT_20240115
Internet,SO45171,SO45171 - 1,AW00011754,,BK-M82S-42,AUSTRALIA,Australia,12/16/2017,2017-12-26,20171223,1.0,3399.99,0.0,1912.1544,1912.1544,3399.99,3399.99,ERP_EXPORT_20240115
Internet,SO48677,SO48677 - 1,AW00012391,,BK-M68B-38,United Kingdom,United Kingdom,2018-11-25 00:00:00,2018-12-05,12/02/2018,1.0,2049.0982,0.0,1105.81,1105.81,2049.0982,2049.0982,ERP_EXPORT_20240115
Internet,SO45162,SO45162 - 1,,,BK-R93R-48,Australia,Australia,2017-12-15 00:00:00,2017-12-25,2017-12-22,1.3,3578.27,,2171.2942,2171.2942,-3578.27,-3578.27,ERP_EXPORT_20240115
Internet,SO44811,SO44811 - 1,,,BK-R93R-44,Canada,Canada,2017-11-01 00:00:00,2017-11-11,"Nov 08, 2017",1.6,3578.27,,2171.2942,2171.2942,-3578.27,-3578.27,ERP_EXPORT_20240115
Internet,SO44856,SO44856 - 1,AW00014651,,BK-R50R-48,Northwest,United States,20171107,2017-11-17,14-11-2017,1.0,699.0982,0.0,413.1463,413.1463,699.0982,699.0982,ERP_EXPORT_20240115
INTERNET,SO48562,SO48562 - 1,AW00017085,,BK-R89B-48,United Kingdom,United Kingdom,2018-11-14,2018-11-24,21-11-2018,1.0,2181.5625,0.0,1320.6838,1320.6838,2181.5625,2181.5625,ERP_EXPORT_20240115
 Internet,SO45633,SO45633 - 1,AW00026011,,BK-M82B-48,Southwest,United States,"Feb 05, 2018",2018-02-15,2018-02-12,1.0,3374.99,0.0,1898.0944,1898.0944,3374.99,3374.99,ERP_EXPORT_20240115
INTERNET,SO45121,SO45121 - 1,AW00029169,,BK-R93R-62, Northwest,United States,09-12-2017,2017-12-19,20171216,1.0,3578.27,,2171.2942,2171.2942,3578.27,3578.27,ERP_EXPORT_20240115
Internet,SO45857,SO45857 - 1,,,BK-M82B-48,Australia,Australia,2018-03-07 00:00:00,2018-03-17,03/14/2018,1.4,3374.99,,1898.0944,1898.0944,-3374.99,-3374.99,ERP_EXPORT_20240115
Internet,SO46005,SO46005 - 1,AW00012749,,BK-R93R-48,France,France,20180329,2018-04-08,05-04-2018,1.0,3578.27,0.0%,2171.2942,2171.2942,3578.27,3578.27,ERP_EXPORT_20240115
Internet,SO44440,SO44440 - 1,,,BK-R93R-48,France,France,"Sep 23, 2017",2017-10-03,09/30/2017,1.8,3578.27,,2171.2942,2171.2942,-3578.27,-3578.27,ERP_EXPORT_20240115
Internet,SO45640,SO45640 - 1,AW00019964,,BK-R93R-44,AUSTRALIA,Australia,06-02-2018,2018-02-16,2018-02-13,1.0,3578.27,0.0,2171.2942,2171.2942,3578.27,3578.27,ERP_EXPORT_20240115
Internet,SO44240,SO44240 - 1,AW00013580,,BK-R93R-44,Germany,Germany,"Aug 24, 2017",2017-09-03,2017-08-31 00:00:00,1.0,3578.27,,2171.2942,2171.2942,3578.27,3578.27,ERP_EXPORT_20240115
Internet,SO45378,SO45378 - 1,AW00028178,,BK-R93R-62,Canada ,Canada,2018-01-06,2018-01-16,20180113,1.0,3578.27,0.0,2171.2942,2171.2942,3578.27,3578.27,ERP_EXPORT_20240115
Internet,SO45829,SO45829 - 1,AW00020245,,BK-R93R-62,Australia,Australia,20180303,2018-03-13,10-03-2018,1.0,3578.27,0.0,2171.2942,2171.2942,3578.27,3578.27,ERP_EXPORT_20240115
Internet,SO48116,SO48116 - 1,AW00019312,,BK-R64Y-38,United Kingdom,United Kingdom,06-10-2018,2018-10-16,13-10-2018,1.0,1000.4375,0.0,605.6492,605.6492,1000.4375,1000.4375,ERP_EXPORT_20240115
Internet,SO45161,SO45161 - 1,AW00025978,,BK-M82B-42,Southwest,United States,20171215,2017-12-25,2017-12-22 00:00:00,1.0,3374.99,0.0,1898.0944,1898.0944,3374.99,3374.99,ERP_EXPORT_20240115
INTERNET,SO45131,SO45131 - 1,AW00025979,,BK-M82S-38, Northwest,United States,2017-12-11,2017-12-21,2017-12-18,1.0,3399.99,0.0,1912.1544,1912.1544,3399.99,3399.99,ERP_EXPORT_20240115
Internet,SO47906,SO47906 - 1,AW00027082,,BK-R50B-44,Canada,Canada,09/23/2018,2018-10-03,09/30/2018,1.0,782.99,0.0,486.7066,486.7066,782.99,782.99,ERP_EXPORT_20240115
 Internet,SO48647,SO48647 - 1,AW00026625,,BK-M68S-42,Northwest,United States,20181122,2018-12-02,29-11-2018,1.0,2071.4196,0.0,1117.8559,1117.8559,2071.4196,2071.4196,ERP_EXPORT_20240115
Internet,SO44681,SO44681 - 1,AW00017982,,BK-R50B-52,France,France,"Oct 19, 2017",2017-10-29,26-10-2017,1.0,699.0982,,413.1463,413.1463,699.0982,699.0982,ERP_EXPORT_20240115
 Internet,SO46877,SO46877 - 1,AW00012926,,BK-R89R-52,Southwest,United States,20180624,2018-07-04,2018-07-01,1.0,2443.35,0.0,1518.7864,1518.7864,2443.35,2443.35,ERP_EXPORT_20240115
 Internet,SO48467,SO48467 - 1,AW00015409,,BK-R50B-58,Northwest,United States,06-11-2018,2018-11-16,13-11-2018,1.0,782.99,0.0,486.7066,486.7066,782.99,782.99,ERP_EXPORT_20240115
Internet,SO47862,SO47862 - 1,AW00022199,,BK-R89B-58,Australia,Australia,18-09-2018,2018-09-28,2018-09-25,1.0,2181.5625,0.0,1320.6838,1320.6838,2181.5625,2181.5625,ERP_EXPORT_20240115
Internet,SO46116,SO46116 - 1,AW00014912,,BK-R50B-58,southwest,United States,20180331,2018-04-10,2018-04-07 00:00:00,1.0,699.0982,0.0,413.1463,413.1463,699.0982,699.0982,ERP_EXPORT_20240115
Internet,SO44889,SO44889 - 1,AW00011351,,BK-M82B-38,United Kingdom,United Kingdom,2017-11-12 00:00:00,2017-11-22,19-11-2017,1.0,3374.99,0.0,1898.0944,1898.0944,3374.99,3374.99,ERP_EXPORT_20240115
Internet,SO47273,SO47273 - 1,AW00013420,,BK-R89R-44,Southwest,United States,24-07-2018,2018-08-03,2018-07-31,1.0,2443.35,,1518.7864,1518.7864,2443.35,2443.35,ERP_EXPORT_20240115
Internet,SO44921,SO44921 - 1,AW00018489,,BK-R93R-48, Australia,Australia,15-11-2017,2017-11-25,2017-11-22,1.0,3578.27,0.0,2171.2942,2171.2942,3578.27,3578.27,ERP_EXPORT_20240115
Internet,SO44154,SO44154 - 1,AW00028181,,BK-R93R-44,Northwest ,United States,08/06/2017,2017-08-16,2017-08-13,1.0,3578.27,,2171.2942,2171.2942,3578.27,3578.27,ERP_EXPORT_20240115
Internet,SO48938,SO48938 - 1,AW00017720,,BK-R89B-44,United Kingdom,United Kingdom,"Dec 18, 2018",2018-12-28,25-12-2018,1.0,2181.5625,0.0%,1320.6838,1320.6838,2181.5625,2181.5625,ERP_EXPORT_20240115
INTERNET,SO44386,SO44386 - 1,AW00028587,,BK-R93R-48,Southwest,United States,2017-09-12,2017-09-22,19-09-2017,1.0,3578.27,0.0,2171.2942,2171.2942,3578.27,3578.27,ERP_EXPORT_20240115
Internet,SO45225,SO45225 - 1,AW00014653,,BK-R50B-44,Southwest,United States,12/25/2017,2018-01-04,20180101,1.0,699.0982,0.0,413.1463,413.1463,699.0982,699.0982,ERP_EXPORT_20240115
Internet,SO45984,SO45984 - 1,AW00011690,,BK-R93R-52,Northwest,United States,2018-03-27,2018-04-06,"Apr 03, 2018",1.0,3578.27,0.0,2171.2942,2171.2942,3578.27,3578.27,ERP_EXPORT_20240115
Internet,SO47775,SO47775 - 1,AW00021980,,BK-R89R-48,Australia,Australia,20180906,2018-09-16,2018-09-13,1.0,2443.35,0.0%,1518.7864,1518.7864,2443.35,2443.35,ERP_EXPORT_20240115
Internet,SO44241,SO44241 - 1,AW00028155,,BK-R93R-52,Southwest,United States,2017-08-24 00:00:00,2017-09-03,2017-08-31 00:00:00,1.0,3578.27,,2171.2942,2171.2942,3578.27,3578.27,ERP_EXPORT_20240115
Internet,SO48194,SO48194 - 1,AW00022401,,BK-R89R-48,Australia,Australia,18-10-2018,2018-10-28,10/25/2018,1.0,2443.35,0.0,1518.7864,1518.7864,2443.35,2443.35,ERP_EXPORT_20240115
Internet,SO44026,SO44026 - 1,AW00017045,,BK-R93R-62,Australia ,Australia,"Jul 28, 2017",2017-08-07,2017-08-04,1.0,3578.27,,2171.2942,2171.2942,3578.27,3578.27,ERP_EXPORT_20240115
Internet,SO45253,SO45253 - 1,AW00029237,,BK-R93R-56, Southwest,United States,12/30/2017,2018-01-09,2018-01-06,1.0,3578.27,0.0,2171.2942,2171.2942,3578.27,3578.27,ERP_EXPORT_20240115
Internet,SO47761,SO47761 - 1,AW00020548,,BK-R50R-62,Germany,Germany,04-09-2018,2018-09-14,2018-09-11 00:00:00,1.0,782.99,0.0,486.7066,486.7066,782.99,782.99,ERP_EXPORT_20240115
Internet,SO47073,SO47073 - 1,AW00025287,,BK-R89R-48,Canada,Canada,2018-07-01 00:00:00,2018-07-11,2018-07-08,1.0,2443.35,,1518.7864,1518.7864,2443.35,2443.35,ERP_EXPORT_20240115
Internet ,SO44835,SO44835 - 1,AW00018338,,BK-R93R-44,australia,Australia,2017-11-04,2017-11-14,20171111,1.0,3578.27,0.0,2171.2942,2171.2942,3578.27,3578.27,ERP_EXPORT_20240115
Internet,SO46296,SO46296 - 1,AW00012170,,BK-R93R-56,SOUTHWEST,United States,"Apr 25, 2018",2018-05-05,20180502,1.0,3578.27,,2171.2942,2171.2942,3578.27,3578.27,ERP_EXPORT_20240115
Internet,SO48278,SO48278 - 1,,,BK-R89R-44,Germany,Germany,2018-10-30 00:00:00,2018-11-09,2018-11-06,1.4,2443.35,,1518.7864,1518.7864,-2443.35,-2443.35,ERP_EXPORT_20240115
Internet ,SO45869,SO45869 - 1,AW00014822,,BK-R93R-62,Germany,Germany,2018-03-10,2018-03-20,20180317,1.0,3578.27,0.0,2171.2942,2171.2942,3578.27,3578.27,ERP_EXPORT_20240115
INTERNET,SO45111,SO45111 - 1,AW00025713,,BK-R50R-44,AUSTRALIA,Australia,2017-12-07 00:00:00,2017-12-17,2017-12-14,1.0,699.0982,0.0,413.1463,413.1463,699.0982,699.0982,ERP_EXPORT_20240115
Internet,SO46272,SO46272 - 1,AW00012116,,BK-R93R-44,NORTHWEST,United States,20180422,2018-05-02,2018-04-29 00:00:00,1.0,3578.27,0.0,2171.2942,2171.2942,3578.27,3578.27,ERP_EXPORT_20240115
Internet,SO44263,SO44263 - 1,AW00017279,,BK-R93R-62,Australia,Australia,2017-08-28,2017-09-07,09/04/2017,1.0,3578.27,,2171.2942,2171.2942,3578.27,3578.27,ERP_EXPORT_20240115
Internet,SO46878,SO46878 - 1,AW00025061,,BK-R89R-48,Canada,Canada,24-06-2018,2018-07-04,2018-07-01,1.0,2443.35,0.0,1518.7864,1518.7864,2443.35,2443.35,ERP_EXPORT_20240115
Internet,SO47655,SO47655 - 1,AW00024889,,BK-R64Y-42,Australia,Australia,30-08-2018,2018-09-09,09/06/2018,1.0,1000.4375,0.0,605.6492,605.6492,1000.4375,1000.4375,ERP_EXPORT_20240115
Internet,SO45459,SO45459 - 1,AW00019605,,BK-R93R-62,Australia,Australia,"Jan 19, 2018",2018-01-29,01/26/2018,1.0,3578.27,0.0,2171.2942,2171.2942,3578.27,3578.27,ERP_EXPORT_20240115
Internet,SO43835,SO43835 - 1,AW00019802,,BK-M82B-38,CANADA,Canada,"Jul 16, 2017",2017-07-26,20170723,1.0,3374.99,,1898.0944,1898.0944,3374.99,3374.99,ERP_EXPORT_20240115
Internet,SO45239,SO45239 - 1,AW00019420,,BK-R50R-48,Germany,Germany,2017-12-28 00:00:00,2018-01-07,2018-01-04,1.0,699.0982,0.0,413.1463,413.1463,699.0982,699.0982,ERP_EXPORT_20240115
Internet,SO48419,SO48419 - 1,AW00026585,,BK-R50B-44,Australia,Australia,20181101,2018-11-11,11/08/2018,1.0,782.99,0.0,486.7066,486.7066,782.99,782.99,ERP_EXPORT_20240115
Internet,SO46249,SO46249 - 1,AW00012000,,BK-M82S-48,Australia,Australia,"Apr 18, 2018",2018-04-28,"Apr 25, 2018",1.0,3399.99,0.0%,1912.1544,1912.1544,3399.99,3399.99,ERP_EXPORT_20240115
Internet ,SO44034,SO44034 - 1,AW00016702,,BK-R93R-52,Australia,Australia,29-07-2017,2017-08-08,08/05/2017,1.0,3578.27,,2171.2942,2171.2942,3578.27,3578.27,ERP_EXPORT_20240115
Internet,SO47342,SO47342 - 1,AW00026304,,BK-M68B-42,Northwest,United States,20180731,2018-08-10,08/07/2018,1.0,2049.0982,0.0,1105.81,1105.81,2049.0982,2049.0982,ERP_EXPORT_20240115
Internet,SO44336,SO44336 - 1,AW00025895,,BK-M82S-42,Northwest,United States,09/05/2017,2017-09-15,12-09-2017,1.0,3399.99,0.0,1912.1544,1912.1544,3399.99,3399.99,ERP_EXPORT_20240115
Internet,SO46168,SO46168 - 1,AW00025936,,BK-R50B-60,Australia,Australia,04/07/2018,2018-04-17,2018-04-14,1.0,699.0982,0.0,413.1463,413.1463,699.0982,699.0982,ERP_EXPORT_20240115
 Internet,SO46134,SO46134 - 1,AW00020259,,BK-R93R-48,Australia,Australia,03-04-2018,2018-04-13,2018-04-10,1.0,3578.27,0.0,2171.2942,2171.2942,3578.27,3578.27,ERP_EXPORT_20240115
internet,SO45939,SO45939 - 1,AW00014757,,BK-R50B-60,Southwest,United States,2018-03-20 00:00:00,2018-03-30,03/27/2018,1.0,699.0982,0.0,413.1463,413.1463,699.0982,699.0982,ERP_EXPORT_20240115
internet,SO45843,SO45843 - 1,AW00011775,,BK-R93R-48,Southwest ,United States,20180305,2018-03-15,03/12/2018,1.0,3578.27,,2171.2942,2171.2942,3578.27,3578.27,ERP_EXPORT_20240115
Internet,SO47494,SO47494 - 1,AW00015927,,BK-R89B-44,Germany,Germany,2018-08-08 00:00:00,2018-08-18,08/15/2018,1.0,2181.5625,0.0%,1320.6838,1320.6838,2181.5625,2181.5625,ERP_EXPORT_20240115
Internet,SO45927,SO45927 - 1,AW00011796,,BK-R93R-48,Southwest,United States,"Mar 18, 2018",2018-03-28,03/25/2018,1.0,3578.27,0.0,2171.2942,2171.2942,3578.27,3578.27,ERP_EXPORT_20240115
Internet,SO48094,SO48094 - 1,AW00013657,,BK-R89R-52, Northwest,United States,"Oct 01, 2018",2018-10-11,20181008,1.0,2443.35,0.0,1518.7864,1518.7864,2443.35,2443.35,ERP_EXPORT_20240115
Internet,SO48689,SO48689 - 1,AW00024914,,BK-R64Y-42,Australia,Australia,26-11-2018,2018-12-06,12/03/2018,1.0,1000.4375,,605.6492,605.6492,1000.4375,1000.4375,ERP_EXPORT_20240115
Internet,SO46142,SO46142 - 1,AW00024310,,BK-R93R-44,Canada,Canada,04-04-2018,2018-04-14,2018-04-11,1.0,3578.27,0.0,2171.2942,2171.2942,3578.27,3578.27,ERP_EXPORT_20240115
Internet,SO44399,SO44399 - 1,AW00028240,,BK-R93R-44,Northwest,United States,14-09-2017,2017-09-24,09/21/2017,1.0,3578.27,,2171.2942,2171.2942,3578.27,3578.27,ERP_EXPORT_20240115
 Internet,SO48600,SO48600 - 1,AW00018185,,BK-R64Y-42,Germany,Germany,20181118,2018-11-28,2018-11-25,1.0,1000.4375,0.0%,605.6492,605.6492,1000.4375,1000.4375,ERP_EXPORT_20240115
Internet,SO48603,SO48603 - 1,AW00028751,,BK-M68S-46,France,France,18-11-2018,2018-11-28,"Nov 25, 2018",1.0,2071.4196,0.0%,1117.8559,1117.8559,2071.4196,2071.4196,ERP_EXPORT_20240115
Internet,SO46753,SO46753 - 1,AW00021215,,BK-R89B-58,Australia,Australia,06/09/2018,2018-06-19,2018-06-16,1.0,2181.5625,0.0,1320.6838,1320.6838,2181.5625,2181.5625,ERP_EXPORT_20240115
Internet,SO43949,SO43949 - 1,AW00027726,,BK-R93R-62,Southwest,United States,"Jul 20, 2017",2017-07-30,2017-07-27 00:00:00,1.0,3578.27,,2171.2942,2171.2942,3578.27,3578.27,ERP_EXPORT_20240115
 Internet,SO48477,SO48477 - 1,AW00026611,,BK-M68S-38,Southwest ,United States,"Nov 07, 2018",2018-11-17,20181114,1.0,2071.4196,0.0,1117.8559,1117.8559,2071.4196,2071.4196,ERP_EXPORT_20240115
Internet,SO46805,SO46805 - 1,AW00013055,,BK-R89B-44,Northwest,United States,"Jun 15, 2018",2018-06-25,06/22/2018,1.0,2181.5625,0.0,1320.6838,1320.6838,2181.5625,2181.5625,ERP_EXPORT_20240115
Internet,SO47784,SO47784 - 1,AW00013078,,BK-M68S-46,Australia,Australia,20180907,2018-09-17,14-09-2018,1.0,2071.4196,0.0,1117.8559,1117.8559,2071.4196,2071.4196,ERP_EXPORT_20240115
Internet,SO48661,SO48661 - 1,AW00015467,,BK-R50B-58,Southwest,United States,"Nov 23, 2018",2018-12-03,"Nov 30, 2018",1.0,782.99,0.0%,486.7066,486.7066,782.99,782.99,ERP_EXPORT_20240115
Internet,SO47545,SO47545 - 1,AW00028553,,BK-M68S-42,France,France,2018-08-13,2018-08-23,2018-08-20,1.0,2071.4196,0.0,1117.8559,1117.8559,2071.4196,2071.4196,ERP_EXPORT_20240115
Internet,SO43956,SO43956 - 1,AW00011030,,BK-M82S-38,Australia,Australia,21-07-2017,2017-07-31,"Jul 28, 2017",1.0,3399.99,,1912.1544,1912.1544,3399.99,3399.99,ERP_EXPORT_20240115
Internet,SO43706,SO43706 - 1,AW00027621,,BK-R93R-48,Southwest,United States,2017-07-02 00:00:00,2017-07-12,09-07-2017,1.0,3578.27,,2171.2942,2171.2942,3578.27,3578.27,ERP_EXPORT_20240115
Internet,SO45223,SO45223 - 1,AW00018930,,BK-R93R-48,Australia,Australia,2017-12-24 00:00:00,2018-01-03,12/31/2017,1.0,3578.27,,2171.2942,2171.2942,3578.27,3578.27,ERP_EXPORT_20240115
Internet,SO46205,SO46205 - 1,AW00012162,,BK-R93R-52,Southwest,United States,04/13/2018,2018-04-23,20180420,1.0,3578.27,0.0,2171.2942,2171.2942,3578.27,3578.27,ERP_EXPORT_20240115
Internet,SO46216,SO46216 - 1,AW00020456,,BK-R93R-56,Australia,Australia,2018-04-14,2018-04-24,"Apr 21, 2018",1.0,3578.27,0.0,2171.2942,2171.2942,3578.27,3578.27,ERP_EXPORT_20240115
Internet,SO47486,SO47486 - 1,,,BK-R89B-52,France ,France,2018-08-05 00:00:00,2018-08-15,2018-08-12 00:00:00,1.1,2181.5625,,1320.6838,1320.6838,-2181.5625,-2181.5625,ERP_EXPORT_20240115
Internet,SO47870,SO47870 - 1,AW00019305,,BK-R64Y-40,United Kingdom ,United Kingdom,2018-09-19 00:00:00,2018-09-29,09/26/2018,1.0,1000.4375,0.0,605.6492,605.6492,1000.4375,1000.4375,ERP_EXPORT_20240115
Internet,SO47289,SO47289 - 1,AW00026297,,BK-M68B-42,Northwest,United States,07/25/2018,2018-08-04,"Aug 01, 2018",1.0,2049.0982,0.0%,1105.81,1105.81,2049.0982,2049.0982,ERP_EXPORT_20240115
Internet,SO45865,SO45865 - 1,AW00020157,,BK-R93R-48,Australia,Australia,2018-03-09 00:00:00,2018-03-19,"Mar 16, 2018",1.0,3578.27,0.0,2171.2942,2171.2942,3578.27,3578.27,ERP_EXPORT_20240115
Internet,SO44427,SO44427 - 1,AW00014146,,BK-R93R-56, United Kingdom,United Kingdom,2017-09-20,2017-09-30,20170927,1.0,3578.27,0.0,2171.2942,2171.2942,3578.27,3578.27,ERP_EXPORT_20240115
Internet,SO44013,SO44013 - 1,AW00016928,,BK-R93R-48,Australia,Australia,2017-07-26,2017-08-05,08/02/2017,1.0,3578.27,0.0,2171.2942,2171.2942,3578.27,3578.27,ERP_EXPORT_20240115
internet,SO43946,SO43946 - 1,AW00016687,,BK-R93R-52,Australia,Australia,"Jul 20, 2017",2017-07-30,"Jul 27, 2017",1.0,3578.27,0.0%,2171.2942,2171.2942,3578.27,3578.27,ERP_EXPORT_20240115
Internet,SO46869,SO46869 - 1,AW00013577,,BK-R89B-58,France,France,23-06-2018,2018-07-03,"Jun 30, 2018",1.0,2181.5625,0.0,1320.6838,1320.6838,2181.5625,2181.5625,ERP_EXPORT_20240115
Internet,SO47184,SO47184 - 1,AW00021380,,BK-R89B-58,Australia,Australia,14-07-2018,2018-07-24,"Jul 21, 2018",1.0,2181.5625,0.0,1320.6838,1320.6838,2181.5625,2181.5625,ERP_EXPORT_20240115
Internet ,SO48267,SO48267 - 1,AW00027102,,BK-R50R-44,Canada,Canada,20181028,2018-11-07,2018-11-04,1.0,782.99,0.0,486.7066,486.7066,782.99,782.99,ERP_EXPORT_20240115
Internet,SO48722,SO48722 - 1,AW00022937,,BK-R89R-48, Australia,Australia,29-11-2018,2018-12-09,2018-12-06,1.0,2443.35,0.0,1518.7864,1518.7864,2443.35,2443.35,ERP_EXPORT_20240115
internet,SO48201,SO48201 - 1,AW00026601,,BK-M68S-46,Southwest,United States,"Oct 19, 2018",2018-10-29,"Oct 26, 2018",1.0,2071.4196,,1117.8559,1117.8559,2071.4196,2071.4196,ERP_EXPORT_20240115
internet,SO44423,SO44423 - 1,,,BK-R93R-52,Southwest,United States,20170919,2017-09-29,20170926,1.6,3578.27,,2171.2942,2171.2942,3578.27,-3578.27,ERP_EXPORT_20240115
Internet,SO47537,SO47537 - 1,AW00013436,,BK-R89R-58,Northwest,United States,2018-08-13,2018-08-23,20180820,1.0,2181.5625,0.0,1320.6838,1320.6838,2181.5625,2181.5625,ERP_EXPORT_20240115
Internet,SO47271,SO47271 - 1,AW00018140,,BK-R64Y-38,Germany,Germany,2018-07-24,2018-08-03,"Jul 31, 2018",1.0,1000.4375,,605.6492,605.6492,1000.4375,1000.4375,ERP_EXPORT_20240115
Internet,SO46696,SO46696 - 1,AW00021166,,BK-R89R-52,australia,Australia,06/02/2018,2018-06-12,2018-06-09 00:00:00,1.0,2443.35,0.0%,1518.7864,1518.7864,2443.35,2443.35,ERP_EXPORT_20240115
Internet,SO48480,SO48480 - 1,AW00026642,,BK-M68S-38,northwest,United States,2018-11-07,2018-11-17,11/14/2018,1.0,2071.4196,0.0,1117.8559,1117.8559,2071.4196,2071.4196,ERP_EXPORT_20240115
 Internet,SO48414,SO48414 - 1,AW00013718,,BK-R89R-48,Northwest,United States,11/01/2018,2018-11-11,20181108,1.0,2443.35,0.0%,1518.7864,1518.7864,2443.35,2443.35,ERP_EXPORT_20240115
Internet,SO43998,SO43998 - 1,AW00011033,,BK-M82B-38,Australia,Australia,"Jul 25, 2017",2017-08-04,2017-08-01 00:00:00,1.0,3374.99,0.0,1898.0944,1898.0944,3374.99,3374.99,ERP_EXPORT_20240115
Internet,SO45417,SO45417 - 1,AW00028620,,BK-R93R-62,CANADA,Canada,20180111,2018-01-21,20180118,1.0,3578.27,0.0,2171.2942,2171.2942,3578.27,3578.27,ERP_EXPORT_20240115
Internet,SO48460,SO48460 - 1,AW00017098,,BK-R89R-58,United Kingdom,United Kingdom,"Nov 06, 2018",2018-11-16,"Nov 13, 2018",1.0,2181.5625,0.0,1320.6838,1320.6838,2181.5625,2181.5625,ERP_EXPORT_20240115
Internet,SO45695,SO45695 - 1,AW00011292,,BK-R93R-44,SOUTHWEST,United States,02/15/2018,2018-02-25,20180222,1.0,3578.27,0.0,2171.2942,2171.2942,3578.27,3578.27,ERP_EXPORT_20240115
internet,SO45464,SO45464 - 1,AW00019586,,BK-R93R-56,Australia,Australia,2018-01-20 00:00:00,2018-01-30,2018-01-27,1.0,3578.27,0.0,2171.2942,2171.2942,3578.27,3578.27,ERP_EXPORT_20240115
Internet,SO45355,SO45355 - 1,AW00028778,,BK-R93R-48,Canada,Canada,"Jan 02, 2018",2018-01-12,09-01-2018,1.0,3578.27,0.0,2171.2942,2171.2942,3578.27,3578.27,ERP_EXPORT_20240115
Internet,SO47548,SO47548 - 1,AW00020834,,BK-R50R-52,United Kingdom,United Kingdom,08/14/2018,2018-08-24,2018-08-21,1.0,782.99,0.0,486.7066,486.7066,782.99,782.99,ERP_EXPORT_20240115
Internet,SO48157,SO48157 - 1,AW00022851,,BK-R89R-58,Australia,Australia,2018-10-11 00:00:00,2018-10-21,18-10-2018,1.0,2181.5625,0.0,1320.6838,1320.6838,2181.5625,2181.5625,ERP_EXPORT_20240115
 Internet,SO48943,SO48943 - 1,AW00013973,,BK-M68S-38,Australia,Australia,18-12-2018,2018-12-28,"Dec 25, 2018",1.0,2071.4196,0.0,1117.8559,1117.8559,2071.4196,2071.4196,ERP_EXPORT_20240115
Internet,SO48565,SO48565 - 1,AW00026604,,BK-M68B-38,southwest,United States,14-11-2018,2018-11-24,2018-11-21 00:00:00,1.0,2049.0982,0.0,1105.81,1105.81,2049.0982,2049.0982,ERP_EXPORT_20240115
Internet,SO47084,SO47084 - 1,,,BK-R89R-52,AUSTRALIA,Australia,02-07-2018,2018-07-12,"Jul 09, 2018",1.5,2443.35,,1518.7864,1518.7864,2443.35,-2443.35,ERP_EXPORT_20240115
Internet,SO43767,SO43767 - 1,AW00011001,,BK-M82B-44,Australia,Australia,20170709,2017-07-19,07/16/2017,1.0,3374.99,0.0,1898.0944,1898.0944,3374.99,3374.99,ERP_EXPORT_20240115
Internet,SO46233,SO46233 - 1,AW00023867,,BK-R93R-56,Canada,Canada,2018-04-16,2018-04-26,20180423,1.0,3578.27,0.0,2171.2942,2171.2942,3578.27,3578.27,ERP_EXPORT_20240115
Internet,SO43744,SO43744 - 1,AW00016631,,BK-R93R-52,australia,Australia,"Jul 06, 2017",2017-07-16,2017-07-13,1.0,3578.27,0.0,2171.2942,2171.2942,3578.27,3578.27,ERP_EXPORT_20240115
Internet,SO48443,SO48443 - 1,AW00012232,,BK-M68S-38, Germany,Germany,2018-11-04 00:00:00,2018-11-14,2018-11-11,1.0,2071.4196,0.0,1117.8559,1117.8559,2071.4196,2071.4196,ERP_EXPORT_20240115
INTERNET,SO43953,SO43953 - 1,AW00020049,,BK-R50B-52,United Kingdom,United Kingdom,07/21/2017,2017-07-31,20170728,1.0,699.0982,0.0,413.1463,413.1463,699.0982,699.0982,ERP_EXPORT_20240115
internet,SO47190,SO47190 - 1,AW00025892,,BK-R89R-48,Canada,Canada,2018-07-15,2018-07-25,22-07-2018,1.0,2443.35,0.0,1518.7864,1518.7864,2443.35,2443.35,ERP_EXPORT_20240115
Internet,SO44186,SO44186 - 1,AW00025889,,BK-M82S-48,Southwest,United States,08/13/2017,2017-08-23,2017-08-20 00:00:00,1.0,3399.99,0.0,1912.1544,1912.1544,3399.99,3399.99,ERP_EXPORT_20240115
Internet,SO47573,SO47573 - 1,AW00013435,,BK-R89R-48,Southwest,United States,08/18/2018,2018-08-28,2018-08-25 00:00:00,1.0,2443.35,0.0,1518.7864,1518.7864,2443.35,2443.35,ERP_EXPORT_20240115
Internet,SO47541,SO47541 - 1,AW00015314,,BK-R50B-48,Southwest,United States,2018-08-13,2018-08-23,20-08-2018,1.0,782.99,0.0,486.7066,486.7066,782.99,782.99,ERP_EXPORT_20240115
Internet,SO43831,SO43831 - 1,AW00011028,,BK-M82B-42,Australia ,Australia,16-07-2017,2017-07-26,"Jul 23, 2017",1.0,3374.99,0.0,1898.0944,1898.0944,3374.99,3374.99,ERP_EXPORT_20240115
INTERNET,SO47097,SO47097 - 1,AW00021257,,BK-R89R-52,AUSTRALIA,Australia,2018-07-04 00:00:00,2018-07-14,2018-07-11 00:00:00,1.0,2443.35,0.0,1518.7864,1518.7864,2443.35,2443.35,ERP_EXPORT_20240115
Internet ,SO46278,SO46278 - 1,,,BK-R50R-44,Germany,Germany,"Apr 23, 2018",2018-05-03,2018-04-30,1.8,699.0982,,413.1463,413.1463,-699.0982,-699.0982,ERP_EXPORT_20240115
Internet,SO44139,SO44139 - 1,AW00013792,,BK-R93R-44,United Kingdom ,United Kingdom,08/04/2017,2017-08-14,11-08-2017,1.0,3578.27,0.0,2171.2942,2171.2942,3578.27,3578.27,ERP_EXPORT_20240115
Internet,SO44035,SO44035 - 1,AW00016707,,BK-R93R-48,Australia,Australia,2017-07-29 00:00:00,2017-08-08,2017-08-05,1.0,3578.27,0.0%,2171.2942,2171.2942,3578.27,3578.27,ERP_EXPORT_20240115
Internet,SO45609,SO45609 - 1,AW00014774,,BK-R93R-44,Germany,Germany,"Feb 01, 2018",2018-02-11,08-02-2018,1.0,3578.27,0.0,2171.2942,2171.2942,3578.27,3578.27,ERP_EXPORT_20240115
Internet,SO47264,SO47264 - 1,AW00016410,,BK-R89R-44,United Kingdom,United Kingdom,23-07-2018,2018-08-02,20180730,1.0,2443.35,0.0,1518.7864,1518.7864,2443.35,2443.35,ERP_EXPORT_20240115
Internet,SO47920,SO47920 - 1,AW00012282,,BK-M68B-38,United Kingdom,United Kingdom,"Sep 25, 2018",2018-10-05,2018-10-02 00:00:00,1.0,2049.0982,0.0%,1105.81,1105.81,2049.0982,2049.0982,ERP_EXPORT_20240115
Internet,SO48810,SO48810 - 1,AW00023415,,BK-R89R-48,Australia,Australia,2018-12-02,2018-12-12,2018-12-09 00:00:00,1.0,2443.35,0.0,1518.7864,1518.7864,2443.35,2443.35,ERP_EXPORT_20240115
Internet,SO47115,SO47115 - 1,AW00021393,,BK-R89R-52,Australia,Australia,20180706,2018-07-16,13-07-2018,1.0,2443.35,0.0%,1518.7864,1518.7864,2443.35,2443.35,ERP_EXPORT_20240115
internet,SO45513,SO45513 - 1,AW00025996,,BK-M82B-38,Southwest,United States,28-01-2018,2018-02-07,02/04/2018,1.0,3374.99,0.0%,1898.0944,1898.0944,3374.99,3374.99,ERP_EXPORT_20240115
Internet ,SO48891,SO48891 - 1,,,BK-M68B-42,Australia,Australia,2018-12-12 00:00:00,2018-12-22,12/19/2018,1.6,2049.0982,,1105.81,1105.81,-2049.0982,-2049.0982,ERP_EXPORT_20240115
Internet,SO43922,SO43922 - 1,AW00013546,,BK-R93R-62,Germany,Germany,"Jul 17, 2017",2017-07-27,20170724,1.0,3578.27,0.0,2171.2942,2171.2942,3578.27,3578.27,ERP_EXPORT_20240115
Internet,SO48410,SO48410 - 1,AW00026649,,BK-M68B-38,southwest,United States,10/31/2018,2018-11-10,20181107,1.0,2049.0982,0.0,1105.81,1105.81,2049.0982,2049.0982,ERP_EXPORT_20240115
Internet,SO47070,SO47070 - 1,AW00014025,,BK-R64Y-44,Northwest ,United States,20180701,2018-07-11,2018-07-08 00:00:00,1.0,1000.4375,0.0,605.6492,605.6492,1000.4375,1000.4375,ERP_EXPORT_20240115
Internet,SO46491,SO46491 - 1,,,BK-R93R-56,Canada,Canada,17-05-2018,2018-05-27,05/24/2018,1.7,3578.27,,2171.2942,2171.2942,3578.27,-3578.27,ERP_EXPORT_20240115
Internet,SO47926,SO47926 - 1,,,BK-M68B-42,Australia,Australia,2018-09-25,2018-10-05,"Oct 02, 2018",1.7,2049.0982,,1105.81,1105.81,-2049.0982,-2049.0982,ERP_EXPORT_20240115
Internet,SO48678,SO48678 - 1,AW00026627,,BK-M68B-46,Southwest,United States,25-11-2018,2018-12-05,2018-12-02,1.0,2049.0982,0.0,1105.81,1105.81,2049.0982,2049.0982,ERP_EXPORT_20240115
Internet,SO44356,SO44356 - 1,AW00011099,,BK-M82S-42,Australia,Australia,2017-09-08,2017-09-18,20170915,1.0,3399.99,,1912.1544,1912.1544,3399.99,3399.99,ERP_EXPORT_20240115
Internet,SO46787,SO46787 - 1,AW00015195,,BK-R50B-58,Southwest,United States,2018-06-12,2018-06-22,06/19/2018,1.0,782.99,0.0,486.7066,486.7066,782.99,782.99,ERP_EXPORT_20240115
Internet,SO45850,SO45850 - 1,AW00011776,,BK-R93R-62,Southwest,United States,20180307,2018-03-17,2018-03-14 00:00:00,1.0,3578.27,0.0,2171.2942,2171.2942,3578.27,3578.27,ERP_EXPORT_20240115
Internet,SO47741,SO47741 - 1,AW00015343,,BK-R50B-62,SOUTHWEST,United States,09/01/2018,2018-09-11,20180908,1.0,782.99,0.0,486.7066,486.7066,782.99,782.99,ERP_EXPORT_20240115
Internet,SO46202,SO46202 - 1,AW00025935,,BK-R50R-58,Australia,Australia,2018-04-12,2018-04-22,2018-04-19,1.0,699.0982,0.0,413.1463,413.1463,699.0982,699.0982,ERP_EXPORT_20240115
Internet ,SO45103,SO45103 - 1,AW00029140,,BK-R93R-62,Northwest,United States,"Dec 06, 2017",2017-12-16,20171213,1.0,3578.27,,2171.2942,2171.2942,3578.27,3578.27,ERP_EXPORT_20240115
internet,SO46747,SO46747 - 1,AW00026127,,BK-M68B-42,Northwest,United States,2018-06-08,2018-06-18,06/15/2018,1.0,2049.0982,,1105.81,1105.81,2049.0982,2049.0982,ERP_EXPORT_20240115
Internet,SO44027,SO44027 - 1,AW00021921,,BK-R93R-62,Canada,Canada,07/28/2017,2017-08-07,04-08-2017,1.0,3578.27,0.0,2171.2942,2171.2942,3578.27,3578.27,ERP_EXPORT_20240115
Internet,SO48561,SO48561 - 1,AW00026562,,BK-R50B-48,australia,Australia,2018-11-13 00:00:00,2018-11-23,20-11-2018,1.0,782.99,0.0,486.7066,486.7066,782.99,782.99,ERP_EXPORT_20240115
Internet,SO47570,SO47570 - 1,AW00028562,,BK-M68S-38,France ,France,20180818,2018-08-28,"Aug 25, 2018",1.0,2071.4196,0.0,1117.8559,1117.8559,2071.4196,2071.4196,ERP_EXPORT_20240115
Internet,SO46801,SO46801 - 1,AW00025094,,BK-R89R-44,Canada,Canada,20180614,2018-06-24,"Jun 21, 2018",1.0,2443.35,0.0,1518.7864,1518.7864,2443.35,2443.35,ERP_EXPORT_20240115
Internet,SO44634,SO44634 - 1,AW00018213,,BK-R93R-44,Australia ,Australia,2017-10-11 00:00:00,2017-10-21,2017-10-18 00:00:00,1.0,3578.27,0.0,2171.2942,2171.2942,3578.27,3578.27,ERP_EXPORT_20240115
Internet,SO46790,SO46790 - 1,AW00012930,,BK-R89B-58,Northwest,United States,06/13/2018,2018-06-23,2018-06-20,1.0,2181.5625,0.0,1320.6838,1320.6838,2181.5625,2181.5625,ERP_EXPORT_20240115
Internet,SO46893,SO46893 - 1,AW00028659,,BK-R89R-48, Canada,Canada,20180626,2018-07-06,"Jul 03, 2018",1.0,2443.35,0.0,1518.7864,1518.7864,2443.35,2443.35,ERP_EXPORT_20240115
internet,SO44054,SO44054 - 1,AW00013542,,BK-R93R-56,GERMANY,Germany,2017-07-31,2017-08-10,08/07/2017,1.0,3578.27,0.0,2171.2942,2171.2942,3578.27,3578.27,ERP_EXPORT_20240115
Internet,SO45933,SO45933 - 1,AW00011779,,BK-R93R-52, Northwest,United States,20180319,2018-03-29,2018-03-26,1.0,3578.27,0.0,2171.2942,2171.2942,3578.27,3578.27,ERP_EXPORT_20240115
 Internet,SO47804,SO47804 - 1,AW00022178,,BK-R89R-52,Australia,Australia,2018-09-11 00:00:00,2018-09-21,09/18/2018,1.0,2443.35,0.0%,1518.7864,1518.7864,2443.35,2443.35,ERP_EXPORT_20240115
Internet,SO48884,SO48884 - 1,AW00024921,,BK-R64Y-48,Australia,Australia,12/11/2018,2018-12-21,2018-12-18,1.0,1000.4375,0.0%,605.6492,605.6492,1000.4375,1000.4375,ERP_EXPORT_20240115
Internet,SO44191,SO44191 - 1,AW00017248,,BK-R93R-62,Australia,Australia,2017-08-14,2017-08-24,"Aug 21, 2017",1.0,3578.27,0.0,2171.2942,2171.2942,3578.27,3578.27,ERP_EXPORT_20240115
Internet,SO47473,SO47473 - 1,AW00021875,,BK-R89R-48,Australia,Australia,20180803,2018-08-13,20180810,1.0,2443.35,0.0,1518.7864,1518.7864,2443.35,2443.35,ERP_EXPORT_20240115
Internet,SO44072,SO44072 - 1,AW00016656,,BK-R93R-44,Australia,Australia,02-08-2017,2017-08-12,2017-08-09 00:00:00,1.0,3578.27,0.0,2171.2942,2171.2942,3578.27,3578.27,ERP_EXPORT_20240115
Internet,SO45032,SO45032 - 1,AW00014139,,BK-R93R-44,Germany,Germany,30-11-2017,2017-12-10,2017-12-07,1.0,3578.27,,2171.2942,2171.2942,3578.27,3578.27,ERP_EXPORT_20240115
INTERNET,SO44952,SO44952 - 1,AW00025955,,BK-M82B-42,southwest,United States,"Nov 19, 2017",2017-11-29,26-11-2017,1.0,3374.99,0.0,1898.0944,1898.0944,3374.99,3374.99,ERP_EXPORT_20240115
Internet,SO46464,SO46464 - 1,AW00012885,,BK-R93R-62,Southwest ,United States,12-05-2018,2018-05-22,2018-05-19,1.0,3578.27,0.0,2171.2942,2171.2942,3578.27,3578.27,ERP_EXPORT_20240115
Internet,SO44446,SO44446 - 1,AW00017914,,BK-R93R-52,Australia,Australia,2017-09-25 00:00:00,2017-10-05,02-10-2017,1.0,3578.27,0.0,2171.2942,2171.2942,3578.27,3578.27,ERP_EXPORT_20240115
Internet,SO46685,SO46685 - 1,AW00012947,,BK-R89B-52,Southwest,United States,06/01/2018,2018-06-11,08-06-2018,1.0,2181.5625,0.0,1320.6838,1320.6838,2181.5625,2181.5625,ERP_EXPORT_20240115
INTERNET,SO44373,SO44373 - 1,AW00013767,,BK-R93R-62,germany,Germany,"Sep 11, 2017",2017-09-21,2017-09-18,1.0,3578.27,,2171.2942,2171.2942,3578.27,3578.27,ERP_EXPORT_20240115
Internet,SO47928,SO47928 - 1,AW00029154,,BK-R89B-52,CANADA,Canada,"Sep 26, 2018",2018-10-06,20181003,1.0,2181.5625,0.0%,1320.6838,1320.6838,2181.5625,2181.5625,ERP_EXPORT_20240115
Internet,SO45653,SO45653 - 1,AW00011764,,BK-M82S-48,Australia,Australia,2018-02-09,2018-02-19,16-02-2018,1.0,3399.99,,1912.1544,1912.1544,3399.99,3399.99,ERP_EXPORT_20240115
Internet,SO45357,SO45357 - 1,AW00028443,,BK-M82B-48,France,France,01/03/2018,2018-01-13,01/10/2018,1.0,3374.99,,1898.0944,1898.0944,3374.99,3374.99,ERP_EXPORT_20240115
Internet,SO44439,SO44439 - 1,AW00014195,,BK-R93R-62,United Kingdom,United Kingdom,"Sep 23, 2017",2017-10-03,2017-09-30 00:00:00,1.0,3578.27,0.0,2171.2942,2171.2942,3578.27,3578.27,ERP_EXPORT_20240115
Internet,SO45036,SO45036 - 1,,,BK-R93R-44,Southwest ,United States,2017-11-30 00:00:00,2017-12-10,07-12-2017,1.7,3578.27,,2171.2942,2171.2942,3578.27,-3578.27,ERP_EXPORT_20240115
Internet,SO46412,SO46412 - 1,AW00024493,,BK-R93R-44,Canada,Canada,20180504,2018-05-14,2018-05-11,1.0,3578.27,0.0,2171.2942,2171.2942,3578.27,3578.27,ERP_EXPORT_20240115
 Internet,SO45660,SO45660 - 1,AW00019797,,BK-R93R-48,Australia,Australia,20180210,2018-02-20,02/17/2018,1.0,3578.27,0.0,2171.2942,2171.2942,3578.27,3578.27,ERP_EXPORT_20240115
Internet,SO45905,SO45905 - 1,AW00020152,,BK-R93R-44,Australia,Australia,"Mar 15, 2018",2018-03-25,2018-03-22,1.0,3578.27,0.0,2171.2942,2171.2942,3578.27,3578.27,ERP_EXPORT_20240115
Internet,SO48664,SO48664 - 1,AW00013521,,BK-M68S-42,Australia,Australia,2018-11-23 00:00:00,2018-12-03,11/30/2018,1.0,2071.4196,0.0,1117.8559,1117.8559,2071.4196,2071.4196,ERP_EXPORT_20240115
Internet,SO46525,SO46525 - 1,AW00020816,,BK-R93R-56,Australia,Australia,20-05-2018,2018-05-30,"May 27, 2018",1.0,3578.27,0.0,2171.2942,2171.2942,3578.27,3578.27,ERP_EXPORT_20240115
 Internet,SO47640,SO47640 - 1,AW00026317,,BK-M68S-42,Northwest,United States,2018-08-28,2018-09-07,20180904,1.0,2071.4196,0.0,1117.8559,1117.8559,2071.4196,2071.4196,ERP_EXPORT_20240115
Internet,SO48170,SO48170 - 1,AW00011613,,BK-M68S-42,Germany,Germany,"Oct 14, 2018",2018-10-24,10/21/2018,1.0,2071.4196,0.0,1117.8559,1117.8559,2071.4196,2071.4196,ERP_EXPORT_20240115
Internet,SO47656,SO47656 - 1,AW00021882,,BK-R89R-44,Australia,Australia,30-08-2018,2018-09-09,2018-09-06,1.0,2443.35,0.0,1518.7864,1518.7864,2443.35,2443.35,ERP_EXPORT_20240115
 Internet,SO47178,SO47178 - 1,AW00014026,,BK-R64Y-40,Northwest,United States,14-07-2018,2018-07-24,"Jul 21, 2018",1.0,1000.4375,0.0%,605.6492,605.6492,1000.4375,1000.4375,ERP_EXPORT_20240115
Internet ,SO45244,SO45244 - 1,,,BK-M82B-44,Australia,Australia,28-12-2017,2018-01-07,01/04/2018,1.7,3374.99,,1898.0944,1898.0944,3374.99,-3374.99,ERP_EXPORT_20240115
Internet,SO47817,SO47817 - 1,AW00022200,,BK-R89R-58,Australia,Australia,2018-09-12,2018-09-22,09/19/2018,1.0,2181.5625,0.0,1320.6838,1320.6838,2181.5625,2181.5625,ERP_EXPORT_20240115
Internet,SO46737,SO46737 - 1,AW00012346,,BK-M68S-42,Australia,Australia,"Jun 06, 2018",2018-06-16,13-06-2018,1.0,2071.4196,0.0,1117.8559,1117.8559,2071.4196,2071.4196,ERP_EXPORT_20240115
Internet,SO46417,SO46417 - 1,AW00012441,,BK-R93R-56,Southwest,United States,2018-05-05,2018-05-15,12-05-2018,1.0,3578.27,0.0,2171.2942,2171.2942,3578.27,3578.27,ERP_EXPORT_20240115
internet,SO46551,SO46551 - 1,AW00014914,,BK-R50R-52,Southwest,United States,"May 23, 2018",2018-06-02,30-05-2018,1.0,699.0982,0.0%,413.1463,413.1463,699.0982,699.0982,ERP_EXPORT_20240115
INTERNET,SO43756,SO43756 - 1,AW00019941,,BK-R50B-58,United Kingdom,United Kingdom,2017-07-08,2017-07-18,2017-07-15 00:00:00,1.0,699.0982,0.0,413.1463,413.1463,699.0982,699.0982,ERP_EXPORT_20240115
Internet ,SO43777,SO43777 - 1,AW00016515,,BK-R93R-44,Australia,Australia,2017-07-10,2017-07-20,2017-07-17 00:00:00,1.0,3578.27,0.0,2171.2942,2171.2942,3578.27,3578.27,ERP_EXPORT_20240115
Internet,SO46566,SO46566 - 1,AW00012789,,BK-R93R-44,Southwest,United States,20180525,2018-06-04,"Jun 01, 2018",1.0,3578.27,0.0,2171.2942,2171.2942,3578.27,3578.27,ERP_EXPORT_20240115
Internet,SO47653,SO47653 - 1,AW00020163,,BK-R50R-62,Germany,Germany,2018-08-30,2018-09-09,2018-09-06,1.0,782.99,0.0,486.7066,486.7066,782.99,782.99,ERP_EXPORT_20240115
INTERNET,SO48545,SO48545 - 1,AW00012335,,BK-M68B-42,United Kingdom ,United Kingdom,11/12/2018,2018-11-22,20181119,1.0,2049.0982,0.0%,1105.81,1105.81,2049.0982,2049.0982,ERP_EXPORT_20240115
Internet,SO46500,SO46500 - 1,AW00012208,,BK-R93R-56,Northwest,United States,"May 18, 2018",2018-05-28,"May 25, 2018",1.0,3578.27,0.0,2171.2942,2171.2942,3578.27,3578.27,ERP_EXPORT_20240115
Internet,SO45816,SO45816 - 1,AW00011830,,BK-R93R-52,Southwest,United States,01-03-2018,2018-03-11,"Mar 08, 2018",1.0,3578.27,0.0,2171.2942,2171.2942,3578.27,3578.27,ERP_EXPORT_20240115
Internet,SO46493,SO46493 - 1,AW00015023,,BK-R50R-48,NORTHWEST,United States,"May 17, 2018",2018-05-27,24-05-2018,1.0,699.0982,0.0,413.1463,413.1463,699.0982,699.0982,ERP_EXPORT_20240115
Internet ,SO48244,SO48244 - 1,AW00022860,,BK-R89R-58,Australia,Australia,25-10-2018,2018-11-04,2018-11-01,1.0,2181.5625,0.0%,1320.6838,1320.6838,2181.5625,2181.5625,ERP_EXPORT_20240115
Internet,SO45426,SO45426 - 1,AW00014164,,BK-R93R-48,Germany ,Germany,2018-01-13 00:00:00,2018-01-23,20180120,1.0,3578.27,0.0,2171.2942,2171.2942,3578.27,3578.27,ERP_EXPORT_20240115
Internet,SO47911,SO47911 - 1,AW00013077,,BK-M68B-38,Australia,Australia,2018-09-23 00:00:00,2018-10-03,2018-09-30,1.0,2049.0982,0.0,1105.81,1105.81,2049.0982,2049.0982,ERP_EXPORT_20240115
Internet,SO45380,SO45380 - 1,AW00018010,,BK-R50R-62,France,France,20180106,2018-01-16,20180113,1.0,699.0982,0.0,413.1463,413.1463,699.0982,699.0982,ERP_EXPORT_20240115
Internet,SO46728,SO46728 - 1,AW00012354,,BK-M68B-38,Australia,Australia,"Jun 05, 2018",2018-06-15,2018-06-12 00:00:00,1.0,2049.0982,0.0,1105.81,1105.81,2049.0982,2049.0982,ERP_EXPORT_20240115
Internet,SO47274,SO47274 - 1,AW00016407,,BK-R89R-52,united kingdom,United Kingdom,20180724,2018-08-03,"Jul 31, 2018",1.0,2443.35,0.0%,1518.7864,1518.7864,2443.35,2443.35,ERP_EXPORT_20240115
INTERNET,SO44339,SO44339 - 1,AW00018189,,BK-R93R-44,Australia,Australia,"Sep 05, 2017",2017-09-15,12-09-2017,1.0,3578.27,0.0,2171.2942,2171.2942,3578.27,3578.27,ERP_EXPORT_20240115
Internet,SO47805,SO47805 - 1,AW00022198,,BK-R89B-58,Australia,Australia,2018-09-11 00:00:00,2018-09-21,18-09-2018,1.0,2181.5625,0.0%,1320.6838,1320.6838,2181.5625,2181.5625,ERP_EXPORT_20240115
Internet,SO47785,SO47785 - 1,AW00028708,,BK-M68S-46,France,France,2018-09-08 00:00:00,2018-09-18,"Sep 15, 2018",1.0,2071.4196,0.0,1117.8559,1117.8559,2071.4196,2071.4196,ERP_EXPORT_20240115
Internet,SO45860,SO45860 - 1,AW00023829,,BK-R93R-48,Canada,Canada,2018-03-08 00:00:00,2018-03-18,20180315,1.0,3578.27,0.0,2171.2942,2171.2942,3578.27,3578.27,ERP_EXPORT_20240115
Internet,SO48524,SO48524 - 1,AW00015082,,BK-R89B-52,France ,France,11/11/2018,2018-11-21,18-11-2018,1.0,2181.5625,0.0,1320.6838,1320.6838,2181.5625,2181.5625,ERP_EXPORT_20240115
INTERNET,SO45179,SO45179 - 1,AW00011457,,BK-M82B-48,AUSTRALIA,Australia,"Dec 17, 2017",2017-12-27,2017-12-24,1.0,3374.99,,1898.0944,1898.0944,3374.99,3374.99,ERP_EXPORT_20240115
Internet,SO43825,SO43825 - 1,AW00016349,,BK-R93R-52,Australia,Australia,07/15/2017,2017-07-25,2017-07-22,1.0,3578.27,0.0%,2171.2942,2171.2942,3578.27,3578.27,ERP_EXPORT_20240115
 Internet,SO44145,SO44145 - 1,AW00017309,,BK-R93R-62, Australia,Australia,2017-08-04,2017-08-14,11-08-2017,1.0,3578.27,0.0,2171.2942,2171.2942,3578.27,3578.27,ERP_EXPORT_20240115
Internet,SO48925,SO48925 - 1,AW00015480,,BK-R50R-62,Southwest,United States,2018-12-16 00:00:00,2018-12-26,2018-12-23,1.0,782.99,0.0,486.7066,486.7066,782.99,782.99,ERP_EXPORT_20240115
Internet,SO44137,SO44137 - 1,AW00017328,,BK-R93R-56,Australia,Australia,03-08-2017,2017-08-13,2017-08-10 00:00:00,1.0,3578.27,0.0,2171.2942,2171.2942,3578.27,3578.27,ERP_EXPORT_20240115
Internet,SO48237,SO48237 - 1,AW00014925,,BK-R89B-58,France,France,2018-10-25 00:00:00,2018-11-04,01-11-2018,1.0,2181.5625,0.0,1320.6838,1320.6838,2181.5625,2181.5625,ERP_EXPORT_20240115
Internet ,SO46749,SO46749 - 1,AW00012350,,BK-M68S-42,Australia,Australia,06/08/2018,2018-06-18,2018-06-15,1.0,2071.4196,0.0,1117.8559,1117.8559,2071.4196,2071.4196,ERP_EXPORT_20240115
Internet,SO48814,SO48814 - 1,AW00013647,,BK-M68B-42,Australia,Australia,2018-12-02 00:00:00,2018-12-12,"Dec 09, 2018",1.0,2049.0982,0.0,1105.81,1105.81,2049.0982,2049.0982,ERP_EXPORT_20240115
Internet,SO44259,SO44259 - 1,AW00028171,,BK-R93R-48,Northwest ,United States,2017-08-28,2017-09-07,09/04/2017,1.0,3578.27,,2171.2942,2171.2942,3578.27,3578.27,ERP_EXPORT_20240115
internet,SO45494,SO45494 - 1,AW00019609,,BK-R93R-62, Australia,Australia,25-01-2018,2018-02-04,02/01/2018,1.0,3578.27,0.0%,2171.2942,2171.2942,3578.27,3578.27,ERP_EXPORT_20240115
Internet,SO44682,SO44682 - 1,AW00028797,,BK-R93R-62,Southwest,United States,2017-10-19 00:00:00,2017-10-29,26-10-2017,1.0,3578.27,0.0%,2171.2942,2171.2942,3578.27,3578.27,ERP_EXPORT_20240115
Internet,SO48468,SO48468 - 1,AW00015433,,BK-R50B-62,Southwest ,United States,2018-11-06,2018-11-16,"Nov 13, 2018",1.0,782.99,0.0,486.7066,486.7066,782.99,782.99,ERP_EXPORT_20240115
Internet ,SO43741,SO43741 - 1,AW00027671,,BK-R93R-62,northwest,United States,2017-07-06 00:00:00,2017-07-16,"Jul 13, 2017",1.0,3578.27,0.0%,2171.2942,2171.2942,3578.27,3578.27,ERP_EXPORT_20240115
internet,SO47345,SO47345 - 1,AW00012583,,BK-M68S-46,AUSTRALIA,Australia,2018-07-31 00:00:00,2018-08-10,2018-08-07 00:00:00,1.0,2071.4196,0.0,1117.8559,1117.8559,2071.4196,2071.4196,ERP_EXPORT_20240115
Internet,SO48941,SO48941 - 1,AW00026013,,BK-R89R-48,Canada,Canada,"Dec 18, 2018",2018-12-28,2018-12-25,1.0,2443.35,0.0,1518.7864,1518.7864,2443.35,2443.35,ERP_EXPORT_20240115
Internet,SO46817,SO46817 - 1,AW00026121,,BK-M68S-46,Southwest,United States,2018-06-16 00:00:00,2018-06-26,23-06-2018,1.0,2071.4196,0.0,1117.8559,1117.8559,2071.4196,2071.4196,ERP_EXPORT_20240115
Internet,SO47187,SO47187 - 1,AW00018134,,BK-R64Y-42,Germany,Germany,20180715,2018-07-25,20180722,1.0,1000.4375,0.0,605.6492,605.6492,1000.4375,1000.4375,ERP_EXPORT_20240115
Internet,SO45242,SO45242 - 1,AW00029223,,BK-R93R-44,NORTHWEST,United States,2017-12-28 00:00:00,2018-01-07,2018-01-04,1.0,3578.27,0.0%,2171.2942,2171.2942,3578.27,3578.27,ERP_EXPORT_20240115
INTERNET,SO46849,SO46849 - 1,AW00024960,,BK-R89R-52,Canada,Canada,06/20/2018,2018-06-30,2018-06-27 00:00:00,1.0,2443.35,0.0%,1518.7864,1518.7864,2443.35,2443.35,ERP_EXPORT_20240115
Internet,SO47102,SO47102 - 1,AW00013424,,BK-R89R-52,Northwest,United States,"Jul 05, 2018",2018-07-15,12-07-2018,1.0,2443.35,0.0,1518.7864,1518.7864,2443.35,2443.35,ERP_EXPORT_20240115
 Internet,SO46754,SO46754 - 1,AW00025958,,BK-R50R-58,Australia,Australia,"Jun 09, 2018",2018-06-19,"Jun 16, 2018",1.0,782.99,0.0,486.7066,486.7066,782.99,782.99,ERP_EXPORT_20240115
Internet ,SO46896,SO46896 - 1,,,BK-R50B-58,Northwest,United States,"Jun 26, 2018",2018-07-06,07/03/2018,1.8,782.99,,486.7066,486.7066,-782.99,-782.99,ERP_EXPORT_20240115
Internet,SO46111,SO46111 - 1,AW00011937,,BK-R93R-44,Northwest,United States,2018-03-31,2018-04-10,2018-04-07,1.0,3578.27,0.0,2171.2942,2171.2942,3578.27,3578.27,ERP_EXPORT_20240115
Internet,SO44219,SO44219 - 1,AW00014590,,BK-R50B-44, Southwest,United States,2017-08-20 00:00:00,2017-08-30,2017-08-27 00:00:00,1.0,699.0982,0.0,413.1463,413.1463,699.0982,699.0982,ERP_EXPORT_20240115
 Internet,SO43727,SO43727 - 1,AW00016607,,BK-R93R-44,Australia,Australia,2017-07-04,2017-07-14,2017-07-11,1.0,3578.27,0.0,2171.2942,2171.2942,3578.27,3578.27,ERP_EXPORT_20240115
Internet,SO44363,SO44363 - 1,AW00028285,,BK-R93R-48,Northwest,United States,2017-09-09,2017-09-19,09/16/2017,1.0,3578.27,0.0,2171.2942,2171.2942,3578.27,3578.27,ERP_EXPORT_20240115
Internet,SO43978,SO43978 - 1,AW00028030,,BK-R93R-62,Northwest,United States,23-07-2017,2017-08-02,20170730,1.0,3578.27,0.0,2171.2942,2171.2942,3578.27,3578.27,ERP_EXPORT_20240115
Internet,SO45935,SO45935 - 1,AW00019439,,BK-R50R-44,germany,Germany,"Mar 19, 2018",2018-03-29,2018-03-26 00:00:00,1.0,699.0982,0.0%,413.1463,413.1463,699.0982,699.0982,ERP_EXPORT_20240115
Internet,SO45721,SO45721 - 1,AW00011766,,BK-M82S-42,Australia,Australia,"Feb 19, 2018",2018-03-01,26-02-2018,1.0,3399.99,0.0,1912.1544,1912.1544,3399.99,3399.99,ERP_EXPORT_20240115
Internet,SO45364,SO45364 - 1,AW00014161,,BK-R93R-44,GERMANY,Germany,01/04/2018,2018-01-14,20180111,1.0,3578.27,0.0,2171.2942,2171.2942,3578.27,3578.27,ERP_EXPORT_20240115
Internet,SO47207,SO47207 - 1,AW00027043,,BK-R50B-62,canada,Canada,07/17/2018,2018-07-27,"Jul 24, 2018",1.0,782.99,0.0,486.7066,486.7066,782.99,782.99,ERP_EXPORT_20240115
Internet,SO48862,SO48862 - 1,AW00026805,,BK-M68S-38,southwest,United States,2018-12-09 00:00:00,2018-12-19,16-12-2018,1.0,2071.4196,0.0,1117.8559,1117.8559,2071.4196,2071.4196,ERP_EXPORT_20240115
Internet,SO46133,SO46133 - 1,AW00012105,,BK-R93R-48,Southwest ,United States,04/03/2018,2018-04-13,"Apr 10, 2018",1.0,3578.27,0.0%,2171.2942,2171.2942,3578.27,3578.27,ERP_EXPORT_20240115
 Internet,SO43761,SO43761 - 1,AW00016493,,BK-R93R-62,Australia,Australia,07/08/2017,2017-07-18,20170715,1.0,3578.27,0.0,2171.2942,2171.2942,3578.27,3578.27,ERP_EXPORT_20240115
internet,SO47514,SO47514 - 1,AW00015684,,BK-R89B-52, Germany,Germany,20180810,2018-08-20,2018-08-17 00:00:00,1.0,2181.5625,0.0,1320.6838,1320.6838,2181.5625,2181.5625,ERP_EXPORT_20240115
Internet ,SO44199,SO44199 - 1,AW00017259,,BK-R93R-52,Australia,Australia,"Aug 16, 2017",2017-08-26,20170823,1.0,3578.27,0.0,2171.2942,2171.2942,3578.27,3578.27,ERP_EXPORT_20240115
Internet,SO45745,SO45745 - 1,AW00015089,,BK-R93R-48,United Kingdom,United Kingdom,20180223,2018-03-05,2018-03-02,1.0,3578.27,0.0,2171.2942,2171.2942,3578.27,3578.27,ERP_EXPORT_20240115
INTERNET,SO45619,SO45619 - 1,AW00019787,,BK-R93R-44,australia,Australia,2018-02-03 00:00:00,2018-02-13,10-02-2018,1.0,3578.27,0.0,2171.2942,2171.2942,3578.27,3578.27,ERP_EXPORT_20240115
Internet,SO46161,SO46161 - 1,AW00012819,,BK-R93R-44,France,France,07-04-2018,2018-04-17,20180414,1.0,3578.27,0.0,2171.2942,2171.2942,3578.27,3578.27,ERP_EXPORT_20240115
Internet,SO48863,SO48863 - 1,AW00026718,,BK-M68S-38,Southwest,United States,2018-12-09,2018-12-19,"Dec 16, 2018",1.0,2071.4196,0.0,1117.8559,1117.8559,2071.4196,2071.4196,ERP_EXPORT_20240115
Internet,SO44350,SO44350 - 1,AW00028244,,BK-R93R-48,Southwest,United States,20170908,2017-09-18,"Sep 15, 2017",1.0,3578.27,,2171.2942,2171.2942,3578.27,3578.27,ERP_EXPORT_20240115
Internet,SO44918,SO44918 - 1,AW00029466,,BK-M82B-44,Germany,Germany,20171115,2017-11-25,2017-11-22 00:00:00,1.0,3374.99,0.0,1898.0944,1898.0944,3374.99,3374.99,ERP_EXPORT_20240115
Internet ,SO44603,SO44603 - 1,AW00020167,,BK-R50B-52, United Kingdom,United Kingdom,20171007,2017-10-17,20171014,1.0,699.0982,0.0,413.1463,413.1463,699.0982,699.0982,ERP_EXPORT_20240115
Internet,SO45992,SO45992 - 1,AW00019451,,BK-R50B-60,Germany,Germany,28-03-2018,2018-04-07,04/04/2018,1.0,699.0982,0.0,413.1463,413.1463,699.0982,699.0982,ERP_EXPORT_20240115
Internet,SO46833,SO46833 - 1,AW00012360,,BK-M68S-42,Australia,Australia,18-06-2018,2018-06-28,25-06-2018,1.0,2071.4196,0.0,1117.8559,1117.8559,2071.4196,2071.4196,ERP_EXPORT_20240115
Internet ,SO44275,SO44275 - 1,AW00017256,,BK-R93R-44,Australia ,Australia,"Aug 31, 2017",2017-09-10,09/07/2017,1.0,3578.27,0.0,2171.2942,2171.2942,3578.27,3578.27,ERP_EXPORT_20240115
Internet,SO47521,SO47521 - 1,AW00016445,,BK-R89R-48,United Kingdom,United Kingdom,2018-08-11 00:00:00,2018-08-21,18-08-2018,1.0,2443.35,0.0,1518.7864,1518.7864,2443.35,2443.35,ERP_EXPORT_20240115
Internet,SO43926,SO43926 - 1,AW00011055,,BK-M82B-48,Australia,Australia,"Jul 18, 2017",2017-07-28,20170725,1.0,3374.99,0.0,1898.0944,1898.0944,3374.99,3374.99,ERP_EXPORT_20240115
Internet,SO46457,SO46457 - 1,AW00025947,,BK-R50R-62,AUSTRALIA,Australia,2018-05-10,2018-05-20,05/17/2018,1.0,699.0982,0.0,413.1463,413.1463,699.0982,699.0982,ERP_EXPORT_20240115
INTERNET,SO48865,SO48865 - 1,AW00024924,,BK-R64Y-38,Australia,Australia,2018-12-09 00:00:00,2018-12-19,16-12-2018,1.0,1000.4375,0.0,605.6492,605.6492,1000.4375,1000.4375,ERP_EXPORT_20240115
INTERNET,SO47773,SO47773 - 1,AW00015345,,BK-R50R-62,Southwest,United States,2018-09-06,2018-09-16,"Sep 13, 2018",1.0,782.99,0.0%,486.7066,486.7066,782.99,782.99,ERP_EXPORT_20240115
Internet,SO43968,SO43968 - 1,AW00028067,,BK-R93R-52,Southwest,United States,2017-07-22 00:00:00,2017-08-01,07/29/2017,1.0,3578.27,0.0,2171.2942,2171.2942,3578.27,3578.27,ERP_EXPORT_20240115
Internet,SO47809,SO47809 - 1,AW00026187,,BK-R50B-44,Australia,Australia,09/11/2018,2018-09-21,"Sep 18, 2018",1.0,782.99,0.0,486.7066,486.7066,782.99,782.99,ERP_EXPORT_20240115
Internet,SO47799,SO47799 - 1,AW00012264,,BK-M68B-42,United Kingdom,United Kingdom,"Sep 11, 2018",2018-09-21,20180918,1.0,2049.0982,0.0,1105.81,1105.81,2049.0982,2049.0982,ERP_EXPORT_20240115
Internet,SO44367,SO44367 - 1,AW00025562,,BK-R50R-48,AUSTRALIA,Australia,09/09/2017,2017-09-19,2017-09-16,1.0,699.0982,,413.1463,413.1463,699.0982,699.0982,ERP_EXPORT_20240115
Internet,SO47922,SO47922 - 1,AW00013468,,BK-R89B-58,Northwest,United States,09/25/2018,2018-10-05,"Oct 02, 2018",1.0,2181.5625,0.0%,1320.6838,1320.6838,2181.5625,2181.5625,ERP_EXPORT_20240115
Internet,SO43704,SO43704 - 1,AW00011005,,BK-M82B-48,Australia ,Australia,"Jul 01, 2017",2017-07-11,07/08/2017,1.0,3374.99,0.0,1898.0944,1898.0944,3374.99,3374.99,ERP_EXPORT_20240115
Internet,SO46528,SO46528 - 1,AW00015063,,BK-R93R-44, Germany,Germany,05/21/2018,2018-05-31,2018-05-28,1.0,3578.27,0.0,2171.2942,2171.2942,3578.27,3578.27,ERP_EXPORT_20240115
Internet,SO47501,SO47501 - 1,AW00012214,,BK-M68B-42,United Kingdom,United Kingdom,08/08/2018,2018-08-18,2018-08-15 00:00:00,1.0,2049.0982,0.0,1105.81,1105.81,2049.0982,2049.0982,ERP_EXPORT_20240115
internet,SO44270,SO44270 - 1,AW00013794,,BK-R93R-56,United Kingdom,United Kingdom,08/31/2017,2017-09-10,2017-09-07 00:00:00,1.0,3578.27,0.0,2171.2942,2171.2942,3578.27,3578.27,ERP_EXPORT_20240115
Internet,SO44063,SO44063 - 1,AW00011240,,BK-M82S-38,united kingdom,United Kingdom,2017-08-01,2017-08-11,2017-08-08 00:00:00,1.0,3399.99,0.0,1912.1544,1912.1544,3399.99,3399.99,ERP_EXPORT_20240115
Internet,SO43933,SO43933 - 1,AW00011031,,BK-M82S-48,Australia,Australia,20170719,2017-07-29,2017-07-26,1.0,3399.99,0.0,1912.1544,1912.1544,3399.99,3399.99,ERP_EXPORT_20240115
Internet,SO45846,SO45846 - 1,AW00023592,,BK-R93R-56,Canada,Canada,2018-03-06,2018-03-16,2018-03-13,1.0,3578.27,0.0,2171.2942,2171.2942,3578.27,3578.27,ERP_EXPORT_20240115
Internet,SO46759,SO46759 - 1,AW00016033,,BK-R89B-44,United Kingdom,United Kingdom,06/10/2018,2018-06-20,2018-06-17,1.0,2181.5625,,1320.6838,1320.6838,2181.5625,2181.5625,ERP_EXPORT_20240115
Internet,SO45348,SO45348 - 1,AW00019562,,BK-R93R-44,Australia,Australia,20180101,2018-01-11,08-01-2018,1.0,3578.27,,2171.2942,2171.2942,3578.27,3578.27,ERP_EXPORT_20240115
Internet,SO46268,SO46268 - 1,AW00020615,,BK-R93R-44,australia,Australia,2018-04-21 00:00:00,2018-05-01,28-04-2018,1.0,3578.27,0.0,2171.2942,2171.2942,3578.27,3578.27,ERP_EXPORT_20240115
Internet,SO47852,SO47852 - 1,AW00026342,,BK-M68S-42,Southwest,United States,2018-09-17 00:00:00,2018-09-27,09/24/2018,1.0,2071.4196,0.0,1117.8559,1117.8559,2071.4196,2071.4196,ERP_EXPORT_20240115
Internet,SO46282,SO46282 - 1,AW00026058,,BK-M82S-42,Southwest,United States,20180423,2018-05-03,2018-04-30 00:00:00,1.0,3399.99,0.0,1912.1544,1912.1544,3399.99,3399.99,ERP_EXPORT_20240115
Internet,SO45670,SO45670 - 1,AW00011541,,BK-R93R-62,Northwest,United States,2018-02-12,2018-02-22,02/19/2018,1.0,3578.27,0.0,2171.2942,2171.2942,3578.27,3578.27,ERP_EXPORT_20240115
Internet,SO45370,SO45370 - 1,AW00019270,,BK-R93R-48,Australia,Australia,20180104,2018-01-14,"Jan 11, 2018",1.0,3578.27,0.0,2171.2942,2171.2942,3578.27,3578.27,ERP_EXPORT_20240115
Internet,SO47603,SO47603 - 1,AW00021562,,BK-R89B-58,Australia,Australia,08/22/2018,2018-09-01,"Aug 29, 2018",1.0,2181.5625,0.0,1320.6838,1320.6838,2181.5625,2181.5625,ERP_EXPORT_20240115
INTERNET,SO48718,SO48718 - 1,AW00012382,,BK-M68S-46,United Kingdom,United Kingdom,2018-11-29,2018-12-09,12/06/2018,1.0,2071.4196,0.0,1117.8559,1117.8559,2071.4196,2071.4196,ERP_EXPORT_20240115
INTERNET,SO47303,SO47303 - 1,AW00026029,,BK-R50R-60,Australia,Australia,07/26/2018,2018-08-05,08/02/2018,1.0,782.99,0.0,486.7066,486.7066,782.99,782.99,ERP_EXPORT_20240115
Internet,SO47887,SO47887 - 1,,,BK-M68S-46,Australia,Australia,2018-09-20,2018-09-30,09/27/2018,1.4,2071.4196,,1117.8559,1117.8559,2071.4196,2071.4196,ERP_EXPORT_20240115
Internet,SO45973,SO45973 - 1,AW00011773,,BK-R93R-52,Southwest,United States,2018-03-25,2018-04-04,01-04-2018,1.0,3578.27,0.0%,2171.2942,2171.2942,3578.27,3578.27,ERP_EXPORT_20240115
Internet ,SO46830,SO46830 - 1,AW00019910,,BK-R50B-62,Germany,Germany,2018-06-18,2018-06-28,20180625,1.0,782.99,0.0,486.7066,486.7066,782.99,782.99,ERP_EXPORT_20240115
INTERNET,SO46872,SO46872 - 1,AW00019186,,BK-R64Y-42,United Kingdom,United Kingdom,2018-06-23,2018-07-03,2018-06-30,1.0,1000.4375,0.0,605.6492,605.6492,1000.4375,1000.4375,ERP_EXPORT_20240115
Internet ,SO47612,SO47612 - 1,AW00016465,,BK-R89R-48,United Kingdom,United Kingdom,20180824,2018-09-03,2018-08-31 00:00:00,1.0,2443.35,0.0,1518.7864,1518.7864,2443.35,2443.35,ERP_EXPORT_20240115
Internet ,SO43970,SO43970 - 1,AW00016684,,BK-R93R-44,Australia,Australia,20170722,2017-08-01,20170729,1.0,3578.27,0.0,2171.2942,2171.2942,3578.27,3578.27,ERP_EXPORT_20240115
Internet,SO44321,SO44321 - 1,AW00028222,,BK-R93R-44,Northwest,United States,2017-09-01 00:00:00,2017-09-11,08-09-2017,1.0,3578.27,0.0,2171.2942,2171.2942,3578.27,3578.27,ERP_EXPORT_20240115
Internet,SO46775,SO46775 - 1,AW00026249,,BK-M68S-38,Northwest,United States,2018-06-11 00:00:00,2018-06-21,2018-06-18 00:00:00,1.0,2071.4196,0.0,1117.8559,1117.8559,2071.4196,2071.4196,ERP_EXPORT_20240115
Internet,SO47307,SO47307 - 1,AW00020711,,BK-R50B-60,United Kingdom,United Kingdom,07/27/2018,2018-08-06,2018-08-03,1.0,782.99,0.0,486.7066,486.7066,782.99,782.99,ERP_EXPORT_20240115
Internet,SO43724,SO43724 - 1,AW00016520,,BK-R93R-44,Australia ,Australia,07/04/2017,2017-07-14,20170711,1.0,3578.27,0.0,2171.2942,2171.2942,3578.27,3578.27,ERP_EXPORT_20240115
Internet,SO48182,SO48182 - 1,AW00026600,,BK-M68B-42,Southwest,United States,16-10-2018,2018-10-26,2018-10-23 00:00:00,1.0,2049.0982,0.0,1105.81,1105.81,2049.0982,2049.0982,ERP_EXPORT_20240115
Internet,SO46113,SO46113 - 1,AW00011955,,BK-R93R-62,Southwest,United States,"Mar 31, 2018",2018-04-10,2018-04-07 00:00:00,1.0,3578.27,0.0,2171.2942,2171.2942,3578.27,3578.27,ERP_EXPORT_20240115
Internet,SO47163,SO47163 - 1,AW00012671,,BK-M68B-46,Australia,Australia,2018-07-12,2018-07-22,07/19/2018,1.0,2049.0982,0.0%,1105.81,1105.81,2049.0982,2049.0982,ERP_EXPORT_20240115
Internet,SO46203,SO46203 - 1,AW00011999,,BK-M82S-44,Australia,Australia,2018-04-12,2018-04-22,20180419,1.0,3399.99,0.0,1912.1544,1912.1544,3399.99,3399.99,ERP_EXPORT_20240115
Internet,SO47623,SO47623 - 1,AW00021569,,BK-R89R-48,Australia,Australia,2018-08-25 00:00:00,2018-09-04,2018-09-01 00:00:00,1.0,2443.35,0.0,1518.7864,1518.7864,2443.35,2443.35,ERP_EXPORT_20240115
Internet,SO47918,SO47918 - 1,AW00013006,,BK-M68B-46,Australia,Australia,24-09-2018,2018-10-04,2018-10-01,1.0,2049.0982,0.0,1105.81,1105.81,2049.0982,2049.0982,ERP_EXPORT_20240115
Internet,SO44823,SO44823 - 1,AW00018488,,BK-R93R-52,Australia,Australia,"Nov 02, 2017",2017-11-12,"Nov 09, 2017",1.0,3578.27,0.0,2171.2942,2171.2942,3578.27,3578.27,ERP_EXPORT_20240115
Internet,SO47530,SO47530 - 1,AW00015312,,BK-R50R-48,Southwest,United States,20180812,2018-08-22,20180819,1.0,782.99,0.0,486.7066,486.7066,782.99,782.99,ERP_EXPORT_20240115
internet,SO48910,SO48910 - 1,AW00016587,,BK-R89B-52,Germany,Germany,2018-12-15,2018-12-25,2018-12-22,1.0,2181.5625,,1320.6838,1320.6838,2181.5625,2181.5625,ERP_EXPORT_20240115
Internet,SO46280,SO46280 - 1,AW00012121,,BK-R93R-44,Northwest,United States,2018-04-23 00:00:00,2018-05-03,20180430,1.0,3578.27,0.0,2171.2942,2171.2942,3578.27,3578.27,ERP_EXPORT_20240115
 Internet,SO45682,SO45682 - 1,AW00019950,,BK-R93R-48,australia,Australia,13-02-2018,2018-02-23,2018-02-20 00:00:00,1.0,3578.27,0.0,2171.2942,2171.2942,3578.27,3578.27,ERP_EXPORT_20240115
Internet,SO43999,SO43999 - 1,AW00028047,,BK-R93R-44,Northwest,United States,"Jul 25, 2017",2017-08-04,08/01/2017,1.0,3578.27,0.0,2171.2942,2171.2942,3578.27,3578.27,ERP_EXPORT_20240115
Internet,SO47196,SO47196 - 1,AW00026286,,BK-M68B-46,Southwest,United States,2018-07-15 00:00:00,2018-07-25,07/22/2018,1.0,2049.0982,0.0,1105.81,1105.81,2049.0982,2049.0982,ERP_EXPORT_20240115
Internet,SO45422,SO45422 - 1,AW00028198,,BK-R93R-62,Canada,Canada,2018-01-12 00:00:00,2018-01-22,2018-01-19 00:00:00,1.0,3578.27,0.0,2171.2942,2171.2942,3578.27,3578.27,ERP_EXPORT_20240115
Internet,SO45887,SO45887 - 1,AW00014880,,BK-R50R-52,Southwest ,United States,03/12/2018,2018-03-22,20180319,1.0,699.0982,,413.1463,413.1463,699.0982,699.0982,ERP_EXPORT_20240115
INTERNET,SO48217,SO48217 - 1,AW00015380,,BK-R50R-62, Northwest,United States,20181021,2018-10-31,"Oct 28, 2018",1.0,782.99,0.0,486.7066,486.7066,782.99,782.99,ERP_EXPORT_20240115
Internet,SO45665,SO45665 - 1,AW00026004,,BK-M82S-44,Southwest,United States,11-02-2018,2018-02-21,02/18/2018,1.0,3399.99,0.0%,1912.1544,1912.1544,3399.99,3399.99,ERP_EXPORT_20240115
Internet,SO45762,SO45762 - 1,AW00012621,,BK-R93R-48,France,France,2018-02-25,2018-03-07,04-03-2018,1.0,3578.27,0.0,2171.2942,2171.2942,3578.27,3578.27,ERP_EXPORT_20240115
INTERNET,SO47250,SO47250 - 1,AW00021217,,BK-R89B-58,Australia,Australia,"Jul 21, 2018",2018-07-31,2018-07-28,1.0,2181.5625,0.0,1320.6838,1320.6838,2181.5625,2181.5625,ERP_EXPORT_20240115
Internet,SO48214,SO48214 - 1,AW00016409,,BK-R89R-44,Germany,Germany,"Oct 21, 2018",2018-10-31,2018-10-28 00:00:00,1.0,2443.35,0.0,1518.7864,1518.7864,2443.35,2443.35,ERP_EXPORT_20240115
internet,SO43775,SO43775 - 1,AW00011027,,BK-M82S-48,Australia,Australia,"Jul 10, 2017",2017-07-20,07/17/2017,1.0,3399.99,0.0%,1912.1544,1912.1544,3399.99,3399.99,ERP_EXPORT_20240115
Internet,SO44029,SO44029 - 1,AW00011050,,BK-M82B-44,Australia,Australia,2017-07-28,2017-08-07,20170804,1.0,3374.99,0.0%,1898.0944,1898.0944,3374.99,3374.99,ERP_EXPORT_20240115
INTERNET,SO44067,SO44067 - 1,AW00017049,,BK-R93R-62,Australia,Australia,20170801,2017-08-11,2017-08-08 00:00:00,1.0,3578.27,0.0,2171.2942,2171.2942,3578.27,3578.27,ERP_EXPORT_20240115
Internet,SO48445,SO48445 - 1,AW00015411,,BK-R50B-52,Southwest,United States,2018-11-04 00:00:00,2018-11-14,2018-11-11,1.0,782.99,0.0,486.7066,486.7066,782.99,782.99,ERP_EXPORT_20240115
internet,SO46291,SO46291 - 1,AW00020258,,BK-R93R-52,Australia,Australia,20180424,2018-05-04,01-05-2018,1.0,3578.27,0.0,2171.2942,2171.2942,3578.27,3578.27,ERP_EXPORT_20240115
Internet,SO46887,SO46887 - 1,AW00012340,,BK-M68B-46,australia,Australia,"Jun 25, 2018",2018-07-05,"Jul 02, 2018",1.0,2049.0982,0.0,1105.81,1105.81,2049.0982,2049.0982,ERP_EXPORT_20240115
Internet,SO45252,SO45252 - 1,AW00022877,,BK-R93R-48,Canada,Canada,12/30/2017,2018-01-09,06-01-2018,1.0,3578.27,0.0%,2171.2942,2171.2942,3578.27,3578.27,ERP_EXPORT_20240115
Internet ,SO47959,SO47959 - 1,AW00026189,,BK-R50R-44,Australia ,Australia,2018-09-30 00:00:00,2018-10-10,20181007,1.0,782.99,0.0,486.7066,486.7066,782.99,782.99,ERP_EXPORT_20240115
Internet,SO47499,SO47499 - 1,,,BK-R89B-52,Australia,Australia,20180808,2018-08-18,2018-08-15,1.5,2181.5625,,1320.6838,1320.6838,-2181.5625,-2181.5625,ERP_EXPORT_20240115
INTERNET,SO48518,SO48518 - 1,AW00019337,,BK-R64Y-38,United Kingdom,United Kingdom,11-11-2018,2018-11-21,"Nov 18, 2018",1.0,1000.4375,0.0,605.6492,605.6492,1000.4375,1000.4375,ERP_EXPORT_20240115
Internet,SO44834,SO44834 - 1,AW00025952,,BK-M82B-44,Southwest,United States,2017-11-04,2017-11-14,2017-11-11 00:00:00,1.0,3374.99,0.0,1898.0944,1898.0944,3374.99,3374.99,ERP_EXPORT_20240115
Internet,SO47503,SO47503 - 1,AW00019299,,BK-R64Y-40, United Kingdom,United Kingdom,2018-08-09 00:00:00,2018-08-19,08/16/2018,1.0,1000.4375,0.0%,605.6492,605.6492,1000.4375,1000.4375,ERP_EXPORT_20240115
Internet ,SO46141,SO46141 - 1,AW00019501,,BK-R50R-58,Germany,Germany,2018-04-04 00:00:00,2018-04-14,11-04-2018,1.0,699.0982,0.0,413.1463,413.1463,699.0982,699.0982,ERP_EXPORT_20240115
 Internet,SO45635,SO45635 - 1,AW00023351,,BK-R93R-52,Canada,Canada,2018-02-06 00:00:00,2018-02-16,"Feb 13, 2018",1.0,3578.27,0.0,2171.2942,2171.2942,3578.27,3578.27,ERP_EXPORT_20240115
Internet,SO44833,SO44833 - 1,,,BK-R93R-62,Southwest,United States,20171104,2017-11-14,2017-11-11 00:00:00,1.6,3578.27,,2171.2942,2171.2942,-3578.27,-3578.27,ERP_EXPORT_20240115
Internet,SO48406,SO48406 - 1,,,BK-R50R-44,Southwest,United States,2018-10-31 00:00:00,2018-11-10,"Nov 07, 2018",1.1,782.99,,486.7066,486.7066,-782.99,-782.99,ERP_EXPORT_20240115
Internet,SO48704,SO48704 - 1,AW00016429,,BK-R89R-48,Germany,Germany,2018-11-28,2018-12-08,"Dec 05, 2018",1.0,2443.35,0.0,1518.7864,1518.7864,2443.35,2443.35,ERP_EXPORT_20240115
internet,SO48485,SO48485 - 1,AW00026587,,BK-R50B-60,Australia,Australia,2018-11-07,2018-11-17,11/14/2018,1.0,782.99,0.0,486.7066,486.7066,782.99,782.99,ERP_EXPORT_20240115
Internet,SO47742,SO47742 - 1,AW00022180,,BK-R89B-48,Australia,Australia,01-09-2018,2018-09-11,09/08/2018,1.0,2181.5625,0.0%,1320.6838,1320.6838,2181.5625,2181.5625,ERP_EXPORT_20240115
Internet,SO45098,SO45098 - 1,AW00029167,,BK-R93R-62,northwest,United States,2017-12-04 00:00:00,2017-12-14,20171211,1.0,3578.27,0.0,2171.2942,2171.2942,3578.27,3578.27,ERP_EXPORT_20240115
Internet,SO45156,SO45156 - 1,AW00011465,,BK-M82S-38,AUSTRALIA,Australia,2017-12-14 00:00:00,2017-12-24,2017-12-21 00:00:00,1.0,3399.99,,1912.1544,1912.1544,3399.99,3399.99,ERP_EXPORT_20240115
 Internet,SO47839,SO47839 - 1,AW00020838,,BK-R50R-58,United Kingdom,United Kingdom,2018-09-15 00:00:00,2018-09-25,"Sep 22, 2018",1.0,782.99,0.0,486.7066,486.7066,782.99,782.99,ERP_EXPORT_20240115
Internet,SO44243,SO44243 - 1,AW00017278,,BK-R93R-48, Australia,Australia,24-08-2017,2017-09-03,31-08-2017,1.0,3578.27,0.0,2171.2942,2171.2942,3578.27,3578.27,ERP_EXPORT_20240115
Internet,SO44907,SO44907 - 1,,,BK-R50R-62,Germany ,Germany,"Nov 14, 2017",2017-11-24,21-11-2017,1.1,699.0982,,413.1463,413.1463,-699.0982,-699.0982,ERP_EXPORT_20240115
 Internet,SO47739,SO47739 - 1,AW00020839,,BK-R50R-48,United Kingdom,United Kingdom,20180901,2018-09-11,08-09-2018,1.0,782.99,,486.7066,486.7066,782.99,782.99,ERP_EXPORT_20240115
Internet,SO47926,SO47926 - 1,,,BK-M68B-42,Australia,Australia,2018-09-25,2018-10-05,"Oct 02, 2018",1.7,2049.0982,,1105.81,1105.81,-2049.0982,-2049.0982,ERP_EXPORT_20240115
Internet,SO44612,SO44612 - 1,AW00028675,,BK-R93R-44,Southwest,United States,08-10-2017,2017-10-18,"Oct 15, 2017",1.0,3578.27,0.0,2171.2942,2171.2942,3578.27,3578.27,ERP_EXPORT_20240115
Internet,SO47174,SO47174 - 1,,,BK-M68S-42,Australia,Australia,13-07-2018,2018-07-23,20-07-2018,1.8,2071.4196,,1117.8559,1117.8559,2071.4196,2071.4196,ERP_EXPORT_20240115
Internet ,SO48618,SO48618 - 1,AW00027259,,BK-R50B-58,Canada,Canada,20181119,2018-11-29,"Nov 26, 2018",1.0,782.99,0.0,486.7066,486.7066,782.99,782.99,ERP_EXPORT_20240115
Internet ,SO43923,SO43923 - 1,AW00028018,,BK-R93R-48,Southwest,United States,20170718,2017-07-28,2017-07-25 00:00:00,1.0,3578.27,0.0,2171.2942,2171.2942,3578.27,3578.27,ERP_EXPORT_20240115
 Internet,SO44881,SO44881 - 1,AW00018496,,BK-R93R-52,Australia,Australia,2017-11-10,2017-11-20,17-11-2017,1.0,3578.27,0.0,2171.2942,2171.2942,3578.27,3578.27,ERP_EXPORT_20240115
Internet,SO45717,SO45717 - 1,AW00011325,,BK-R93R-62,Northwest,United States,2018-02-19 00:00:00,2018-03-01,26-02-2018,1.0,3578.27,0.0,2171.2942,2171.2942,3578.27,3578.27,ERP_EXPORT_20240115
Internet,SO45093,SO45093 - 1,AW00018906,,BK-R93R-48,Australia,Australia,12/03/2017,2017-12-13,"Dec 10, 2017",1.0,3578.27,0.0,2171.2942,2171.2942,3578.27,3578.27,ERP_EXPORT_20240115
Internet,SO43795,SO43795 - 1,AW00027615,,BK-R93R-48,southwest,United States,13-07-2017,2017-07-23,2017-07-20 00:00:00,1.0,3578.27,0.0,2171.2942,2171.2942,3578.27,3578.27,ERP_EXPORT_20240115
Internet,SO44619,SO44619 - 1,AW00013789,,BK-R93R-48,Germany,Germany,20171009,2017-10-19,16-10-2017,1.0,3578.27,,2171.2942,2171.2942,3578.27,3578.27,ERP_EXPORT_20240115
Internet,SO44006,SO44006 - 1,AW00016744,,BK-R93R-62,Australia,Australia,20170726,2017-08-05,"Aug 02, 2017",1.0,3578.27,0.0%,2171.2942,2171.2942,3578.27,3578.27,ERP_EXPORT_20240115
 Internet,SO47074,SO47074 - 1,AW00026293,,BK-M68B-46,Northwest,United States,2018-07-01,2018-07-11,2018-07-08,1.0,2049.0982,0.0,1105.81,1105.81,2049.0982,2049.0982,ERP_EXPORT_20240115
Internet,SO46576,SO46576 - 1,AW00024757,,BK-R93R-62,Canada,Canada,2018-05-27 00:00:00,2018-06-06,2018-06-03,1.0,3578.27,0.0%,2171.2942,2171.2942,3578.27,3578.27,ERP_EXPORT_20240115
Internet ,SO48526,SO48526 - 1,AW00013724,,BK-R89B-48,Southwest,United States,2018-11-11,2018-11-21,18-11-2018,1.0,2181.5625,0.0,1320.6838,1320.6838,2181.5625,2181.5625,ERP_EXPORT_20240115
Internet,SO45823,SO45823 - 1,AW00020253,,BK-R93R-44,Australia,Australia,"Mar 02, 2018",2018-03-12,2018-03-09,1.0,3578.27,,2171.2942,2171.2942,3578.27,3578.27,ERP_EXPORT_20240115
Internet,SO44656,SO44656 - 1,AW00018275,,BK-R93R-44,Australia,Australia,10/14/2017,2017-10-24,21-10-2017,1.0,3578.27,0.0,2171.2942,2171.2942,3578.27,3578.27,ERP_EXPORT_20240115
Internet,SO46681,SO46681 - 1,,,BK-M68B-46,Australia,Australia,20180531,2018-06-10,20180607,1.2,2049.0982,,1105.81,1105.81,-2049.0982,-2049.0982,ERP_EXPORT_20240115
Internet,SO48843,SO48843 - 1,AW00015489,,BK-R50R-62,Northwest,United States,2018-12-07 00:00:00,2018-12-17,14-12-2018,1.0,782.99,0.0,486.7066,486.7066,782.99,782.99,ERP_EXPORT_20240115
Internet,SO45175,SO45175 - 1,,,BK-R93R-52,SOUTHWEST,United States,12/17/2017,2017-12-27,20171224,1.2,3578.27,,2171.2942,2171.2942,3578.27,3578.27,ERP_EXPORT_20240115
internet,SO46686,SO46686 - 1,AW00020577,,BK-R50R-62,United Kingdom,United Kingdom,"Jun 01, 2018",2018-06-11,"Jun 08, 2018",1.0,782.99,0.0,486.7066,486.7066,782.99,782.99,ERP_EXPORT_20240115
Internet,SO45965,SO45965 - 1,AW00025921,,BK-R50R-58,Australia,Australia,2018-03-23,2018-04-02,20180330,1.0,699.0982,0.0,413.1463,413.1463,699.0982,699.0982,ERP_EXPORT_20240115
Internet,SO44644,SO44644 - 1,AW00012279,,BK-R93R-44,France,France,20171013,2017-10-23,"Oct 20, 2017",1.0,3578.27,,2171.2942,2171.2942,3578.27,3578.27,ERP_EXPORT_20240115
Internet,SO44162,SO44162 - 1,AW00028185,,BK-R93R-44,SOUTHWEST,United States,"Aug 08, 2017",2017-08-18,15-08-2017,1.0,3578.27,0.0,2171.2942,2171.2942,3578.27,3578.27,ERP_EXPORT_20240115
Internet ,SO46799,SO46799 - 1,AW00013662,,BK-R89R-58,France,France,14-06-2018,2018-06-24,"Jun 21, 2018",1.0,2181.5625,0.0,1320.6838,1320.6838,2181.5625,2181.5625,ERP_EXPORT_20240115
Internet,SO47111,SO47111 - 1,AW00025100,,BK-R89R-48,Canada,Canada,07/06/2018,2018-07-16,20180713,1.0,2443.35,0.0,1518.7864,1518.7864,2443.35,2443.35,ERP_EXPORT_20240115
Internet,SO45677,SO45677 - 1,AW00011895,,BK-M82B-38,Australia,Australia,2018-02-12 00:00:00,2018-02-22,20180219,1.0,3374.99,0.0,1898.0944,1898.0944,3374.99,3374.99,ERP_EXPORT_20240115
Internet,SO46467,SO46467 - 1,AW00012180,,BK-R93R-56,Northwest,United States,12-05-2018,2018-05-22,19-05-2018,1.0,3578.27,0.0,2171.2942,2171.2942,3578.27,3578.27,ERP_EXPORT_20240115
Internet,SO48230,SO48230 - 1,AW00026530,,BK-M68B-42,Northwest,United States,10/24/2018,2018-11-03,2018-10-31,1.0,2049.0982,0.0,1105.81,1105.81,2049.0982,2049.0982,ERP_EXPORT_20240115
internet,SO45628,SO45628 - 1,AW00019795,,BK-R93R-56,Australia,Australia,02/04/2018,2018-02-14,11-02-2018,1.0,3578.27,0.0,2171.2942,2171.2942,3578.27,3578.27,ERP_EXPORT_20240115
Internet,SO46773,SO46773 - 1,AW00013173,,BK-R89R-58,Northwest,United States,06/11/2018,2018-06-21,2018-06-18,1.0,2181.5625,0.0,1320.6838,1320.6838,2181.5625,2181.5625,ERP_EXPORT_20240115
Internet,SO46254,SO46254 - 1,AW00012096,,BK-R93R-62, Southwest,United States,04/19/2018,2018-04-29,2018-04-26 00:00:00,1.0,3578.27,,2171.2942,2171.2942,3578.27,3578.27,ERP_EXPORT_20240115
 Internet,SO46399,SO46399 - 1,AW00020820,,BK-R93R-56,Australia,Australia,"May 02, 2018",2018-05-12,20180509,1.0,3578.27,0.0,2171.2942,2171.2942,3578.27,3578.27,ERP_EXPORT_20240115
INTERNET,SO46698,SO46698 - 1,AW00021206,,BK-R89B-52,Australia,Australia,20180602,2018-06-12,09-06-2018,1.0,2181.5625,0.0,1320.6838,1320.6838,2181.5625,2181.5625,ERP_EXPORT_20240115
INTERNET,SO47654,SO47654 - 1,AW00024615,,BK-R64Y-44,Australia,Australia,"Aug 30, 2018",2018-09-09,09/06/2018,1.0,1000.4375,0.0,605.6492,605.6492,1000.4375,1000.4375,ERP_EXPORT_20240115
 Internet,SO47124,SO47124 - 1,AW00013384,,BK-R89R-58,Northwest,United States,"Jul 07, 2018",2018-07-17,2018-07-14,1.0,2181.5625,0.0,1320.6838,1320.6838,2181.5625,2181.5625,ERP_EXPORT_20240115
Internet,SO46692,SO46692 - 1,AW00013208,,BK-R89R-48,Southwest ,United States,2018-06-02 00:00:00,2018-06-12,20180609,1.0,2443.35,0.0,1518.7864,1518.7864,2443.35,2443.35,ERP_EXPORT_20240115
INTERNET,SO48811,SO48811 - 1,AW00015517,,BK-R50B-60,Southwest,United States,12/02/2018,2018-12-12,20181209,1.0,782.99,0.0,486.7066,486.7066,782.99,782.99,ERP_EXPORT_20240115
Internet,SO48931,SO48931 - 1,AW00019382,,BK-R64Y-44,UNITED KINGDOM,United Kingdom,2018-12-17,2018-12-27,20181224,1.0,1000.4375,0.0,605.6492,605.6492,1000.4375,1000.4375,ERP_EXPORT_20240115
Internet ,SO45138,SO45138 - 1,,,BK-M82B-42,Australia,Australia,20171211,2017-12-21,2017-12-18 00:00:00,1.8,3374.99,,1898.0944,1898.0944,3374.99,3374.99,ERP_EXPORT_20240115
INTERNET,SO46309,SO46309 - 1,AW00011994,,BK-M82B-44,australia,Australia,"Apr 27, 2018",2018-05-07,2018-05-04 00:00:00,1.0,3374.99,0.0,1898.0944,1898.0944,3374.99,3374.99,ERP_EXPORT_20240115
Internet,SO44426,SO44426 - 1,AW00013770,,BK-R93R-56,Germany,Germany,20-09-2017,2017-09-30,27-09-2017,1.0,3578.27,0.0,2171.2942,2171.2942,3578.27,3578.27,ERP_EXPORT_20240115
Internet,SO47955,SO47955 - 1,AW00016554,,BK-R89B-52,United Kingdom,United Kingdom,09/30/2018,2018-10-10,20181007,1.0,2181.5625,0.0,1320.6838,1320.6838,2181.5625,2181.5625,ERP_EXPORT_20240115
Internet,SO47108,SO47108 - 1,AW00013839,,BK-R89R-48,France ,France,2018-07-06,2018-07-16,07/13/2018,1.0,2443.35,0.0,1518.7864,1518.7864,2443.35,2443.35,ERP_EXPORT_20240115
Internet,SO44715,SO44715 - 1,AW00022182,,BK-R93R-56,Canada,Canada,2017-10-26,2017-11-05,"Nov 02, 2017",1.0,3578.27,,2171.2942,2171.2942,3578.27,3578.27,ERP_EXPORT_20240115
Internet,SO48494,SO48494 - 1,AW00014272,,BK-R64Y-42,Northwest,United States,20181109,2018-11-19,2018-11-16 00:00:00,1.0,1000.4375,0.0,605.6492,605.6492,1000.4375,1000.4375,ERP_EXPORT_20240115
Internet,SO46194,SO46194 - 1,AW00011939,,BK-R93R-52,Southwest,United States,2018-04-12,2018-04-22,19-04-2018,1.0,3578.27,0.0,2171.2942,2171.2942,3578.27,3578.27,ERP_EXPORT_20240115
Internet,SO47536,SO47536 - 1,AW00014088,,BK-R64Y-44,Northwest,United States,08/13/2018,2018-08-23,"Aug 20, 2018",1.0,1000.4375,0.0,605.6492,605.6492,1000.4375,1000.4375,ERP_EXPORT_20240115
Internet,SO44693,SO44693 - 1,AW00028676,,BK-R93R-44,SOUTHWEST,United States,10/21/2017,2017-10-31,"Oct 28, 2017",1.0,3578.27,,2171.2942,2171.2942,3578.27,3578.27,ERP_EXPORT_20240115
 Internet,SO47837,SO47837 - 1,AW00012277,,BK-M68S-46,United Kingdom,United Kingdom,09/15/2018,2018-09-25,09/22/2018,1.0,2071.4196,0.0,1117.8559,1117.8559,2071.4196,2071.4196,ERP_EXPORT_20240115
Internet,SO46393,SO46393 - 1,AW00015695,,BK-R93R-56,United Kingdom,United Kingdom,"May 01, 2018",2018-05-11,"May 08, 2018",1.0,3578.27,0.0%,2171.2942,2171.2942,3578.27,3578.27,ERP_EXPORT_20240115
Internet,SO45778,SO45778 - 1,AW00026002,,BK-M82B-48,Northwest,United States,28-02-2018,2018-03-10,2018-03-07 00:00:00,1.0,3374.99,0.0,1898.0944,1898.0944,3374.99,3374.99,ERP_EXPORT_20240115
Internet,SO48864,SO48864 - 1,AW00013964,,BK-M68S-46,Australia ,Australia,"Dec 09, 2018",2018-12-19,20181216,1.0,2071.4196,0.0,1117.8559,1117.8559,2071.4196,2071.4196,ERP_EXPORT_20240115
Internet,SO46794,SO46794 - 1,AW00024977,,BK-R89B-44,CANADA,Canada,13-06-2018,2018-06-23,20180620,1.0,2181.5625,0.0,1320.6838,1320.6838,2181.5625,2181.5625,ERP_EXPORT_20240115
Internet,SO48887,SO48887 - 1,AW00026811,,BK-M68S-46,Southwest,United States,12-12-2018,2018-12-22,19-12-2018,1.0,2071.4196,0.0,1117.8559,1117.8559,2071.4196,2071.4196,ERP_EXPORT_20240115
Internet,SO48559,SO48559 - 1,AW00013122,,BK-M68S-42,Australia,Australia,2018-11-13 00:00:00,2018-11-23,"Nov 20, 2018",1.0,2071.4196,0.0,1117.8559,1117.8559,2071.4196,2071.4196,ERP_EXPORT_20240115
Internet,SO48815,SO48815 - 1,AW00017700,,BK-R89B-52,United Kingdom,United Kingdom,20181203,2018-12-13,20181210,1.0,2181.5625,0.0,1320.6838,1320.6838,2181.5625,2181.5625,ERP_EXPORT_20240115
Internet,SO44888,SO44888 - 1,AW00028838,,BK-R93R-62,Northwest,United States,2017-11-11,2017-11-21,2017-11-18 00:00:00,1.0,3578.27,,2171.2942,2171.2942,3578.27,3578.27,ERP_EXPORT_20240115
Internet,SO48696,SO48696 - 1,AW00023100,,BK-R89R-44,Australia,Australia,20181127,2018-12-07,2018-12-04 00:00:00,1.0,2443.35,0.0,1518.7864,1518.7864,2443.35,2443.35,ERP_EXPORT_20240115
Internet,SO45107,SO45107 - 1,AW00029275,,BK-R93R-48,Southwest,United States,06-12-2017,2017-12-16,"Dec 13, 2017",1.0,3578.27,,2171.2942,2171.2942,3578.27,3578.27,ERP_EXPORT_20240115
Internet,SO45664,SO45664 - 1,AW00014713,,BK-R93R-48,Germany,Germany,11-02-2018,2018-02-21,02/18/2018,1.0,3578.27,0.0,2171.2942,2171.2942,3578.27,3578.27,ERP_EXPORT_20240115
Internet,SO46727,SO46727 - 1,AW00021002,,BK-R89R-52,Australia,Australia,05-06-2018,2018-06-15,2018-06-12,1.0,2443.35,0.0%,1518.7864,1518.7864,2443.35,2443.35,ERP_EXPORT_20240115
Internet,SO45856,SO45856 - 1,AW00020247,,BK-R93R-44,Australia,Australia,03/07/2018,2018-03-17,03/14/2018,1.0,3578.27,0.0,2171.2942,2171.2942,3578.27,3578.27,ERP_EXPORT_20240115
Internet ,SO45676,SO45676 - 1,AW00011765,,BK-M82B-42,Australia,Australia,"Feb 12, 2018",2018-02-22,20180219,1.0,3374.99,,1898.0944,1898.0944,3374.99,3374.99,ERP_EXPORT_20240115
Internet,SO44179,SO44179 - 1,AW00025888,,BK-M82B-44,Northwest ,United States,20170811,2017-08-21,2017-08-18 00:00:00,1.0,3374.99,0.0,1898.0944,1898.0944,3374.99,3374.99,ERP_EXPORT_20240115
Internet,SO46240,SO46240 - 1,AW00023868,,BK-R93R-56,CANADA,Canada,2018-04-17,2018-04-27,20180424,1.0,3578.27,0.0%,2171.2942,2171.2942,3578.27,3578.27,ERP_EXPORT_20240115
INTERNET,SO47157,SO47157 - 1,AW00025864,,BK-R89R-48,Canada,Canada,"Jul 12, 2018",2018-07-22,2018-07-19,1.0,2443.35,0.0,1518.7864,1518.7864,2443.35,2443.35,ERP_EXPORT_20240115
INTERNET,SO48610,SO48610 - 1,AW00013134,,BK-M68B-38,Australia,Australia,11/18/2018,2018-11-28,20181125,1.0,2049.0982,0.0,1105.81,1105.81,2049.0982,2049.0982,ERP_EXPORT_20240115
Internet,SO44723,SO44723 - 1,AW00029410,,BK-M82S-42,Germany,Germany,2017-10-28,2017-11-07,11/04/2017,1.0,3399.99,0.0,1912.1544,1912.1544,3399.99,3399.99,ERP_EXPORT_20240115
Internet,SO48122,SO48122 - 1,AW00022207,,BK-R89R-48,australia,Australia,06-10-2018,2018-10-16,"Oct 13, 2018",1.0,2443.35,0.0,1518.7864,1518.7864,2443.35,2443.35,ERP_EXPORT_20240115
Internet,SO46683,SO46683 - 1,AW00012571,,BK-M68S-42,Australia,Australia,31-05-2018,2018-06-10,"Jun 07, 2018",1.0,2071.4196,0.0,1117.8559,1117.8559,2071.4196,2071.4196,ERP_EXPORT_20240115
Internet,SO48692,SO48692 - 1,AW00018171,,BK-R64Y-38,Germany,Germany,20181127,2018-12-07,04-12-2018,1.0,1000.4375,0.0,605.6492,605.6492,1000.4375,1000.4375,ERP_EXPORT_20240115
Internet,SO45698,SO45698 - 1,AW00014747,,BK-R50R-44,Southwest,United States,15-02-2018,2018-02-25,20180222,1.0,699.0982,0.0,413.1463,413.1463,699.0982,699.0982,ERP_EXPORT_20240115
Internet,SO47509,SO47509 - 1,,,BK-R89R-44,Australia,Australia,"Aug 09, 2018",2018-08-19,2018-08-16 00:00:00,1.4,2443.35,,1518.7864,1518.7864,-2443.35,-2443.35,ERP_EXPORT_20240115
Internet,SO45901,SO45901 - 1,AW00011665,,BK-R93R-48,Southwest,United States,20180315,2018-03-25,"Mar 22, 2018",1.0,3578.27,0.0,2171.2942,2171.2942,3578.27,3578.27,ERP_EXPORT_20240115
Internet,SO43947,SO43947 - 1,AW00016712,,BK-R93R-62,Australia,Australia,07/20/2017,2017-07-30,2017-07-27,1.0,3578.27,0.0,2171.2942,2171.2942,3578.27,3578.27,ERP_EXPORT_20240115
INTERNET,SO47902,SO47902 - 1,AW00013076,,BK-M68B-42,Australia,Australia,2018-09-22,2018-10-02,09/29/2018,1.0,2049.0982,0.0,1105.81,1105.81,2049.0982,2049.0982,ERP_EXPORT_20240115
Internet,SO48427,SO48427 - 1,AW00014289,,BK-R64Y-48,southwest,United States,02-11-2018,2018-11-12,20181109,1.0,1000.4375,0.0,605.6492,605.6492,1000.4375,1000.4375,ERP_EXPORT_20240115
Internet,SO45129,SO45129 - 1,AW00011759,,BK-M82B-44,Australia ,Australia,12/10/2017,2017-12-20,17-12-2017,1.0,3374.99,0.0,1898.0944,1898.0944,3374.99,3374.99,ERP_EXPORT_20240115
Internet,SO46868,SO46868 - 1,AW00013189,,BK-R89R-48,Southwest,United States,20180622,2018-07-02,2018-06-29,1.0,2443.35,0.0,1518.7864,1518.7864,2443.35,2443.35,ERP_EXPORT_20240115
Internet,SO47644,SO47644 - 1,AW00015693,,BK-R89B-48,Germany,Germany,29-08-2018,2018-09-08,"Sep 05, 2018",1.0,2181.5625,0.0,1320.6838,1320.6838,2181.5625,2181.5625,ERP_EXPORT_20240115
Internet,SO45970,SO45970 - 1,AW00011963,,BK-M82B-38,Australia,Australia,2018-03-24,2018-04-03,31-03-2018,1.0,3374.99,0.0,1898.0944,1898.0944,3374.99,3374.99,ERP_EXPORT_20240115
Internet,SO45706,SO45706 - 1,AW00011267,,BK-R93R-52,Southwest,United States,2018-02-17 00:00:00,2018-02-27,24-02-2018,1.0,3578.27,0.0,2171.2942,2171.2942,3578.27,3578.27,ERP_EXPORT_20240115
Internet,SO46520,SO46520 - 1,,,BK-R93R-48,CANADA,Canada,19-05-2018,2018-05-29,20180526,1.8,3578.27,,2171.2942,2171.2942,-3578.27,-3578.27,ERP_EXPORT_20240115
internet,SO44950,SO44950 - 1,AW00028835,,BK-R93R-52,Southwest,United States,2017-11-19,2017-11-29,20171126,1.0,3578.27,,2171.2942,2171.2942,3578.27,3578.27,ERP_EXPORT_20240115
Internet,SO43951,SO43951 - 1,AW00016696,,BK-R93R-44,Australia,Australia,2017-07-20 00:00:00,2017-07-30,27-07-2017,1.0,3578.27,0.0,2171.2942,2171.2942,3578.27,3578.27,ERP_EXPORT_20240115
Internet,SO46174,SO46174 - 1,AW00020608,,BK-R93R-44,Australia,Australia,20180408,2018-04-18,"Apr 15, 2018",1.0,3578.27,0.0,2171.2942,2171.2942,3578.27,3578.27,ERP_EXPORT_20240115
Internet,SO47772,SO47772 - 1,AW00022195,,BK-R89R-48,Australia,Australia,2018-09-06 00:00:00,2018-09-16,2018-09-13,1.0,2443.35,,1518.7864,1518.7864,2443.35,2443.35,ERP_EXPORT_20240115
internet,SO44164,SO44164 - 1,AW00028088,,BK-R93R-62,SOUTHWEST,United States,"Aug 08, 2017",2017-08-18,08/15/2017,1.0,3578.27,0.0,2171.2942,2171.2942,3578.27,3578.27,ERP_EXPORT_20240115
Internet ,SO44737,SO44737 - 1,,,BK-R93R-56,Australia,Australia,2017-10-30 00:00:00,2017-11-09,20171106,1.8,3578.27,,2171.2942,2171.2942,3578.27,3578.27,ERP_EXPORT_20240115
Internet,SO44260,SO44260 - 1,AW00028194,,BK-R93R-48, Northwest,United States,"Aug 28, 2017",2017-09-07,20170904,1.0,3578.27,0.0,2171.2942,2171.2942,3578.27,3578.27,ERP_EXPORT_20240115
Internet,SO46599,SO46599 - 1,AW00012206,,BK-R93R-62,Southwest,United States,30-05-2018,2018-06-09,2018-06-06,1.0,3578.27,0.0,2171.2942,2171.2942,3578.27,3578.27,ERP_EXPORT_20240115
Internet,SO48945,SO48945 - 1,AW00017644,,BK-R89R-52,United Kingdom,United Kingdom,"Dec 19, 2018",2018-12-29,2018-12-26 00:00:00,1.0,2443.35,0.0%,1518.7864,1518.7864,2443.35,2443.35,ERP_EXPORT_20240115
Internet,SO47217,SO47217 - 1,AW00021222,,BK-R89B-48,Australia,Australia,2018-07-18,2018-07-28,2018-07-25 00:00:00,1.0,2181.5625,0.0,1320.6838,1320.6838,2181.5625,2181.5625,ERP_EXPORT_20240115
Internet ,SO45480,SO45480 - 1,AW00019564,,BK-R93R-52,Australia,Australia,01/23/2018,2018-02-02,20180130,1.0,3578.27,0.0%,2171.2942,2171.2942,3578.27,3578.27,ERP_EXPORT_20240115
Internet,SO44349,SO44349 - 1,AW00028243,,BK-R93R-44,Southwest,United States,20170908,2017-09-18,2017-09-15,1.0,3578.27,0.0,2171.2942,2171.2942,3578.27,3578.27,ERP_EXPORT_20240115
Internet,SO47829,SO47829 - 1,AW00012706,,BK-M68S-38,Australia,Australia,2018-09-13,2018-09-23,20180920,1.0,2071.4196,,1117.8559,1117.8559,2071.4196,2071.4196,ERP_EXPORT_20240115
Internet,SO46829,SO46829 - 1,AW00024786,,BK-R89R-48,Canada,Canada,20180618,2018-06-28,25-06-2018,1.0,2443.35,0.0%,1518.7864,1518.7864,2443.35,2443.35,ERP_EXPORT_20240115
Internet,SO45924,SO45924 - 1,AW00014803,,BK-R93R-62,GERMANY,Germany,03/17/2018,2018-03-27,2018-03-24 00:00:00,1.0,3578.27,0.0%,2171.2942,2171.2942,3578.27,3578.27,ERP_EXPORT_20240115
Internet,SO48816,SO48816 - 1,AW00012459,,BK-M68S-46,united kingdom,United Kingdom,12/03/2018,2018-12-13,10-12-2018,1.0,2071.4196,0.0,1117.8559,1117.8559,2071.4196,2071.4196,ERP_EXPORT_20240115
Internet,SO47159,SO47159 - 1,AW00026300,,BK-M68B-46, Southwest,United States,2018-07-12,2018-07-22,07/19/2018,1.0,2049.0982,0.0,1105.81,1105.81,2049.0982,2049.0982,ERP_EXPORT_20240115
Internet,SO46408,SO46408 - 1,AW00012011,,BK-M82B-48,Australia,Australia,05/03/2018,2018-05-13,2018-05-10,1.0,3374.99,0.0,1898.0944,1898.0944,3374.99,3374.99,ERP_EXPORT_20240115
INTERNET,SO45944,SO45944 - 1,AW00020225,,BK-R93R-48,Australia,Australia,2018-03-20 00:00:00,2018-03-30,20180327,1.0,3578.27,0.0,2171.2942,2171.2942,3578.27,3578.27,ERP_EXPORT_20240115
Internet,SO44155,SO44155 - 1,AW00028131,,BK-R93R-52,Southwest,United States,"Aug 06, 2017",2017-08-16,13-08-2017,1.0,3578.27,0.0,2171.2942,2171.2942,3578.27,3578.27,ERP_EXPORT_20240115
Internet,SO45265,SO45265 - 1,AW00011461,,BK-M82B-44,Australia,Australia,20171231,2018-01-10,01/07/2018,1.0,3374.99,0.0,1898.0944,1898.0944,3374.99,3374.99,ERP_EXPORT_20240115
Internet,SO44337,SO44337 - 1,AW00011097,,BK-M82B-48,Australia,Australia,20170905,2017-09-15,12-09-2017,1.0,3374.99,0.0,1898.0944,1898.0944,3374.99,3374.99,ERP_EXPORT_20240115
Internet,SO44433,SO44433 - 1,AW00028270,,BK-R93R-48,Northwest ,United States,20170921,2017-10-01,28-09-2017,1.0,3578.27,0.0,2171.2942,2171.2942,3578.27,3578.27,ERP_EXPORT_20240115
Internet,SO47180,SO47180 - 1,AW00013287,,BK-R89R-52,Southwest,United States,"Jul 14, 2018",2018-07-24,2018-07-21,1.0,2443.35,0.0,1518.7864,1518.7864,2443.35,2443.35,ERP_EXPORT_20240115
Internet,SO46210,SO46210 - 1,AW00012866,,BK-R93R-52,France,France,04/13/2018,2018-04-23,20180420,1.0,3578.27,0.0%,2171.2942,2171.2942,3578.27,3578.27,ERP_EXPORT_20240115
Internet,SO46391,SO46391 - 1,AW00020995,,BK-R93R-48,Australia,Australia,05/01/2018,2018-05-11,2018-05-08,1.0,3578.27,0.0,2171.2942,2171.2942,3578.27,3578.27,ERP_EXPORT_20240115
internet,SO44896,SO44896 - 1,AW00025964,,BK-M82S-44,Northwest,United States,2017-11-12,2017-11-22,20171119,1.0,3399.99,,1912.1544,1912.1544,3399.99,3399.99,ERP_EXPORT_20240115
Internet,SO44864,SO44864 - 1,AW00011364,,BK-M82B-38,Australia,Australia,"Nov 07, 2017",2017-11-17,2017-11-14,1.0,3374.99,0.0,1898.0944,1898.0944,3374.99,3374.99,ERP_EXPORT_20240115
Internet,SO45160,SO45160 - 1,AW00014984,,BK-R93R-62,United Kingdom,United Kingdom,2017-12-15,2017-12-25,22-12-2017,1.0,3578.27,0.0,2171.2942,2171.2942,3578.27,3578.27,ERP_EXPORT_20240115
Internet,SO43755,SO43755 - 1,AW00027670,,BK-R93R-44,southwest,United States,2017-07-08,2017-07-18,20170715,1.0,3578.27,0.0,2171.2942,2171.2942,3578.27,3578.27,ERP_EXPORT_20240115
Internet,SO44842,SO44842 - 1,,,BK-R93R-62,Germany,Germany,11/06/2017,2017-11-16,13-11-2017,1.7,3578.27,,2171.2942,2171.2942,3578.27,3578.27,ERP_EXPORT_20240115
Internet,SO46294,SO46294 - 1,AW00011986,,BK-M82S-42, Australia,Australia,24-04-2018,2018-05-04,05/01/2018,1.0,3399.99,0.0,1912.1544,1912.1544,3399.99,3399.99,ERP_EXPORT_20240115
Internet,SO44025,SO44025 - 1,AW00016708,,BK-R93R-56,Australia ,Australia,2017-07-28,2017-08-07,2017-08-04,1.0,3578.27,0.0,2171.2942,2171.2942,3578.27,3578.27,ERP_EXPORT_20240115
Internet,SO47232,SO47232 - 1,AW00015627,,BK-R89B-44,Germany,Germany,20180720,2018-07-30,20180727,1.0,2181.5625,0.0%,1320.6838,1320.6838,2181.5625,2181.5625,ERP_EXPORT_20240115
Internet,SO45766,SO45766 - 1,AW00011297,,BK-R93R-48, Southwest,United States,2018-02-26,2018-03-08,"Mar 05, 2018",1.0,3578.27,0.0,2171.2942,2171.2942,3578.27,3578.27,ERP_EXPORT_20240115
Internet,SO46770,SO46770 - 1,,,BK-R89R-52,Germany,Germany,2018-06-11 00:00:00,2018-06-21,"Jun 18, 2018",1.9,2443.35,,1518.7864,1518.7864,2443.35,2443.35,ERP_EXPORT_20240115
Internet,SO48118,SO48118 - 1,AW00016309,,BK-R89B-52,germany,Germany,10/06/2018,2018-10-16,10/13/2018,1.0,2181.5625,0.0,1320.6838,1320.6838,2181.5625,2181.5625,ERP_EXPORT_20240115
Internet,SO44973,SO44973 - 1,AW00018482,,BK-R93R-56,Australia,Australia,2017-11-21 00:00:00,2017-12-01,2017-11-28 00:00:00,1.0,3578.27,0.0%,2171.2942,2171.2942,3578.27,3578.27,ERP_EXPORT_20240115
Internet,SO47181,SO47181 - 1,,,BK-R89R-44, Southwest,United States,2018-07-14,2018-07-24,2018-07-21 00:00:00,1.1,2443.35,,1518.7864,1518.7864,-2443.35,-2443.35,ERP_EXPORT_20240115
INTERNET,SO48403,SO48403 - 1,AW00014285,,BK-R64Y-40,Southwest,United States,20181031,2018-11-10,2018-11-07,1.0,1000.4375,0.0%,605.6492,605.6492,1000.4375,1000.4375,ERP_EXPORT_20240115
Internet,SO45437,SO45437 - 1,AW00028169,,BK-R93R-48,Canada ,Canada,14-01-2018,2018-01-24,2018-01-21 00:00:00,1.0,3578.27,0.0,2171.2942,2171.2942,3578.27,3578.27,ERP_EXPORT_20240115
Internet,SO43995,SO43995 - 1,AW00021813,,BK-R93R-48,Canada,Canada,2017-07-25,2017-08-04,2017-08-01,1.0,3578.27,0.0,2171.2942,2171.2942,3578.27,3578.27,ERP_EXPORT_20240115
Internet,SO47275,SO47275 - 1,,,BK-R50B-44,France ,France,"Jul 24, 2018",2018-08-03,2018-07-31,1.8,782.99,,486.7066,486.7066,-782.99,-782.99,ERP_EXPORT_20240115
INTERNET,SO45087,SO45087 - 1,AW00011388,,BK-M82B-44,United Kingdom,United Kingdom,12/03/2017,2017-12-13,10-12-2017,1.0,3374.99,,1898.0944,1898.0944,3374.99,3374.99,ERP_EXPORT_20240115
INTERNET,SO46265,SO46265 - 1,AW00011934,,BK-R93R-48,Northwest,United States,2018-04-21 00:00:00,2018-05-01,20180428,1.0,3578.27,0.0,2171.2942,2171.2942,3578.27,3578.27,ERP_EXPORT_20240115
Internet,SO43786,SO43786 - 1,AW00011607,,BK-R93R-44,France,France,"Jul 12, 2017",2017-07-22,"Jul 19, 2017",1.0,3578.27,0.0,2171.2942,2171.2942,3578.27,3578.27,ERP_EXPORT_20240115
Internet,SO46784,SO46784 - 1,AW00013178,,BK-R89B-48,northwest,United States,2018-06-12 00:00:00,2018-06-22,06/19/2018,1.0,2181.5625,0.0,1320.6838,1320.6838,2181.5625,2181.5625,ERP_EXPORT_20240115
Internet,SO47293,SO47293 - 1,AW00019192,,BK-R64Y-42,United Kingdom,United Kingdom,07/26/2018,2018-08-05,20180802,1.0,1000.4375,0.0%,605.6492,605.6492,1000.4375,1000.4375,ERP_EXPORT_20240115
internet,SO47477,SO47477 - 1,AW00028560,,BK-M68S-38,France,France,2018-08-04 00:00:00,2018-08-14,"Aug 11, 2018",1.0,2071.4196,0.0,1117.8559,1117.8559,2071.4196,2071.4196,ERP_EXPORT_20240115
Internet ,SO44841,SO44841 - 1,AW00018335,,BK-R93R-56,Australia,Australia,2017-11-05 00:00:00,2017-11-15,2017-11-12,1.0,3578.27,0.0%,2171.2942,2171.2942,3578.27,3578.27,ERP_EXPORT_20240115
Internet,SO45691,SO45691 - 1,AW00011898,,BK-M82S-38,Australia ,Australia,14-02-2018,2018-02-24,"Feb 21, 2018",1.0,3399.99,0.0,1912.1544,1912.1544,3399.99,3399.99,ERP_EXPORT_20240115
internet,SO45715,SO45715 - 1,AW00019770,,BK-R93R-62,Australia,Australia,2018-02-18,2018-02-28,20180225,1.0,3578.27,0.0,2171.2942,2171.2942,3578.27,3578.27,ERP_EXPORT_20240115
INTERNET,SO48156,SO48156 - 1,AW00022581,,BK-R89B-52,Australia,Australia,2018-10-11 00:00:00,2018-10-21,2018-10-18 00:00:00,1.0,2181.5625,0.0%,1320.6838,1320.6838,2181.5625,2181.5625,ERP_EXPORT_20240115
Internet,SO44268,SO44268 - 1,AW00013820,,BK-R93R-48, United Kingdom,United Kingdom,20170829,2017-09-08,05-09-2017,1.0,3578.27,0.0,2171.2942,2171.2942,3578.27,3578.27,ERP_EXPORT_20240115
internet,SO48273,SO48273 - 1,AW00016589,,BK-R89R-48,United Kingdom ,United Kingdom,20181029,2018-11-08,"Nov 05, 2018",1.0,2443.35,0.0,1518.7864,1518.7864,2443.35,2443.35,ERP_EXPORT_20240115
Internet,SO46435,SO46435 - 1,,,BK-M82B-38,Australia,Australia,2018-05-07,2018-05-17,14-05-2018,1.4,3374.99,,1898.0944,1898.0944,-3374.99,-3374.99,ERP_EXPORT_20240115
Internet,SO46511,SO46511 - 1,,,BK-R93R-52,Canada,Canada,"May 19, 2018",2018-05-29,"May 26, 2018",1.1,3578.27,,2171.2942,2171.2942,-3578.27,-3578.27,ERP_EXPORT_20240115
INTERNET,SO45719,SO45719 - 1,AW00020000,,BK-M82B-44,Canada,Canada,19-02-2018,2018-03-01,"Feb 26, 2018",1.0,3374.99,0.0,1898.0944,1898.0944,3374.99,3374.99,ERP_EXPORT_20240115
Internet,SO47143,SO47143 - 1,AW00012684,,BK-M68B-46,Australia,Australia,20180709,2018-07-19,07/16/2018,1.0,2049.0982,0.0,1105.81,1105.81,2049.0982,2049.0982,ERP_EXPORT_20240115
internet,SO48277,SO48277 - 1,AW00012287,,BK-M68B-42,United Kingdom ,United Kingdom,"Oct 30, 2018",2018-11-09,11/06/2018,1.0,2049.0982,0.0%,1105.81,1105.81,2049.0982,2049.0982,ERP_EXPORT_20240115
Internet,SO47236,SO47236 - 1,,,BK-R64Y-42,Southwest,United States,20-07-2018,2018-07-30,20180727,1.8,1000.4375,,605.6492,605.6492,-1000.4375,-1000.4375,ERP_EXPORT_20240115
Internet,SO47193,SO47193 - 1,AW00020162,,BK-R50R-48,Germany,Germany,07/15/2018,2018-07-25,2018-07-22,1.0,782.99,0.0%,486.7066,486.7066,782.99,782.99,ERP_EXPORT_20240115
Internet,SO45024,SO45024 - 1,AW00029475,,BK-M82S-38,Germany,Germany,2017-11-29 00:00:00,2017-12-09,20171206,1.0,3399.99,,1912.1544,1912.1544,3399.99,3399.99,ERP_EXPORT_20240115
Internet,SO46783,SO46783 - 1,AW00019069,,BK-R50B-62,France,France,2018-06-12,2018-06-22,19-06-2018,1.0,782.99,0.0,486.7066,486.7066,782.99,782.99,ERP_EXPORT_20240115
Internet,SO44051,SO44051 - 1,AW00013691,,BK-R93R-62,UNITED KINGDOM,United Kingdom,07/31/2017,2017-08-10,"Aug 07, 2017",1.0,3578.27,0.0,2171.2942,2171.2942,3578.27,3578.27,ERP_EXPORT_20240115
Internet,SO44674,SO44674 - 1,AW00028635,,BK-R93R-56, Southwest,United States,10/17/2017,2017-10-27,24-10-2017,1.0,3578.27,0.0,2171.2942,2171.2942,3578.27,3578.27,ERP_EXPORT_20240115
INTERNET,SO44044,SO44044 - 1,AW00013690,,BK-R93R-56,United Kingdom,United Kingdom,2017-07-30 00:00:00,2017-08-09,2017-08-06 00:00:00,1.0,3578.27,0.0,2171.2942,2171.2942,3578.27,3578.27,ERP_EXPORT_20240115
Internet,SO47823,SO47823 - 1,AW00026160,,BK-R50B-62,Australia,Australia,20180912,2018-09-22,"Sep 19, 2018",1.0,782.99,0.0,486.7066,486.7066,782.99,782.99,ERP_EXPORT_20240115
Internet,SO44582,SO44582 - 1,AW00011134,,BK-M82S-44,Australia,Australia,2017-10-03,2017-10-13,"Oct 10, 2017",1.0,3399.99,0.0,1912.1544,1912.1544,3399.99,3399.99,ERP_EXPORT_20240115
Internet,SO47952,SO47952 - 1,AW00022193,,BK-R89R-48,Australia,Australia,"Sep 29, 2018",2018-10-09,2018-10-06 00:00:00,1.0,2443.35,0.0,1518.7864,1518.7864,2443.35,2443.35,ERP_EXPORT_20240115
Internet,SO45714,SO45714 - 1,AW00011534,,BK-R93R-48,Southwest,United States,18-02-2018,2018-02-28,2018-02-25 00:00:00,1.0,3578.27,0.0%,2171.2942,2171.2942,3578.27,3578.27,ERP_EXPORT_20240115
Internet,SO46815,SO46815 - 1,AW00025093,,BK-R89B-48,Canada,Canada,20180616,2018-06-26,2018-06-23,1.0,2181.5625,,1320.6838,1320.6838,2181.5625,2181.5625,ERP_EXPORT_20240115
Internet,SO45115,SO45115 - 1,AW00025984,,BK-M82B-38,Southwest,United States,"Dec 08, 2017",2017-12-18,2017-12-15 00:00:00,1.0,3374.99,0.0,1898.0944,1898.0944,3374.99,3374.99,ERP_EXPORT_20240115
Internet ,SO46119,SO46119 - 1,AW00025927,,BK-R50R-44,AUSTRALIA,Australia,2018-03-31,2018-04-10,2018-04-07 00:00:00,1.0,699.0982,0.0,413.1463,413.1463,699.0982,699.0982,ERP_EXPORT_20240115
INTERNET,SO44255,SO44255 - 1,AW00014585,,BK-R50B-48, Southwest,United States,27-08-2017,2017-09-06,03-09-2017,1.0,699.0982,0.0,413.1463,413.1463,699.0982,699.0982,ERP_EXPORT_20240115
Internet,SO47639,SO47639 - 1,AW00015321,,BK-R50R-48,Southwest,United States,27-08-2018,2018-09-06,"Sep 03, 2018",1.0,782.99,0.0,486.7066,486.7066,782.99,782.99,ERP_EXPORT_20240115
Internet,SO46121,SO46121 - 1,AW00012069,,BK-R93R-48,SOUTHWEST,United States,04/01/2018,2018-04-11,08-04-2018,1.0,3578.27,0.0,2171.2942,2171.2942,3578.27,3578.27,ERP_EXPORT_20240115
Internet,SO44377,SO44377 - 1,AW00028234,,BK-R93R-62,Southwest,United States,2017-09-11 00:00:00,2017-09-21,20170918,1.0,3578.27,0.0,2171.2942,2171.2942,3578.27,3578.27,ERP_EXPORT_20240115
INTERNET,SO47790,SO47790 - 1,AW00022173,,BK-R89R-58,Australia,Australia,"Sep 09, 2018",2018-09-19,2018-09-16,1.0,2181.5625,0.0,1320.6838,1320.6838,2181.5625,2181.5625,ERP_EXPORT_20240115
Internet,SO48513,SO48513 - 1,AW00015417,,BK-R50R-58,Southwest ,United States,"Nov 10, 2018",2018-11-20,17-11-2018,1.0,782.99,0.0,486.7066,486.7066,782.99,782.99,ERP_EXPORT_20240115
INTERNET,SO48808,SO48808 - 1,AW00016552,,BK-R89R-44,Germany ,Germany,2018-12-02 00:00:00,2018-12-12,20181209,1.0,2443.35,0.0,1518.7864,1518.7864,2443.35,2443.35,ERP_EXPORT_20240115
Internet,SO46913,SO46913 - 1,AW00013212,,BK-R89B-48,Southwest,United States,"Jun 29, 2018",2018-07-09,"Jul 06, 2018",1.0,2181.5625,0.0,1320.6838,1320.6838,2181.5625,2181.5625,ERP_EXPORT_20240115
Internet,SO44372,SO44372 - 1,AW00017736,,BK-R93R-62,Australia,Australia,"Sep 10, 2017",2017-09-20,2017-09-17 00:00:00,1.0,3578.27,0.0,2171.2942,2171.2942,3578.27,3578.27,ERP_EXPORT_20240115
Internet,SO45986,SO45986 - 1,AW00011743,,BK-R93R-56,Southwest,United States,2018-03-27 00:00:00,2018-04-06,2018-04-03,1.0,3578.27,0.0,2171.2942,2171.2942,3578.27,3578.27,ERP_EXPORT_20240115
Internet,SO47239,SO47239 - 1,AW00021384,,BK-R89R-58,Australia,Australia,"Jul 20, 2018",2018-07-30,"Jul 27, 2018",1.0,2181.5625,0.0,1320.6838,1320.6838,2181.5625,2181.5625,ERP_EXPORT_20240115
Internet,SO44421,SO44421 - 1,AW00013607,,BK-R93R-52,Germany,Germany,09/19/2017,2017-09-29,2017-09-26,1.0,3578.27,0.0,2171.2942,2171.2942,3578.27,3578.27,ERP_EXPORT_20240115
Internet,SO44428,SO44428 - 1,AW00028362,,BK-R93R-52,Southwest ,United States,2017-09-20 00:00:00,2017-09-30,27-09-2017,1.0,3578.27,0.0,2171.2942,2171.2942,3578.27,3578.27,ERP_EXPORT_20240115
internet,SO45001,SO45001 - 1,AW00018302,,BK-R93R-48,Australia,Australia,25-11-2017,2017-12-05,2017-12-02 00:00:00,1.0,3578.27,0.0,2171.2942,2171.2942,3578.27,3578.27,ERP_EXPORT_20240115
Internet,SO44474,SO44474 - 1,AW00014601,,BK-R50R-52, Southwest,United States,09/29/2017,2017-10-09,20171006,1.0,699.0982,0.0,413.1463,413.1463,699.0982,699.0982,ERP_EXPORT_20240115
Internet,SO44274,SO44274 - 1,AW00028152,,BK-R93R-56,Southwest,United States,"Aug 31, 2017",2017-09-10,20170907,1.0,3578.27,0.0,2171.2942,2171.2942,3578.27,3578.27,ERP_EXPORT_20240115
Internet,SO46542,SO46542 - 1,AW00011431,,BK-M82S-48,Germany,Germany,23-05-2018,2018-06-02,20180530,1.0,3399.99,0.0,1912.1544,1912.1544,3399.99,3399.99,ERP_EXPORT_20240115
Internet,SO43987,SO43987 - 1,AW00028042,,BK-R93R-62,Southwest,United States,24-07-2017,2017-08-03,2017-07-31,1.0,3578.27,0.0%,2171.2942,2171.2942,3578.27,3578.27,ERP_EXPORT_20240115
internet,SO48592,SO48592 - 1,AW00012266,,BK-M68S-42,Germany,Germany,2018-11-17 00:00:00,2018-11-27,2018-11-24,1.0,2071.4196,0.0,1117.8559,1117.8559,2071.4196,2071.4196,ERP_EXPORT_20240115
Internet ,SO44837,SO44837 - 1,AW00013808,,BK-R93R-48,Germany,Germany,2017-11-05,2017-11-15,11/12/2017,1.0,3578.27,0.0%,2171.2942,2171.2942,3578.27,3578.27,ERP_EXPORT_20240115
Internet,SO44698,SO44698 - 1,AW00025565,,BK-R50R-44,Australia,Australia,"Oct 22, 2017",2017-11-01,29-10-2017,1.0,699.0982,,413.1463,413.1463,699.0982,699.0982,ERP_EXPORT_20240115
internet,SO48165,SO48165 - 1,AW00016327,,BK-R89B-44,Germany,Germany,13-10-2018,2018-10-23,20-10-2018,1.0,2181.5625,0.0,1320.6838,1320.6838,2181.5625,2181.5625,ERP_EXPORT_20240115
Internet,SO47627,SO47627 - 1,AW00016444,,BK-R89R-52,UNITED KINGDOM,United Kingdom,2018-08-26,2018-09-05,20180902,1.0,2443.35,0.0%,1518.7864,1518.7864,2443.35,2443.35,ERP_EXPORT_20240115
Internet,SO48823,SO48823 - 1,AW00016821,,BK-R89R-48,Germany,Germany,12/04/2018,2018-12-14,11-12-2018,1.0,2443.35,0.0,1518.7864,1518.7864,2443.35,2443.35,ERP_EXPORT_20240115
Internet,SO45699,SO45699 - 1,AW00014750,,BK-R50B-62,Southwest ,United States,02/15/2018,2018-02-25,2018-02-22 00:00:00,1.0,699.0982,0.0,413.1463,413.1463,699.0982,699.0982,ERP_EXPORT_20240115
Internet,SO48220,SO48220 - 1,AW00022409,,BK-R89B-48,AUSTRALIA,Australia,2018-10-22,2018-11-01,29-10-2018,1.0,2181.5625,0.0,1320.6838,1320.6838,2181.5625,2181.5625,ERP_EXPORT_20240115
Internet,SO48615,SO48615 - 1,AW00019360,,BK-R64Y-40, United Kingdom,United Kingdom,20181119,2018-11-29,20181126,1.0,1000.4375,0.0,605.6492,605.6492,1000.4375,1000.4375,ERP_EXPORT_20240115
 Internet,SO48454,SO48454 - 1,AW00012328,,BK-M68B-38,United Kingdom,United Kingdom,20181105,2018-11-15,"Nov 12, 2018",1.0,2049.0982,0.0,1105.81,1105.81,2049.0982,2049.0982,ERP_EXPORT_20240115
Internet,SO47478,SO47478 - 1,AW00020811,,BK-R50R-62,united kingdom,United Kingdom,08/04/2018,2018-08-14,20180811,1.0,782.99,0.0,486.7066,486.7066,782.99,782.99,ERP_EXPORT_20240115
Internet,SO45222,SO45222 - 1,AW00014728,,BK-R50R-52,Northwest,United States,2017-12-24,2018-01-03,2017-12-31 00:00:00,1.0,699.0982,0.0,413.1463,413.1463,699.0982,699.0982,ERP_EXPORT_20240115
Internet,SO45822,SO45822 - 1,AW00020246,,BK-R93R-48,Australia,Australia,03/02/2018,2018-03-12,20180309,1.0,3578.27,0.0,2171.2942,2171.2942,3578.27,3578.27,ERP_EXPORT_20240115
internet,SO46109,SO46109 - 1,AW00012167,,BK-R93R-48,NORTHWEST,United States,2018-03-31,2018-04-10,20180407,1.0,3578.27,,2171.2942,2171.2942,3578.27,3578.27,ERP_EXPORT_20240115
Internet,SO47298,SO47298 - 1,AW00013403,,BK-R89R-58,Northwest,United States,20180726,2018-08-05,02-08-2018,1.0,2181.5625,,1320.6838,1320.6838,2181.5625,2181.5625,ERP_EXPORT_20240115
Internet,SO46160,SO46160 - 1,AW00011412,,BK-M82B-48,Germany,Germany,"Apr 07, 2018",2018-04-17,04/14/2018,1.0,3374.99,0.0,1898.0944,1898.0944,3374.99,3374.99,ERP_EXPORT_20240115
Internet,SO45990,SO45990 - 1,AW00012711,,BK-R93R-56,France,France,20180327,2018-04-06,2018-04-03 00:00:00,1.0,3578.27,0.0,2171.2942,2171.2942,3578.27,3578.27,ERP_EXPORT_20240115
Internet,SO46562,SO46562 - 1,AW00014978,,BK-R93R-44,Germany,Germany,"May 24, 2018",2018-06-03,2018-05-31,1.0,3578.27,0.0%,2171.2942,2171.2942,3578.27,3578.27,ERP_EXPORT_20240115
Internet,SO45399,SO45399 - 1,,,BK-R93R-44,Australia,Australia,"Jan 09, 2018",2018-01-19,16-01-2018,1.5,3578.27,,2171.2942,2171.2942,-3578.27,-3578.27,ERP_EXPORT_20240115
Internet,SO45185,SO45185 - 1,,,BK-R93R-62,UNITED KINGDOM,United Kingdom,12/18/2017,2017-12-28,2017-12-25,1.8,3578.27,,2171.2942,2171.2942,3578.27,3578.27,ERP_EXPORT_20240115
Internet,SO44451,SO44451 - 1,AW00028295,,BK-R93R-52,Northwest,United States,20170926,2017-10-06,10/03/2017,1.0,3578.27,0.0%,2171.2942,2171.2942,3578.27,3578.27,ERP_EXPORT_20240115
Internet,SO47462,SO47462 - 1,AW00015926,,BK-R89B-48,germany,Germany,08/02/2018,2018-08-12,"Aug 09, 2018",1.0,2181.5625,0.0,1320.6838,1320.6838,2181.5625,2181.5625,ERP_EXPORT_20240115
Internet,SO46212,SO46212 - 1,AW00012173,,BK-R93R-48,Southwest,United States,14-04-2018,2018-04-24,2018-04-21 00:00:00,1.0,3578.27,0.0,2171.2942,2171.2942,3578.27,3578.27,ERP_EXPORT_20240115
Internet,SO45962,SO45962 - 1,AW00020227,,BK-R93R-62,Australia,Australia,2018-03-23 00:00:00,2018-04-02,20180330,1.0,3578.27,0.0,2171.2942,2171.2942,3578.27,3578.27,ERP_EXPORT_20240115
Internet,SO43698,SO43698 - 1,AW00028389,,BK-M82S-44,France,France,2017-07-01 00:00:00,2017-07-11,08-07-2017,1.0,3399.99,0.0,1912.1544,1912.1544,3399.99,3399.99,ERP_EXPORT_20240115
Internet,SO46020,SO46020 - 1,AW00020228,,BK-R93R-52,Australia,Australia,"Mar 30, 2018",2018-04-09,2018-04-06,1.0,3578.27,0.0,2171.2942,2171.2942,3578.27,3578.27,ERP_EXPORT_20240115
Internet,SO47816,SO47816 - 1,,,BK-R89R-48,australia,Australia,2018-09-12,2018-09-22,"Sep 19, 2018",1.3,2443.35,,1518.7864,1518.7864,-2443.35,-2443.35,ERP_EXPORT_20240115
 Internet,SO48848,SO48848 - 1,AW00019424,,BK-R64Y-40,United Kingdom,United Kingdom,20181208,2018-12-18,"Dec 15, 2018",1.0,1000.4375,,605.6492,605.6492,1000.4375,1000.4375,ERP_EXPORT_20240115
Internet,SO45193,SO45193 - 1,AW00022889,,BK-R93R-62,Canada,Canada,20-12-2017,2017-12-30,27-12-2017,1.0,3578.27,0.0,2171.2942,2171.2942,3578.27,3578.27,ERP_EXPORT_20240115
internet,SO46852,SO46852 - 1,AW00015194,,BK-R50B-58,Southwest,United States,2018-06-20 00:00:00,2018-06-30,2018-06-27,1.0,782.99,0.0,486.7066,486.7066,782.99,782.99,ERP_EXPORT_20240115
Internet,SO46179,SO46179 - 1,AW00011983,,BK-R93R-52,Southwest,United States,20180410,2018-04-20,2018-04-17,1.0,3578.27,0.0,2171.2942,2171.2942,3578.27,3578.27,ERP_EXPORT_20240115
Internet,SO44020,SO44020 - 1,AW00016931,,BK-R93R-44,Australia,Australia,27-07-2017,2017-08-06,"Aug 03, 2017",1.0,3578.27,0.0%,2171.2942,2171.2942,3578.27,3578.27,ERP_EXPORT_20240115
Internet,SO45582,SO45582 - 1,AW00028656,,BK-R93R-48,Canada,Canada,01/29/2018,2018-02-08,05-02-2018,1.0,3578.27,0.0,2171.2942,2171.2942,3578.27,3578.27,ERP_EXPORT_20240115
internet,SO45886,SO45886 - 1,AW00026042,,BK-M82B-38,Southwest,United States,20180312,2018-03-22,03/19/2018,1.0,3374.99,0.0,1898.0944,1898.0944,3374.99,3374.99,ERP_EXPORT_20240115
Internet,SO46797,SO46797 - 1,AW00021197,,BK-R89R-58,Australia,Australia,20180613,2018-06-23,"Jun 20, 2018",1.0,2181.5625,,1320.6838,1320.6838,2181.5625,2181.5625,ERP_EXPORT_20240115
Internet ,SO47594,SO47594 - 1,AW00026154,,BK-R50B-52,AUSTRALIA,Australia,"Aug 20, 2018",2018-08-30,2018-08-27 00:00:00,1.0,782.99,0.0,486.7066,486.7066,782.99,782.99,ERP_EXPORT_20240115
Internet ,SO48209,SO48209 - 1,AW00015369,,BK-R50R-58,Northwest,United States,2018-10-20 00:00:00,2018-10-30,"Oct 27, 2018",1.0,782.99,0.0,486.7066,486.7066,782.99,782.99,ERP_EXPORT_20240115
Internet,SO44613,SO44613 - 1,AW00028628,,BK-R93R-52,Northwest,United States,08-10-2017,2017-10-18,20171015,1.0,3578.27,0.0%,2171.2942,2171.2942,3578.27,3578.27,ERP_EXPORT_20240115
Internet,SO46189,SO46189 - 1,AW00020606,,BK-R93R-48,Australia,Australia,04/11/2018,2018-04-21,04/18/2018,1.0,3578.27,0.0,2171.2942,2171.2942,3578.27,3578.27,ERP_EXPORT_20240115
internet,SO48252,SO48252 - 1,AW00020864,,BK-R50R-58, United Kingdom,United Kingdom,10/27/2018,2018-11-06,03-11-2018,1.0,782.99,0.0,486.7066,486.7066,782.99,782.99,ERP_EXPORT_20240115
Internet,SO47461,SO47461 - 1,AW00026320,,BK-M68S-46,SOUTHWEST,United States,2018-08-01 00:00:00,2018-08-11,08/08/2018,1.0,2071.4196,0.0,1117.8559,1117.8559,2071.4196,2071.4196,ERP_EXPORT_20240115
Internet,SO43952,SO43952 - 1,AW00016639,,BK-R93R-48, Australia,Australia,20170720,2017-07-30,"Jul 27, 2017",1.0,3578.27,0.0,2171.2942,2171.2942,3578.27,3578.27,ERP_EXPORT_20240115
Internet,SO44050,SO44050 - 1,AW00017050,,BK-R93R-62,Australia,Australia,07/30/2017,2017-08-09,2017-08-06 00:00:00,1.0,3578.27,0.0,2171.2942,2171.2942,3578.27,3578.27,ERP_EXPORT_20240115
Internet,SO45140,SO45140 - 1,AW00012485,,BK-R93R-48,France,France,2017-12-12 00:00:00,2017-12-22,2017-12-19 00:00:00,1.0,3578.27,0.0,2171.2942,2171.2942,3578.27,3578.27,ERP_EXPORT_20240115
Internet,SO47935,SO47935 - 1,AW00022194,,BK-R89B-48,Australia,Australia,"Sep 27, 2018",2018-10-07,20181004,1.0,2181.5625,0.0,1320.6838,1320.6838,2181.5625,2181.5625,ERP_EXPORT_20240115
INTERNET,SO45476,SO45476 - 1,AW00019614,,BK-R93R-56,Australia,Australia,20180122,2018-02-01,2018-01-29 00:00:00,1.0,3578.27,0.0,2171.2942,2171.2942,3578.27,3578.27,ERP_EXPORT_20240115
Internet,SO47846,SO47846 - 1,,,BK-R89R-44,France,France,2018-09-16,2018-09-26,2018-09-23 00:00:00,1.1,2443.35,,1518.7864,1518.7864,-2443.35,-2443.35,ERP_EXPORT_20240115
Internet,SO47068,SO47068 - 1,AW00013246,,BK-R89R-52,Southwest,United States,"Jul 01, 2018",2018-07-11,2018-07-08 00:00:00,1.0,2443.35,0.0,1518.7864,1518.7864,2443.35,2443.35,ERP_EXPORT_20240115
Internet,SO48452,SO48452 - 1,AW00014998,,BK-R89R-44,France,France,05-11-2018,2018-11-15,20181112,1.0,2443.35,0.0,1518.7864,1518.7864,2443.35,2443.35,ERP_EXPORT_20240115
internet,SO44653,SO44653 - 1,AW00020170,,BK-R50R-44,United Kingdom ,United Kingdom,14-10-2017,2017-10-24,10/21/2017,1.0,699.0982,0.0,413.1463,413.1463,699.0982,699.0982,ERP_EXPORT_20240115
Internet,SO46591,SO46591 - 1,AW00012773,,BK-R93R-62,Northwest,United States,2018-05-29,2018-06-08,06/05/2018,1.0,3578.27,0.0%,2171.2942,2171.2942,3578.27,3578.27,ERP_EXPORT_20240115
Internet ,SO44247,SO44247 - 1,AW00017233,,BK-R93R-62, Australia,Australia,25-08-2017,2017-09-04,"Sep 01, 2017",1.0,3578.27,0.0,2171.2942,2171.2942,3578.27,3578.27,ERP_EXPORT_20240115
Internet,SO48190,SO48190 - 1,AW00026443,,BK-R50R-60,Australia,Australia,"Oct 17, 2018",2018-10-27,24-10-2018,1.0,782.99,0.0,486.7066,486.7066,782.99,782.99,ERP_EXPORT_20240115
Internet,SO43986,SO43986 - 1,AW00028070,,BK-R93R-62, Southwest,United States,2017-07-24,2017-08-03,2017-07-31 00:00:00,1.0,3578.27,0.0,2171.2942,2171.2942,3578.27,3578.27,ERP_EXPORT_20240115
internet,SO46760,SO46760 - 1,AW00013986,,BK-R64Y-44,Southwest ,United States,2018-06-10 00:00:00,2018-06-20,2018-06-17,1.0,1000.4375,0.0,605.6492,605.6492,1000.4375,1000.4375,ERP_EXPORT_20240115
Internet,SO48729,SO48729 - 1,AW00026563,,BK-R50R-62, Australia,Australia,"Nov 30, 2018",2018-12-10,12/07/2018,1.0,782.99,0.0,486.7066,486.7066,782.99,782.99,ERP_EXPORT_20240115
Internet,SO45987,SO45987 - 1,AW00011854,,BK-R93R-62,Southwest ,United States,"Mar 27, 2018",2018-04-06,2018-04-03,1.0,3578.27,0.0,2171.2942,2171.2942,3578.27,3578.27,ERP_EXPORT_20240115
Internet,SO47826,SO47826 - 1,AW00022168,,BK-R89R-52,Australia,Australia,20180913,2018-09-23,09/20/2018,1.0,2443.35,0.0,1518.7864,1518.7864,2443.35,2443.35,ERP_EXPORT_20240115
Internet,SO44845,SO44845 - 1,AW00028845,,BK-R93R-52,Northwest,United States,"Nov 06, 2017",2017-11-16,20171113,1.0,3578.27,0.0,2171.2942,2171.2942,3578.27,3578.27,ERP_EXPORT_20240115
Internet ,SO47106,SO47106 - 1,AW00025361,,BK-R89R-48,CANADA,Canada,05-07-2018,2018-07-15,2018-07-12,1.0,2443.35,0.0,1518.7864,1518.7864,2443.35,2443.35,ERP_EXPORT_20240115
Internet,SO48635,SO48635 - 1,AW00028750,,BK-M68B-38,France,France,2018-11-21,2018-12-01,"Nov 28, 2018",1.0,2049.0982,0.0,1105.81,1105.81,2049.0982,2049.0982,ERP_EXPORT_20240115
Internet,SO46762,SO46762 - 1,AW00013063,,BK-R89R-44,Northwest,United States,10-06-2018,2018-06-20,2018-06-17,1.0,2443.35,0.0,1518.7864,1518.7864,2443.35,2443.35,ERP_EXPORT_20240115
Internet,SO44689,SO44689 - 1,AW00018269,,BK-R93R-62,Australia,Australia,"Oct 20, 2017",2017-10-30,2017-10-27 00:00:00,1.0,3578.27,0.0%,2171.2942,2171.2942,3578.27,3578.27,ERP_EXPORT_20240115
 Internet,SO48420,SO48420 - 1,AW00014957,,BK-R89B-52,france,France,20181102,2018-11-12,2018-11-09 00:00:00,1.0,2181.5625,0.0%,1320.6838,1320.6838,2181.5625,2181.5625,ERP_EXPORT_20240115
Internet ,SO45586,SO45586 - 1,AW00012613,,BK-R93R-44,France,France,2018-01-30 00:00:00,2018-02-09,06-02-2018,1.0,3578.27,0.0,2171.2942,2171.2942,3578.27,3578.27,ERP_EXPORT_20240115
Internet,SO48835,SO48835 - 1,AW00021148,,BK-M68B-42,Canada,Canada,05-12-2018,2018-12-15,"Dec 12, 2018",1.0,2049.0982,0.0,1105.81,1105.81,2049.0982,2049.0982,ERP_EXPORT_20240115
Internet,SO44320,SO44320 - 1,AW00014429,,BK-R93R-56,United Kingdom,United Kingdom,01-09-2017,2017-09-11,20170908,1.0,3578.27,0.0,2171.2942,2171.2942,3578.27,3578.27,ERP_EXPORT_20240115
Internet,SO45466,SO45466 - 1,AW00019611,,BK-R93R-44,Australia ,Australia,21-01-2018,2018-01-31,"Jan 28, 2018",1.0,3578.27,0.0,2171.2942,2171.2942,3578.27,3578.27,ERP_EXPORT_20240115
Internet,SO44208,SO44208 - 1,AW00025879,,BK-M82S-48, Southwest,United States,20170818,2017-08-28,20170825,1.0,3399.99,0.0,1912.1544,1912.1544,3399.99,3399.99,ERP_EXPORT_20240115
Internet,SO45442,SO45442 - 1,AW00029335,,BK-R93R-56,Northwest ,United States,2018-01-15 00:00:00,2018-01-25,22-01-2018,1.0,3578.27,0.0%,2171.2942,2171.2942,3578.27,3578.27,ERP_EXPORT_20240115
Internet,SO48162,SO48162 - 1,AW00013714,,BK-R89R-48,Northwest,United States,10/12/2018,2018-10-22,20181019,1.0,2443.35,0.0%,1518.7864,1518.7864,2443.35,2443.35,ERP_EXPORT_20240115
Internet,SO46926,SO46926 - 1,AW00021169,,BK-R89B-52,australia,Australia,2018-06-30 00:00:00,2018-07-10,2018-07-07 00:00:00,1.0,2181.5625,0.0,1320.6838,1320.6838,2181.5625,2181.5625,ERP_EXPORT_20240115
INTERNET,SO44265,SO44265 - 1,AW00025557,,BK-R50R-58,Australia,Australia,"Aug 28, 2017",2017-09-07,"Sep 04, 2017",1.0,699.0982,0.0,413.1463,413.1463,699.0982,699.0982,ERP_EXPORT_20240115
Internet,SO48715,SO48715 - 1,,,BK-R89B-48,AUSTRALIA,Australia,2018-11-28,2018-12-08,12/05/2018,1.8,2181.5625,,1320.6838,1320.6838,-2181.5625,-2181.5625,ERP_EXPORT_20240115
 Internet,SO44202,SO44202 - 1,AW00028159,,BK-R93R-44,SOUTHWEST,United States,2017-08-17,2017-08-27,2017-08-24 00:00:00,1.0,3578.27,0.0,2171.2942,2171.2942,3578.27,3578.27,ERP_EXPORT_20240115
Internet,SO48121,SO48121 - 1,AW00022410,,BK-R89R-48,Australia,Australia,2018-10-06,2018-10-16,2018-10-13,1.0,2443.35,0.0,1518.7864,1518.7864,2443.35,2443.35,ERP_EXPORT_20240115
Internet,SO46804,SO46804 - 1,AW00019052,,BK-R50R-60,France,France,2018-06-15 00:00:00,2018-06-25,20180622,1.0,782.99,0.0,486.7066,486.7066,782.99,782.99,ERP_EXPORT_20240115
INTERNET,SO46765,SO46765 - 1,AW00015191,,BK-R50B-58,Southwest,United States,06/10/2018,2018-06-20,"Jun 17, 2018",1.0,782.99,0.0,486.7066,486.7066,782.99,782.99,ERP_EXPORT_20240115
Internet ,SO44664,SO44664 - 1,AW00018222,,BK-R93R-44,Australia,Australia,20171015,2017-10-25,10/22/2017,1.0,3578.27,0.0,2171.2942,2171.2942,3578.27,3578.27,ERP_EXPORT_20240115
internet,SO45620,SO45620 - 1,,,BK-R93R-56,australia,Australia,2018-02-03,2018-02-13,20180210,1.1,3578.27,,2171.2942,2171.2942,3578.27,3578.27,ERP_EXPORT_20240115
Internet,SO44607,SO44607 - 1,AW00028774,,BK-R93R-62,Southwest,United States,2017-10-07 00:00:00,2017-10-17,"Oct 14, 2017",1.0,3578.27,0.0%,2171.2942,2171.2942,3578.27,3578.27,ERP_EXPORT_20240115
Internet,SO45589,SO45589 - 1,AW00019784,,BK-R93R-56,Australia,Australia,30-01-2018,2018-02-09,20180206,1.0,3578.27,0.0,2171.2942,2171.2942,3578.27,3578.27,ERP_EXPORT_20240115
Internet,SO45203,SO45203 - 1,AW00018907,,BK-R93R-56,australia,Australia,2017-12-21 00:00:00,2017-12-31,20171228,1.0,3578.27,0.0,2171.2942,2171.2942,3578.27,3578.27,ERP_EXPORT_20240115
Internet,SO45634,SO45634 - 1,AW00019766,,BK-R93R-56,Australia,Australia,20180205,2018-02-15,2018-02-12 00:00:00,1.0,3578.27,0.0,2171.2942,2171.2942,3578.27,3578.27,ERP_EXPORT_20240115
Internet,SO45092,SO45092 - 1,AW00018899,,BK-R93R-52,Australia,Australia,"Dec 03, 2017",2017-12-13,20171210,1.0,3578.27,0.0,2171.2942,2171.2942,3578.27,3578.27,ERP_EXPORT_20240115
 Internet,SO45752,SO45752 - 1,AW00019772,,BK-R93R-56,Australia,Australia,"Feb 23, 2018",2018-03-05,20180302,1.0,3578.27,0.0,2171.2942,2171.2942,3578.27,3578.27,ERP_EXPORT_20240115
Internet,SO45029,SO45029 - 1,AW00018331,,BK-R93R-44,Australia,Australia,2017-11-29 00:00:00,2017-12-09,2017-12-06,1.0,3578.27,0.0,2171.2942,2171.2942,3578.27,3578.27,ERP_EXPORT_20240115
Internet,SO48268,SO48268 - 1,AW00022406,,BK-R89R-52,Australia,Australia,2018-10-28,2018-11-07,2018-11-04,1.0,2443.35,0.0,1518.7864,1518.7864,2443.35,2443.35,ERP_EXPORT_20240115
Internet,SO44820,SO44820 - 1,AW00025972,,BK-M82B-44,Northwest,United States,2017-11-02 00:00:00,2017-11-12,"Nov 09, 2017",1.0,3374.99,0.0,1898.0944,1898.0944,3374.99,3374.99,ERP_EXPORT_20240115
Internet,SO48536,SO48536 - 1,AW00014256,,BK-R64Y-44, Northwest,United States,20181112,2018-11-22,11/19/2018,1.0,1000.4375,0.0,605.6492,605.6492,1000.4375,1000.4375,ERP_EXPORT_20240115
Internet,SO44014,SO44014 - 1,AW00027917,,BK-R93R-52,Southwest,United States,2017-07-27 00:00:00,2017-08-06,2017-08-03 00:00:00,1.0,3578.27,0.0,2171.2942,2171.2942,3578.27,3578.27,ERP_EXPORT_20240115
 Internet,SO48282,SO48282 - 1,AW00026540,,BK-M68B-46,Southwest,United States,30-10-2018,2018-11-09,"Nov 06, 2018",1.0,2049.0982,0.0%,1105.81,1105.81,2049.0982,2049.0982,ERP_EXPORT_20240115
Internet,SO44696,SO44696 - 1,AW00018254,,BK-R93R-52,Australia,Australia,21-10-2017,2017-10-31,2017-10-28,1.0,3578.27,0.0%,2171.2942,2171.2942,3578.27,3578.27,ERP_EXPORT_20240115
Internet,SO44378,SO44378 - 1,AW00025903,,BK-M82B-42,Northwest,United States,2017-09-11 00:00:00,2017-09-21,18-09-2017,1.0,3374.99,0.0,1898.0944,1898.0944,3374.99,3374.99,ERP_EXPORT_20240115
Internet,SO45963,SO45963 - 1,AW00020238,,BK-R93R-62,australia,Australia,2018-03-23,2018-04-02,2018-03-30,1.0,3578.27,,2171.2942,2171.2942,3578.27,3578.27,ERP_EXPORT_20240115
Internet,SO48832,SO48832 - 1,AW00023418,,BK-R89B-44,Australia,Australia,05-12-2018,2018-12-15,2018-12-12,1.0,2181.5625,0.0,1320.6838,1320.6838,2181.5625,2181.5625,ERP_EXPORT_20240115
Internet,SO45176,SO45176 - 1,AW00029254,,BK-R93R-52,Northwest,United States,17-12-2017,2017-12-27,24-12-2017,1.0,3578.27,,2171.2942,2171.2942,3578.27,3578.27,ERP_EXPORT_20240115
Internet,SO48519,SO48519 - 1,AW00018176,,BK-R64Y-38,Germany,Germany,"Nov 11, 2018",2018-11-21,20181118,1.0,1000.4375,0.0,605.6492,605.6492,1000.4375,1000.4375,ERP_EXPORT_20240115
Internet,SO45711,SO45711 - 1,AW00019621,,BK-R93R-52,Australia,Australia,20180217,2018-02-27,20180224,1.0,3578.27,0.0,2171.2942,2171.2942,3578.27,3578.27,ERP_EXPORT_20240115
INTERNET,SO44405,SO44405 - 1,AW00028224,,BK-R93R-62,Southwest,United States,16-09-2017,2017-09-26,2017-09-23,1.0,3578.27,0.0,2171.2942,2171.2942,3578.27,3578.27,ERP_EXPORT_20240115
Internet,SO43804,SO43804 - 1,AW00013585,,BK-R93R-62,United Kingdom,United Kingdom,2017-07-14,2017-07-24,20170721,1.0,3578.27,0.0,2171.2942,2171.2942,3578.27,3578.27,ERP_EXPORT_20240115
Internet,SO46011,SO46011 - 1,AW00011489,,BK-M82B-48,united kingdom,United Kingdom,2018-03-30 00:00:00,2018-04-09,2018-04-06 00:00:00,1.0,3374.99,0.0,1898.0944,1898.0944,3374.99,3374.99,ERP_EXPORT_20240115
Internet,SO45639,SO45639 - 1,AW00019782,,BK-R93R-44, Australia,Australia,06-02-2018,2018-02-16,13-02-2018,1.0,3578.27,0.0,2171.2942,2171.2942,3578.27,3578.27,ERP_EXPORT_20240115
Internet,SO46820,SO46820 - 1,AW00028510,,BK-M68S-38,FRANCE,France,06/17/2018,2018-06-27,06/24/2018,1.0,2071.4196,0.0,1117.8559,1117.8559,2071.4196,2071.4196,ERP_EXPORT_20240115
Internet ,SO47079,SO47079 - 1,AW00013359,,BK-R89B-48,Southwest,United States,2018-07-02 00:00:00,2018-07-12,09-07-2018,1.0,2181.5625,0.0,1320.6838,1320.6838,2181.5625,2181.5625,ERP_EXPORT_20240115
Internet,SO47756,SO47756 - 1,AW00012272,,BK-M68S-42,united kingdom,United Kingdom,20180903,2018-09-13,"Sep 10, 2018",1.0,2071.4196,0.0,1117.8559,1117.8559,2071.4196,2071.4196,ERP_EXPORT_20240115
Internet,SO48695,SO48695 - 1,AW00026624,,BK-M68B-46,Northwest,United States,"Nov 27, 2018",2018-12-07,"Dec 04, 2018",1.0,2049.0982,0.0%,1105.81,1105.81,2049.0982,2049.0982,ERP_EXPORT_20240115
INTERNET,SO44414,SO44414 - 1,AW00028340,,BK-R93R-44,SOUTHWEST,United States,09/18/2017,2017-09-28,09/25/2017,1.0,3578.27,0.0%,2171.2942,2171.2942,3578.27,3578.27,ERP_EXPORT_20240115
Internet,SO47492,SO47492 - 1,AW00019181,,BK-R50B-60,France,France,20180807,2018-08-17,"Aug 14, 2018",1.0,782.99,0.0,486.7066,486.7066,782.99,782.99,ERP_EXPORT_20240115
Internet,SO46899,SO46899 - 1,AW00013999,,BK-R64Y-38,Southwest,United States,2018-06-27 00:00:00,2018-07-07,"Jul 04, 2018",1.0,1000.4375,0.0,605.6492,605.6492,1000.4375,1000.4375,ERP_EXPORT_20240115
Internet,SO45408,SO45408 - 1,AW00029326,,BK-R93R-56,Southwest,United States,20180110,2018-01-20,17-01-2018,1.0,3578.27,0.0,2171.2942,2171.2942,3578.27,3578.27,ERP_EXPORT_20240115
Internet,SO44030,SO44030 - 1,AW00012131,,BK-R93R-44,France,France,"Jul 29, 2017",2017-08-08,08/05/2017,1.0,3578.27,0.0,2171.2942,2171.2942,3578.27,3578.27,ERP_EXPORT_20240115
Internet,SO48896,SO48896 - 1,AW00017632,,BK-R89B-44,United Kingdom,United Kingdom,2018-12-13 00:00:00,2018-12-23,20-12-2018,1.0,2181.5625,0.0,1320.6838,1320.6838,2181.5625,2181.5625,ERP_EXPORT_20240115
Internet ,SO45930,SO45930 - 1,AW00018148,,BK-R50R-48,France,France,18-03-2018,2018-03-28,"Mar 25, 2018",1.0,699.0982,0.0%,413.1463,413.1463,699.0982,699.0982,ERP_EXPORT_20240115
Internet,SO46892,SO46892 - 1,AW00013086,,BK-R89R-52,Northwest,United States,06/26/2018,2018-07-06,"Jul 03, 2018",1.0,2443.35,0.0,1518.7864,1518.7864,2443.35,2443.35,ERP_EXPORT_20240115
internet,SO44573,SO44573 - 1,AW00025917,,BK-M82S-48,Southwest,United States,20171001,2017-10-11,"Oct 08, 2017",1.0,3399.99,0.0,1912.1544,1912.1544,3399.99,3399.99,ERP_EXPORT_20240115
Internet,SO46231,SO46231 - 1,AW00012016,,BK-R93R-62,Southwest,United States,2018-04-16,2018-04-26,20180423,1.0,3578.27,0.0,2171.2942,2171.2942,3578.27,3578.27,ERP_EXPORT_20240115
Internet,SO45229,SO45229 - 1,,,BK-M82B-42,UNITED KINGDOM,United Kingdom,2017-12-26 00:00:00,2018-01-05,2018-01-02 00:00:00,1.7,3374.99,,1898.0944,1898.0944,3374.99,-3374.99,ERP_EXPORT_20240115
Internet,SO43992,SO43992 - 1,AW00016638,,BK-R93R-44,Australia,Australia,24-07-2017,2017-08-03,2017-07-31,1.0,3578.27,0.0,2171.2942,2171.2942,3578.27,3578.27,ERP_EXPORT_20240115
Internet,SO44355,SO44355 - 1,AW00011093,,BK-M82S-48,Australia,Australia,2017-09-08,2017-09-18,20170915,1.0,3399.99,0.0%,1912.1544,1912.1544,3399.99,3399.99,ERP_EXPORT_20240115
INTERNET,SO48578,SO48578 - 1,AW00017207,,BK-R89B-52,United Kingdom,United Kingdom,20181116,2018-11-26,23-11-2018,1.0,2181.5625,0.0,1320.6838,1320.6838,2181.5625,2181.5625,ERP_EXPORT_20240115
INTERNET,SO48473,SO48473 - 1,AW00026641,,BK-M68S-38,Southwest,United States,06-11-2018,2018-11-16,11/13/2018,1.0,2071.4196,0.0,1117.8559,1117.8559,2071.4196,2071.4196,ERP_EXPORT_20240115
Internet,SO48474,SO48474 - 1,AW00026447,,BK-R50R-48,Australia ,Australia,20181106,2018-11-16,2018-11-13 00:00:00,1.0,782.99,,486.7066,486.7066,782.99,782.99,ERP_EXPORT_20240115
Internet,SO44039,SO44039 - 1,AW00017971,,BK-R50B-52,France,France,2017-07-29 00:00:00,2017-08-08,"Aug 05, 2017",1.0,699.0982,0.0,413.1463,413.1463,699.0982,699.0982,ERP_EXPORT_20240115
Internet,SO44217,SO44217 - 1,AW00028148,,BK-R93R-62,Northwest,United States,2017-08-20 00:00:00,2017-08-30,20170827,1.0,3578.27,0.0,2171.2942,2171.2942,3578.27,3578.27,ERP_EXPORT_20240115
Internet,SO44872,SO44872 - 1,AW00029111,,BK-R93R-48,Southwest,United States,11/09/2017,2017-11-19,2017-11-16,1.0,3578.27,0.0,2171.2942,2171.2942,3578.27,3578.27,ERP_EXPORT_20240115
Internet,SO47843,SO47843 - 1,AW00015339,,BK-R50B-58,Southwest ,United States,09/15/2018,2018-09-25,"Sep 22, 2018",1.0,782.99,0.0,486.7066,486.7066,782.99,782.99,ERP_EXPORT_20240115
Internet,SO45773,SO45773 - 1,AW00019949,,BK-R93R-44,Australia,Australia,2018-02-27,2018-03-09,2018-03-06,1.0,3578.27,0.0,2171.2942,2171.2942,3578.27,3578.27,ERP_EXPORT_20240115
Internet,SO44913,SO44913 - 1,AW00018468,,BK-R93R-44,Australia,Australia,14-11-2017,2017-11-24,11/21/2017,1.0,3578.27,0.0,2171.2942,2171.2942,3578.27,3578.27,ERP_EXPORT_20240115
Internet,SO46009,SO46009 - 1,AW00011917,,BK-M82S-38,Australia,Australia,2018-03-29,2018-04-08,04/05/2018,1.0,3399.99,0.0,1912.1544,1912.1544,3399.99,3399.99,ERP_EXPORT_20240115
Internet,SO48812,SO48812 - 1,AW00013630,,BK-M68S-46,australia,Australia,02-12-2018,2018-12-12,"Dec 09, 2018",1.0,2071.4196,0.0,1117.8559,1117.8559,2071.4196,2071.4196,ERP_EXPORT_20240115
 Internet,SO45744,SO45744 - 1,AW00011894,,BK-M82B-48,Australia,Australia,"Feb 22, 2018",2018-03-04,20180301,1.0,3374.99,0.0,1898.0944,1898.0944,3374.99,3374.99,ERP_EXPORT_20240115
Internet,SO48819,SO48819 - 1,AW00013622,,BK-M68S-38,Australia,Australia,03-12-2018,2018-12-13,20181210,1.0,2071.4196,0.0,1117.8559,1117.8559,2071.4196,2071.4196,ERP_EXPORT_20240115
Internet,SO43980,SO43980 - 1,AW00011048,,BK-M82B-48,Australia,Australia,20170723,2017-08-02,2017-07-30 00:00:00,1.0,3374.99,0.0,1898.0944,1898.0944,3374.99,3374.99,ERP_EXPORT_20240115
internet,SO48568,SO48568 - 1,AW00019296,,BK-R50R-44,FRANCE,France,20181115,2018-11-25,"Nov 22, 2018",1.0,782.99,0.0,486.7066,486.7066,782.99,782.99,ERP_EXPORT_20240115
 Internet,SO47256,SO47256 - 1,AW00016417,,BK-R89B-44,United Kingdom,United Kingdom,2018-07-22 00:00:00,2018-08-01,"Jul 29, 2018",1.0,2181.5625,0.0,1320.6838,1320.6838,2181.5625,2181.5625,ERP_EXPORT_20240115
Internet,SO48497,SO48497 - 1,AW00026606,,BK-M68B-42,NORTHWEST,United States,2018-11-09,2018-11-19,2018-11-16,1.0,2049.0982,0.0,1105.81,1105.81,2049.0982,2049.0982,ERP_EXPORT_20240115
INTERNET,SO48928,SO48928 - 1,AW00015502,,BK-R50B-58,Northwest ,United States,16-12-2018,2018-12-26,23-12-2018,1.0,782.99,0.0%,486.7066,486.7066,782.99,782.99,ERP_EXPORT_20240115
Internet,SO46503,SO46503 - 1,AW00012764,,BK-R93R-62,Northwest,United States,05/18/2018,2018-05-28,2018-05-25,1.0,3578.27,0.0%,2171.2942,2171.2942,3578.27,3578.27,ERP_EXPORT_20240115
Internet,SO44469,SO44469 - 1,AW00017734,,BK-R93R-56,Australia ,Australia,20170928,2017-10-08,2017-10-05,1.0,3578.27,0.0,2171.2942,2171.2942,3578.27,3578.27,ERP_EXPORT_20240115
Internet,SO48179,SO48179 - 1,AW00016828,,BK-R89R-48,United Kingdom,United Kingdom,20181016,2018-10-26,2018-10-23,1.0,2443.35,0.0,1518.7864,1518.7864,2443.35,2443.35,ERP_EXPORT_20240115
Internet,SO47574,SO47574 - 1,AW00020171,,BK-R50B-58,Germany,Germany,20180818,2018-08-28,20180825,1.0,782.99,0.0,486.7066,486.7066,782.99,782.99,ERP_EXPORT_20240115
Internet,SO44069,SO44069 - 1,AW00028395,,BK-M82B-42,FRANCE,France,2017-08-02,2017-08-12,09-08-2017,1.0,3374.99,0.0,1898.0944,1898.0944,3374.99,3374.99,ERP_EXPORT_20240115
Internet,SO48851,SO48851 - 1,AW00026717,,BK-M68S-42,Northwest,United States,2018-12-08,2018-12-18,2018-12-15,1.0,2071.4196,0.0,1117.8559,1117.8559,2071.4196,2071.4196,ERP_EXPORT_20240115
Internet,SO44380,SO44380 - 1,AW00017915,,BK-R93R-62,Australia,Australia,09/11/2017,2017-09-21,18-09-2017,1.0,3578.27,0.0,2171.2942,2171.2942,3578.27,3578.27,ERP_EXPORT_20240115
internet,SO43701,SO43701 - 1,AW00011003,,BK-M82S-44,Australia,Australia,20170701,2017-07-11,08-07-2017,1.0,3399.99,0.0,1912.1544,1912.1544,3399.99,3399.99,ERP_EXPORT_20240115
Internet,SO47621,SO47621 - 1,AW00014044,,BK-R64Y-42,Southwest,United States,08/25/2018,2018-09-04,2018-09-01 00:00:00,1.0,1000.4375,0.0,605.6492,605.6492,1000.4375,1000.4375,ERP_EXPORT_20240115
Internet,SO48846,SO48846 - 1,AW00013651,,BK-M68B-42,Australia,Australia,"Dec 07, 2018",2018-12-17,2018-12-14,1.0,2049.0982,0.0%,1105.81,1105.81,2049.0982,2049.0982,ERP_EXPORT_20240115
Internet,SO47475,SO47475 - 1,AW00021945,,BK-R89R-48,Australia,Australia,03-08-2018,2018-08-13,10-08-2018,1.0,2443.35,0.0,1518.7864,1518.7864,2443.35,2443.35,ERP_EXPORT_20240115
Internet,SO46880,SO46880 - 1,AW00015167,,BK-R50B-60,Northwest,United States,24-06-2018,2018-07-04,2018-07-01,1.0,782.99,0.0%,486.7066,486.7066,782.99,782.99,ERP_EXPORT_20240115
 Internet,SO46409,SO46409 - 1,AW00015073,,BK-R93R-52,Germany,Germany,05/04/2018,2018-05-14,2018-05-11 00:00:00,1.0,3578.27,,2171.2942,2171.2942,3578.27,3578.27,ERP_EXPORT_20240115
Internet,SO47832,SO47832 - 1,AW00013478,,BK-R89R-48,northwest,United States,2018-09-14 00:00:00,2018-09-24,21-09-2018,1.0,2443.35,0.0,1518.7864,1518.7864,2443.35,2443.35,ERP_EXPORT_20240115
Internet,SO45415,SO45415 - 1,,,BK-R93R-48,Canada ,Canada,2018-01-11 00:00:00,2018-01-21,18-01-2018,1.3,3578.27,,2171.2942,2171.2942,-3578.27,-3578.27,ERP_EXPORT_20240115
INTERNET,SO45774,SO45774 - 1,AW00011261,,BK-R93R-48,Southwest,United States,2018-02-27,2018-03-09,06-03-2018,1.0,3578.27,,2171.2942,2171.2942,3578.27,3578.27,ERP_EXPORT_20240115
Internet,SO48956,SO48956 - 1,AW00013968,,BK-M68S-46,Australia,Australia,12/20/2018,2018-12-30,"Dec 27, 2018",1.0,2071.4196,0.0,1117.8559,1117.8559,2071.4196,2071.4196,ERP_EXPORT_20240115
Internet ,SO47317,SO47317 - 1,AW00014154,,BK-R89B-58,FRANCE,France,2018-07-28,2018-08-07,"Aug 04, 2018",1.0,2181.5625,0.0,1320.6838,1320.6838,2181.5625,2181.5625,ERP_EXPORT_20240115
Internet,SO44815,SO44815 - 1,AW00011444,,BK-M82B-48,Australia,Australia,11/01/2017,2017-11-11,2017-11-08,1.0,3374.99,0.0%,1898.0944,1898.0944,3374.99,3374.99,ERP_EXPORT_20240115
Internet,SO46484,SO46484 - 1,AW00012437,,BK-R93R-48,Northwest ,United States,2018-05-15,2018-05-25,"May 22, 2018",1.0,3578.27,0.0,2171.2942,2171.2942,3578.27,3578.27,ERP_EXPORT_20240115
Internet,SO45643,SO45643 - 1,AW00014541,,BK-R93R-62,Germany,Germany,2018-02-08 00:00:00,2018-02-18,20180215,1.0,3578.27,0.0,2171.2942,2171.2942,3578.27,3578.27,ERP_EXPORT_20240115
Internet,SO48405,SO48405 - 1,AW00012316,,BK-M68S-46,United Kingdom,United Kingdom,2018-10-31,2018-11-10,2018-11-07,1.0,2071.4196,0.0%,1117.8559,1117.8559,2071.4196,2071.4196,ERP_EXPORT_20240115
Internet,SO46204,SO46204 - 1,AW00011988,,BK-M82B-38,Australia,Australia,12-04-2018,2018-04-22,20180419,1.0,3374.99,0.0,1898.0944,1898.0944,3374.99,3374.99,ERP_EXPORT_20240115
Internet,SO45453,SO45453 - 1,AW00012549,,BK-R93R-44,France ,France,2018-01-18 00:00:00,2018-01-28,"Jan 25, 2018",1.0,3578.27,0.0,2171.2942,2171.2942,3578.27,3578.27,ERP_EXPORT_20240115
Internet,SO43793,SO43793 - 1,AW00011000,,BK-M82S-38, Australia,Australia,20170712,2017-07-22,20170719,1.0,3399.99,0.0,1912.1544,1912.1544,3399.99,3399.99,ERP_EXPORT_20240115
internet,SO43742,SO43742 - 1,AW00013576,,BK-R93R-56,united kingdom,United Kingdom,"Jul 06, 2017",2017-07-16,07/13/2017,1.0,3578.27,0.0%,2171.2942,2171.2942,3578.27,3578.27,ERP_EXPORT_20240115
Internet ,SO45622,SO45622 - 1,AW00028470,,BK-M82S-38,France ,France,02/04/2018,2018-02-14,20180211,1.0,3399.99,0.0,1912.1544,1912.1544,3399.99,3399.99,ERP_EXPORT_20240115
INTERNET,SO48876,SO48876 - 1,AW00026588,,BK-R50B-60,Australia,Australia,2018-12-10 00:00:00,2018-12-20,"Dec 17, 2018",1.0,782.99,0.0,486.7066,486.7066,782.99,782.99,ERP_EXPORT_20240115
Internet,SO45088,SO45088 - 1,AW00011398,,BK-M82S-42,United Kingdom,United Kingdom,20171203,2017-12-13,20171210,1.0,3399.99,0.0,1912.1544,1912.1544,3399.99,3399.99,ERP_EXPORT_20240115
internet,SO46719,SO46719 - 1,AW00011604,,BK-M68B-46,united kingdom,United Kingdom,05-06-2018,2018-06-15,20180612,1.0,2049.0982,0.0,1105.81,1105.81,2049.0982,2049.0982,ERP_EXPORT_20240115
Internet,SO47876,SO47876 - 1,AW00020848,,BK-R50B-44,United Kingdom,United Kingdom,2018-09-19 00:00:00,2018-09-29,2018-09-26,1.0,782.99,0.0,486.7066,486.7066,782.99,782.99,ERP_EXPORT_20240115
Internet,SO47782,SO47782 - 1,AW00022032,,BK-R89B-52,australia,Australia,07-09-2018,2018-09-17,14-09-2018,1.0,2181.5625,0.0,1320.6838,1320.6838,2181.5625,2181.5625,ERP_EXPORT_20240115
Internet,SO43725,SO43725 - 1,AW00013258,,BK-R93R-44,Germany,Germany,2017-07-04,2017-07-14,11-07-2017,1.0,3578.27,0.0,2171.2942,2171.2942,3578.27,3578.27,ERP_EXPORT_20240115
Internet,SO46710,SO46710 - 1,AW00011484,,BK-M68S-46,germany,Germany,06/04/2018,2018-06-14,2018-06-11 00:00:00,1.0,2071.4196,0.0,1117.8559,1117.8559,2071.4196,2071.4196,ERP_EXPORT_20240115
Internet,SO46252,SO46252 - 1,AW00014939,,BK-R93R-52,Germany,Germany,2018-04-19 00:00:00,2018-04-29,2018-04-26,1.0,3578.27,0.0,2171.2942,2171.2942,3578.27,3578.27,ERP_EXPORT_20240115
Internet,SO44641,SO44641 - 1,AW00018255,,BK-R93R-52,Australia,Australia,"Oct 12, 2017",2017-10-22,10/19/2017,1.0,3578.27,0.0,2171.2942,2171.2942,3578.27,3578.27,ERP_EXPORT_20240115
Internet,SO46488,SO46488 - 1,AW00020628,,BK-R93R-48,Australia,Australia,05/15/2018,2018-05-25,"May 22, 2018",1.0,3578.27,0.0,2171.2942,2171.2942,3578.27,3578.27,ERP_EXPORT_20240115
Internet,SO44806,SO44806 - 1,AW00018452,,BK-R93R-44, Australia,Australia,31-10-2017,2017-11-10,11/07/2017,1.0,3578.27,0.0,2171.2942,2171.2942,3578.27,3578.27,ERP_EXPORT_20240115
Internet,SO47242,SO47242 - 1,AW00028540,,BK-M68B-46,France,France,20180720,2018-07-30,2018-07-27 00:00:00,1.0,2049.0982,,1105.81,1105.81,2049.0982,2049.0982,ERP_EXPORT_20240115
Internet,SO48573,SO48573 - 1,AW00015419,,BK-R50R-48,Northwest,United States,"Nov 15, 2018",2018-11-25,22-11-2018,1.0,782.99,0.0,486.7066,486.7066,782.99,782.99,ERP_EXPORT_20240115
internet,SO45722,SO45722 - 1,AW00011908,,BK-M82B-48,Australia,Australia,"Feb 19, 2018",2018-03-01,"Feb 26, 2018",1.0,3374.99,0.0,1898.0944,1898.0944,3374.99,3374.99,ERP_EXPORT_20240115
 Internet,SO45428,SO45428 - 1,AW00011414,,BK-M82S-44,United Kingdom,United Kingdom,2018-01-13,2018-01-23,20-01-2018,1.0,3399.99,0.0,1912.1544,1912.1544,3399.99,3399.99,ERP_EXPORT_20240115
Internet,SO45251,SO45251 - 1,AW00019422,,BK-R50B-60,germany,Germany,30-12-2017,2018-01-09,2018-01-06 00:00:00,1.0,699.0982,0.0,413.1463,413.1463,699.0982,699.0982,ERP_EXPORT_20240115
Internet,SO45457,SO45457 - 1,AW00027752,,BK-R93R-52,Canada,Canada,"Jan 19, 2018",2018-01-29,01/26/2018,1.0,3578.27,0.0,2171.2942,2171.2942,3578.27,3578.27,ERP_EXPORT_20240115
Internet,SO46789,SO46789 - 1,AW00028506,,BK-M68B-38,France,France,2018-06-13 00:00:00,2018-06-23,20180620,1.0,2049.0982,0.0,1105.81,1105.81,2049.0982,2049.0982,ERP_EXPORT_20240115
Internet,SO45149,SO45149 - 1,AW00014941,,BK-R93R-56,United Kingdom ,United Kingdom,2017-12-14 00:00:00,2017-12-24,"Dec 21, 2017",1.0,3578.27,,2171.2942,2171.2942,3578.27,3578.27,ERP_EXPORT_20240115
Internet,SO48853,SO48853 - 1,AW00015520,,BK-R50B-62,Southwest,United States,"Dec 08, 2018",2018-12-18,2018-12-15,1.0,782.99,0.0,486.7066,486.7066,782.99,782.99,ERP_EXPORT_20240115
INTERNET,SO44909,SO44909 - 1,AW00028840,,BK-R93R-62,southwest,United States,2017-11-14 00:00:00,2017-11-24,11/21/2017,1.0,3578.27,0.0,2171.2942,2171.2942,3578.27,3578.27,ERP_EXPORT_20240115
Internet,SO48558,SO48558 - 1,AW00026684,,BK-M68B-42,Southwest,United States,11/13/2018,2018-11-23,"Nov 20, 2018",1.0,2049.0982,0.0,1105.81,1105.81,2049.0982,2049.0982,ERP_EXPORT_20240115
Internet,SO43766,SO43766 - 1,AW00016518,,BK-R93R-52,Australia,Australia,20170709,2017-07-19,"Jul 16, 2017",1.0,3578.27,0.0,2171.2942,2171.2942,3578.27,3578.27,ERP_EXPORT_20240115
Internet,SO44213,SO44213 - 1,AW00017351,,BK-R93R-62,Australia,Australia,20170819,2017-08-29,2017-08-26 00:00:00,1.0,3578.27,0.0,2171.2942,2171.2942,3578.27,3578.27,ERP_EXPORT_20240115
Internet,SO47220,SO47220 - 1,AW00012579,,BK-M68B-38, Australia,Australia,07/18/2018,2018-07-28,2018-07-25 00:00:00,1.0,2049.0982,0.0%,1105.81,1105.81,2049.0982,2049.0982,ERP_EXPORT_20240115
Internet,SO46392,SO46392 - 1,AW00013537,,BK-R93R-52,France,France,05/01/2018,2018-05-11,08-05-2018,1.0,3578.27,0.0,2171.2942,2171.2942,3578.27,3578.27,ERP_EXPORT_20240115
Internet ,SO46577,SO46577 - 1,AW00012913,,BK-R93R-44,northwest,United States,05/27/2018,2018-06-06,20180603,1.0,3578.27,0.0,2171.2942,2171.2942,3578.27,3578.27,ERP_EXPORT_20240115
Internet ,SO46844,SO46844 - 1,AW00012343,,BK-M68B-38,Australia,Australia,19-06-2018,2018-06-29,20180626,1.0,2049.0982,0.0,1105.81,1105.81,2049.0982,2049.0982,ERP_EXPORT_20240115
Internet,SO43729,SO43729 - 1,AW00011238,,BK-M82S-44,United Kingdom,United Kingdom,05-07-2017,2017-07-15,12-07-2017,1.0,3399.99,0.0,1912.1544,1912.1544,3399.99,3399.99,ERP_EXPORT_20240115
internet,SO48552,SO48552 - 1,AW00014242,,BK-R64Y-38,Northwest,United States,20181113,2018-11-23,20-11-2018,1.0,1000.4375,0.0,605.6492,605.6492,1000.4375,1000.4375,ERP_EXPORT_20240115
Internet,SO48580,SO48580 - 1,AW00012231,,BK-M68B-38,Germany,Germany,20181116,2018-11-26,11/23/2018,1.0,2049.0982,0.0,1105.81,1105.81,2049.0982,2049.0982,ERP_EXPORT_20240115
Internet,SO47518,SO47518 - 1,AW00021946,,BK-R89B-44,Australia,Australia,"Aug 10, 2018",2018-08-20,2018-08-17,1.0,2181.5625,0.0,1320.6838,1320.6838,2181.5625,2181.5625,ERP_EXPORT_20240115
Internet,SO46195,SO46195 - 1,AW00012027,,BK-R93R-56,Northwest,United States,20180412,2018-04-22,20180419,1.0,3578.27,0.0,2171.2942,2171.2942,3578.27,3578.27,ERP_EXPORT_20240115
Internet,SO44572,SO44572 - 1,AW00028664,,BK-R93R-56,Northwest,United States,01-10-2017,2017-10-11,20171008,1.0,3578.27,0.0,2171.2942,2171.2942,3578.27,3578.27,ERP_EXPORT_20240115
INTERNET,SO45482,SO45482 - 1,AW00012522,,BK-R93R-62, France,France,20180124,2018-02-03,31-01-2018,1.0,3578.27,,2171.2942,2171.2942,3578.27,3578.27,ERP_EXPORT_20240115
Internet,SO44442,SO44442 - 1,AW00014599,,BK-R50B-60,Northwest,United States,23-09-2017,2017-10-03,30-09-2017,1.0,699.0982,0.0%,413.1463,413.1463,699.0982,699.0982,ERP_EXPORT_20240115
Internet,SO48653,SO48653 - 1,AW00020680,,BK-M68B-42,Canada,Canada,11/22/2018,2018-12-02,29-11-2018,1.0,2049.0982,0.0,1105.81,1105.81,2049.0982,2049.0982,ERP_EXPORT_20240115
Internet,SO46871,SO46871 - 1,AW00013800,,BK-R89R-52,France,France,"Jun 23, 2018",2018-07-03,2018-06-30 00:00:00,1.0,2443.35,0.0,1518.7864,1518.7864,2443.35,2443.35,ERP_EXPORT_20240115
Internet,SO44175,SO44175 - 1,AW00017246,,BK-R93R-52,Australia,Australia,20170810,2017-08-20,17-08-2017,1.0,3578.27,0.0,2171.2942,2171.2942,3578.27,3578.27,ERP_EXPORT_20240115
Internet,SO46114,SO46114 - 1,AW00012053,,BK-R93R-52,Southwest,United States,2018-03-31,2018-04-10,2018-04-07 00:00:00,1.0,3578.27,0.0,2171.2942,2171.2942,3578.27,3578.27,ERP_EXPORT_20240115
Internet,SO46127,SO46127 - 1,AW00014895,,BK-R50B-60,southwest,United States,2018-04-02,2018-04-12,09-04-2018,1.0,699.0982,0.0,413.1463,413.1463,699.0982,699.0982,ERP_EXPORT_20240115
Internet,SO44640,SO44640 - 1,AW00018246,,BK-R93R-52,Australia,Australia,12-10-2017,2017-10-22,19-10-2017,1.0,3578.27,0.0,2171.2942,2171.2942,3578.27,3578.27,ERP_EXPORT_20240115
Internet,SO46143,SO46143 - 1,AW00026090,,BK-M82S-48,Southwest,United States,"Apr 04, 2018",2018-04-14,2018-04-11 00:00:00,1.0,3399.99,0.0,1912.1544,1912.1544,3399.99,3399.99,ERP_EXPORT_20240115
Internet,SO47759,SO47759 - 1,AW00014773,,BK-R89B-48,France,France,2018-09-03,2018-09-13,"Sep 10, 2018",1.0,2181.5625,0.0,1320.6838,1320.6838,2181.5625,2181.5625,ERP_EXPORT_20240115
Internet,SO44904,SO44904 - 1,AW00011359,,BK-M82B-44,Australia,Australia,2017-11-13,2017-11-23,20-11-2017,1.0,3374.99,0.0,1898.0944,1898.0944,3374.99,3374.99,ERP_EXPORT_20240115
Internet,SO48114,SO48114 - 1,AW00026439,,BK-R50R-58,AUSTRALIA,Australia,10/05/2018,2018-10-15,12-10-2018,1.0,782.99,0.0,486.7066,486.7066,782.99,782.99,ERP_EXPORT_20240115
Internet,SO46901,SO46901 - 1,AW00021203,,BK-R89B-48, Australia,Australia,06/27/2018,2018-07-07,2018-07-04,1.0,2181.5625,0.0,1320.6838,1320.6838,2181.5625,2181.5625,ERP_EXPORT_20240115
Internet,SO47295,SO47295 - 1,AW00014005,,BK-R64Y-44,SOUTHWEST,United States,2018-07-26,2018-08-05,20180802,1.0,1000.4375,0.0,605.6492,605.6492,1000.4375,1000.4375,ERP_EXPORT_20240115
internet,SO46236,SO46236 - 1,AW00012001,,BK-M82B-44,Australia ,Australia,16-04-2018,2018-04-26,"Apr 23, 2018",1.0,3374.99,,1898.0944,1898.0944,3374.99,3374.99,ERP_EXPORT_20240115
Internet,SO43753,SO43753 - 1,AW00016482,,BK-R93R-62,Australia,Australia,2017-07-07 00:00:00,2017-07-17,2017-07-14 00:00:00,1.0,3578.27,0.0,2171.2942,2171.2942,3578.27,3578.27,ERP_EXPORT_20240115
Internet,SO48873,SO48873 - 1,AW00015499,,BK-R50R-60,Northwest,United States,2018-12-10 00:00:00,2018-12-20,17-12-2018,1.0,782.99,0.0,486.7066,486.7066,782.99,782.99,ERP_EXPORT_20240115
 Internet,SO46443,SO46443 - 1,AW00015662,,BK-R93R-56,UNITED KINGDOM,United Kingdom,2018-05-08,2018-05-18,2018-05-15,1.0,3578.27,0.0,2171.2942,2171.2942,3578.27,3578.27,ERP_EXPORT_20240115
Internet,SO47109,SO47109 - 1,,,BK-R89B-48,CANADA,Canada,20180706,2018-07-16,"Jul 13, 2018",1.1,2181.5625,,1320.6838,1320.6838,-2181.5625,-2181.5625,ERP_EXPORT_20240115
Internet,SO48619,SO48619 - 1,AW00022934,,BK-R89R-48,Australia,Australia,"Nov 19, 2018",2018-11-29,20181126,1.0,2443.35,0.0%,1518.7864,1518.7864,2443.35,2443.35,ERP_EXPORT_20240115
Internet,SO48589,SO48589 - 1,AW00017646,,BK-R64Y-44,France,France,11/17/2018,2018-11-27,24-11-2018,1.0,1000.4375,0.0,605.6492,605.6492,1000.4375,1000.4375,ERP_EXPORT_20240115
INTERNET,SO47337,SO47337 - 1,AW00028520,,BK-M68S-42,France,France,31-07-2018,2018-08-10,20180807,1.0,2071.4196,0.0,1117.8559,1117.8559,2071.4196,2071.4196,ERP_EXPORT_20240115
Internet,SO44452,SO44452 - 1,AW00020164,,BK-R50B-58,United Kingdom,United Kingdom,"Sep 26, 2017",2017-10-06,"Oct 03, 2017",1.0,699.0982,0.0,413.1463,413.1463,699.0982,699.0982,ERP_EXPORT_20240115
 Internet,SO48167,SO48167 - 1,AW00026539,,BK-M68B-46, Southwest,United States,13-10-2018,2018-10-23,"Oct 20, 2018",1.0,2049.0982,,1105.81,1105.81,2049.0982,2049.0982,ERP_EXPORT_20240115
Internet,SO48504,SO48504 - 1,AW00020879,,BK-R50B-48,United Kingdom,United Kingdom,10-11-2018,2018-11-20,2018-11-17,1.0,782.99,0.0,486.7066,486.7066,782.99,782.99,ERP_EXPORT_20240115
Internet,SO45907,SO45907 - 1,AW00020214,,BK-R93R-62,AUSTRALIA,Australia,03/15/2018,2018-03-25,03/22/2018,1.0,3578.27,0.0%,2171.2942,2171.2942,3578.27,3578.27,ERP_EXPORT_20240115
Internet,SO44990,SO44990 - 1,AW00014645,,BK-R50B-44,Southwest,United States,20171124,2017-12-04,2017-12-01,1.0,699.0982,,413.1463,413.1463,699.0982,699.0982,ERP_EXPORT_20240115
internet,SO46922,SO46922 - 1,AW00013088,,BK-R89R-44,Northwest,United States,2018-06-30,2018-07-10,2018-07-07 00:00:00,1.0,2443.35,0.0%,1518.7864,1518.7864,2443.35,2443.35,ERP_EXPORT_20240115
INTERNET,SO44400,SO44400 - 1,AW00028588,,BK-R93R-48,Southwest,United States,14-09-2017,2017-09-24,09/21/2017,1.0,3578.27,0.0,2171.2942,2171.2942,3578.27,3578.27,ERP_EXPORT_20240115
Internet,SO43942,SO43942 - 1,AW00017051,,BK-R93R-62,Australia,Australia,07/20/2017,2017-07-30,2017-07-27 00:00:00,1.0,3578.27,0.0,2171.2942,2171.2942,3578.27,3578.27,ERP_EXPORT_20240115
Internet,SO45584,SO45584 - 1,AW00025828,,BK-R50B-62,Australia,Australia,29-01-2018,2018-02-08,05-02-2018,1.0,699.0982,0.0,413.1463,413.1463,699.0982,699.0982,ERP_EXPORT_20240115
Internet,SO44253,SO44253 - 1,AW00028099,,BK-R93R-62,Southwest,United States,2017-08-27 00:00:00,2017-09-06,20170903,1.0,3578.27,0.0,2171.2942,2171.2942,3578.27,3578.27,ERP_EXPORT_20240115
Internet,SO44642,SO44642 - 1,AW00025567,,BK-R50R-52,Australia,Australia,"Oct 12, 2017",2017-10-22,2017-10-19 00:00:00,1.0,699.0982,0.0%,413.1463,413.1463,699.0982,699.0982,ERP_EXPORT_20240115
Internet,SO45415,SO45415 - 1,,,BK-R93R-48,Canada ,Canada,2018-01-11 00:00:00,2018-01-21,18-01-2018,1.3,3578.27,,2171.2942,2171.2942,-3578.27,-3578.27,ERP_EXPORT_20240115
Internet,SO47954,SO47954 - 1,AW00026191,,BK-R50R-60,AUSTRALIA,Australia,2018-09-29 00:00:00,2018-10-09,"Oct 06, 2018",1.0,782.99,0.0,486.7066,486.7066,782.99,782.99,ERP_EXPORT_20240115
Internet,SO47335,SO47335 - 1,AW00012581,,BK-M68S-46,Australia ,Australia,2018-07-30 00:00:00,2018-08-09,"Aug 06, 2018",1.0,2071.4196,,1117.8559,1117.8559,2071.4196,2071.4196,ERP_EXPORT_20240115
Internet,SO48159,SO48159 - 1,AW00019322,,BK-R64Y-48,United Kingdom,United Kingdom,2018-10-12 00:00:00,2018-10-22,10/19/2018,1.0,1000.4375,0.0,605.6492,605.6492,1000.4375,1000.4375,ERP_EXPORT_20240115
Internet,SO45005,SO45005 - 1,AW00028844,,BK-R93R-48,SOUTHWEST,United States,11/26/2017,2017-12-06,03-12-2017,1.0,3578.27,0.0,2171.2942,2171.2942,3578.27,3578.27,ERP_EXPORT_20240115
 Internet,SO44444,SO44444 - 1,AW00013697,,BK-R93R-44,Germany,Germany,"Sep 24, 2017",2017-10-04,10/01/2017,1.0,3578.27,0.0,2171.2942,2171.2942,3578.27,3578.27,ERP_EXPORT_20240115
Internet,SO48927,SO48927 - 1,,,BK-M68B-46,Northwest,United States,16-12-2018,2018-12-26,2018-12-23,1.8,2049.0982,,1105.81,1105.81,-2049.0982,-2049.0982,ERP_EXPORT_20240115
Internet,SO48150,SO48150 - 1,AW00016822,,BK-R89R-48,United Kingdom,United Kingdom,"Oct 11, 2018",2018-10-21,"Oct 18, 2018",1.0,2443.35,0.0,1518.7864,1518.7864,2443.35,2443.35,ERP_EXPORT_20240115
Internet,SO44060,SO44060 - 1,AW00025273,,BK-R50B-52,Australia,Australia,07/31/2017,2017-08-10,07-08-2017,1.0,699.0982,0.0,413.1463,413.1463,699.0982,699.0982,ERP_EXPORT_20240115
Internet ,SO48425,SO48425 - 1,AW00016475,,BK-R89B-58,Germany,Germany,"Nov 02, 2018",2018-11-12,20181109,1.0,2181.5625,0.0,1320.6838,1320.6838,2181.5625,2181.5625,ERP_EXPORT_20240115
Internet,SO47172,SO47172 - 1,AW00012668,,BK-M68S-38,Australia,Australia,2018-07-13 00:00:00,2018-07-23,2018-07-20 00:00:00,1.0,2071.4196,0.0,1117.8559,1117.8559,2071.4196,2071.4196,ERP_EXPORT_20240115
Internet,SO45655,SO45655 - 1,AW00011323,,BK-R93R-48,southwest,United States,"Feb 10, 2018",2018-02-20,20180217,1.0,3578.27,,2171.2942,2171.2942,3578.27,3578.27,ERP_EXPORT_20240115
Internet,SO48622,SO48622 - 1,AW00013156,,BK-M68S-46,Australia,Australia,"Nov 19, 2018",2018-11-29,2018-11-26 00:00:00,1.0,2071.4196,0.0,1117.8559,1117.8559,2071.4196,2071.4196,ERP_EXPORT_20240115
Internet,SO45749,SO45749 - 1,AW00014797,,BK-R93R-44,Germany,Germany,2018-02-23,2018-03-05,20180302,1.0,3578.27,0.0,2171.2942,2171.2942,3578.27,3578.27,ERP_EXPORT_20240115
Internet,SO47311,SO47311 - 1,AW00015252,,BK-R50B-58,Northwest,United States,27-07-2018,2018-08-06,03-08-2018,1.0,782.99,0.0,486.7066,486.7066,782.99,782.99,ERP_EXPORT_20240115
internet,SO43945,SO43945 - 1,AW00016675,,BK-R93R-62,australia,Australia,07/20/2017,2017-07-30,2017-07-27 00:00:00,1.0,3578.27,0.0,2171.2942,2171.2942,3578.27,3578.27,ERP_EXPORT_20240115
Internet,SO46193,SO46193 - 1,AW00018634,,BK-R50B-52,France,France,"Apr 12, 2018",2018-04-22,2018-04-19,1.0,699.0982,,413.1463,413.1463,699.0982,699.0982,ERP_EXPORT_20240115
INTERNET,SO47080,SO47080 - 1,AW00026302,,BK-M68B-42,Southwest,United States,20180702,2018-07-12,07/09/2018,1.0,2049.0982,0.0%,1105.81,1105.81,2049.0982,2049.0982,ERP_EXPORT_20240115
Internet ,SO48127,SO48127 - 1,AW00020598,,BK-R50B-52,germany,Germany,20181007,2018-10-17,10/14/2018,1.0,782.99,0.0,486.7066,486.7066,782.99,782.99,ERP_EXPORT_20240115
Internet ,SO44932,SO44932 - 1,AW00018303,,BK-R93R-48,Australia,Australia,"Nov 17, 2017",2017-11-27,11/24/2017,1.0,3578.27,0.0,2171.2942,2171.2942,3578.27,3578.27,ERP_EXPORT_20240115
Internet ,SO46144,SO46144 - 1,AW00026094,,BK-M82B-44,Southwest,United States,"Apr 04, 2018",2018-04-14,04/11/2018,1.0,3374.99,0.0,1898.0944,1898.0944,3374.99,3374.99,ERP_EXPORT_20240115
Internet,SO47814,SO47814 - 1,AW00026338,,BK-M68B-42,SOUTHWEST,United States,2018-09-12,2018-09-22,"Sep 19, 2018",1.0,2049.0982,0.0,1105.81,1105.81,2049.0982,2049.0982,ERP_EXPORT_20240115
Internet,SO48725,SO48725 - 1,AW00017202,,BK-R89B-52,United Kingdom,United Kingdom,2018-11-30 00:00:00,2018-12-10,"Dec 07, 2018",1.0,2181.5625,0.0,1320.6838,1320.6838,2181.5625,2181.5625,ERP_EXPORT_20240115
Internet,SO44203,SO44203 - 1,AW00028149,,BK-R93R-48,SOUTHWEST,United States,08/17/2017,2017-08-27,24-08-2017,1.0,3578.27,0.0,2171.2942,2171.2942,3578.27,3578.27,ERP_EXPORT_20240115
Internet,SO45168,SO45168 - 1,AW00018738,,BK-R93R-48,australia,Australia,16-12-2017,2017-12-26,2017-12-23,1.0,3578.27,0.0,2171.2942,2171.2942,3578.27,3578.27,ERP_EXPORT_20240115
Internet,SO48795,SO48795 - 1,AW00016538,,BK-R89B-48,Germany,Germany,2018-12-01 00:00:00,2018-12-11,20181208,1.0,2181.5625,0.0,1320.6838,1320.6838,2181.5625,2181.5625,ERP_EXPORT_20240115
Internet,SO45859,SO45859 - 1,AW00012754,,BK-R93R-56,France,France,03/08/2018,2018-03-18,2018-03-15,1.0,3578.27,0.0,2171.2942,2171.2942,3578.27,3578.27,ERP_EXPORT_20240115
Internet,SO44958,SO44958 - 1,AW00020173,,BK-R50B-58,United Kingdom,United Kingdom,2017-11-20,2017-11-30,2017-11-27,1.0,699.0982,0.0,413.1463,413.1463,699.0982,699.0982,ERP_EXPORT_20240115
INTERNET,SO44691,SO44691 - 1,AW00028414,,BK-M82S-44,France,France,2017-10-21,2017-10-31,28-10-2017,1.0,3399.99,0.0,1912.1544,1912.1544,3399.99,3399.99,ERP_EXPORT_20240115
Internet,SO44467,SO44467 - 1,AW00011070,,BK-M82S-44,Australia,Australia,"Sep 28, 2017",2017-10-08,20171005,1.0,3399.99,0.0%,1912.1544,1912.1544,3399.99,3399.99,ERP_EXPORT_20240115
Internet,SO46827,SO46827 - 1,AW00013799,,BK-R89B-44, France,France,06/18/2018,2018-06-28,06/25/2018,1.0,2181.5625,0.0,1320.6838,1320.6838,2181.5625,2181.5625,ERP_EXPORT_20240115
Internet,SO45126,SO45126 - 1,,,BK-R93R-44,France,France,20171210,2017-12-20,20171217,1.6,3578.27,,2171.2942,2171.2942,-3578.27,-3578.27,ERP_EXPORT_20240115
Internet,SO48120,SO48120 - 1,,,BK-R50R-62,Southwest,United States,10/06/2018,2018-10-16,10/13/2018,1.2,782.99,,486.7066,486.7066,-782.99,-782.99,ERP_EXPORT_20240115
internet,SO46022,SO46022 - 1,AW00011968,,BK-M82S-44,Australia,Australia,03/30/2018,2018-04-09,2018-04-06,1.0,3399.99,0.0,1912.1544,1912.1544,3399.99,3399.99,ERP_EXPORT_20240115
Internet,SO48856,SO48856 - 1,AW00013967,,BK-M68B-38,Australia,Australia,12/08/2018,2018-12-18,2018-12-15 00:00:00,1.0,2049.0982,0.0,1105.81,1105.81,2049.0982,2049.0982,ERP_EXPORT_20240115
Internet,SO46199,SO46199 - 1,AW00020256,,BK-R93R-56,Australia,Australia,2018-04-12 00:00:00,2018-04-22,20180419,1.0,3578.27,0.0,2171.2942,2171.2942,3578.27,3578.27,ERP_EXPORT_20240115
Internet,SO46206,SO46206 - 1,AW00020023,,BK-M82B-38,Canada,Canada,13-04-2018,2018-04-23,2018-04-20,1.0,3374.99,0.0,1898.0944,1898.0944,3374.99,3374.99,ERP_EXPORT_20240115
Internet,SO43840,SO43840 - 1,AW00017957,,BK-R50R-44,France,France,20170717,2017-07-27,2017-07-24,1.0,699.0982,0.0,413.1463,413.1463,699.0982,699.0982,ERP_EXPORT_20240115
Internet ,SO48196,SO48196 - 1,AW00026440,,BK-R50R-44,Australia,Australia,18-10-2018,2018-10-28,10/25/2018,1.0,782.99,0.0,486.7066,486.7066,782.99,782.99,ERP_EXPORT_20240115
 Internet,SO46156,SO46156 - 1,AW00012118,,BK-R93R-56,Southwest,United States,2018-04-06,2018-04-16,04/13/2018,1.0,3578.27,0.0%,2171.2942,2171.2942,3578.27,3578.27,ERP_EXPORT_20240115
Internet,SO44362,SO44362 - 1,AW00028259,,BK-R93R-62,Southwest,United States,2017-09-09,2017-09-19,"Sep 16, 2017",1.0,3578.27,0.0,2171.2942,2171.2942,3578.27,3578.27,ERP_EXPORT_20240115
Internet,SO44626,SO44626 - 1,AW00018272,,BK-R93R-52,australia,Australia,20171010,2017-10-20,20171017,1.0,3578.27,0.0,2171.2942,2171.2942,3578.27,3578.27,ERP_EXPORT_20240115
Internet,SO46682,SO46682 - 1,AW00012355,,BK-M68B-38,Australia,Australia,"May 31, 2018",2018-06-10,20180607,1.0,2049.0982,0.0,1105.81,1105.81,2049.0982,2049.0982,ERP_EXPORT_20240115
Internet,SO48799,SO48799 - 1,AW00026708,,BK-M68S-38, Southwest,United States,2018-12-01,2018-12-11,12/08/2018,1.0,2071.4196,0.0,1117.8559,1117.8559,2071.4196,2071.4196,ERP_EXPORT_20240115
Internet ,SO43965,SO43965 - 1,AW00011038,,BK-M82B-48,Australia ,Australia,22-07-2017,2017-08-01,"Jul 29, 2017",1.0,3374.99,0.0,1898.0944,1898.0944,3374.99,3374.99,ERP_EXPORT_20240115
INTERNET,SO45936,SO45936 - 1,AW00026016,,BK-M82B-42,Southwest,United States,"Mar 19, 2018",2018-03-29,2018-03-26 00:00:00,1.0,3374.99,0.0,1898.0944,1898.0944,3374.99,3374.99,ERP_EXPORT_20240115
Internet,SO44614,SO44614 - 1,AW00028650,,BK-R93R-48,Southwest,United States,08-10-2017,2017-10-18,10/15/2017,1.0,3578.27,0.0,2171.2942,2171.2942,3578.27,3578.27,ERP_EXPORT_20240115
INTERNET,SO44343,SO44343 - 1,AW00017920,,BK-R93R-56,Australia,Australia,"Sep 06, 2017",2017-09-16,20170913,1.0,3578.27,0.0,2171.2942,2171.2942,3578.27,3578.27,ERP_EXPORT_20240115
Internet,SO46425,SO46425 - 1,AW00024496,,BK-R93R-52,Canada,Canada,20180506,2018-05-16,13-05-2018,1.0,3578.27,0.0,2171.2942,2171.2942,3578.27,3578.27,ERP_EXPORT_20240115
internet,SO46824,SO46824 - 1,AW00024608,,BK-R64Y-42,Australia,Australia,2018-06-17 00:00:00,2018-06-27,2018-06-24 00:00:00,1.0,1000.4375,0.0%,605.6492,605.6492,1000.4375,1000.4375,ERP_EXPORT_20240115
Internet,SO44720,SO44720 - 1,AW00028625,,BK-R93R-44,Northwest,United States,"Oct 27, 2017",2017-11-06,"Nov 03, 2017",1.0,3578.27,0.0,2171.2942,2171.2942,3578.27,3578.27,ERP_EXPORT_20240115
Internet,SO46471,SO46471 - 1,AW00014979,,BK-R93R-62,Germany,Germany,"May 12, 2018",2018-05-22,19-05-2018,1.0,3578.27,0.0%,2171.2942,2171.2942,3578.27,3578.27,ERP_EXPORT_20240115
Internet,SO47827,SO47827 - 1,AW00022175,,BK-R89R-52,Australia,Australia,20180913,2018-09-23,09/20/2018,1.0,2443.35,0.0,1518.7864,1518.7864,2443.35,2443.35,ERP_EXPORT_20240115
Internet,SO47308,SO47308 - 1,AW00020718,,BK-R50R-44, United Kingdom,United Kingdom,20180727,2018-08-06,2018-08-03,1.0,782.99,0.0%,486.7066,486.7066,782.99,782.99,ERP_EXPORT_20240115
 Internet,SO43963,SO43963 - 1,AW00016685,,BK-R93R-56,Australia,Australia,2017-07-22,2017-08-01,29-07-2017,1.0,3578.27,0.0,2171.2942,2171.2942,3578.27,3578.27,ERP_EXPORT_20240115
internet,SO44898,SO44898 - 1,AW00018307,,BK-R93R-62,Australia,Australia,12-11-2017,2017-11-22,"Nov 19, 2017",1.0,3578.27,0.0,2171.2942,2171.2942,3578.27,3578.27,ERP_EXPORT_20240115
Internet,SO46846,SO46846 - 1,AW00013575,,BK-R89B-44,France,France,20-06-2018,2018-06-30,2018-06-27,1.0,2181.5625,0.0,1320.6838,1320.6838,2181.5625,2181.5625,ERP_EXPORT_20240115
Internet,SO48133,SO48133 - 1,AW00022571,,BK-R89B-52,Australia,Australia,2018-10-08 00:00:00,2018-10-18,20181015,1.0,2181.5625,0.0,1320.6838,1320.6838,2181.5625,2181.5625,ERP_EXPORT_20240115
Internet,SO44865,SO44865 - 1,AW00011372,,BK-M82B-48,australia,Australia,"Nov 07, 2017",2017-11-17,11/14/2017,1.0,3374.99,0.0%,1898.0944,1898.0944,3374.99,3374.99,ERP_EXPORT_20240115
Internet,SO44455,SO44455 - 1,AW00017513,,BK-R93R-48,AUSTRALIA,Australia,26-09-2017,2017-10-06,03-10-2017,1.0,3578.27,0.0,2171.2942,2171.2942,3578.27,3578.27,ERP_EXPORT_20240115
 Internet,SO47834,SO47834 - 1,,,BK-R89B-48,Australia,Australia,2018-09-14 00:00:00,2018-09-24,2018-09-21 00:00:00,1.6,2181.5625,,1320.6838,1320.6838,2181.5625,-2181.5625,ERP_EXPORT_20240115
Internet,SO44931,SO44931 - 1,AW00028849,,BK-R93R-48,Northwest,United States,2017-11-17,2017-11-27,24-11-2017,1.0,3578.27,0.0,2171.2942,2171.2942,3578.27,3578.27,ERP_EXPORT_20240115
Internet,SO44592,SO44592 - 1,AW00028761,,BK-R93R-56,southwest,United States,2017-10-05 00:00:00,2017-10-15,2017-10-12 00:00:00,1.0,3578.27,0.0,2171.2942,2171.2942,3578.27,3578.27,ERP_EXPORT_20240115
Internet,SO46220,SO46220 - 1,AW00024344,,BK-R93R-52,Canada,Canada,"Apr 15, 2018",2018-04-25,2018-04-22 00:00:00,1.0,3578.27,0.0,2171.2942,2171.2942,3578.27,3578.27,ERP_EXPORT_20240115
Internet,SO43932,SO43932 - 1,AW00016741,,BK-R93R-56,australia,Australia,2017-07-19 00:00:00,2017-07-29,2017-07-26,1.0,3578.27,0.0,2171.2942,2171.2942,3578.27,3578.27,ERP_EXPORT_20240115
Internet,SO46318,SO46318 - 1,AW00020444,,BK-R93R-48,Australia,Australia,"Apr 29, 2018",2018-05-09,06-05-2018,1.0,3578.27,,2171.2942,2171.2942,3578.27,3578.27,ERP_EXPORT_20240115
Internet,SO48249,SO48249 - 1,AW00015394,,BK-R50B-62,Southwest,United States,2018-10-26 00:00:00,2018-11-05,2018-11-02,1.0,782.99,0.0,486.7066,486.7066,782.99,782.99,ERP_EXPORT_20240115
Internet,SO45707,SO45707 - 1,AW00011904,,BK-M82S-42,Australia,Australia,"Feb 17, 2018",2018-02-27,20180224,1.0,3399.99,0.0,1912.1544,1912.1544,3399.99,3399.99,ERP_EXPORT_20240115
Internet,SO47202,SO47202 - 1,AW00026285,,BK-M68S-46,Northwest,United States,20180716,2018-07-26,20180723,1.0,2071.4196,0.0,1117.8559,1117.8559,2071.4196,2071.4196,ERP_EXPORT_20240115
 Internet,SO44953,SO44953 - 1,AW00028859,,BK-R93R-48,northwest,United States,"Nov 19, 2017",2017-11-29,26-11-2017,1.0,3578.27,0.0,2171.2942,2171.2942,3578.27,3578.27,ERP_EXPORT_20240115
Internet,SO47525,SO47525 - 1,AW00021889,,BK-R89B-58,Australia,Australia,"Aug 11, 2018",2018-08-21,18-08-2018,1.0,2181.5625,0.0,1320.6838,1320.6838,2181.5625,2181.5625,ERP_EXPORT_20240115
Internet,SO44419,SO44419 - 1,AW00017352,,BK-R93R-62,Australia,Australia,20170918,2017-09-28,2017-09-25 00:00:00,1.0,3578.27,0.0,2171.2942,2171.2942,3578.27,3578.27,ERP_EXPORT_20240115
Internet,SO47900,SO47900 - 1,AW00013035,,BK-M68B-46,australia,Australia,20180922,2018-10-02,29-09-2018,1.0,2049.0982,0.0,1105.81,1105.81,2049.0982,2049.0982,ERP_EXPORT_20240115
Internet,SO45188,SO45188 - 1,AW00014861,,BK-R93R-44,united kingdom,United Kingdom,20171219,2017-12-29,12/26/2017,1.0,3578.27,0.0,2171.2942,2171.2942,3578.27,3578.27,ERP_EXPORT_20240115
Internet,SO45353,SO45353 - 1,AW00028630,,BK-R93R-62,Canada,Canada,2018-01-02,2018-01-12,"Jan 09, 2018",1.0,3578.27,0.0%,2171.2942,2171.2942,3578.27,3578.27,ERP_EXPORT_20240115
Internet,SO46435,SO46435 - 1,,,BK-M82B-38,Australia,Australia,2018-05-07,2018-05-17,14-05-2018,1.4,3374.99,,1898.0944,1898.0944,-3374.99,-3374.99,ERP_EXPORT_20240115
Internet,SO44576,SO44576 - 1,AW00028660,,BK-R93R-52,Northwest,United States,10/01/2017,2017-10-11,08-10-2017,1.0,3578.27,0.0,2171.2942,2171.2942,3578.27,3578.27,ERP_EXPORT_20240115
INTERNET,SO46839,SO46839 - 1,,,BK-R89B-48,Canada,Canada,2018-06-19,2018-06-29,"Jun 26, 2018",1.2,2181.5625,,1320.6838,1320.6838,-2181.5625,-2181.5625,ERP_EXPORT_20240115
Internet,SO48609,SO48609 - 1,AW00026646,,BK-M68S-46,Southwest ,United States,20181118,2018-11-28,11/25/2018,1.0,2071.4196,0.0,1117.8559,1117.8559,2071.4196,2071.4196,ERP_EXPORT_20240115
Internet,SO45637,SO45637 - 1,AW00011525,,BK-R93R-56,Northwest,United States,20180206,2018-02-16,13-02-2018,1.0,3578.27,0.0,2171.2942,2171.2942,3578.27,3578.27,ERP_EXPORT_20240115
Internet,SO46015,SO46015 - 1,AW00023511,,BK-R93R-52,Canada,Canada,30-03-2018,2018-04-09,04/06/2018,1.0,3578.27,0.0,2171.2942,2171.2942,3578.27,3578.27,ERP_EXPORT_20240115
Internet,SO44704,SO44704 - 1,AW00029403,,BK-M82B-44,Germany,Germany,24-10-2017,2017-11-03,2017-10-31,1.0,3374.99,0.0,1898.0944,1898.0944,3374.99,3374.99,ERP_EXPORT_20240115
INTERNET,SO44599,SO44599 - 1,AW00028792,,BK-R93R-62,Northwest,United States,2017-10-06,2017-10-16,20171013,1.0,3578.27,0.0,2171.2942,2171.2942,3578.27,3578.27,ERP_EXPORT_20240115
 Internet,SO47491,SO47491 - 1,AW00015932,,BK-R89R-48,Germany,Germany,08/07/2018,2018-08-17,20180814,1.0,2443.35,0.0,1518.7864,1518.7864,2443.35,2443.35,ERP_EXPORT_20240115
Internet,SO46235,SO46235 - 1,AW00012151,,BK-R93R-48,southwest,United States,04/16/2018,2018-04-26,04/23/2018,1.0,3578.27,0.0,2171.2942,2171.2942,3578.27,3578.27,ERP_EXPORT_20240115
Internet,SO47748,SO47748 - 1,AW00026485,,BK-M68S-38,Northwest,United States,2018-09-02 00:00:00,2018-09-12,09-09-2018,1.0,2071.4196,0.0,1117.8559,1117.8559,2071.4196,2071.4196,ERP_EXPORT_20240115
Internet,SO48909,SO48909 - 1,AW00013953,,BK-M68S-38, Australia,Australia,2018-12-14 00:00:00,2018-12-24,12/21/2018,1.0,2071.4196,,1117.8559,1117.8559,2071.4196,2071.4196,ERP_EXPORT_20240115
Internet,SO43750,SO43750 - 1,AW00011591,,BK-R93R-44,France ,France,2017-07-07,2017-07-17,2017-07-14,1.0,3578.27,0.0,2171.2942,2171.2942,3578.27,3578.27,ERP_EXPORT_20240115
internet,SO48207,SO48207 - 1,AW00022407,,BK-R89B-44,Australia ,Australia,20-10-2018,2018-10-30,2018-10-27,1.0,2181.5625,0.0,1320.6838,1320.6838,2181.5625,2181.5625,ERP_EXPORT_20240115
Internet,SO44944,SO44944 - 1,AW00025707,,BK-R50B-58,Australia,Australia,18-11-2017,2017-11-28,25-11-2017,1.0,699.0982,0.0,413.1463,413.1463,699.0982,699.0982,ERP_EXPORT_20240115
Internet,SO48507,SO48507 - 1,AW00014255,,BK-R64Y-48,NORTHWEST,United States,2018-11-10 00:00:00,2018-11-20,2018-11-17,1.0,1000.4375,0.0,605.6492,605.6492,1000.4375,1000.4375,ERP_EXPORT_20240115
Internet,SO44718,SO44718 - 1,AW00018239,,BK-R93R-56,Australia,Australia,"Oct 26, 2017",2017-11-05,02-11-2017,1.0,3578.27,0.0,2171.2942,2171.2942,3578.27,3578.27,ERP_EXPORT_20240115
Internet,SO48596,SO48596 - 1,AW00023101,,BK-R89B-44,australia,Australia,11/17/2018,2018-11-27,"Nov 24, 2018",1.0,2181.5625,0.0,1320.6838,1320.6838,2181.5625,2181.5625,ERP_EXPORT_20240115
internet,SO46771,SO46771 - 1,AW00013068,,BK-R89B-52,Southwest,United States,2018-06-11,2018-06-21,"Jun 18, 2018",1.0,2181.5625,0.0,1320.6838,1320.6838,2181.5625,2181.5625,ERP_EXPORT_20240115
Internet,SO45599,SO45599 - 1,AW00019794,,BK-R93R-48, Australia,Australia,01/31/2018,2018-02-10,20180207,1.0,3578.27,,2171.2942,2171.2942,3578.27,3578.27,ERP_EXPORT_20240115
Internet,SO46711,SO46711 - 1,AW00013592,,BK-R89R-48,France,France,2018-06-04,2018-06-14,06/11/2018,1.0,2443.35,0.0%,1518.7864,1518.7864,2443.35,2443.35,ERP_EXPORT_20240115
internet,SO48837,SO48837 - 1,AW00023311,,BK-R89R-58,Australia,Australia,12/06/2018,2018-12-16,2018-12-13,1.0,2181.5625,0.0,1320.6838,1320.6838,2181.5625,2181.5625,ERP_EXPORT_20240115
Internet,SO45654,SO45654 - 1,AW00028478,,BK-M82B-38,France,France,2018-02-10 00:00:00,2018-02-20,17-02-2018,1.0,3374.99,0.0,1898.0944,1898.0944,3374.99,3374.99,ERP_EXPORT_20240115
INTERNET,SO46287,SO46287 - 1,AW00012026,,BK-R93R-48,Southwest,United States,"Apr 24, 2018",2018-05-04,"May 01, 2018",1.0,3578.27,0.0,2171.2942,2171.2942,3578.27,3578.27,ERP_EXPORT_20240115
INTERNET,SO46170,SO46170 - 1,AW00012156,,BK-R93R-48,southwest,United States,20180408,2018-04-18,20180415,1.0,3578.27,0.0,2171.2942,2171.2942,3578.27,3578.27,ERP_EXPORT_20240115
Internet,SO45211,SO45211 - 1,,,BK-R93R-44,Australia,Australia,12/22/2017,2018-01-01,29-12-2017,1.4,3578.27,,2171.2942,2171.2942,3578.27,-3578.27,ERP_EXPORT_20240115
 Internet,SO47261,SO47261 - 1,AW00026305,,BK-M68B-46,Northwest,United States,07/22/2018,2018-08-01,"Jul 29, 2018",1.0,2049.0982,0.0%,1105.81,1105.81,2049.0982,2049.0982,ERP_EXPORT_20240115
Internet,SO47082,SO47082 - 1,AW00015254,,BK-R50R-60,Southeast,United States,2018-07-02,2018-07-12,07/09/2018,1.0,782.99,0.0,486.7066,486.7066,782.99,782.99,ERP_EXPORT_20240115
 Internet,SO48549,SO48549 - 1,AW00014946,,BK-R89B-48,France,France,13-11-2018,2018-11-23,"Nov 20, 2018",1.0,2181.5625,0.0,1320.6838,1320.6838,2181.5625,2181.5625,ERP_EXPORT_20240115
Internet,SO48144,SO48144 - 1,AW00016823,,BK-R89R-52, United Kingdom,United Kingdom,10-10-2018,2018-10-20,20181017,1.0,2443.35,0.0,1518.7864,1518.7864,2443.35,2443.35,ERP_EXPORT_20240115
INTERNET,SO47850,SO47850 - 1,AW00015350,,BK-R50R-58,Northwest,United States,20180916,2018-09-26,23-09-2018,1.0,782.99,0.0,486.7066,486.7066,782.99,782.99,ERP_EXPORT_20240115
Internet,SO45132,SO45132 - 1,AW00025985,,BK-M82B-44,Southwest,United States,2017-12-11 00:00:00,2017-12-21,12/18/2017,1.0,3374.99,0.0,1898.0944,1898.0944,3374.99,3374.99,ERP_EXPORT_20240115
Internet,SO48627,SO48627 - 1,AW00028758,,BK-M68B-46,France ,France,20181120,2018-11-30,"Nov 27, 2018",1.0,2049.0982,0.0,1105.81,1105.81,2049.0982,2049.0982,ERP_EXPORT_20240115
Internet ,SO46176,SO46176 - 1,AW00011491,,BK-M82B-42,United Kingdom,United Kingdom,04/09/2018,2018-04-19,"Apr 16, 2018",1.0,3374.99,0.0,1898.0944,1898.0944,3374.99,3374.99,ERP_EXPORT_20240115
Internet,SO46848,SO46848 - 1,AW00016201,,BK-R89R-58,United Kingdom,United Kingdom,20180620,2018-06-30,2018-06-27,1.0,2181.5625,0.0,1320.6838,1320.6838,2181.5625,2181.5625,ERP_EXPORT_20240115
Internet,SO48644,SO48644 - 1,AW00014270,,BK-R64Y-44,Southwest,United States,"Nov 22, 2018",2018-12-02,2018-11-29,1.0,1000.4375,0.0,605.6492,605.6492,1000.4375,1000.4375,ERP_EXPORT_20240115
INTERNET,SO48924,SO48924 - 1,AW00026040,,BK-R89R-44,Canada ,Canada,16-12-2018,2018-12-26,12/23/2018,1.0,2443.35,0.0,1518.7864,1518.7864,2443.35,2443.35,ERP_EXPORT_20240115
Internet,SO46414,SO46414 - 1,AW00015006,,BK-R50B-44,SOUTHWEST,United States,2018-05-04 00:00:00,2018-05-14,11-05-2018,1.0,699.0982,0.0%,413.1463,413.1463,699.0982,699.0982,ERP_EXPORT_20240115
Internet,SO45977,SO45977 - 1,AW00020216,,BK-R93R-52,Australia,Australia,2018-03-25,2018-04-04,2018-04-01,1.0,3578.27,0.0,2171.2942,2171.2942,3578.27,3578.27,ERP_EXPORT_20240115
 Internet,SO47807,SO47807 - 1,AW00016575,,BK-R89B-58,United Kingdom,United Kingdom,20180911,2018-09-21,2018-09-18,1.0,2181.5625,0.0,1320.6838,1320.6838,2181.5625,2181.5625,ERP_EXPORT_20240115
Internet,SO46567,SO46567 - 1,AW00012707,,BK-R93R-52,Northwest,United States,05/25/2018,2018-06-04,01-06-2018,1.0,3578.27,0.0,2171.2942,2171.2942,3578.27,3578.27,ERP_EXPORT_20240115
INTERNET,SO47150,SO47150 - 1,AW00015625,,BK-R89R-52,Germany,Germany,"Jul 11, 2018",2018-07-21,18-07-2018,1.0,2443.35,0.0,1518.7864,1518.7864,2443.35,2443.35,ERP_EXPORT_20240115
Internet,SO48246,SO48246 - 1,AW00012218,,BK-M68S-42,germany,Germany,26-10-2018,2018-11-05,02-11-2018,1.0,2071.4196,0.0,1117.8559,1117.8559,2071.4196,2071.4196,ERP_EXPORT_20240115
Internet,SO47549,SO47549 - 1,,,BK-R50B-52,FRANCE,France,14-08-2018,2018-08-24,08/21/2018,1.7,782.99,,486.7066,486.7066,-782.99,-782.99,ERP_EXPORT_20240115
Internet,SO47609,SO47609 - 1,AW00015309,,BK-R50B-60,Southwest,United States,2018-08-23 00:00:00,2018-09-02,2018-08-30 00:00:00,1.0,782.99,0.0,486.7066,486.7066,782.99,782.99,ERP_EXPORT_20240115
Internet,SO47849,SO47849 - 1,AW00015342,,BK-R50R-60,Southwest ,United States,16-09-2018,2018-09-26,2018-09-23 00:00:00,1.0,782.99,0.0%,486.7066,486.7066,782.99,782.99,ERP_EXPORT_20240115
Internet,SO46786,SO46786 - 1,AW00026201,,BK-M68S-42,Southwest,United States,12-06-2018,2018-06-22,2018-06-19,1.0,2071.4196,0.0,1117.8559,1117.8559,2071.4196,2071.4196,ERP_EXPORT_20240115
Internet,SO45238,SO45238 - 1,AW00011459,,BK-M82S-44,Australia,Australia,"Dec 27, 2017",2018-01-06,"Jan 03, 2018",1.0,3399.99,0.0,1912.1544,1912.1544,3399.99,3399.99,ERP_EXPORT_20240115
Internet,SO44892,SO44892 - 1,AW00022267,,BK-R93R-52,Canada,Canada,20171112,2017-11-22,20171119,1.0,3578.27,0.0,2171.2942,2171.2942,3578.27,3578.27,ERP_EXPORT_20240115
Internet,SO44954,SO44954 - 1,AW00028990,,BK-R93R-62,Southwest,United States,2017-11-19,2017-11-29,2017-11-26,1.0,3578.27,0.0%,2171.2942,2171.2942,3578.27,3578.27,ERP_EXPORT_20240115
Internet,SO45021,SO45021 - 1,AW00011358,,BK-M82B-38,Australia,Australia,2017-11-28,2017-12-08,20171205,1.0,3374.99,0.0,1898.0944,1898.0944,3374.99,3374.99,ERP_EXPORT_20240115
INTERNET,SO48591,SO48591 - 1,AW00028739,,BK-M68B-38,France,France,20181117,2018-11-27,2018-11-24,1.0,2049.0982,0.0,1105.81,1105.81,2049.0982,2049.0982,ERP_EXPORT_20240115
Internet,SO47797,SO47797 - 1,AW00021986,,BK-R89R-58,Australia,Australia,10-09-2018,2018-09-20,2018-09-17 00:00:00,1.0,2181.5625,0.0,1320.6838,1320.6838,2181.5625,2181.5625,ERP_EXPORT_20240115
Internet,SO45411,SO45411 - 1,,,BK-R93R-52, Canada,Canada,"Jan 11, 2018",2018-01-21,18-01-2018,1.3,3578.27,,2171.2942,2171.2942,-3578.27,-3578.27,ERP_EXPORT_20240115
Internet,SO45663,SO45663 - 1,AW00011901,,BK-M82S-48,Australia ,Australia,10-02-2018,2018-02-20,2018-02-17,1.0,3399.99,0.0,1912.1544,1912.1544,3399.99,3399.99,ERP_EXPORT_20240115
Internet,SO43982,SO43982 - 1,AW00025271,,BK-R50B-52, Australia,Australia,2017-07-23,2017-08-02,2017-07-30 00:00:00,1.0,699.0982,0.0,413.1463,413.1463,699.0982,699.0982,ERP_EXPORT_20240115
Internet,SO48409,SO48409 - 1,AW00022940,,BK-R89R-52,Australia,Australia,2018-10-31,2018-11-10,2018-11-07,1.0,2443.35,0.0,1518.7864,1518.7864,2443.35,2443.35,ERP_EXPORT_20240115
Internet,SO43754,SO43754 - 1,AW00027617,,BK-R93R-48,Northwest,United States,07/08/2017,2017-07-18,20170715,1.0,3578.27,0.0,2171.2942,2171.2942,3578.27,3578.27,ERP_EXPORT_20240115
Internet,SO46297,SO46297 - 1,AW00012033,,BK-R93R-52, Northwest,United States,20180425,2018-05-05,20180502,1.0,3578.27,0.0%,2171.2942,2171.2942,3578.27,3578.27,ERP_EXPORT_20240115
Internet,SO48581,SO48581 - 1,AW00026632,,BK-M68S-38,Northwest,United States,20181116,2018-11-26,2018-11-23 00:00:00,1.0,2071.4196,0.0,1117.8559,1117.8559,2071.4196,2071.4196,ERP_EXPORT_20240115
Internet,SO48898,SO48898 - 1,AW00013856,,BK-R89B-44, Southwest,United States,2018-12-13 00:00:00,2018-12-23,12/20/2018,1.0,2181.5625,0.0,1320.6838,1320.6838,2181.5625,2181.5625,ERP_EXPORT_20240115
INTERNET,SO45197,SO45197 - 1,AW00018902,,BK-R93R-56,Australia,Australia,12/20/2017,2017-12-30,2017-12-27,1.0,3578.27,0.0%,2171.2942,2171.2942,3578.27,3578.27,ERP_EXPORT_20240115
 Internet,SO44727,SO44727 - 1,AW00018273,,BK-R93R-52,Australia,Australia,"Oct 28, 2017",2017-11-07,"Nov 04, 2017",1.0,3578.27,0.0%,2171.2942,2171.2942,3578.27,3578.27,ERP_EXPORT_20240115
Internet,SO46440,SO46440 - 1,AW00020621,,BK-R93R-48,Australia,Australia,20180508,2018-05-18,2018-05-15 00:00:00,1.0,3578.27,0.0,2171.2942,2171.2942,3578.27,3578.27,ERP_EXPORT_20240115
Internet,SO48464,SO48464 - 1,AW00013734,,BK-R89B-48,SOUTHWEST,United States,06-11-2018,2018-11-16,2018-11-13,1.0,2181.5625,0.0%,1320.6838,1320.6838,2181.5625,2181.5625,ERP_EXPORT_20240115
Internet,SO45143,SO45143 - 1,AW00029278,,BK-R93R-62,Southwest ,United States,12-12-2017,2017-12-22,19-12-2017,1.0,3578.27,0.0,2171.2942,2171.2942,3578.27,3578.27,ERP_EXPORT_20240115
 Internet,SO45201,SO45201 - 1,AW00029168,,BK-R93R-48,SOUTHWEST,United States,21-12-2017,2017-12-31,2017-12-28,1.0,3578.27,0.0,2171.2942,2171.2942,3578.27,3578.27,ERP_EXPORT_20240115
Internet,SO48571,SO48571 - 1,AW00013726,,BK-R89B-52,Southwest,United States,15-11-2018,2018-11-25,"Nov 22, 2018",1.0,2181.5625,0.0,1320.6838,1320.6838,2181.5625,2181.5625,ERP_EXPORT_20240115
Internet,SO48193,SO48193 - 1,AW00026499,,BK-M68S-38, Southwest,United States,2018-10-18,2018-10-28,10/25/2018,1.0,2071.4196,0.0,1117.8559,1117.8559,2071.4196,2071.4196,ERP_EXPORT_20240115
Internet,SO46320,SO46320 - 1,AW00026084,,BK-M82B-48,Southwest,United States,20180430,2018-05-10,"May 07, 2018",1.0,3374.99,0.0%,1898.0944,1898.0944,3374.99,3374.99,ERP_EXPORT_20240115
Internet,SO44453,SO44453 - 1,AW00017923,,BK-R93R-62,australia,Australia,2017-09-26,2017-10-06,"Oct 03, 2017",1.0,3578.27,0.0,2171.2942,2171.2942,3578.27,3578.27,ERP_EXPORT_20240115
Internet,SO45366,SO45366 - 1,AW00018011,,BK-R50R-52,France,France,"Jan 04, 2018",2018-01-14,"Jan 11, 2018",1.0,699.0982,,413.1463,413.1463,699.0982,699.0982,ERP_EXPORT_20240115
Internet,SO45625,SO45625 - 1,AW00011307,,BK-R93R-56,Southwest,United States,20180204,2018-02-14,20180211,1.0,3578.27,0.0,2171.2942,2171.2942,3578.27,3578.27,ERP_EXPORT_20240115
Internet,SO44965,SO44965 - 1,AW00014649,,BK-R50B-58,southwest,United States,11/20/2017,2017-11-30,20171127,1.0,699.0982,0.0,413.1463,413.1463,699.0982,699.0982,ERP_EXPORT_20240115
Internet,SO45145,SO45145 - 1,AW00018716,,BK-R93R-56,australia,Australia,20171212,2017-12-22,20171219,1.0,3578.27,0.0%,2171.2942,2171.2942,3578.27,3578.27,ERP_EXPORT_20240115
Internet,SO43960,SO43960 - 1,AW00011046,,BK-M82B-42,Australia,Australia,21-07-2017,2017-07-31,2017-07-28,1.0,3374.99,0.0%,1898.0944,1898.0944,3374.99,3374.99,ERP_EXPORT_20240115
Internet,SO47297,SO47297 - 1,AW00013385,,BK-R89B-52,Northwest ,United States,2018-07-26,2018-08-05,02-08-2018,1.0,2181.5625,0.0,1320.6838,1320.6838,2181.5625,2181.5625,ERP_EXPORT_20240115
Internet,SO46722,SO46722 - 1,AW00017095,,BK-R64Y-42,France,France,05-06-2018,2018-06-15,06/12/2018,1.0,1000.4375,0.0,605.6492,605.6492,1000.4375,1000.4375,ERP_EXPORT_20240115
INTERNET,SO47216,SO47216 - 1,AW00026299,,BK-M68B-42,Northwest,United States,"Jul 18, 2018",2018-07-28,"Jul 25, 2018",1.0,2049.0982,0.0,1105.81,1105.81,2049.0982,2049.0982,ERP_EXPORT_20240115
Internet,SO48422,SO48422 - 1,AW00016946,,BK-R89B-58,United Kingdom,United Kingdom,2018-11-02,2018-11-12,20181109,1.0,2181.5625,0.0%,1320.6838,1320.6838,2181.5625,2181.5625,ERP_EXPORT_20240115
Internet,SO48824,SO48824 - 1,AW00023408,,BK-R89R-48,Australia,Australia,20181204,2018-12-14,11-12-2018,1.0,2443.35,0.0%,1518.7864,1518.7864,2443.35,2443.35,ERP_EXPORT_20240115
Internet,SO45626,SO45626 - 1,AW00011259,,BK-R93R-62,Northwest,United States,04-02-2018,2018-02-14,20180211,1.0,3578.27,0.0,2171.2942,2171.2942,3578.27,3578.27,ERP_EXPORT_20240115
 Internet,SO43993,SO43993 - 1,AW00016929,,BK-R93R-56,AUSTRALIA,Australia,2017-07-25,2017-08-04,"Aug 01, 2017",1.0,3578.27,0.0,2171.2942,2171.2942,3578.27,3578.27,ERP_EXPORT_20240115
Internet,SO48544,SO48544 - 1,AW00013119,,BK-M68S-42,Australia,Australia,"Nov 12, 2018",2018-11-22,20181119,1.0,2071.4196,0.0,1117.8559,1117.8559,2071.4196,2071.4196,ERP_EXPORT_20240115
Internet,SO44407,SO44407 - 1,AW00011077,,BK-M82B-48,australia,Australia,2017-09-16 00:00:00,2017-09-26,"Sep 23, 2017",1.0,3374.99,0.0,1898.0944,1898.0944,3374.99,3374.99,ERP_EXPORT_20240115
Internet,SO47924,SO47924 - 1,AW00022171,,BK-R89B-52,Australia,Australia,25-09-2018,2018-10-05,"Oct 02, 2018",1.0,2181.5625,0.0,1320.6838,1320.6838,2181.5625,2181.5625,ERP_EXPORT_20240115
Internet,SO47322,SO47322 - 1,AW00015287,,BK-R50B-52,Northwest ,United States,2018-07-28 00:00:00,2018-08-07,2018-08-04,1.0,782.99,0.0,486.7066,486.7066,782.99,782.99,ERP_EXPORT_20240115
Internet,SO44655,SO44655 - 1,AW00011105,,BK-M82S-44,Australia,Australia,2017-10-14,2017-10-24,21-10-2017,1.0,3399.99,0.0%,1912.1544,1912.1544,3399.99,3399.99,ERP_EXPORT_20240115
 Internet,SO45656,SO45656 - 1,AW00011617,,BK-R93R-52,Southwest,United States,2018-02-10 00:00:00,2018-02-20,17-02-2018,1.0,3578.27,0.0,2171.2942,2171.2942,3578.27,3578.27,ERP_EXPORT_20240115
internet,SO47535,SO47535 - 1,,,BK-R64Y-42,Northwest,United States,20180813,2018-08-23,"Aug 20, 2018",1.5,1000.4375,,605.6492,605.6492,-1000.4375,-1000.4375,ERP_EXPORT_20240115
Internet,SO46680,SO46680 - 1,AW00021193,,BK-R89R-58, Australia,Australia,2018-05-31 00:00:00,2018-06-10,2018-06-07 00:00:00,1.0,2181.5625,0.0%,1320.6838,1320.6838,2181.5625,2181.5625,ERP_EXPORT_20240115
Internet,SO48570,SO48570 - 1,AW00026504,,BK-R64Y-48,Canada,Canada,"Nov 15, 2018",2018-11-25,2018-11-22 00:00:00,1.0,1000.4375,0.0,605.6492,605.6492,1000.4375,1000.4375,ERP_EXPORT_20240115
Internet,SO47885,SO47885 - 1,AW00024901,,BK-R64Y-42,Australia,Australia,2018-09-20 00:00:00,2018-09-30,2018-09-27,1.0,1000.4375,0.0,605.6492,605.6492,1000.4375,1000.4375,ERP_EXPORT_20240115
Internet,SO45102,SO45102 - 1,AW00029274,,BK-R93R-62,Southwest,United States,2017-12-05,2017-12-15,"Dec 12, 2017",1.0,3578.27,0.0,2171.2942,2171.2942,3578.27,3578.27,ERP_EXPORT_20240115
Internet,SO43977,SO43977 - 1,AW00016703,,BK-R93R-48,Australia,Australia,2017-07-23,2017-08-02,2017-07-30 00:00:00,1.0,3578.27,0.0,2171.2942,2171.2942,3578.27,3578.27,ERP_EXPORT_20240115
Internet,SO45612,SO45612 - 1,AW00014795,,BK-R93R-48,Germany,Germany,02/02/2018,2018-02-12,2018-02-09,1.0,3578.27,0.0,2171.2942,2171.2942,3578.27,3578.27,ERP_EXPORT_20240115
Internet,SO44438,SO44438 - 1,AW00017909,,BK-R93R-48,Australia,Australia,22-09-2017,2017-10-02,29-09-2017,1.0,3578.27,0.0%,2171.2942,2171.2942,3578.27,3578.27,ERP_EXPORT_20240115
INTERNET,SO44144,SO44144 - 1,AW00017071,,BK-R93R-48,Australia,Australia,"Aug 04, 2017",2017-08-14,20170811,1.0,3578.27,0.0,2171.2942,2171.2942,3578.27,3578.27,ERP_EXPORT_20240115
Internet,SO44473,SO44473 - 1,AW00028255,,BK-R93R-48,Northwest,United States,2017-09-29 00:00:00,2017-10-09,06-10-2017,1.0,3578.27,0.0,2171.2942,2171.2942,3578.27,3578.27,ERP_EXPORT_20240115
Internet ,SO44009,SO44009 - 1,AW00027759,,BK-R93R-56,Northwest,United States,"Jul 26, 2017",2017-08-05,08/02/2017,1.0,3578.27,0.0%,2171.2942,2171.2942,3578.27,3578.27,ERP_EXPORT_20240115
Internet,SO45257,SO45257 - 1,AW00018718,,BK-R93R-56,Australia,Australia,12/30/2017,2018-01-09,20180106,1.0,3578.27,0.0%,2171.2942,2171.2942,3578.27,3578.27,ERP_EXPORT_20240115
INTERNET,SO46286,SO46286 - 1,AW00018175,,BK-R50B-44,France,France,"Apr 24, 2018",2018-05-04,01-05-2018,1.0,699.0982,0.0,413.1463,413.1463,699.0982,699.0982,ERP_EXPORT_20240115
Internet,SO48112,SO48112 - 1,AW00013712,,BK-R89R-58,Northwest,United States,10/05/2018,2018-10-15,2018-10-12 00:00:00,1.0,2181.5625,0.0%,1320.6838,1320.6838,2181.5625,2181.5625,ERP_EXPORT_20240115
Internet,SO47579,SO47579 - 1,AW00016197,,BK-R89R-58,Germany,Germany,20180819,2018-08-29,2018-08-26,1.0,2181.5625,0.0,1320.6838,1320.6838,2181.5625,2181.5625,ERP_EXPORT_20240115
INTERNET,SO43806,SO43806 - 1,AW00016523,,BK-R93R-48,Australia,Australia,07/14/2017,2017-07-24,20170721,1.0,3578.27,0.0,2171.2942,2171.2942,3578.27,3578.27,ERP_EXPORT_20240115
Internet,SO46758,SO46758 - 1,AW00018130,,BK-R64Y-44,Germany,Germany,"Jun 10, 2018",2018-06-20,17-06-2018,1.0,1000.4375,0.0,605.6492,605.6492,1000.4375,1000.4375,ERP_EXPORT_20240115
Internet,SO45155,SO45155 - 1,AW00018900,,BK-R93R-48,AUSTRALIA,Australia,12/14/2017,2017-12-24,2017-12-21 00:00:00,1.0,3578.27,0.0,2171.2942,2171.2942,3578.27,3578.27,ERP_EXPORT_20240115
Internet,SO47283,SO47283 - 1,AW00015655,,BK-R89B-44, Germany,Germany,2018-07-25,2018-08-04,08/01/2018,1.0,2181.5625,0.0,1320.6838,1320.6838,2181.5625,2181.5625,ERP_EXPORT_20240115
Internet ,SO46250,SO46250 - 1,AW00014940,,BK-R93R-52,Germany,Germany,18-04-2018,2018-04-28,2018-04-25 00:00:00,1.0,3578.27,0.0,2171.2942,2171.2942,3578.27,3578.27,ERP_EXPORT_20240115
Internet,SO46714,SO46714 - 1,AW00013093,,BK-R89R-44,Northwest,United States,04-06-2018,2018-06-14,20180611,1.0,2443.35,0.0%,1518.7864,1518.7864,2443.35,2443.35,ERP_EXPORT_20240115
Internet,SO45439,SO45439 - 1,AW00025823,,BK-R50R-44,Australia,Australia,01/14/2018,2018-01-24,21-01-2018,1.0,699.0982,0.0,413.1463,413.1463,699.0982,699.0982,ERP_EXPORT_20240115
Internet,SO44344,SO44344 - 1,AW00014427,,BK-R93R-62,United Kingdom,United Kingdom,07-09-2017,2017-09-17,"Sep 14, 2017",1.0,3578.27,0.0,2171.2942,2171.2942,3578.27,3578.27,ERP_EXPORT_20240115
Internet,SO46521,SO46521 - 1,AW00012770,,BK-R93R-62,Southwest,United States,20-05-2018,2018-05-30,"May 27, 2018",1.0,3578.27,0.0,2171.2942,2171.2942,3578.27,3578.27,ERP_EXPORT_20240115
Internet,SO45696,SO45696 - 1,AW00011326,,BK-R93R-56,southwest,United States,2018-02-15 00:00:00,2018-02-25,22-02-2018,1.0,3578.27,0.0%,2171.2942,2171.2942,3578.27,3578.27,ERP_EXPORT_20240115
Internet,SO48188,SO48188 - 1,AW00022579,,BK-R89B-52,Australia,Australia,17-10-2018,2018-10-27,20181024,1.0,2181.5625,0.0,1320.6838,1320.6838,2181.5625,2181.5625,ERP_EXPORT_20240115
Internet,SO45240,SO45240 - 1,AW00029155,,BK-R93R-62,Northwest,United States,20171228,2018-01-07,04-01-2018,1.0,3578.27,0.0,2171.2942,2171.2942,3578.27,3578.27,ERP_EXPORT_20240115
Internet,SO45864,SO45864 - 1,AW00019968,,BK-R93R-44,AUSTRALIA,Australia,2018-03-09,2018-03-19,"Mar 16, 2018",1.0,3578.27,0.0%,2171.2942,2171.2942,3578.27,3578.27,ERP_EXPORT_20240115
Internet,SO44193,SO44193 - 1,AW00028164,,BK-R93R-48,Southwest,United States,15-08-2017,2017-08-25,2017-08-22,1.0,3578.27,0.0,2171.2942,2171.2942,3578.27,3578.27,ERP_EXPORT_20240115
Internet,SO43836,SO43836 - 1,AW00026620,,BK-R50R-62,Canada,Canada,2017-07-16,2017-07-26,23-07-2017,1.0,699.0982,0.0%,413.1463,413.1463,699.0982,699.0982,ERP_EXPORT_20240115
Internet,SO45198,SO45198 - 1,AW00014847,,BK-R93R-52,United Kingdom,United Kingdom,20171221,2017-12-31,20171228,1.0,3578.27,0.0,2171.2942,2171.2942,3578.27,3578.27,ERP_EXPORT_20240115
Internet,SO45216,SO45216 - 1,AW00029261,,BK-R93R-52,Southwest,United States,23-12-2017,2018-01-02,2017-12-30 00:00:00,1.0,3578.27,0.0,2171.2942,2171.2942,3578.27,3578.27,ERP_EXPORT_20240115
Internet,SO46873,SO46873 - 1,AW00021167,,BK-R89B-52, Australia,Australia,"Jun 23, 2018",2018-07-03,"Jun 30, 2018",1.0,2181.5625,0.0,1320.6838,1320.6838,2181.5625,2181.5625,ERP_EXPORT_20240115
Internet,SO45118,SO45118 - 1,AW00018722,,BK-R93R-56,australia,Australia,"Dec 08, 2017",2017-12-18,12/15/2017,1.0,3578.27,0.0%,2171.2942,2171.2942,3578.27,3578.27,ERP_EXPORT_20240115
Internet ,SO48160,SO48160 - 1,AW00014848,,BK-R89R-58,france,France,"Oct 12, 2018",2018-10-22,"Oct 19, 2018",1.0,2181.5625,0.0,1320.6838,1320.6838,2181.5625,2181.5625,ERP_EXPORT_20240115
Internet,SO43716,SO43716 - 1,AW00016529,,BK-R93R-44,Australia,Australia,2017-07-03 00:00:00,2017-07-13,07/10/2017,1.0,3578.27,0.0,2171.2942,2171.2942,3578.27,3578.27,ERP_EXPORT_20240115
Internet,SO48613,SO48613 - 1,AW00014965,,BK-R89B-48,FRANCE,France,2018-11-19 00:00:00,2018-11-29,11/26/2018,1.0,2181.5625,,1320.6838,1320.6838,2181.5625,2181.5625,ERP_EXPORT_20240115
Internet,SO48719,SO48719 - 1,AW00023099,,BK-R89R-44,Australia,Australia,11/29/2018,2018-12-09,12/06/2018,1.0,2443.35,0.0,1518.7864,1518.7864,2443.35,2443.35,ERP_EXPORT_20240115
Internet,SO47546,SO47546 - 1,AW00028683,,BK-M68B-42,FRANCE,France,2018-08-14,2018-08-24,20180821,1.0,2049.0982,0.0,1105.81,1105.81,2049.0982,2049.0982,ERP_EXPORT_20240115
Internet,SO44658,SO44658 - 1,AW00018201,,BK-R93R-48,Australia,Australia,10/14/2017,2017-10-24,20171021,1.0,3578.27,0.0,2171.2942,2171.2942,3578.27,3578.27,ERP_EXPORT_20240115
Internet,SO44252,SO44252 - 1,AW00013777,,BK-R93R-48, United Kingdom,United Kingdom,27-08-2017,2017-09-06,"Sep 03, 2017",1.0,3578.27,0.0,2171.2942,2171.2942,3578.27,3578.27,ERP_EXPORT_20240115
internet,SO46579,SO46579 - 1,AW00012186,,BK-R93R-44,Southwest,United States,2018-05-27,2018-06-06,06/03/2018,1.0,3578.27,,2171.2942,2171.2942,3578.27,3578.27,ERP_EXPORT_20240115
Internet,SO44332,SO44332 - 1,AW00017510,,BK-R93R-62,australia,Australia,09/04/2017,2017-09-14,11-09-2017,1.0,3578.27,0.0,2171.2942,2171.2942,3578.27,3578.27,ERP_EXPORT_20240115
 Internet,SO45133,SO45133 - 1,AW00029163,,BK-R93R-56,NORTHWEST,United States,2017-12-11 00:00:00,2017-12-21,2017-12-18 00:00:00,1.0,3578.27,0.0,2171.2942,2171.2942,3578.27,3578.27,ERP_EXPORT_20240115
Internet ,SO43785,SO43785 - 1,AW00011601,,BK-R93R-44,France,France,2017-07-12 00:00:00,2017-07-22,"Jul 19, 2017",1.0,3578.27,0.0,2171.2942,2171.2942,3578.27,3578.27,ERP_EXPORT_20240115
Internet,SO44053,SO44053 - 1,AW00019329,,BK-R50B-44,Germany,Germany,2017-07-31 00:00:00,2017-08-10,07-08-2017,1.0,699.0982,0.0%,413.1463,413.1463,699.0982,699.0982,ERP_EXPORT_20240115
Internet ,SO45404,SO45404 - 1,AW00011217,,BK-R93R-62,Northwest,United States,20180110,2018-01-20,17-01-2018,1.0,3578.27,0.0,2171.2942,2171.2942,3578.27,3578.27,ERP_EXPORT_20240115
Internet,SO45386,SO45386 - 1,AW00019607,,BK-R93R-48,Australia,Australia,"Jan 06, 2018",2018-01-16,2018-01-13,1.0,3578.27,0.0,2171.2942,2171.2942,3578.27,3578.27,ERP_EXPORT_20240115
Internet ,SO45478,SO45478 - 1,AW00029354,,BK-R93R-52,NORTHWEST,United States,01/23/2018,2018-02-02,2018-01-30 00:00:00,1.0,3578.27,0.0,2171.2942,2171.2942,3578.27,3578.27,ERP_EXPORT_20240115
Internet,SO48798,SO48798 - 1,AW00023332,,BK-R89R-48,AUSTRALIA,Australia,"Dec 01, 2018",2018-12-11,12/08/2018,1.0,2443.35,0.0,1518.7864,1518.7864,2443.35,2443.35,ERP_EXPORT_20240115
Internet,SO47489,SO47489 - 1,AW00021888,,BK-R89R-44,Australia,Australia,2018-08-06,2018-08-16,20180813,1.0,2443.35,,1518.7864,1518.7864,2443.35,2443.35,ERP_EXPORT_20240115
Internet,SO44884,SO44884 - 1,AW00018308,,BK-R93R-48,Australia,Australia,2017-11-10,2017-11-20,2017-11-17,1.0,3578.27,0.0,2171.2942,2171.2942,3578.27,3578.27,ERP_EXPORT_20240115
Internet,SO44406,SO44406 - 1,AW00028299,,BK-R93R-52,Southwest,United States,16-09-2017,2017-09-26,09/23/2017,1.0,3578.27,0.0,2171.2942,2171.2942,3578.27,3578.27,ERP_EXPORT_20240115
Internet,SO48095,SO48095 - 1,AW00020590,,BK-R50B-58,Germany,Germany,20181001,2018-10-11,08-10-2018,1.0,782.99,0.0,486.7066,486.7066,782.99,782.99,ERP_EXPORT_20240115
Internet,SO45720,SO45720 - 1,AW00019653,,BK-R93R-52,Australia,Australia,2018-02-19,2018-03-01,02/26/2018,1.0,3578.27,0.0,2171.2942,2171.2942,3578.27,3578.27,ERP_EXPORT_20240115
Internet,SO46777,SO46777 - 1,AW00011568,,BK-M68S-46,United Kingdom,United Kingdom,2018-06-12 00:00:00,2018-06-22,19-06-2018,1.0,2071.4196,0.0,1117.8559,1117.8559,2071.4196,2071.4196,ERP_EXPORT_20240115
Internet,SO48412,SO48412 - 1,AW00019310,,BK-R50B-52,France,France,20181101,2018-11-11,2018-11-08,1.0,782.99,0.0,486.7066,486.7066,782.99,782.99,ERP_EXPORT_20240115
Internet,SO48128,SO48128 - 1,AW00026534,,BK-M68S-38,Southwest,United States,2018-10-07 00:00:00,2018-10-17,2018-10-14,1.0,2071.4196,0.0,1117.8559,1117.8559,2071.4196,2071.4196,ERP_EXPORT_20240115
Internet,SO48728,SO48728 - 1,AW00013111,,BK-M68S-42,Australia,Australia,30-11-2018,2018-12-10,20181207,1.0,2071.4196,0.0,1117.8559,1117.8559,2071.4196,2071.4196,ERP_EXPORT_20240115
Internet,SO46502,SO46502 - 1,AW00019051,,BK-R50R-48,France,France,"May 18, 2018",2018-05-28,20180525,1.0,699.0982,0.0,413.1463,413.1463,699.0982,699.0982,ERP_EXPORT_20240115
Internet,SO48939,SO48939 - 1,AW00015462,,BK-R89R-48,France,France,2018-12-18,2018-12-28,2018-12-25 00:00:00,1.0,2443.35,0.0%,1518.7864,1518.7864,2443.35,2443.35,ERP_EXPORT_20240115
internet,SO47946,SO47946 - 1,AW00014802,,BK-R89R-48, France,France,20180929,2018-10-09,"Oct 06, 2018",1.0,2443.35,0.0,1518.7864,1518.7864,2443.35,2443.35,ERP_EXPORT_20240115
Internet,SO45764,SO45764 - 1,AW00019652,,BK-R93R-62,Australia,Australia,02/25/2018,2018-03-07,2018-03-04,1.0,3578.27,0.0,2171.2942,2171.2942,3578.27,3578.27,ERP_EXPORT_20240115
Internet,SO46150,SO46150 - 1,AW00020569,,BK-R50B-62, United Kingdom,United Kingdom,"Apr 05, 2018",2018-04-15,20180412,1.0,699.0982,0.0,413.1463,413.1463,699.0982,699.0982,ERP_EXPORT_20240115
Internet,SO48908,SO48908 - 1,,,BK-M68B-46,AUSTRALIA,Australia,14-12-2018,2018-12-24,12/21/2018,1.4,2049.0982,,1105.81,1105.81,2049.0982,2049.0982,ERP_EXPORT_20240115
Internet,SO45375,SO45375 - 1,AW00019596,,BK-R93R-52,Australia,Australia,05-01-2018,2018-01-15,2018-01-12 00:00:00,1.0,3578.27,0.0,2171.2942,2171.2942,3578.27,3578.27,ERP_EXPORT_20240115
Internet,SO44968,SO44968 - 1,AW00019365,,BK-R50B-52,Germany,Germany,"Nov 21, 2017",2017-12-01,"Nov 28, 2017",1.0,699.0982,0.0,413.1463,413.1463,699.0982,699.0982,ERP_EXPORT_20240115
Internet,SO48849,SO48849 - 1,AW00028904,,BK-M68B-42,FRANCE,France,08-12-2018,2018-12-18,20181215,1.0,2049.0982,0.0,1105.81,1105.81,2049.0982,2049.0982,ERP_EXPORT_20240115
 Internet,SO46427,SO46427 - 1,AW00020182,,BK-M82B-44, Canada,Canada,2018-05-06 00:00:00,2018-05-16,13-05-2018,1.0,3374.99,0.0%,1898.0944,1898.0944,3374.99,3374.99,ERP_EXPORT_20240115
Internet,SO46554,SO46554 - 1,AW00020990,,BK-R93R-52,australia,Australia,2018-05-23,2018-06-02,2018-05-30 00:00:00,1.0,3578.27,0.0,2171.2942,2171.2942,3578.27,3578.27,ERP_EXPORT_20240115
Internet,SO46421,SO46421 - 1,AW00025949,,BK-R50B-62,Australia,Australia,"May 05, 2018",2018-05-15,05/12/2018,1.0,699.0982,0.0,413.1463,413.1463,699.0982,699.0982,ERP_EXPORT_20240115
Internet,SO44911,SO44911 - 1,AW00025976,,BK-M82B-42,Southwest,United States,14-11-2017,2017-11-24,11/21/2017,1.0,3374.99,0.0,1898.0944,1898.0944,3374.99,3374.99,ERP_EXPORT_20240115
Internet,SO47483,SO47483 - 1,AW00014424,,BK-R89B-58,FRANCE,France,2018-08-05,2018-08-15,20180812,1.0,2181.5625,,1320.6838,1320.6838,2181.5625,2181.5625,ERP_EXPORT_20240115
 Internet,SO44647,SO44647 - 1,AW00028770,,BK-R93R-48,NORTHWEST,United States,13-10-2017,2017-10-23,20-10-2017,1.0,3578.27,0.0%,2171.2942,2171.2942,3578.27,3578.27,ERP_EXPORT_20240115
Internet,SO45966,SO45966 - 1,AW00011946,,BK-M82S-42,Australia,Australia,"Mar 23, 2018",2018-04-02,"Mar 30, 2018",1.0,3399.99,,1912.1544,1912.1544,3399.99,3399.99,ERP_EXPORT_20240115
INTERNET,SO44245,SO44245 - 1,AW00025556,,BK-R50R-52, Australia,Australia,08/24/2017,2017-09-03,20170831,1.0,699.0982,0.0,413.1463,413.1463,699.0982,699.0982,ERP_EXPORT_20240115
internet,SO44813,SO44813 - 1,AW00018695,,BK-R93R-48, Australia,Australia,2017-11-01 00:00:00,2017-11-11,2017-11-08,1.0,3578.27,0.0,2171.2942,2171.2942,3578.27,3578.27,ERP_EXPORT_20240115
 Internet,SO46532,SO46532 - 1,AW00019041,,BK-R50B-44, France,France,05/21/2018,2018-05-31,2018-05-28 00:00:00,1.0,699.0982,0.0,413.1463,413.1463,699.0982,699.0982,ERP_EXPORT_20240115
Internet,SO46859,SO46859 - 1,AW00013205,,BK-R89R-52,Southwest,United States,21-06-2018,2018-07-01,20180628,1.0,2443.35,0.0%,1518.7864,1518.7864,2443.35,2443.35,ERP_EXPORT_20240115
Internet,SO45605,SO45605 - 1,AW00011626,,BK-R93R-44,Southwest,United States,2018-02-01,2018-02-11,20180208,1.0,3578.27,0.0,2171.2942,2171.2942,3578.27,3578.27,ERP_EXPORT_20240115
INTERNET,SO47780,SO47780 - 1,AW00014105,,BK-R64Y-38,Southwest ,United States,20180907,2018-09-17,14-09-2018,1.0,1000.4375,0.0,605.6492,605.6492,1000.4375,1000.4375,ERP_EXPORT_20240115
Internet,SO46907,SO46907 - 1,AW00013087,,BK-R89R-44,Northwest,United States,06/28/2018,2018-07-08,05-07-2018,1.0,2443.35,0.0,1518.7864,1518.7864,2443.35,2443.35,ERP_EXPORT_20240115
Internet,SO46478,SO46478 - 1,AW00025939,,BK-R50R-44,Australia,Australia,05/13/2018,2018-05-23,2018-05-20 00:00:00,1.0,699.0982,0.0,413.1463,413.1463,699.0982,699.0982,ERP_EXPORT_20240115
internet,SO44042,SO44042 - 1,AW00013678,,BK-R93R-52,United Kingdom,United Kingdom,30-07-2017,2017-08-09,"Aug 06, 2017",1.0,3578.27,0.0,2171.2942,2171.2942,3578.27,3578.27,ERP_EXPORT_20240115
Internet,SO48275,SO48275 - 1,AW00024907,,BK-R64Y-44,Australia,Australia,29-10-2018,2018-11-08,2018-11-05 00:00:00,1.0,1000.4375,0.0,605.6492,605.6492,1000.4375,1000.4375,ERP_EXPORT_20240115
Internet,SO44393,SO44393 - 1,AW00029398,,BK-M82S-42,Germany,Germany,2017-09-13 00:00:00,2017-09-23,20-09-2017,1.0,3399.99,0.0,1912.1544,1912.1544,3399.99,3399.99,ERP_EXPORT_20240115
Internet,SO44394,SO44394 - 1,AW00028246,,BK-R93R-52,Northwest,United States,13-09-2017,2017-09-23,09/20/2017,1.0,3578.27,0.0,2171.2942,2171.2942,3578.27,3578.27,ERP_EXPORT_20240115
Internet,SO48886,SO48886 - 1,AW00012473,,BK-M68S-38,United Kingdom,United Kingdom,12/12/2018,2018-12-22,2018-12-19,1.0,2071.4196,0.0,1117.8559,1117.8559,2071.4196,2071.4196,ERP_EXPORT_20240115
 Internet,SO44180,SO44180 - 1,AW00011058,,BK-M82S-48,AUSTRALIA,Australia,2017-08-11 00:00:00,2017-08-21,"Aug 18, 2017",1.0,3399.99,0.0,1912.1544,1912.1544,3399.99,3399.99,ERP_EXPORT_20240115
Internet,SO45743,SO45743 - 1,AW00019631,,BK-R93R-52,Australia,Australia,2018-02-22,2018-03-04,"Mar 01, 2018",1.0,3578.27,0.0,2171.2942,2171.2942,3578.27,3578.27,ERP_EXPORT_20240115
Internet,SO48206,SO48206 - 1,AW00026538,,BK-M68S-38,Southwest,United States,10/20/2018,2018-10-30,10/27/2018,1.0,2071.4196,0.0,1117.8559,1117.8559,2071.4196,2071.4196,ERP_EXPORT_20240115
Internet ,SO47821,SO47821 - 1,AW00013038,,BK-M68S-38,Australia,Australia,12-09-2018,2018-09-22,2018-09-19,1.0,2071.4196,0.0,1117.8559,1117.8559,2071.4196,2071.4196,ERP_EXPORT_20240115
Internet,SO45718,SO45718 - 1,AW00011272,,BK-R93R-44,Southwest,United States,2018-02-19,2018-03-01,2018-02-26,1.0,3578.27,0.0,2171.2942,2171.2942,3578.27,3578.27,ERP_EXPORT_20240115
Internet,SO44615,SO44615 - 1,AW00028654,,BK-R93R-56,Northwest,United States,2017-10-08 00:00:00,2017-10-18,20171015,1.0,3578.27,0.0,2171.2942,2171.2942,3578.27,3578.27,ERP_EXPORT_20240115
Internet ,SO45958,SO45958 - 1,AW00011818,,BK-R93R-44,Southwest,United States,2018-03-23,2018-04-02,2018-03-30 00:00:00,1.0,3578.27,0.0,2171.2942,2171.2942,3578.27,3578.27,ERP_EXPORT_20240115
Internet,SO48285,SO48285 - 1,AW00015372,,BK-R50R-60,NORTHWEST,United States,"Oct 30, 2018",2018-11-09,11/06/2018,1.0,782.99,0.0%,486.7066,486.7066,782.99,782.99,ERP_EXPORT_20240115
Internet,SO48646,SO48646 - 1,AW00013722,,BK-R89R-52,Northwest,United States,22-11-2018,2018-12-02,11/29/2018,1.0,2443.35,0.0,1518.7864,1518.7864,2443.35,2443.35,ERP_EXPORT_20240115
 Internet,SO47855,SO47855 - 1,AW00012987,,BK-M68S-42, Australia,Australia,2018-09-17 00:00:00,2018-09-27,09/24/2018,1.0,2071.4196,,1117.8559,1117.8559,2071.4196,2071.4196,ERP_EXPORT_20240115
Internet,SO47764,SO47764 - 1,AW00028711,,BK-M68S-46,France,France,05-09-2018,2018-09-15,09/12/2018,1.0,2071.4196,0.0,1117.8559,1117.8559,2071.4196,2071.4196,ERP_EXPORT_20240115
Internet,SO45858,SO45858 - 1,,,BK-M82B-44,Australia,Australia,03/07/2018,2018-03-17,14-03-2018,1.5,3374.99,,1898.0944,1898.0944,3374.99,-3374.99,ERP_EXPORT_20240115
internet,SO46158,SO46158 - 1,AW00025926,,BK-R50R-58,australia,Australia,04/06/2018,2018-04-16,13-04-2018,1.0,699.0982,0.0,413.1463,413.1463,699.0982,699.0982,ERP_EXPORT_20240115
INTERNET,SO43940,SO43940 - 1,AW00025294,,BK-R50B-62,Australia,Australia,19-07-2017,2017-07-29,26-07-2017,1.0,699.0982,0.0%,413.1463,413.1463,699.0982,699.0982,ERP_EXPORT_20240115
Internet,SO48652,SO48652 - 1,AW00022951,,BK-R89R-44,Australia,Australia,20181122,2018-12-02,11/29/2018,1.0,2443.35,0.0,1518.7864,1518.7864,2443.35,2443.35,ERP_EXPORT_20240115
INTERNET,SO44988,SO44988 - 1,AW00017999,,BK-R50B-44,France,France,2017-11-24 00:00:00,2017-12-04,"Dec 01, 2017",1.0,699.0982,0.0,413.1463,413.1463,699.0982,699.0982,ERP_EXPORT_20240115
Internet,SO44970,SO44970 - 1,AW00028820,,BK-R93R-48,Northwest,United States,21-11-2017,2017-12-01,28-11-2017,1.0,3578.27,0.0,2171.2942,2171.2942,3578.27,3578.27,ERP_EXPORT_20240115
Internet,SO44335,SO44335 - 1,AW00020165,,BK-R50R-62,united kingdom,United Kingdom,2017-09-05 00:00:00,2017-09-15,12-09-2017,1.0,699.0982,0.0,413.1463,413.1463,699.0982,699.0982,ERP_EXPORT_20240115
Internet,SO46709,SO46709 - 1,AW00019172,,BK-R64Y-44,United Kingdom,United Kingdom,04-06-2018,2018-06-14,2018-06-11 00:00:00,1.0,1000.4375,0.0,605.6492,605.6492,1000.4375,1000.4375,ERP_EXPORT_20240115
Internet,SO44159,SO44159 - 1,AW00028182,,BK-R93R-44,Southwest,United States,08/07/2017,2017-08-17,2017-08-14,1.0,3578.27,0.0%,2171.2942,2171.2942,3578.27,3578.27,ERP_EXPORT_20240115
Internet,SO46495,SO46495 - 1,AW00020989,,BK-R93R-44,Australia,Australia,20180517,2018-05-27,05/24/2018,1.0,3578.27,0.0,2171.2942,2171.2942,3578.27,3578.27,ERP_EXPORT_20240115
Internet,SO47114,SO47114 - 1,AW00021387,,BK-R89B-44,Australia,Australia,07/06/2018,2018-07-16,07/13/2018,1.0,2181.5625,0.0,1320.6838,1320.6838,2181.5625,2181.5625,ERP_EXPORT_20240115
Internet,SO48640,SO48640 - 1,AW00026681,,BK-M68S-46,Southwest,United States,20181121,2018-12-01,"Nov 28, 2018",1.0,2071.4196,0.0,1117.8559,1117.8559,2071.4196,2071.4196,ERP_EXPORT_20240115
Internet,SO45866,SO45866 - 1,,,BK-R93R-62,United Kingdom,United Kingdom,03/09/2018,2018-03-19,03/16/2018,1.8,3578.27,,2171.2942,2171.2942,-3578.27,-3578.27,ERP_EXPORT_20240115
Internet,SO44200,SO44200 - 1,AW00017312,,BK-R93R-44,australia,Australia,08/16/2017,2017-08-26,08/23/2017,1.0,3578.27,0.0,2171.2942,2171.2942,3578.27,3578.27,ERP_EXPORT_20240115
Internet,SO48400,SO48400 - 1,AW00020830,,BK-R50R-44,Germany,Germany,20181031,2018-11-10,2018-11-07 00:00:00,1.0,782.99,0.0,486.7066,486.7066,782.99,782.99,ERP_EXPORT_20240115
internet,SO48818,SO48818 - 1,AW00015497,,BK-R50B-58,Southwest,United States,2018-12-03,2018-12-13,20181210,1.0,782.99,0.0,486.7066,486.7066,782.99,782.99,ERP_EXPORT_20240115
Internet,SO47733,SO47733 - 1,AW00013461,,BK-R89B-48,Southwest,United States,"Aug 31, 2018",2018-09-10,2018-09-07 00:00:00,1.0,2181.5625,0.0,1320.6838,1320.6838,2181.5625,2181.5625,ERP_EXPORT_20240115
Internet,SO48569,SO48569 - 1,AW00020726,,BK-R50R-62,germany,Germany,2018-11-15 00:00:00,2018-11-25,20181122,1.0,782.99,0.0,486.7066,486.7066,782.99,782.99,ERP_EXPORT_20240115
Internet,SO44734,SO44734 - 1,AW00012285,,BK-R93R-52, France,France,30-10-2017,2017-11-09,20171106,1.0,3578.27,0.0%,2171.2942,2171.2942,3578.27,3578.27,ERP_EXPORT_20240115
INTERNET,SO47081,SO47081 - 1,AW00015203,,BK-R50B-48,Southwest,United States,2018-07-02 00:00:00,2018-07-12,"Jul 09, 2018",1.0,782.99,0.0,486.7066,486.7066,782.99,782.99,ERP_EXPORT_20240115
Internet,SO47229,SO47229 - 1,,,BK-M68B-38,Northwest,United States,2018-07-19,2018-07-29,"Jul 26, 2018",1.3,2049.0982,,1105.81,1105.81,-2049.0982,-2049.0982,ERP_EXPORT_20240115
Internet,SO48724,SO48724 - 1,AW00020722,,BK-R50B-48,Germany,Germany,"Nov 30, 2018",2018-12-10,07-12-2018,1.0,782.99,0.0,486.7066,486.7066,782.99,782.99,ERP_EXPORT_20240115
Internet ,SO44371,SO44371 - 1,AW00017514,,BK-R93R-44,Australia,Australia,2017-09-10 00:00:00,2017-09-20,20170917,1.0,3578.27,0.0,2171.2942,2171.2942,3578.27,3578.27,ERP_EXPORT_20240115
Internet,SO45377,SO45377 - 1,AW00015077,,BK-R93R-52,United Kingdom,United Kingdom,2018-01-06 00:00:00,2018-01-16,20180113,1.0,3578.27,0.0,2171.2942,2171.2942,3578.27,3578.27,ERP_EXPORT_20240115
Internet,SO48698,SO48698 - 1,AW00026647,,BK-M68B-46,Southwest,United States,27-11-2018,2018-12-07,2018-12-04,1.0,2049.0982,0.0%,1105.81,1105.81,2049.0982,2049.0982,ERP_EXPORT_20240115
Internet,SO44267,SO44267 - 1,AW00019339,,BK-R50B-62,Germany,Germany,"Aug 29, 2017",2017-09-08,"Sep 05, 2017",1.0,699.0982,0.0,413.1463,413.1463,699.0982,699.0982,ERP_EXPORT_20240115
 Internet,SO45395,SO45395 - 1,AW00029352,,BK-R93R-52,Southwest,United States,20180108,2018-01-18,01/15/2018,1.0,3578.27,0.0,2171.2942,2171.2942,3578.27,3578.27,ERP_EXPORT_20240115
Internet,SO44197,SO44197 - 1,AW00028096,,BK-R93R-48,Southwest,United States,08/16/2017,2017-08-26,"Aug 23, 2017",1.0,3578.27,0.0,2171.2942,2171.2942,3578.27,3578.27,ERP_EXPORT_20240115
INTERNET,SO45438,SO45438 - 1,AW00029334,,BK-R93R-62,Northwest,United States,14-01-2018,2018-01-24,21-01-2018,1.0,3578.27,0.0,2171.2942,2171.2942,3578.27,3578.27,ERP_EXPORT_20240115
Internet,SO44047,SO44047 - 1,AW00025878,,BK-M82S-38,Southwest,United States,2017-07-30,2017-08-09,2017-08-06 00:00:00,1.0,3399.99,0.0,1912.1544,1912.1544,3399.99,3399.99,ERP_EXPORT_20240115
Internet,SO47177,SO47177 - 1,AW00014022,,BK-R64Y-38,northwest,United States,14-07-2018,2018-07-24,07/21/2018,1.0,1000.4375,0.0%,605.6492,605.6492,1000.4375,1000.4375,ERP_EXPORT_20240115
INTERNET,SO46575,SO46575 - 1,AW00012338,,BK-M82B-48,Australia,Australia,20180526,2018-06-05,"Jun 02, 2018",1.0,3374.99,0.0,1898.0944,1898.0944,3374.99,3374.99,ERP_EXPORT_20240115
Internet,SO45847,SO45847 - 1,AW00026015,,BK-M82S-42, Southwest,United States,2018-03-06 00:00:00,2018-03-16,"Mar 13, 2018",1.0,3399.99,0.0,1912.1544,1912.1544,3399.99,3399.99,ERP_EXPORT_20240115
Internet,SO44239,SO44239 - 1,AW00012217,,BK-R93R-44,france,France,"Aug 24, 2017",2017-09-03,2017-08-31 00:00:00,1.0,3578.27,0.0,2171.2942,2171.2942,3578.27,3578.27,ERP_EXPORT_20240115
Internet,SO45601,SO45601 - 1,AW00011893,,BK-M82B-38, Australia,Australia,2018-01-31 00:00:00,2018-02-10,"Feb 07, 2018",1.0,3374.99,0.0,1898.0944,1898.0944,3374.99,3374.99,ERP_EXPORT_20240115
INTERNET,SO46738,SO46738 - 1,AW00012576,,BK-M68B-46, Australia,Australia,06/06/2018,2018-06-16,20180613,1.0,2049.0982,0.0%,1105.81,1105.81,2049.0982,2049.0982,ERP_EXPORT_20240115
Internet,SO47956,SO47956 - 1,AW00016271,,BK-R89R-48,GERMANY,Germany,"Sep 30, 2018",2018-10-10,2018-10-07,1.0,2443.35,0.0,1518.7864,1518.7864,2443.35,2443.35,ERP_EXPORT_20240115
Internet,SO44870,SO44870 - 1,AW00018301,,BK-R93R-44,AUSTRALIA,Australia,"Nov 08, 2017",2017-11-18,"Nov 15, 2017",1.0,3578.27,0.0,2171.2942,2171.2942,3578.27,3578.27,ERP_EXPORT_20240115
Internet,SO46136,SO46136 - 1,AW00020426,,BK-R93R-48,Australia,Australia,04/03/2018,2018-04-13,20180410,1.0,3578.27,0.0,2171.2942,2171.2942,3578.27,3578.27,ERP_EXPORT_20240115
Internet,SO45505,SO45505 - 1,AW00019593,,BK-R93R-52,Australia,Australia,01/26/2018,2018-02-05,02/02/2018,1.0,3578.27,0.0%,2171.2942,2171.2942,3578.27,3578.27,ERP_EXPORT_20240115
Internet,SO46426,SO46426 - 1,AW00026107,,BK-M82S-38,Southwest,United States,2018-05-06 00:00:00,2018-05-16,2018-05-13,1.0,3399.99,0.0,1912.1544,1912.1544,3399.99,3399.99,ERP_EXPORT_20240115
INTERNET,SO45838,SO45838 - 1,AW00020213,,BK-R93R-44,Australia,Australia,2018-03-04,2018-03-14,"Mar 11, 2018",1.0,3578.27,0.0,2171.2942,2171.2942,3578.27,3578.27,ERP_EXPORT_20240115
Internet,SO47266,SO47266 - 1,AW00021555,,BK-R89B-52,Australia ,Australia,2018-07-23 00:00:00,2018-08-02,2018-07-30,1.0,2181.5625,0.0%,1320.6838,1320.6838,2181.5625,2181.5625,ERP_EXPORT_20240115
Internet,SO46703,SO46703 - 1,AW00020576,,BK-R50B-62,UNITED KINGDOM,United Kingdom,2018-06-03 00:00:00,2018-06-13,10-06-2018,1.0,782.99,0.0,486.7066,486.7066,782.99,782.99,ERP_EXPORT_20240115
Internet,SO45983,SO45983 - 1,AW00014830,,BK-R93R-56,Germany,Germany,20180327,2018-04-06,"Apr 03, 2018",1.0,3578.27,0.0,2171.2942,2171.2942,3578.27,3578.27,ERP_EXPORT_20240115
Internet,SO45610,SO45610 - 1,,,BK-R93R-62,Northwest,United States,02/02/2018,2018-02-12,20180209,1.2,3578.27,,2171.2942,2171.2942,-3578.27,-3578.27,ERP_EXPORT_20240115
Internet,SO44880,SO44880 - 1,AW00018470,,BK-R93R-44,Australia,Australia,2017-11-10,2017-11-20,2017-11-17 00:00:00,1.0,3578.27,0.0,2171.2942,2171.2942,3578.27,3578.27,ERP_EXPORT_20240115
INTERNET,SO46290,SO46290 - 1,AW00026066,,BK-M82B-48,SOUTHWEST,United States,20180424,2018-05-04,20180501,1.0,3374.99,,1898.0944,1898.0944,3374.99,3374.99,ERP_EXPORT_20240115
 Internet,SO43773,SO43773 - 1,AW00016526,,BK-R93R-56,AUSTRALIA,Australia,07/10/2017,2017-07-20,2017-07-17,1.0,3578.27,0.0,2171.2942,2171.2942,3578.27,3578.27,ERP_EXPORT_20240115
INTERNET,SO44969,SO44969 - 1,AW00022713,,BK-R93R-48,Canada,Canada,2017-11-21 00:00:00,2017-12-01,2017-11-28 00:00:00,1.0,3578.27,0.0,2171.2942,2171.2942,3578.27,3578.27,ERP_EXPORT_20240115
Internet,SO43966,SO43966 - 1,AW00011039,,BK-M82S-48,Australia,Australia,20170722,2017-08-01,20170729,1.0,3399.99,0.0,1912.1544,1912.1544,3399.99,3399.99,ERP_EXPORT_20240115
Internet,SO47460,SO47460 - 1,AW00019255,,BK-R50R-58, France,France,2018-08-01 00:00:00,2018-08-11,"Aug 08, 2018",1.0,782.99,,486.7066,486.7066,782.99,782.99,ERP_EXPORT_20240115
Internet,SO48229,SO48229 - 1,AW00026510,,BK-M68S-42,Southwest,United States,2018-10-24,2018-11-03,"Oct 31, 2018",1.0,2071.4196,0.0%,1117.8559,1117.8559,2071.4196,2071.4196,ERP_EXPORT_20240115
 Internet,SO44826,SO44826 - 1,AW00012308,,BK-R93R-56,France,France,20171103,2017-11-13,2017-11-10 00:00:00,1.0,3578.27,0.0,2171.2942,2171.2942,3578.27,3578.27,ERP_EXPORT_20240115
Internet,SO46812,SO46812 - 1,AW00013069,,BK-R89R-58,Northwest,United States,2018-06-16 00:00:00,2018-06-26,23-06-2018,1.0,2181.5625,0.0,1320.6838,1320.6838,2181.5625,2181.5625,ERP_EXPORT_20240115
Internet,SO45920,SO45920 - 1,AW00023730,,BK-R93R-44,Canada,Canada,2018-03-17 00:00:00,2018-03-27,"Mar 24, 2018",1.0,3578.27,0.0,2171.2942,2171.2942,3578.27,3578.27,ERP_EXPORT_20240115
Internet,SO48598,SO48598 - 1,AW00013106,,BK-M68S-38,Australia,Australia,2018-11-17 00:00:00,2018-11-27,20181124,1.0,2071.4196,0.0,1117.8559,1117.8559,2071.4196,2071.4196,ERP_EXPORT_20240115
INTERNET,SO44005,SO44005 - 1,AW00026629,,BK-R50B-60,Canada,Canada,2017-07-26,2017-08-05,2017-08-02,1.0,699.0982,0.0,413.1463,413.1463,699.0982,699.0982,ERP_EXPORT_20240115
internet,SO46481,SO46481 - 1,AW00020623,,BK-R93R-52,Australia ,Australia,20180514,2018-05-24,20180521,1.0,3578.27,0.0,2171.2942,2171.2942,3578.27,3578.27,ERP_EXPORT_20240115
Internet,SO46223,SO46223 - 1,,,BK-R50R-44,SOUTHWEST,United States,2018-04-15 00:00:00,2018-04-25,2018-04-22 00:00:00,1.4,699.0982,,413.1463,413.1463,699.0982,-699.0982,ERP_EXPORT_20240115
Internet,SO47278,SO47278 - 1,AW00021404,,BK-R89B-58,Australia ,Australia,24-07-2018,2018-08-03,2018-07-31,1.0,2181.5625,0.0,1320.6838,1320.6838,2181.5625,2181.5625,ERP_EXPORT_20240115
Internet,SO46561,SO46561 - 1,AW00020625,,BK-R93R-48,Australia,Australia,20180524,2018-06-03,05/31/2018,1.0,3578.27,0.0%,2171.2942,2171.2942,3578.27,3578.27,ERP_EXPORT_20240115
Internet,SO47495,SO47495 - 1,AW00016196,,BK-R89R-44,Germany,Germany,"Aug 08, 2018",2018-08-18,08/15/2018,1.0,2443.35,0.0,1518.7864,1518.7864,2443.35,2443.35,ERP_EXPORT_20240115
INTERNET,SO45600,SO45600 - 1,AW00019628,,BK-R93R-52,Australia ,Australia,31-01-2018,2018-02-10,2018-02-07 00:00:00,1.0,3578.27,0.0,2171.2942,2171.2942,3578.27,3578.27,ERP_EXPORT_20240115
internet,SO48952,SO48952 - 1,AW00015093,,BK-R89R-44,France,France,"Dec 20, 2018",2018-12-30,2018-12-27,1.0,2443.35,,1518.7864,1518.7864,2443.35,2443.35,ERP_EXPORT_20240115
Internet,SO47940,SO47940 - 1,AW00012994,,BK-M68S-42,Australia,Australia,28-09-2018,2018-10-08,05-10-2018,1.0,2071.4196,0.0,1117.8559,1117.8559,2071.4196,2071.4196,ERP_EXPORT_20240115
Internet,SO48822,SO48822 - 1,AW00017743,,BK-R89B-58,United Kingdom ,United Kingdom,12/04/2018,2018-12-14,11-12-2018,1.0,2181.5625,0.0,1320.6838,1320.6838,2181.5625,2181.5625,ERP_EXPORT_20240115
INTERNET,SO45207,SO45207 - 1,AW00029156,,BK-R93R-48,Southwest,United States,20171222,2018-01-01,20171229,1.0,3578.27,0.0%,2171.2942,2171.2942,3578.27,3578.27,ERP_EXPORT_20240115
Internet,SO48503,SO48503 - 1,AW00015003,,BK-R89R-52,France,France,11/10/2018,2018-11-20,"Nov 17, 2018",1.0,2443.35,0.0%,1518.7864,1518.7864,2443.35,2443.35,ERP_EXPORT_20240115
Internet,SO43969,SO43969 - 1,AW00028071,,BK-R93R-62,Southwest,United States,"Jul 22, 2017",2017-08-01,29-07-2017,1.0,3578.27,0.0,2171.2942,2171.2942,3578.27,3578.27,ERP_EXPORT_20240115
Internet,SO43799,SO43799 - 1,AW00016636,,BK-R93R-48,Australia,Australia,13-07-2017,2017-07-23,07/20/2017,1.0,3578.27,0.0%,2171.2942,2171.2942,3578.27,3578.27,ERP_EXPORT_20240115
Internet,SO47597,SO47597 - 1,AW00025971,,BK-R89B-44,Canada,Canada,2018-08-21 00:00:00,2018-08-31,"Aug 28, 2018",1.0,2181.5625,0.0,1320.6838,1320.6838,2181.5625,2181.5625,ERP_EXPORT_20240115
Internet,SO45985,SO45985 - 1,AW00011708,,BK-R93R-56,Southwest,United States,2018-03-27 00:00:00,2018-04-06,04/03/2018,1.0,3578.27,0.0,2171.2942,2171.2942,3578.27,3578.27,ERP_EXPORT_20240115
Internet,SO47127,SO47127 - 1,AW00021258,,BK-R89R-58,Australia ,Australia,07/07/2018,2018-07-17,2018-07-14 00:00:00,1.0,2181.5625,0.0%,1320.6838,1320.6838,2181.5625,2181.5625,ERP_EXPORT_20240115
internet,SO47252,SO47252 - 1,AW00012676,,BK-M68S-38,AUSTRALIA,Australia,2018-07-21,2018-07-31,2018-07-28,1.0,2071.4196,0.0,1117.8559,1117.8559,2071.4196,2071.4196,ERP_EXPORT_20240115
 Internet,SO45759,SO45759 - 1,AW00011295,,BK-R93R-52,Southwest,United States,"Feb 25, 2018",2018-03-07,04-03-2018,1.0,3578.27,0.0,2171.2942,2171.2942,3578.27,3578.27,ERP_EXPORT_20240115
Internet,SO46565,SO46565 - 1,AW00012769,,BK-R93R-44,Northwest ,United States,2018-05-25 00:00:00,2018-06-04,06/01/2018,1.0,3578.27,0.0,2171.2942,2171.2942,3578.27,3578.27,ERP_EXPORT_20240115
Internet,SO47830,SO47830 - 1,AW00019308,,BK-R64Y-40,United Kingdom,United Kingdom,14-09-2018,2018-09-24,21-09-2018,1.0,1000.4375,0.0,605.6492,605.6492,1000.4375,1000.4375,ERP_EXPORT_20240115
Internet,SO47840,SO47840 - 1,AW00020584,,BK-R50B-60,germany,Germany,2018-09-15 00:00:00,2018-09-25,2018-09-22,1.0,782.99,0.0,486.7066,486.7066,782.99,782.99,ERP_EXPORT_20240115
Internet,SO47762,SO47762 - 1,AW00026330,,BK-M68S-38,Northwest,United States,20180904,2018-09-14,09/11/2018,1.0,2071.4196,0.0%,1117.8559,1117.8559,2071.4196,2071.4196,ERP_EXPORT_20240115
INTERNET,SO46816,SO46816 - 1,AW00013230,,BK-R89R-52,northwest,United States,2018-06-16 00:00:00,2018-06-26,2018-06-23 00:00:00,1.0,2443.35,0.0,1518.7864,1518.7864,2443.35,2443.35,ERP_EXPORT_20240115
Internet,SO45487,SO45487 - 1,AW00019556,,BK-R93R-52,Australia,Australia,2018-01-24,2018-02-03,2018-01-31,1.0,3578.27,,2171.2942,2171.2942,3578.27,3578.27,ERP_EXPORT_20240115
Internet,SO45948,SO45948 - 1,AW00014879,,BK-R50B-52,Southwest,United States,03/21/2018,2018-03-31,2018-03-28 00:00:00,1.0,699.0982,0.0,413.1463,413.1463,699.0982,699.0982,ERP_EXPORT_20240115
Internet,SO46825,SO46825 - 1,AW00012574,,BK-M68S-42,Australia,Australia,"Jun 17, 2018",2018-06-27,"Jun 24, 2018",1.0,2071.4196,,1117.8559,1117.8559,2071.4196,2071.4196,ERP_EXPORT_20240115
Internet,SO46145,SO46145 - 1,AW00014881,,BK-R50B-48, Northwest,United States,2018-04-04,2018-04-14,20180411,1.0,699.0982,0.0,413.1463,413.1463,699.0982,699.0982,ERP_EXPORT_20240115
Internet,SO48903,SO48903 - 1,AW00026653,,BK-R50B-52,Australia ,Australia,2018-12-13 00:00:00,2018-12-23,20181220,1.0,782.99,0.0,486.7066,486.7066,782.99,782.99,ERP_EXPORT_20240115
Internet,SO47086,SO47086 - 1,AW00013378,,BK-R89B-44,SOUTHWEST,United States,07/03/2018,2018-07-13,20180710,1.0,2181.5625,0.0%,1320.6838,1320.6838,2181.5625,2181.5625,ERP_EXPORT_20240115
internet,SO45765,SO45765 - 1,AW00011245,,BK-M82B-44,GERMANY,Germany,2018-02-26,2018-03-08,05-03-2018,1.0,3374.99,0.0,1898.0944,1898.0944,3374.99,3374.99,ERP_EXPORT_20240115
 Internet,SO48197,SO48197 - 1,AW00026422,,BK-R50R-60,australia,Australia,2018-10-18,2018-10-28,10/25/2018,1.0,782.99,0.0,486.7066,486.7066,782.99,782.99,ERP_EXPORT_20240115
Internet,SO45020,SO45020 - 1,AW00018332,,BK-R93R-44,Australia,Australia,2017-11-28 00:00:00,2017-12-08,"Dec 05, 2017",1.0,3578.27,0.0,2171.2942,2171.2942,3578.27,3578.27,ERP_EXPORT_20240115
Internet,SO44334,SO44334 - 1,AW00028273,,BK-R93R-44,Southwest,United States,20170905,2017-09-15,2017-09-12 00:00:00,1.0,3578.27,0.0,2171.2942,2171.2942,3578.27,3578.27,ERP_EXPORT_20240115
 Internet,SO45629,SO45629 - 1,AW00011892,,BK-M82S-48,australia,Australia,"Feb 04, 2018",2018-02-14,11-02-2018,1.0,3399.99,0.0,1912.1544,1912.1544,3399.99,3399.99,ERP_EXPORT_20240115
Internet,SO46281,SO46281 - 1,AW00026057,,BK-M82S-48,Southwest,United States,23-04-2018,2018-05-03,20180430,1.0,3399.99,,1912.1544,1912.1544,3399.99,3399.99,ERP_EXPORT_20240115
Internet,SO48855,SO48855 - 1,AW00013955,,BK-M68S-42,Australia,Australia,12/08/2018,2018-12-18,12/15/2018,1.0,2071.4196,0.0,1117.8559,1117.8559,2071.4196,2071.4196,ERP_EXPORT_20240115
INTERNET,SO47652,SO47652 - 1,AW00020825,,BK-R50B-58,United Kingdom,United Kingdom,"Aug 30, 2018",2018-09-09,06-09-2018,1.0,782.99,0.0,486.7066,486.7066,782.99,782.99,ERP_EXPORT_20240115
Internet ,SO45379,SO45379 - 1,AW00028363,,BK-R93R-52,Canada ,Canada,2018-01-06 00:00:00,2018-01-16,2018-01-13 00:00:00,1.0,3578.27,0.0,2171.2942,2171.2942,3578.27,3578.27,ERP_EXPORT_20240115
Internet,SO47857,SO47857 - 1,,,BK-M68B-42,Australia,Australia,17-09-2018,2018-09-27,2018-09-24 00:00:00,1.7,2049.0982,,1105.81,1105.81,-2049.0982,-2049.0982,ERP_EXPORT_20240115
Internet,SO45834,SO45834 - 1,AW00011816,,BK-R93R-48,Southwest,United States,20180304,2018-03-14,"Mar 11, 2018",1.0,3578.27,0.0,2171.2942,2171.2942,3578.27,3578.27,ERP_EXPORT_20240115
Internet ,SO43985,SO43985 - 1,AW00013515,,BK-R93R-52,Germany,Germany,07/24/2017,2017-08-03,2017-07-31,1.0,3578.27,0.0,2171.2942,2171.2942,3578.27,3578.27,ERP_EXPORT_20240115
Internet,SO45101,SO45101 - 1,AW00022748,,BK-R93R-52,Canada,Canada,20171205,2017-12-15,12-12-2017,1.0,3578.27,0.0,2171.2942,2171.2942,3578.27,3578.27,ERP_EXPORT_20240115
Internet,SO48870,SO48870 - 1,AW00023316,,BK-R89R-58,Australia,Australia,"Dec 10, 2018",2018-12-20,"Dec 17, 2018",1.0,2181.5625,0.0,1320.6838,1320.6838,2181.5625,2181.5625,ERP_EXPORT_20240115
Internet,SO44925,SO44925 - 1,AW00018493,,BK-R93R-52,Australia,Australia,16-11-2017,2017-11-26,23-11-2017,1.0,3578.27,0.0,2171.2942,2171.2942,3578.27,3578.27,ERP_EXPORT_20240115
Internet,SO46681,SO46681 - 1,,,BK-M68B-46,Australia,Australia,20180531,2018-06-10,20180607,1.2,2049.0982,,1105.81,1105.81,-2049.0982,-2049.0982,ERP_EXPORT_20240115
Internet,SO45828,SO45828 - 1,AW00014753,,BK-R50R-52,Northwest,United States,2018-03-03,2018-03-13,20180310,1.0,699.0982,,413.1463,413.1463,699.0982,699.0982,ERP_EXPORT_20240115
Internet,SO44703,SO44703 - 1,AW00012300,,BK-R93R-44,France,France,"Oct 24, 2017",2017-11-03,31-10-2017,1.0,3578.27,0.0,2171.2942,2171.2942,3578.27,3578.27,ERP_EXPORT_20240115
Internet ,SO48459,SO48459 - 1,AW00014966,,BK-R89B-58,France,France,06-11-2018,2018-11-16,2018-11-13,1.0,2181.5625,0.0,1320.6838,1320.6838,2181.5625,2181.5625,ERP_EXPORT_20240115
Internet,SO47806,SO47806 - 1,AW00015348,,BK-R50B-48,Northwest,United States,"Sep 11, 2018",2018-09-21,18-09-2018,1.0,782.99,0.0,486.7066,486.7066,782.99,782.99,ERP_EXPORT_20240115
Internet,SO48611,SO48611 - 1,AW00013518,,BK-M68B-42,Australia,Australia,2018-11-18,2018-11-28,25-11-2018,1.0,2049.0982,0.0%,1105.81,1105.81,2049.0982,2049.0982,ERP_EXPORT_20240115
Internet,SO45349,SO45349 - 1,AW00019568,,BK-R93R-48,Australia,Australia,"Jan 01, 2018",2018-01-11,20180108,1.0,3578.27,0.0,2171.2942,2171.2942,3578.27,3578.27,ERP_EXPORT_20240115
Internet,SO44381,SO44381 - 1,AW00014191,,BK-R93R-52,United Kingdom,United Kingdom,09/12/2017,2017-09-22,09/19/2017,1.0,3578.27,0.0,2171.2942,2171.2942,3578.27,3578.27,ERP_EXPORT_20240115
Internet,SO44468,SO44468 - 1,AW00011075,,BK-M82B-48,Australia,Australia,2017-09-28,2017-10-08,10/05/2017,1.0,3374.99,0.0,1898.0944,1898.0944,3374.99,3374.99,ERP_EXPORT_20240115
Internet,SO45979,SO45979 - 1,AW00015630,,BK-R93R-44,United Kingdom,United Kingdom,26-03-2018,2018-04-05,20180402,1.0,3578.27,0.0,2171.2942,2171.2942,3578.27,3578.27,ERP_EXPORT_20240115
Internet,SO45006,SO45006 - 1,AW00012373,,BK-R93R-48,france,France,"Nov 27, 2017",2017-12-07,20171204,1.0,3578.27,0.0%,2171.2942,2171.2942,3578.27,3578.27,ERP_EXPORT_20240115
Internet,SO48708,SO48708 - 1,AW00016466,,BK-R89B-52,Germany ,Germany,2018-11-28 00:00:00,2018-12-08,20181205,1.0,2181.5625,0.0%,1320.6838,1320.6838,2181.5625,2181.5625,ERP_EXPORT_20240115
Internet,SO48463,SO48463 - 1,AW00017225,,BK-R89R-58,United Kingdom,United Kingdom,06-11-2018,2018-11-16,"Nov 13, 2018",1.0,2181.5625,0.0,1320.6838,1320.6838,2181.5625,2181.5625,ERP_EXPORT_20240115
internet,SO44392,SO44392 - 1,AW00017910,,BK-R93R-56,Australia,Australia,"Sep 12, 2017",2017-09-22,2017-09-19,1.0,3578.27,0.0,2171.2942,2171.2942,3578.27,3578.27,ERP_EXPORT_20240115
internet,SO46439,SO46439 - 1,AW00020817,,BK-R93R-52,Australia,Australia,08-05-2018,2018-05-18,2018-05-15 00:00:00,1.0,3578.27,0.0,2171.2942,2171.2942,3578.27,3578.27,ERP_EXPORT_20240115
internet,SO44729,SO44729 - 1,AW00012307,,BK-R93R-62,France,France,20171029,2017-11-08,05-11-2017,1.0,3578.27,0.0%,2171.2942,2171.2942,3578.27,3578.27,ERP_EXPORT_20240115
 Internet,SO47176,SO47176 - 1,AW00011492,,BK-M68B-38,germany,Germany,2018-07-14 00:00:00,2018-07-24,21-07-2018,1.0,2049.0982,0.0,1105.81,1105.81,2049.0982,2049.0982,ERP_EXPORT_20240115
Internet ,SO47286,SO47286 - 1,AW00019944,,BK-R50R-48,Germany ,Germany,2018-07-25,2018-08-04,01-08-2018,1.0,782.99,0.0,486.7066,486.7066,782.99,782.99,ERP_EXPORT_20240115
 Internet,SO44254,SO44254 - 1,AW00028142,,BK-R93R-56, Northwest,United States,2017-08-27,2017-09-06,03-09-2017,1.0,3578.27,0.0%,2171.2942,2171.2942,3578.27,3578.27,ERP_EXPORT_20240115
Internet,SO43815,SO43815 - 1,AW00016494,,BK-R93R-44,Australia,Australia,2017-07-15,2017-07-25,2017-07-22,1.0,3578.27,0.0,2171.2942,2171.2942,3578.27,3578.27,ERP_EXPORT_20240115
Internet,SO46295,SO46295 - 1,AW00020567,,BK-R50R-52,UNITED KINGDOM,United Kingdom,20180425,2018-05-05,02-05-2018,1.0,699.0982,0.0,413.1463,413.1463,699.0982,699.0982,ERP_EXPORT_20240115
Internet,SO45506,SO45506 - 1,AW00019615,,BK-R93R-44,Australia,Australia,20180126,2018-02-05,20180202,1.0,3578.27,0.0%,2171.2942,2171.2942,3578.27,3578.27,ERP_EXPORT_20240115
Internet,SO45945,SO45945 - 1,AW00025920,,BK-R50R-62,Australia,Australia,2018-03-20 00:00:00,2018-03-30,27-03-2018,1.0,699.0982,0.0,413.1463,413.1463,699.0982,699.0982,ERP_EXPORT_20240115
internet,SO44843,SO44843 - 1,AW00029058,,BK-R93R-48,Southwest,United States,06-11-2017,2017-11-16,11/13/2017,1.0,3578.27,0.0,2171.2942,2171.2942,3578.27,3578.27,ERP_EXPORT_20240115
Internet,SO43801,SO43801 - 1,AW00013583,,BK-R93R-44,United Kingdom,United Kingdom,13-07-2017,2017-07-23,"Jul 20, 2017",1.0,3578.27,0.0,2171.2942,2171.2942,3578.27,3578.27,ERP_EXPORT_20240115
Internet,SO48501,SO48501 - 1,AW00019362,,BK-R64Y-40,united kingdom,United Kingdom,09-11-2018,2018-11-19,2018-11-16,1.0,1000.4375,0.0,605.6492,605.6492,1000.4375,1000.4375,ERP_EXPORT_20240115
Internet,SO45425,SO45425 - 1,AW00015056,,BK-R93R-62,United Kingdom,United Kingdom,01/13/2018,2018-01-23,2018-01-20,1.0,3578.27,0.0,2171.2942,2171.2942,3578.27,3578.27,ERP_EXPORT_20240115
Internet,SO48639,SO48639 - 1,AW00020670,,BK-M68B-38,canada,Canada,2018-11-21 00:00:00,2018-12-01,2018-11-28,1.0,2049.0982,0.0,1105.81,1105.81,2049.0982,2049.0982,ERP_EXPORT_20240115
Internet,SO47953,SO47953 - 1,AW00021974,,BK-R89R-48,Australia,Australia,09/29/2018,2018-10-09,20181006,1.0,2443.35,0.0,1518.7864,1518.7864,2443.35,2443.35,ERP_EXPORT_20240115
Internet,SO48438,SO48438 - 1,AW00013117,,BK-M68B-46,Australia,Australia,2018-11-03,2018-11-13,2018-11-10 00:00:00,1.0,2049.0982,0.0,1105.81,1105.81,2049.0982,2049.0982,ERP_EXPORT_20240115
Internet,SO45166,SO45166 - 1,AW00019083,,BK-R93R-48,Australia,Australia,16-12-2017,2017-12-26,23-12-2017,1.0,3578.27,0.0,2171.2942,2171.2942,3578.27,3578.27,ERP_EXPORT_20240115
Internet,SO45771,SO45771 - 1,AW00011271,,BK-R93R-56,Southwest,United States,02/27/2018,2018-03-09,"Mar 06, 2018",1.0,3578.27,0.0%,2171.2942,2171.2942,3578.27,3578.27,ERP_EXPORT_20240115
Internet,SO47584,SO47584 - 1,AW00019194,,BK-R50B-48,France,France,19-08-2018,2018-08-29,20180826,1.0,782.99,0.0,486.7066,486.7066,782.99,782.99,ERP_EXPORT_20240115
Internet,SO48953,SO48953 - 1,AW00023413,,BK-R89R-52,AUSTRALIA,Australia,20-12-2018,2018-12-30,2018-12-27,1.0,2443.35,0.0,1518.7864,1518.7864,2443.35,2443.35,ERP_EXPORT_20240115
Internet,SO45904,SO45904 - 1,AW00020241,,BK-R93R-44,Australia,Australia,15-03-2018,2018-03-25,2018-03-22 00:00:00,1.0,3578.27,0.0,2171.2942,2171.2942,3578.27,3578.27,ERP_EXPORT_20240115
 Internet,SO45496,SO45496 - 1,AW00029340,,BK-R93R-56,canada,Canada,20180126,2018-02-05,02-02-2018,1.0,3578.27,0.0,2171.2942,2171.2942,3578.27,3578.27,ERP_EXPORT_20240115
internet,SO45893,SO45893 - 1,AW00023842,,BK-R93R-52,CANADA,Canada,2018-03-13 00:00:00,2018-03-23,2018-03-20 00:00:00,1.0,3578.27,0.0,2171.2942,2171.2942,3578.27,3578.27,ERP_EXPORT_20240115
Internet,SO48149,SO48149 - 1,AW00016298,,BK-R89R-58,Germany,Germany,"Oct 11, 2018",2018-10-21,"Oct 18, 2018",1.0,2181.5625,0.0,1320.6838,1320.6838,2181.5625,2181.5625,ERP_EXPORT_20240115
Internet,SO48673,SO48673 - 1,AW00013131,,BK-M68B-42,Australia,Australia,11/24/2018,2018-12-04,01-12-2018,1.0,2049.0982,0.0,1105.81,1105.81,2049.0982,2049.0982,ERP_EXPORT_20240115
Internet,SO45007,SO45007 - 1,AW00014137,,BK-R93R-62,Germany,Germany,11/27/2017,2017-12-07,"Dec 04, 2017",1.0,3578.27,0.0,2171.2942,2171.2942,3578.27,3578.27,ERP_EXPORT_20240115
Internet,SO44327,SO44327 - 1,AW00028598,,BK-R93R-56,Southwest,United States,09/03/2017,2017-09-13,10-09-2017,1.0,3578.27,0.0%,2171.2942,2171.2942,3578.27,3578.27,ERP_EXPORT_20240115
Internet,SO47610,SO47610 - 1,AW00027075,,BK-R50B-44,Canada,Canada,2018-08-23,2018-09-02,30-08-2018,1.0,782.99,0.0,486.7066,486.7066,782.99,782.99,ERP_EXPORT_20240115
internet,SO48447,SO48447 - 1,AW00015471,,BK-R50R-44,Southwest ,United States,20181104,2018-11-14,"Nov 11, 2018",1.0,782.99,0.0%,486.7066,486.7066,782.99,782.99,ERP_EXPORT_20240115
Internet,SO47470,SO47470 - 1,AW00028685,,BK-M68B-38,France,France,2018-08-03,2018-08-13,2018-08-10,1.0,2049.0982,0.0,1105.81,1105.81,2049.0982,2049.0982,ERP_EXPORT_20240115
Internet,SO44214,SO44214 - 1,AW00017332,,BK-R93R-44,australia,Australia,19-08-2017,2017-08-29,08/26/2017,1.0,3578.27,0.0,2171.2942,2171.2942,3578.27,3578.27,ERP_EXPORT_20240115
Internet,SO48668,SO48668 - 1,AW00018626,,BK-R64Y-48,Germany,Germany,2018-11-24,2018-12-04,"Dec 01, 2018",1.0,1000.4375,0.0,605.6492,605.6492,1000.4375,1000.4375,ERP_EXPORT_20240115
 Internet,SO48199,SO48199 - 1,AW00016595,,BK-R89B-44,United Kingdom,United Kingdom,10/19/2018,2018-10-29,10/26/2018,1.0,2181.5625,0.0,1320.6838,1320.6838,2181.5625,2181.5625,ERP_EXPORT_20240115
Internet,SO46851,SO46851 - 1,AW00020209,,BK-M68B-42,Canada,Canada,06/20/2018,2018-06-30,2018-06-27 00:00:00,1.0,2049.0982,0.0,1105.81,1105.81,2049.0982,2049.0982,ERP_EXPORT_20240115
Internet,SO45033,SO45033 - 1,AW00029138,,BK-R93R-48,Southwest,United States,11/30/2017,2017-12-10,12/07/2017,1.0,3578.27,0.0,2171.2942,2171.2942,3578.27,3578.27,ERP_EXPORT_20240115
Internet,SO48662,SO48662 - 1,AW00022938,,BK-R89R-48,Australia ,Australia,11/23/2018,2018-12-03,"Nov 30, 2018",1.0,2443.35,,1518.7864,1518.7864,2443.35,2443.35,ERP_EXPORT_20240115
Internet,SO47499,SO47499 - 1,,,BK-R89B-52,Australia,Australia,20180808,2018-08-18,2018-08-15,1.5,2181.5625,,1320.6838,1320.6838,-2181.5625,-2181.5625,ERP_EXPORT_20240115
INTERNET,SO44624,SO44624 - 1,AW00019357,,BK-R50B-52,Germany,Germany,10/10/2017,2017-10-20,"Oct 17, 2017",1.0,699.0982,0.0,413.1463,413.1463,699.0982,699.0982,ERP_EXPORT_20240115
Internet,SO45845,SO45845 - 1,AW00023566,,BK-R93R-44,Canada ,Canada,20180306,2018-03-16,03/13/2018,1.0,3578.27,0.0,2171.2942,2171.2942,3578.27,3578.27,ERP_EXPORT_20240115
Internet,SO48866,SO48866 - 1,AW00013527,,BK-M68B-46,Australia,Australia,2018-12-09 00:00:00,2018-12-19,2018-12-16,1.0,2049.0982,0.0,1105.81,1105.81,2049.0982,2049.0982,ERP_EXPORT_20240115
Internet,SO48566,SO48566 - 1,AW00022906,,BK-R89B-48,Australia,Australia,14-11-2018,2018-11-24,21-11-2018,1.0,2181.5625,0.0,1320.6838,1320.6838,2181.5625,2181.5625,ERP_EXPORT_20240115
Internet ,SO47287,SO47287 - 1,AW00013280,,BK-R89B-48,Northwest,United States,25-07-2018,2018-08-04,20180801,1.0,2181.5625,0.0%,1320.6838,1320.6838,2181.5625,2181.5625,ERP_EXPORT_20240115
 Internet,SO47630,SO47630 - 1,AW00026311,,BK-M68S-42,Northwest,United States,20180826,2018-09-05,"Sep 02, 2018",1.0,2071.4196,0.0,1117.8559,1117.8559,2071.4196,2071.4196,ERP_EXPORT_20240115
Internet,SO47836,SO47836 - 1,AW00028707,,BK-M68S-46,France,France,"Sep 15, 2018",2018-09-25,22-09-2018,1.0,2071.4196,0.0%,1117.8559,1117.8559,2071.4196,2071.4196,ERP_EXPORT_20240115
INTERNET,SO47744,SO47744 - 1,AW00012989,,BK-M68B-42,australia,Australia,20180901,2018-09-11,"Sep 08, 2018",1.0,2049.0982,0.0,1105.81,1105.81,2049.0982,2049.0982,ERP_EXPORT_20240115
INTERNET,SO46546,SO46546 - 1,AW00012780,,BK-R93R-62,northwest,United States,05/23/2018,2018-06-02,20180530,1.0,3578.27,0.0,2171.2942,2171.2942,3578.27,3578.27,ERP_EXPORT_20240115
Internet,SO44869,SO44869 - 1,AW00018700,,BK-R93R-48,Australia,Australia,"Nov 08, 2017",2017-11-18,2017-11-15,1.0,3578.27,0.0,2171.2942,2171.2942,3578.27,3578.27,ERP_EXPORT_20240115
Internet,SO44415,SO44415 - 1,AW00028355,,BK-R93R-48,southwest,United States,2017-09-18 00:00:00,2017-09-28,25-09-2017,1.0,3578.27,0.0,2171.2942,2171.2942,3578.27,3578.27,ERP_EXPORT_20240115
Internet,SO43789,SO43789 - 1,AW00025865,,BK-M82B-48,Northwest,United States,07/12/2017,2017-07-22,07/19/2017,1.0,3374.99,0.0,1898.0944,1898.0944,3374.99,3374.99,ERP_EXPORT_20240115
Internet,SO48224,SO48224 - 1,AW00026581,,BK-M68S-42, Northwest,United States,"Oct 23, 2018",2018-11-02,10/30/2018,1.0,2071.4196,0.0,1117.8559,1117.8559,2071.4196,2071.4196,ERP_EXPORT_20240115
Internet,SO45705,SO45705 - 1,AW00023378,,BK-R93R-44,Canada,Canada,2018-02-17,2018-02-27,2018-02-24 00:00:00,1.0,3578.27,0.0%,2171.2942,2171.2942,3578.27,3578.27,ERP_EXPORT_20240115
Internet,SO45261,SO45261 - 1,AW00029175,,BK-R93R-48,Northwest,United States,31-12-2017,2018-01-10,01/07/2018,1.0,3578.27,0.0%,2171.2942,2171.2942,3578.27,3578.27,ERP_EXPORT_20240115
Internet,SO45169,SO45169 - 1,AW00018766,,BK-R93R-56,Australia,Australia,2017-12-16,2017-12-26,2017-12-23 00:00:00,1.0,3578.27,0.0,2171.2942,2171.2942,3578.27,3578.27,ERP_EXPORT_20240115
internet,SO48703,SO48703 - 1,AW00015004,,BK-R89R-48,France,France,2018-11-28 00:00:00,2018-12-08,"Dec 05, 2018",1.0,2443.35,0.0,1518.7864,1518.7864,2443.35,2443.35,ERP_EXPORT_20240115
Internet,SO46277,SO46277 - 1,AW00019482,,BK-R50R-60,Germany,Germany,04/23/2018,2018-05-03,2018-04-30 00:00:00,1.0,699.0982,0.0,413.1463,413.1463,699.0982,699.0982,ERP_EXPORT_20240115
Internet,SO46586,SO46586 - 1,,,BK-R93R-52,Northwest,United States,2018-05-28,2018-06-07,06/04/2018,1.8,3578.27,,2171.2942,2171.2942,-3578.27,-3578.27,ERP_EXPORT_20240115
Internet,SO45972,SO45972 - 1,AW00019472,,BK-R50R-62,germany,Germany,2018-03-25,2018-04-04,2018-04-01,1.0,699.0982,0.0,413.1463,413.1463,699.0982,699.0982,ERP_EXPORT_20240115
Internet,SO46889,SO46889 - 1,AW00019173,,BK-R64Y-40,United Kingdom,United Kingdom,"Jun 26, 2018",2018-07-06,"Jul 03, 2018",1.0,1000.4375,0.0,605.6492,605.6492,1000.4375,1000.4375,ERP_EXPORT_20240115
Internet,SO45976,SO45976 - 1,AW00020239,,BK-R93R-56,Australia,Australia,2018-03-25 00:00:00,2018-04-04,2018-04-01 00:00:00,1.0,3578.27,,2171.2942,2171.2942,3578.27,3578.27,ERP_EXPORT_20240115
Internet,SO45114,SO45114 - 1,AW00029146,,BK-R93R-62,Northwest,United States,2017-12-08 00:00:00,2017-12-18,12/15/2017,1.0,3578.27,0.0,2171.2942,2171.2942,3578.27,3578.27,ERP_EXPORT_20240115
Internet,SO47471,SO47471 - 1,AW00014539,,BK-R89R-52,France,France,03-08-2018,2018-08-13,10-08-2018,1.0,2443.35,0.0,1518.7864,1518.7864,2443.35,2443.35,ERP_EXPORT_20240115
Internet,SO45836,SO45836 - 1,AW00014823,,BK-R93R-44,Germany,Germany,04-03-2018,2018-03-14,20180311,1.0,3578.27,0.0,2171.2942,2171.2942,3578.27,3578.27,ERP_EXPORT_20240115
Internet,SO44923,SO44923 - 1,AW00018336,,BK-R93R-48,Australia,Australia,"Nov 15, 2017",2017-11-25,"Nov 22, 2017",1.0,3578.27,0.0,2171.2942,2171.2942,3578.27,3578.27,ERP_EXPORT_20240115
Internet,SO47522,SO47522 - 1,AW00014089,,BK-R64Y-44,Southwest,United States,2018-08-11,2018-08-21,08/18/2018,1.0,1000.4375,0.0%,605.6492,605.6492,1000.4375,1000.4375,ERP_EXPORT_20240115
Internet,SO44002,SO44002 - 1,AW00014572,,BK-R50B-62,Southwest,United States,20170726,2017-08-05,2017-08-02,1.0,699.0982,0.0,413.1463,413.1463,699.0982,699.0982,ERP_EXPORT_20240115
Internet,SO45631,SO45631 - 1,AW00011237,,BK-M82B-44,Germany,Germany,2018-02-05,2018-02-15,02/12/2018,1.0,3374.99,,1898.0944,1898.0944,3374.99,3374.99,ERP_EXPORT_20240115
Internet ,SO48796,SO48796 - 1,AW00015094,,BK-R89B-48,France,France,12/01/2018,2018-12-11,12/08/2018,1.0,2181.5625,0.0,1320.6838,1320.6838,2181.5625,2181.5625,ERP_EXPORT_20240115
Internet,SO45199,SO45199 - 1,AW00029476,,BK-M82S-44,Germany,Germany,20171221,2017-12-31,2017-12-28,1.0,3399.99,0.0,1912.1544,1912.1544,3399.99,3399.99,ERP_EXPORT_20240115
Internet,SO47140,SO47140 - 1,AW00026290,,BK-M68S-46,Southwest,United States,2018-07-09,2018-07-19,"Jul 16, 2018",1.0,2071.4196,0.0,1117.8559,1117.8559,2071.4196,2071.4196,ERP_EXPORT_20240115
Internet,SO47259,SO47259 - 1,AW00013351,,BK-R89B-48,NORTHWEST,United States,2018-07-22 00:00:00,2018-08-01,29-07-2018,1.0,2181.5625,0.0,1320.6838,1320.6838,2181.5625,2181.5625,ERP_EXPORT_20240115
Internet,SO43937,SO43937 - 1,AW00017047,,BK-R93R-48,Australia,Australia,"Jul 19, 2017",2017-07-29,2017-07-26 00:00:00,1.0,3578.27,0.0,2171.2942,2171.2942,3578.27,3578.27,ERP_EXPORT_20240115
Internet,SO46697,SO46697 - 1,AW00021173,,BK-R89R-58,Australia,Australia,"Jun 02, 2018",2018-06-12,06/09/2018,1.0,2181.5625,0.0,1320.6838,1320.6838,2181.5625,2181.5625,ERP_EXPORT_20240115
Internet,SO45980,SO45980 - 1,AW00015631,,BK-R93R-48,United Kingdom ,United Kingdom,2018-03-26,2018-04-05,04/02/2018,1.0,3578.27,0.0,2171.2942,2171.2942,3578.27,3578.27,ERP_EXPORT_20240115
Internet ,SO44023,SO44023 - 1,AW00019830,,BK-M82B-42,Canada,Canada,28-07-2017,2017-08-07,2017-08-04,1.0,3374.99,0.0,1898.0944,1898.0944,3374.99,3374.99,ERP_EXPORT_20240115
Internet ,SO45922,SO45922 - 1,AW00023731,,BK-R93R-56,canada,Canada,"Mar 17, 2018",2018-03-27,2018-03-24,1.0,3578.27,0.0,2171.2942,2171.2942,3578.27,3578.27,ERP_EXPORT_20240115
Internet,SO46795,SO46795 - 1,AW00026234,,BK-M68B-46,southwest,United States,"Jun 13, 2018",2018-06-23,2018-06-20,1.0,2049.0982,0.0,1105.81,1105.81,2049.0982,2049.0982,ERP_EXPORT_20240115
internet,SO47831,SO47831 - 1,AW00012281,,BK-M68B-46,United Kingdom,United Kingdom,14-09-2018,2018-09-24,21-09-2018,1.0,2049.0982,0.0,1105.81,1105.81,2049.0982,2049.0982,ERP_EXPORT_20240115
Internet,SO44956,SO44956 - 1,AW00011449,,BK-M82B-48,AUSTRALIA,Australia,11/19/2017,2017-11-29,2017-11-26 00:00:00,1.0,3374.99,0.0%,1898.0944,1898.0944,3374.99,3374.99,ERP_EXPORT_20240115
internet,SO48527,SO48527 - 1,AW00026617,,BK-M68S-38,Southwest ,United States,"Nov 11, 2018",2018-11-21,2018-11-18 00:00:00,1.0,2071.4196,0.0,1117.8559,1117.8559,2071.4196,2071.4196,ERP_EXPORT_20240115
Internet,SO46879,SO46879 - 1,AW00013224,,BK-R89B-58, Northwest,United States,2018-06-24,2018-07-04,"Jul 01, 2018",1.0,2181.5625,0.0,1320.6838,1320.6838,2181.5625,2181.5625,ERP_EXPORT_20240115
 Internet,SO48612,SO48612 - 1,AW00013520,,BK-M68S-38,Australia,Australia,18-11-2018,2018-11-28,2018-11-25 00:00:00,1.0,2071.4196,0.0,1117.8559,1117.8559,2071.4196,2071.4196,ERP_EXPORT_20240115
internet,SO48962,SO48962 - 1,AW00013649,,BK-M68B-46,Australia,Australia,2018-12-21 00:00:00,2018-12-31,2018-12-28 00:00:00,1.0,2049.0982,,1105.81,1105.81,2049.0982,2049.0982,ERP_EXPORT_20240115
Internet,SO47949,SO47949 - 1,AW00013477,,BK-R89B-52,Southwest,United States,2018-09-29 00:00:00,2018-10-09,2018-10-06,1.0,2181.5625,0.0%,1320.6838,1320.6838,2181.5625,2181.5625,ERP_EXPORT_20240115
Internet,SO46751,SO46751 - 1,AW00012934,,BK-R89B-52, Southwest,United States,09-06-2018,2018-06-19,06/16/2018,1.0,2181.5625,0.0,1320.6838,1320.6838,2181.5625,2181.5625,ERP_EXPORT_20240115
Internet,SO46564,SO46564 - 1,AW00011494,,BK-M82S-48,United Kingdom,United Kingdom,2018-05-25,2018-06-04,"Jun 01, 2018",1.0,3399.99,0.0,1912.1544,1912.1544,3399.99,3399.99,ERP_EXPORT_20240115
Internet,SO47774,SO47774 - 1,AW00015346,,BK-R50B-58,Southwest,United States,20180906,2018-09-16,13-09-2018,1.0,782.99,0.0,486.7066,486.7066,782.99,782.99,ERP_EXPORT_20240115
Internet,SO45153,SO45153 - 1,AW00019089,,BK-R93R-62, Australia,Australia,2017-12-14 00:00:00,2017-12-24,2017-12-21,1.0,3578.27,0.0,2171.2942,2171.2942,3578.27,3578.27,ERP_EXPORT_20240115
Internet,SO47893,SO47893 - 1,AW00025989,,BK-R89R-58,canada,Canada,21-09-2018,2018-10-01,09/28/2018,1.0,2181.5625,0.0%,1320.6838,1320.6838,2181.5625,2181.5625,ERP_EXPORT_20240115
Internet,SO46166,SO46166 - 1,AW00015657,,BK-R93R-52,United Kingdom,United Kingdom,04/07/2018,2018-04-17,14-04-2018,1.0,3578.27,0.0,2171.2942,2171.2942,3578.27,3578.27,ERP_EXPORT_20240115
Internet,SO45246,SO45246 - 1,AW00018709,,BK-R93R-62,Australia,Australia,2017-12-29,2018-01-08,20180105,1.0,3578.27,0.0,2171.2942,2171.2942,3578.27,3578.27,ERP_EXPORT_20240115
Internet,SO44466,SO44466 - 1,AW00026640,,BK-R50B-60,Canada ,Canada,20170928,2017-10-08,05-10-2017,1.0,699.0982,0.0,413.1463,413.1463,699.0982,699.0982,ERP_EXPORT_20240115
Internet,SO44638,SO44638 - 1,AW00028651,,BK-R93R-62,Southwest,United States,2017-10-12,2017-10-22,2017-10-19,1.0,3578.27,0.0,2171.2942,2171.2942,3578.27,3578.27,ERP_EXPORT_20240115
Internet,SO43737,SO43737 - 1,AW00013261,,BK-R93R-44,Germany,Germany,2017-07-06 00:00:00,2017-07-16,"Jul 13, 2017",1.0,3578.27,0.0,2171.2942,2171.2942,3578.27,3578.27,ERP_EXPORT_20240115
Internet,SO45748,SO45748 - 1,AW00018046,,BK-R50B-58,France,France,23-02-2018,2018-03-05,02-03-2018,1.0,699.0982,,413.1463,413.1463,699.0982,699.0982,ERP_EXPORT_20240115
Internet,SO48139,SO48139 - 1,AW00022857,,BK-R89R-52,australia,Australia,20181009,2018-10-19,2018-10-16,1.0,2443.35,0.0,1518.7864,1518.7864,2443.35,2443.35,ERP_EXPORT_20240115
Internet,SO47263,SO47263 - 1,AW00012589,,BK-M68B-38,Australia,Australia,2018-07-22,2018-08-01,2018-07-29 00:00:00,1.0,2049.0982,0.0,1105.81,1105.81,2049.0982,2049.0982,ERP_EXPORT_20240115
Internet,SO47614,SO47614 - 1,AW00015302,,BK-R50R-52,Southwest,United States,"Aug 24, 2018",2018-09-03,2018-08-31 00:00:00,1.0,782.99,0.0,486.7066,486.7066,782.99,782.99,ERP_EXPORT_20240115
Internet,SO44016,SO44016 - 1,AW00011247,,BK-M82B-44,United Kingdom,United Kingdom,07/27/2017,2017-08-06,2017-08-03,1.0,3374.99,0.0,1898.0944,1898.0944,3374.99,3374.99,ERP_EXPORT_20240115
Internet,SO45189,SO45189 - 1,AW00029145,,BK-R93R-62,Northwest,United States,"Dec 19, 2017",2017-12-29,20171226,1.0,3578.27,0.0,2171.2942,2171.2942,3578.27,3578.27,ERP_EXPORT_20240115
Internet,SO45483,SO45483 - 1,AW00014181,,BK-R93R-56,Germany,Germany,20180124,2018-02-03,20180131,1.0,3578.27,0.0,2171.2942,2171.2942,3578.27,3578.27,ERP_EXPORT_20240115
Internet,SO47092,SO47092 - 1,AW00028802,,BK-R89R-48,Canada,Canada,07/04/2018,2018-07-14,07/11/2018,1.0,2443.35,0.0%,1518.7864,1518.7864,2443.35,2443.35,ERP_EXPORT_20240115
Internet,SO45974,SO45974 - 1,AW00026018,,BK-M82S-48,Northwest,United States,"Mar 25, 2018",2018-04-04,04/01/2018,1.0,3399.99,0.0%,1912.1544,1912.1544,3399.99,3399.99,ERP_EXPORT_20240115
 Internet,SO45688,SO45688 - 1,AW00014741,,BK-R50R-58,Southwest,United States,20180214,2018-02-24,2018-02-21,1.0,699.0982,0.0,413.1463,413.1463,699.0982,699.0982,ERP_EXPORT_20240115
Internet,SO45649,SO45649 - 1,AW00011319,,BK-R93R-62,Southwest,United States,"Feb 09, 2018",2018-02-19,2018-02-16,1.0,3578.27,0.0,2171.2942,2171.2942,3578.27,3578.27,ERP_EXPORT_20240115
 Internet,SO44032,SO44032 - 1,AW00011243,,BK-M82S-38,United Kingdom,United Kingdom,2017-07-29 00:00:00,2017-08-08,20170805,1.0,3399.99,0.0,1912.1544,1912.1544,3399.99,3399.99,ERP_EXPORT_20240115
Internet,SO48667,SO48667 - 1,,,BK-R64Y-48,United Kingdom,United Kingdom,11/24/2018,2018-12-04,"Dec 01, 2018",1.1,1000.4375,,605.6492,605.6492,1000.4375,1000.4375,ERP_EXPORT_20240115
Internet,SO48852,SO48852 - 1,AW00015503,,BK-R50R-62,NORTHWEST,United States,2018-12-08,2018-12-18,2018-12-15,1.0,782.99,0.0,486.7066,486.7066,782.99,782.99,ERP_EXPORT_20240115
Internet,SO47229,SO47229 - 1,,,BK-M68B-38,Northwest,United States,2018-07-19,2018-07-29,"Jul 26, 2018",1.3,2049.0982,,1105.81,1105.81,-2049.0982,-2049.0982,ERP_EXPORT_20240115
Internet,SO47195,SO47195 - 1,AW00013355,,BK-R89R-58,NORTHWEST,United States,"Jul 15, 2018",2018-07-25,20180722,1.0,2181.5625,,1320.6838,1320.6838,2181.5625,2181.5625,ERP_EXPORT_20240115
 Internet,SO44858,SO44858 - 1,AW00018487,,BK-R93R-48,Australia,Australia,2017-11-07,2017-11-17,20171114,1.0,3578.27,0.0,2171.2942,2171.2942,3578.27,3578.27,ERP_EXPORT_20240115
internet,SO47783,SO47783 - 1,AW00022197,,BK-R89R-58,australia,Australia,2018-09-07 00:00:00,2018-09-17,2018-09-14 00:00:00,1.0,2181.5625,0.0,1320.6838,1320.6838,2181.5625,2181.5625,ERP_EXPORT_20240115
 Internet,SO47845,SO47845 - 1,AW00016206,,BK-R89R-48,Germany,Germany,"Sep 16, 2018",2018-09-26,20180923,1.0,2443.35,0.0,1518.7864,1518.7864,2443.35,2443.35,ERP_EXPORT_20240115
Internet,SO47643,SO47643 - 1,AW00019290,,BK-R64Y-48,United Kingdom,United Kingdom,29-08-2018,2018-09-08,2018-09-05 00:00:00,1.0,1000.4375,0.0,605.6492,605.6492,1000.4375,1000.4375,ERP_EXPORT_20240115
Internet,SO47937,SO47937 - 1,AW00020549,,BK-R50R-58,Germany,Germany,2018-09-28,2018-10-08,20181005,1.0,782.99,,486.7066,486.7066,782.99,782.99,ERP_EXPORT_20240115
Internet,SO44172,SO44172 - 1,AW00014584,,BK-R50B-44,Southwest,United States,09-08-2017,2017-08-19,08/16/2017,1.0,699.0982,0.0%,413.1463,413.1463,699.0982,699.0982,ERP_EXPORT_20240115
Internet,SO46699,SO46699 - 1,AW00025961,,BK-R50R-48,Australia,Australia,2018-06-02,2018-06-12,"Jun 09, 2018",1.0,782.99,0.0,486.7066,486.7066,782.99,782.99,ERP_EXPORT_20240115
internet,SO44710,SO44710 - 1,AW00028674,,BK-R93R-52,Southwest,United States,2017-10-25,2017-11-04,2017-11-01,1.0,3578.27,0.0,2171.2942,2171.2942,3578.27,3578.27,ERP_EXPORT_20240115
Internet,SO48498,SO48498 - 1,AW00024920,,BK-R64Y-44,Australia,Australia,2018-11-09 00:00:00,2018-11-19,2018-11-16 00:00:00,1.0,1000.4375,0.0,605.6492,605.6492,1000.4375,1000.4375,ERP_EXPORT_20240115
Internet,SO44351,SO44351 - 1,AW00028271,,BK-R93R-56,Southwest,United States,2017-09-08,2017-09-18,2017-09-15,1.0,3578.27,0.0%,2171.2942,2171.2942,3578.27,3578.27,ERP_EXPORT_20240115
Internet,SO47332,SO47332 - 1,AW00020350,,BK-M68S-46,Canada,Canada,"Jul 30, 2018",2018-08-09,"Aug 06, 2018",1.0,2071.4196,0.0,1117.8559,1117.8559,2071.4196,2071.4196,ERP_EXPORT_20240115
Internet,SO47547,SO47547 - 1,AW00020166,,BK-R50B-58,Germany ,Germany,"Aug 14, 2018",2018-08-24,20180821,1.0,782.99,0.0,486.7066,486.7066,782.99,782.99,ERP_EXPORT_20240115
Internet ,SO47145,SO47145 - 1,AW00026131,,BK-R50B-44,Australia,Australia,2018-07-09 00:00:00,2018-07-19,20180716,1.0,782.99,0.0,486.7066,486.7066,782.99,782.99,ERP_EXPORT_20240115
Internet,SO44808,SO44808 - 1,AW00013836,,BK-R93R-44,Germany,Germany,11/01/2017,2017-11-11,2017-11-08 00:00:00,1.0,3578.27,0.0,2171.2942,2171.2942,3578.27,3578.27,ERP_EXPORT_20240115
Internet,SO48256,SO48256 - 1,AW00014240,,BK-R64Y-42,Northwest ,United States,27-10-2018,2018-11-06,11/03/2018,1.0,1000.4375,,605.6492,605.6492,1000.4375,1000.4375,ERP_EXPORT_20240115
Internet,SO46012,SO46012 - 1,AW00019453,,BK-R50R-52,Germany,Germany,"Mar 30, 2018",2018-04-09,04/06/2018,1.0,699.0982,0.0,413.1463,413.1463,699.0982,699.0982,ERP_EXPORT_20240115
Internet,SO47951,SO47951 - 1,AW00012700,,BK-M68S-46,Australia,Australia,20180929,2018-10-09,06-10-2018,1.0,2071.4196,,1117.8559,1117.8559,2071.4196,2071.4196,ERP_EXPORT_20240115
Internet,SO47910,SO47910 - 1,AW00013049,,BK-M68S-38,Australia,Australia,2018-09-23 00:00:00,2018-10-03,2018-09-30,1.0,2071.4196,0.0,1117.8559,1117.8559,2071.4196,2071.4196,ERP_EXPORT_20240115
Internet,SO46803,SO46803 - 1,AW00013595,,BK-R89B-58,France,France,06/15/2018,2018-06-25,"Jun 22, 2018",1.0,2181.5625,0.0,1320.6838,1320.6838,2181.5625,2181.5625,ERP_EXPORT_20240115
Internet,SO46898,SO46898 - 1,,,BK-R89R-48,Australia,Australia,06/26/2018,2018-07-06,03-07-2018,1.6,2443.35,,1518.7864,1518.7864,-2443.35,-2443.35,ERP_EXPORT_20240115
Internet,SO46809,SO46809 - 1,AW00013766,,BK-R89R-58,France,France,2018-06-16,2018-06-26,06/23/2018,1.0,2181.5625,0.0,1320.6838,1320.6838,2181.5625,2181.5625,ERP_EXPORT_20240115
Internet ,SO47600,SO47600 - 1,AW00017188,,BK-R64Y-48,France,France,"Aug 22, 2018",2018-09-01,29-08-2018,1.0,1000.4375,0.0,605.6492,605.6492,1000.4375,1000.4375,ERP_EXPORT_20240115
Internet,SO47161,SO47161 - 1,AW00021408,,BK-R89B-48,Australia,Australia,20180712,2018-07-22,20180719,1.0,2181.5625,0.0,1320.6838,1320.6838,2181.5625,2181.5625,ERP_EXPORT_20240115
Internet,SO48930,SO48930 - 1,AW00015086,,BK-R89R-58,France,France,"Dec 16, 2018",2018-12-26,20181223,1.0,2181.5625,0.0,1320.6838,1320.6838,2181.5625,2181.5625,ERP_EXPORT_20240115
Internet,SO48141,SO48141 - 1,AW00012299,,BK-M68S-42,United Kingdom,United Kingdom,20181010,2018-10-20,10/17/2018,1.0,2071.4196,0.0,1117.8559,1117.8559,2071.4196,2071.4196,ERP_EXPORT_20240115
Internet,SO45416,SO45416 - 1,AW00028161,,BK-R93R-62,Canada,Canada,2018-01-11,2018-01-21,2018-01-18 00:00:00,1.0,3578.27,0.0,2171.2942,2171.2942,3578.27,3578.27,ERP_EXPORT_20240115
Internet,SO48154,SO48154 - 1,AW00022402,,BK-R89B-52,Australia,Australia,2018-10-11,2018-10-21,20181018,1.0,2181.5625,0.0,1320.6838,1320.6838,2181.5625,2181.5625,ERP_EXPORT_20240115
Internet,SO45192,SO45192 - 1,AW00014846,,BK-R93R-56,United Kingdom,United Kingdom,2017-12-20,2017-12-30,2017-12-27 00:00:00,1.0,3578.27,0.0,2171.2942,2171.2942,3578.27,3578.27,ERP_EXPORT_20240115
INTERNET,SO44587,SO44587 - 1,AW00028627,,BK-R93R-44,Southwest,United States,20171004,2017-10-14,10/11/2017,1.0,3578.27,0.0,2171.2942,2171.2942,3578.27,3578.27,ERP_EXPORT_20240115
Internet,SO44178,SO44178 - 1,AW00028097,,BK-R93R-48,Southwest,United States,08/11/2017,2017-08-21,20170818,1.0,3578.27,0.0,2171.2942,2171.2942,3578.27,3578.27,ERP_EXPORT_20240115
Internet,SO46188,SO46188 - 1,,,BK-R93R-62,Australia ,Australia,"Apr 11, 2018",2018-04-21,18-04-2018,1.5,3578.27,,2171.2942,2171.2942,3578.27,-3578.27,ERP_EXPORT_20240115
Internet,SO47085,SO47085 - 1,AW00016311,,BK-R89B-58,United Kingdom,United Kingdom,07/03/2018,2018-07-13,20180710,1.0,2181.5625,0.0%,1320.6838,1320.6838,2181.5625,2181.5625,ERP_EXPORT_20240115
Internet ,SO47466,SO47466 - 1,AW00024887,,BK-R64Y-38,Australia,Australia,2018-08-02,2018-08-12,2018-08-09,1.0,1000.4375,0.0,605.6492,605.6492,1000.4375,1000.4375,ERP_EXPORT_20240115
Internet,SO45003,SO45003 - 1,AW00029059,,BK-R93R-56,southwest,United States,"Nov 26, 2017",2017-12-06,03-12-2017,1.0,3578.27,0.0,2171.2942,2171.2942,3578.27,3578.27,ERP_EXPORT_20240115
 Internet,SO45632,SO45632 - 1,AW00014775,,BK-R93R-56,Germany,Germany,05-02-2018,2018-02-15,2018-02-12,1.0,3578.27,0.0,2171.2942,2171.2942,3578.27,3578.27,ERP_EXPORT_20240115
Internet ,SO48517,SO48517 - 1,AW00016442,,BK-R89R-44,Germany,Germany,2018-11-11,2018-11-21,"Nov 18, 2018",1.0,2443.35,0.0,1518.7864,1518.7864,2443.35,2443.35,ERP_EXPORT_20240115
Internet,SO46169,SO46169 - 1,AW00012094,,BK-R93R-52,Southwest,United States,04/07/2018,2018-04-17,"Apr 14, 2018",1.0,3578.27,0.0,2171.2942,2171.2942,3578.27,3578.27,ERP_EXPORT_20240115
Internet ,SO44937,SO44937 - 1,AW00022251,,BK-R93R-44,Canada,Canada,2017-11-18 00:00:00,2017-11-28,25-11-2017,1.0,3578.27,0.0,2171.2942,2171.2942,3578.27,3578.27,ERP_EXPORT_20240115
Internet,SO46900,SO46900 - 1,AW00021194,,BK-R89B-48,AUSTRALIA,Australia,2018-06-27,2018-07-07,04-07-2018,1.0,2181.5625,0.0%,1320.6838,1320.6838,2181.5625,2181.5625,ERP_EXPORT_20240115
 Internet,SO44596,SO44596 - 1,AW00018238,,BK-R93R-52, Australia,Australia,2017-10-05,2017-10-15,12-10-2017,1.0,3578.27,0.0,2171.2942,2171.2942,3578.27,3578.27,ERP_EXPORT_20240115
Internet,SO46413,SO46413 - 1,AW00020075,,BK-M82S-44,Canada,Canada,"May 04, 2018",2018-05-14,20180511,1.0,3399.99,0.0,1912.1544,1912.1544,3399.99,3399.99,ERP_EXPORT_20240115
Internet,SO44276,SO44276 - 1,AW00017277,,BK-R93R-52,Australia,Australia,31-08-2017,2017-09-10,09/07/2017,1.0,3578.27,0.0%,2171.2942,2171.2942,3578.27,3578.27,ERP_EXPORT_20240115
Internet,SO44578,SO44578 - 1,AW00028653,,BK-R93R-56,Southwest,United States,"Oct 02, 2017",2017-10-12,"Oct 09, 2017",1.0,3578.27,0.0,2171.2942,2171.2942,3578.27,3578.27,ERP_EXPORT_20240115
Internet,SO46444,SO46444 - 1,AW00012246,,BK-M82B-48,australia,Australia,"May 08, 2018",2018-05-18,05/15/2018,1.0,3374.99,0.0,1898.0944,1898.0944,3374.99,3374.99,ERP_EXPORT_20240115
internet,SO46128,SO46128 - 1,AW00014945,,BK-R93R-56,GERMANY,Germany,2018-04-02,2018-04-12,2018-04-09,1.0,3578.27,0.0,2171.2942,2171.2942,3578.27,3578.27,ERP_EXPORT_20240115
Internet,SO46514,SO46514 - 1,AW00019028,,BK-R50B-52, France,France,2018-05-19 00:00:00,2018-05-29,20180526,1.0,699.0982,0.0,413.1463,413.1463,699.0982,699.0982,ERP_EXPORT_20240115
Internet,SO46227,SO46227 - 1,AW00011990,,BK-M82B-48,Australia,Australia,2018-04-15,2018-04-25,22-04-2018,1.0,3374.99,0.0%,1898.0944,1898.0944,3374.99,3374.99,ERP_EXPORT_20240115
Internet,SO46225,SO46225 - 1,AW00020261,,BK-R93R-52,Australia,Australia,15-04-2018,2018-04-25,2018-04-22 00:00:00,1.0,3578.27,0.0,2171.2942,2171.2942,3578.27,3578.27,ERP_EXPORT_20240115
INTERNET,SO46839,SO46839 - 1,,,BK-R89B-48,Canada,Canada,2018-06-19,2018-06-29,"Jun 26, 2018",1.2,2181.5625,,1320.6838,1320.6838,-2181.5625,-2181.5625,ERP_EXPORT_20240115
internet,SO48712,SO48712 - 1,,,BK-R50B-44,Canada,Canada,2018-11-28 00:00:00,2018-12-08,12/05/2018,1.8,782.99,,486.7066,486.7066,-782.99,-782.99,ERP_EXPORT_20240115
INTERNET,SO45674,SO45674 - 1,AW00019948,,BK-R93R-56,Australia,Australia,02/12/2018,2018-02-22,2018-02-19 00:00:00,1.0,3578.27,0.0%,2171.2942,2171.2942,3578.27,3578.27,ERP_EXPORT_20240115
Internet,SO45824,SO45824 - 1,AW00011696,,BK-R93R-48,NORTHWEST,United States,2018-03-03,2018-03-13,2018-03-10,1.0,3578.27,0.0,2171.2942,2171.2942,3578.27,3578.27,ERP_EXPORT_20240115
Internet,SO47604,SO47604 - 1,AW00021876,,BK-R89B-48,Australia,Australia,20180822,2018-09-01,20180829,1.0,2181.5625,0.0,1320.6838,1320.6838,2181.5625,2181.5625,ERP_EXPORT_20240115
internet,SO43813,SO43813 - 1,AW00028390,,BK-M82B-44,France,France,"Jul 15, 2017",2017-07-25,22-07-2017,1.0,3374.99,0.0%,1898.0944,1898.0944,3374.99,3374.99,ERP_EXPORT_20240115
Internet,SO45701,SO45701 - 1,AW00011538,,BK-R93R-44,southwest,United States,02/16/2018,2018-02-26,2018-02-23,1.0,3578.27,0.0,2171.2942,2171.2942,3578.27,3578.27,ERP_EXPORT_20240115
Internet,SO44185,SO44185 - 1,AW00017280,,BK-R93R-62,australia,Australia,2017-08-12,2017-08-22,"Aug 19, 2017",1.0,3578.27,0.0,2171.2942,2171.2942,3578.27,3578.27,ERP_EXPORT_20240115
Internet,SO45376,SO45376 - 1,AW00011761,,BK-M82S-38,Australia,Australia,01/05/2018,2018-01-15,12-01-2018,1.0,3399.99,0.0,1912.1544,1912.1544,3399.99,3399.99,ERP_EXPORT_20240115
Internet,SO44574,SO44574 - 1,AW00011107,,BK-M82B-42,Australia,Australia,"Oct 01, 2017",2017-10-11,08-10-2017,1.0,3374.99,0.0,1898.0944,1898.0944,3374.99,3374.99,ERP_EXPORT_20240115
Internet,SO45772,SO45772 - 1,AW00019785,,BK-R93R-52,Australia,Australia,27-02-2018,2018-03-09,03/06/2018,1.0,3578.27,0.0,2171.2942,2171.2942,3578.27,3578.27,ERP_EXPORT_20240115
Internet,SO46701,SO46701 - 1,AW00015114,,BK-R89B-48,Germany,Germany,2018-06-03 00:00:00,2018-06-13,10-06-2018,1.0,2181.5625,0.0,1320.6838,1320.6838,2181.5625,2181.5625,ERP_EXPORT_20240115
Internet,SO46756,SO46756 - 1,AW00013993,,BK-R64Y-40,Southwest ,United States,09-06-2018,2018-06-19,20180616,1.0,1000.4375,0.0,605.6492,605.6492,1000.4375,1000.4375,ERP_EXPORT_20240115
INTERNET,SO48654,SO48654 - 1,AW00017094,,BK-R89B-48,United Kingdom,United Kingdom,20181123,2018-12-03,30-11-2018,1.0,2181.5625,0.0,1320.6838,1320.6838,2181.5625,2181.5625,ERP_EXPORT_20240115
Internet,SO46928,SO46928 - 1,AW00012358,,BK-M68S-46,Australia,Australia,2018-06-30 00:00:00,2018-07-10,07-07-2018,1.0,2071.4196,0.0%,1117.8559,1117.8559,2071.4196,2071.4196,ERP_EXPORT_20240115
Internet,SO48700,SO48700 - 1,AW00013519,,BK-M68B-42,Australia,Australia,2018-11-27,2018-12-07,2018-12-04,1.0,2049.0982,0.0,1105.81,1105.81,2049.0982,2049.0982,ERP_EXPORT_20240115
Internet,SO43759,SO43759 - 1,AW00013257,,BK-R93R-62,Germany ,Germany,"Jul 08, 2017",2017-07-18,07/15/2017,1.0,3578.27,0.0,2171.2942,2171.2942,3578.27,3578.27,ERP_EXPORT_20240115
Internet,SO47107,SO47107 - 1,,,BK-M68S-38,United Kingdom,United Kingdom,20180706,2018-07-16,2018-07-13,1.4,2071.4196,,1117.8559,1117.8559,-2071.4196,-2071.4196,ERP_EXPORT_20240115
Internet,SO46430,SO46430 - 1,,,BK-R93R-56,France,France,2018-05-07 00:00:00,2018-05-17,05/14/2018,1.4,3578.27,,2171.2942,2171.2942,3578.27,-3578.27,ERP_EXPORT_20240115
 Internet,SO47552,SO47552 - 1,AW00021950,,BK-R89R-44,Australia,Australia,2018-08-14,2018-08-24,"Aug 21, 2018",1.0,2443.35,0.0,1518.7864,1518.7864,2443.35,2443.35,ERP_EXPORT_20240115
 Internet,SO45397,SO45397 - 1,AW00015051,,BK-R93R-52,United Kingdom,United Kingdom,20180109,2018-01-19,20180116,1.0,3578.27,0.0%,2171.2942,2171.2942,3578.27,3578.27,ERP_EXPORT_20240115
Internet,SO48169,SO48169 - 1,AW00013653,,BK-R89B-52, Northwest,United States,2018-10-14,2018-10-24,2018-10-21,1.0,2181.5625,0.0,1320.6838,1320.6838,2181.5625,2181.5625,ERP_EXPORT_20240115
Internet,SO47292,SO47292 - 1,AW00013811,,BK-R89B-58, France,France,2018-07-26 00:00:00,2018-08-05,20180802,1.0,2181.5625,0.0%,1320.6838,1320.6838,2181.5625,2181.5625,ERP_EXPORT_20240115
internet,SO46740,SO46740 - 1,AW00012980,,BK-R89B-58, Northwest,United States,20180607,2018-06-17,14-06-2018,1.0,2181.5625,0.0,1320.6838,1320.6838,2181.5625,2181.5625,ERP_EXPORT_20240115
Internet,SO46473,SO46473 - 1,AW00014969,,BK-R93R-44,Germany,Germany,2018-05-12 00:00:00,2018-05-22,05/19/2018,1.0,3578.27,0.0,2171.2942,2171.2942,3578.27,3578.27,ERP_EXPORT_20240115
Internet,SO46138,SO46138 - 1,AW00013405,,BK-R93R-44,France,France,"Apr 03, 2018",2018-04-13,2018-04-10 00:00:00,1.0,3578.27,0.0,2171.2942,2171.2942,3578.27,3578.27,ERP_EXPORT_20240115
Internet,SO46305,SO46305 - 1,AW00014952,,BK-R93R-44,Germany,Germany,04/26/2018,2018-05-06,2018-05-03 00:00:00,1.0,3578.27,0.0,2171.2942,2171.2942,3578.27,3578.27,ERP_EXPORT_20240115
Internet,SO45971,SO45971 - 1,AW00011335,,BK-M82S-42,GERMANY,Germany,20180325,2018-04-04,20180401,1.0,3399.99,0.0,1912.1544,1912.1544,3399.99,3399.99,ERP_EXPORT_20240115
Internet,SO44432,SO44432 - 1,AW00014165,,BK-R93R-56,UNITED KINGDOM,United Kingdom,20170921,2017-10-01,2017-09-28 00:00:00,1.0,3578.27,0.0%,2171.2942,2171.2942,3578.27,3578.27,ERP_EXPORT_20240115
Internet,SO44669,SO44669 - 1,AW00025942,,BK-M82B-44,Southwest ,United States,"Oct 16, 2017",2017-10-26,23-10-2017,1.0,3374.99,0.0,1898.0944,1898.0944,3374.99,3374.99,ERP_EXPORT_20240115
Internet,SO46509,SO46509 - 1,AW00012886,,BK-R93R-62,Southwest,United States,05/19/2018,2018-05-29,"May 26, 2018",1.0,3578.27,0.0,2171.2942,2171.2942,3578.27,3578.27,ERP_EXPORT_20240115
Internet,SO44256,SO44256 - 1,AW00017232,,BK-R93R-48,Australia,Australia,27-08-2017,2017-09-06,09/03/2017,1.0,3578.27,0.0,2171.2942,2171.2942,3578.27,3578.27,ERP_EXPORT_20240115
Internet,SO45158,SO45158 - 1,AW00028419,,BK-M82S-38,France,France,"Dec 15, 2017",2017-12-25,2017-12-22 00:00:00,1.0,3399.99,0.0,1912.1544,1912.1544,3399.99,3399.99,ERP_EXPORT_20240115
Internet,SO45585,SO45585 - 1,AW00011905,,BK-M82B-48,Australia,Australia,"Jan 29, 2018",2018-02-08,02/05/2018,1.0,3374.99,0.0,1898.0944,1898.0944,3374.99,3374.99,ERP_EXPORT_20240115
INTERNET,SO44608,SO44608 - 1,AW00018200,,BK-R93R-52,Australia,Australia,"Oct 07, 2017",2017-10-17,2017-10-14,1.0,3578.27,0.0,2171.2942,2171.2942,3578.27,3578.27,ERP_EXPORT_20240115
 Internet,SO43769,SO43769 - 1,AW00021659,,BK-R93R-48,Canada,Canada,2017-07-10 00:00:00,2017-07-20,17-07-2017,1.0,3578.27,0.0%,2171.2942,2171.2942,3578.27,3578.27,ERP_EXPORT_20240115
Internet,SO46407,SO46407 - 1,AW00027026,,BK-R50B-52,CANADA,Canada,"May 03, 2018",2018-05-13,2018-05-10 00:00:00,1.0,699.0982,0.0,413.1463,413.1463,699.0982,699.0982,ERP_EXPORT_20240115
Internet,SO46895,SO46895 - 1,AW00026183,,BK-M68S-42,Southwest,United States,2018-06-26 00:00:00,2018-07-06,03-07-2018,1.0,2071.4196,0.0%,1117.8559,1117.8559,2071.4196,2071.4196,ERP_EXPORT_20240115
 Internet,SO45877,SO45877 - 1,AW00011910,,BK-M82B-48,Australia,Australia,2018-03-11,2018-03-21,2018-03-18,1.0,3374.99,0.0,1898.0944,1898.0944,3374.99,3374.99,ERP_EXPORT_20240115
INTERNET,SO45030,SO45030 - 1,AW00011450,,BK-M82B-38,Australia,Australia,29-11-2017,2017-12-09,20171206,1.0,3374.99,0.0,1898.0944,1898.0944,3374.99,3374.99,ERP_EXPORT_20240115
Internet,SO44581,SO44581 - 1,AW00011108,,BK-M82B-38,Australia,Australia,2017-10-03 00:00:00,2017-10-13,2017-10-10 00:00:00,1.0,3374.99,0.0%,1898.0944,1898.0944,3374.99,3374.99,ERP_EXPORT_20240115
Internet,SO46117,SO46117 - 1,AW00020446,,BK-R93R-62,Australia,Australia,2018-03-31 00:00:00,2018-04-10,07-04-2018,1.0,3578.27,0.0,2171.2942,2171.2942,3578.27,3578.27,ERP_EXPORT_20240115
Internet,SO46678,SO46678 - 1,AW00019930,,BK-R50R-52,Germany ,Germany,"May 31, 2018",2018-06-10,20180607,1.0,782.99,0.0%,486.7066,486.7066,782.99,782.99,ERP_EXPORT_20240115
Internet,SO44424,SO44424 - 1,AW00017916,,BK-R93R-48,AUSTRALIA,Australia,09/19/2017,2017-09-29,09/26/2017,1.0,3578.27,0.0,2171.2942,2171.2942,3578.27,3578.27,ERP_EXPORT_20240115
Internet,SO45997,SO45997 - 1,AW00014756,,BK-R50R-62,Southwest,United States,2018-03-28,2018-04-07,04/04/2018,1.0,699.0982,0.0,413.1463,413.1463,699.0982,699.0982,ERP_EXPORT_20240115
Internet,SO46120,SO46120 - 1,AW00012023,,BK-R93R-52,Southwest,United States,20180401,2018-04-11,20180408,1.0,3578.27,0.0,2171.2942,2171.2942,3578.27,3578.27,ERP_EXPORT_20240115
Internet,SO45761,SO45761 - 1,AW00011629,,BK-R93R-56,southwest,United States,"Feb 25, 2018",2018-03-07,04-03-2018,1.0,3578.27,0.0,2171.2942,2171.2942,3578.27,3578.27,ERP_EXPORT_20240115
internet,SO48490,SO48490 - 1,AW00024913,,BK-R64Y-38,Australia,Australia,2018-11-08 00:00:00,2018-11-18,2018-11-15 00:00:00,1.0,1000.4375,0.0,605.6492,605.6492,1000.4375,1000.4375,ERP_EXPORT_20240115
Internet,SO48424,SO48424 - 1,AW00015070,,BK-R89B-52,France,France,11/02/2018,2018-11-12,11/09/2018,1.0,2181.5625,0.0,1320.6838,1320.6838,2181.5625,2181.5625,ERP_EXPORT_20240115
Internet,SO48439,SO48439 - 1,AW00017651,,BK-R64Y-48, France,France,"Nov 04, 2018",2018-11-14,11/11/2018,1.0,1000.4375,0.0%,605.6492,605.6492,1000.4375,1000.4375,ERP_EXPORT_20240115
Internet,SO45022,SO45022 - 1,AW00011447,,BK-M82B-44,Australia,Australia,20171128,2017-12-08,"Dec 05, 2017",1.0,3374.99,0.0%,1898.0944,1898.0944,3374.99,3374.99,ERP_EXPORT_20240115
Internet,SO47482,SO47482 - 1,AW00021948,,BK-R89R-52,Australia,Australia,2018-08-04,2018-08-14,11-08-2018,1.0,2443.35,0.0,1518.7864,1518.7864,2443.35,2443.35,ERP_EXPORT_20240115
INTERNET,SO46914,SO46914 - 1,AW00026245,,BK-M68S-46,Southwest,United States,2018-06-29,2018-07-09,20180706,1.0,2071.4196,0.0,1117.8559,1117.8559,2071.4196,2071.4196,ERP_EXPORT_20240115
Internet ,SO46927,SO46927 - 1,AW00012348,,BK-M68B-46,Australia,Australia,20180630,2018-07-10,2018-07-07 00:00:00,1.0,2049.0982,0.0%,1105.81,1105.81,2049.0982,2049.0982,ERP_EXPORT_20240115
Internet,SO45604,SO45604 - 1,AW00011317,,BK-R93R-56,Northwest,United States,01-02-2018,2018-02-11,2018-02-08,1.0,3578.27,0.0,2171.2942,2171.2942,3578.27,3578.27,ERP_EXPORT_20240115
Internet,SO48601,SO48601 - 1,AW00028728,,BK-M68B-46, France,France,2018-11-18,2018-11-28,"Nov 25, 2018",1.0,2049.0982,0.0,1105.81,1105.81,2049.0982,2049.0982,ERP_EXPORT_20240115
Internet,SO48576,SO48576 - 1,AW00013133,,BK-M68B-46,Australia,Australia,11/15/2018,2018-11-25,2018-11-22 00:00:00,1.0,2049.0982,0.0,1105.81,1105.81,2049.0982,2049.0982,ERP_EXPORT_20240115
Internet,SO46898,SO46898 - 1,,,BK-R89R-48,Australia,Australia,06/26/2018,2018-07-06,03-07-2018,1.6,2443.35,,1518.7864,1518.7864,-2443.35,-2443.35,ERP_EXPORT_20240115
Internet,SO46730,SO46730 - 1,AW00015100,,BK-R89B-58,Germany,Germany,20180606,2018-06-16,"Jun 13, 2018",1.0,2181.5625,0.0,1320.6838,1320.6838,2181.5625,2181.5625,ERP_EXPORT_20240115
 Internet,SO47272,SO47272 - 1,AW00029013,,BK-R89R-58,Canada,Canada,"Jul 24, 2018",2018-08-03,20180731,1.0,2181.5625,0.0,1320.6838,1320.6838,2181.5625,2181.5625,ERP_EXPORT_20240115
Internet,SO44271,SO44271 - 1,AW00013846,,BK-R93R-56,United Kingdom,United Kingdom,08/31/2017,2017-09-10,2017-09-07 00:00:00,1.0,3578.27,0.0,2171.2942,2171.2942,3578.27,3578.27,ERP_EXPORT_20240115
Internet,SO44379,SO44379 - 1,AW00011080,,BK-M82B-48,AUSTRALIA,Australia,2017-09-11 00:00:00,2017-09-21,09/18/2017,1.0,3374.99,0.0,1898.0944,1898.0944,3374.99,3374.99,ERP_EXPORT_20240115
internet,SO45165,SO45165 - 1,AW00022881,,BK-R93R-52,Canada,Canada,16-12-2017,2017-12-26,12/23/2017,1.0,3578.27,0.0,2171.2942,2171.2942,3578.27,3578.27,ERP_EXPORT_20240115
Internet,SO44461,SO44461 - 1,AW00017918,,BK-R93R-52,Australia ,Australia,2017-09-27,2017-10-07,"Oct 04, 2017",1.0,3578.27,0.0,2171.2942,2171.2942,3578.27,3578.27,ERP_EXPORT_20240115
Internet,SO47479,SO47479 - 1,AW00020832,,BK-R50R-52,United Kingdom,United Kingdom,08/04/2018,2018-08-14,2018-08-11,1.0,782.99,0.0%,486.7066,486.7066,782.99,782.99,ERP_EXPORT_20240115
Internet ,SO44611,SO44611 - 1,AW00013778,,BK-R93R-56, Germany,Germany,"Oct 08, 2017",2017-10-18,"Oct 15, 2017",1.0,3578.27,0.0,2171.2942,2171.2942,3578.27,3578.27,ERP_EXPORT_20240115
Internet,SO45754,SO45754 - 1,AW00011529,,BK-R93R-44,Northwest ,United States,2018-02-24,2018-03-06,03-03-2018,1.0,3578.27,0.0%,2171.2942,2171.2942,3578.27,3578.27,ERP_EXPORT_20240115
Internet,SO48587,SO48587 - 1,AW00026568,,BK-R50R-60,Australia,Australia,2018-11-16,2018-11-26,"Nov 23, 2018",1.0,782.99,0.0,486.7066,486.7066,782.99,782.99,ERP_EXPORT_20240115
Internet,SO48919,SO48919 - 1,AW00026658,,BK-R50R-44,Australia,Australia,12/15/2018,2018-12-25,22-12-2018,1.0,782.99,0.0,486.7066,486.7066,782.99,782.99,ERP_EXPORT_20240115
INTERNET,SO47331,SO47331 - 1,AW00020807,,BK-R50B-58,United Kingdom,United Kingdom,30-07-2018,2018-08-09,2018-08-06,1.0,782.99,0.0%,486.7066,486.7066,782.99,782.99,ERP_EXPORT_20240115
Internet,SO48860,SO48860 - 1,AW00013849,,BK-R89B-48,Northwest,United States,2018-12-09 00:00:00,2018-12-19,"Dec 16, 2018",1.0,2181.5625,0.0,1320.6838,1320.6838,2181.5625,2181.5625,ERP_EXPORT_20240115
Internet,SO46308,SO46308 - 1,AW00020609,,BK-R93R-62,Australia,Australia,04/27/2018,2018-05-07,2018-05-04 00:00:00,1.0,3578.27,0.0,2171.2942,2171.2942,3578.27,3578.27,ERP_EXPORT_20240115
Internet,SO45661,SO45661 - 1,AW00025827,,BK-R50B-52,Australia,Australia,10-02-2018,2018-02-20,2018-02-17,1.0,699.0982,0.0,413.1463,413.1463,699.0982,699.0982,ERP_EXPORT_20240115
Internet,SO46400,SO46400 - 1,AW00020987,,BK-R93R-56,AUSTRALIA,Australia,05/02/2018,2018-05-12,09-05-2018,1.0,3578.27,0.0,2171.2942,2171.2942,3578.27,3578.27,ERP_EXPORT_20240115
Internet,SO44620,SO44620 - 1,AW00018204,,BK-R93R-48, Australia,Australia,20171009,2017-10-19,2017-10-16 00:00:00,1.0,3578.27,0.0%,2171.2942,2171.2942,3578.27,3578.27,ERP_EXPORT_20240115
Internet,SO44593,SO44593 - 1,AW00028645,,BK-R93R-52, Southwest,United States,"Oct 05, 2017",2017-10-15,2017-10-12,1.0,3578.27,0.0%,2171.2942,2171.2942,3578.27,3578.27,ERP_EXPORT_20240115
Internet,SO44633,SO44633 - 1,AW00018203,,BK-R93R-62,Australia,Australia,10/11/2017,2017-10-21,2017-10-18,1.0,3578.27,0.0,2171.2942,2171.2942,3578.27,3578.27,ERP_EXPORT_20240115
Internet ,SO45393,SO45393 - 1,AW00014171,,BK-R93R-48,Germany,Germany,2018-01-08,2018-01-18,2018-01-15,1.0,3578.27,0.0,2171.2942,2171.2942,3578.27,3578.27,ERP_EXPORT_20240115
Internet,SO45889,SO45889 - 1,,,BK-M82B-44,Australia,Australia,20180312,2018-03-22,03/19/2018,1.4,3374.99,,1898.0944,1898.0944,3374.99,-3374.99,ERP_EXPORT_20240115
Internet,SO44354,SO44354 - 1,AW00014603,,BK-R50B-62,Southwest ,United States,2017-09-08 00:00:00,2017-09-18,"Sep 15, 2017",1.0,699.0982,0.0,413.1463,413.1463,699.0982,699.0982,ERP_EXPORT_20240115
Internet,SO45831,SO45831 - 1,AW00020158,,BK-R93R-52,AUSTRALIA,Australia,2018-03-03,2018-03-13,20180310,1.0,3578.27,0.0%,2171.2942,2171.2942,3578.27,3578.27,ERP_EXPORT_20240115
internet,SO46200,SO46200 - 1,AW00020260,,BK-R93R-62,Australia,Australia,"Apr 12, 2018",2018-04-22,20180419,1.0,3578.27,0.0,2171.2942,2171.2942,3578.27,3578.27,ERP_EXPORT_20240115
Internet,SO48245,SO48245 - 1,AW00012129,,BK-M68S-42,Germany,Germany,26-10-2018,2018-11-05,20181102,1.0,2071.4196,0.0,1117.8559,1117.8559,2071.4196,2071.4196,ERP_EXPORT_20240115
Internet,SO46163,SO46163 - 1,AW00012042,,BK-R93R-48,Northwest,United States,20180407,2018-04-17,04/14/2018,1.0,3578.27,0.0,2171.2942,2171.2942,3578.27,3578.27,ERP_EXPORT_20240115
internet,SO45668,SO45668 - 1,AW00011298,,BK-R93R-48, Southwest,United States,"Feb 12, 2018",2018-02-22,02/19/2018,1.0,3578.27,0.0,2171.2942,2171.2942,3578.27,3578.27,ERP_EXPORT_20240115
Internet,SO48723,SO48723 - 1,AW00014944,,BK-R89R-48,France,France,30-11-2018,2018-12-10,12/07/2018,1.0,2443.35,0.0,1518.7864,1518.7864,2443.35,2443.35,ERP_EXPORT_20240115
Internet,SO47113,SO47113 - 1,AW00015255,,BK-R50B-52,southwest,United States,2018-07-06 00:00:00,2018-07-16,13-07-2018,1.0,782.99,0.0%,486.7066,486.7066,782.99,782.99,ERP_EXPORT_20240115
Internet,SO47327,SO47327 - 1,AW00013304,,BK-R89B-52,Northwest,United States,29-07-2018,2018-08-08,20180805,1.0,2181.5625,0.0,1320.6838,1320.6838,2181.5625,2181.5625,ERP_EXPORT_20240115
Internet,SO44882,SO44882 - 1,AW00018703,,BK-R93R-44,Australia,Australia,"Nov 10, 2017",2017-11-20,11/17/2017,1.0,3578.27,0.0,2171.2942,2171.2942,3578.27,3578.27,ERP_EXPORT_20240115
Internet,SO45369,SO45369 - 1,AW00019269,,BK-R93R-56,Australia,Australia,"Jan 04, 2018",2018-01-14,11-01-2018,1.0,3578.27,0.0,2171.2942,2171.2942,3578.27,3578.27,ERP_EXPORT_20240115
Internet,SO45254,SO45254 - 1,AW00029252,,BK-R93R-56,SOUTHWEST,United States,2017-12-30 00:00:00,2018-01-09,20180106,1.0,3578.27,0.0,2171.2942,2171.2942,3578.27,3578.27,ERP_EXPORT_20240115
Internet,SO46536,SO46536 - 1,AW00013556,,BK-R93R-44,France,France,"May 21, 2018",2018-05-31,2018-05-28 00:00:00,1.0,3578.27,0.0,2171.2942,2171.2942,3578.27,3578.27,ERP_EXPORT_20240115
Internet,SO44402,SO44402 - 1,AW00013666,,BK-R93R-56,Germany,Germany,"Sep 15, 2017",2017-09-25,2017-09-22,1.0,3578.27,0.0,2171.2942,2171.2942,3578.27,3578.27,ERP_EXPORT_20240115
Internet,SO47197,SO47197 - 1,AW00021218,,BK-R89B-52,Australia,Australia,"Jul 15, 2018",2018-07-25,07/22/2018,1.0,2181.5625,0.0%,1320.6838,1320.6838,2181.5625,2181.5625,ERP_EXPORT_20240115
 Internet,SO43751,SO43751 - 1,AW00011592,,BK-R93R-52,FRANCE,France,07/07/2017,2017-07-17,07/14/2017,1.0,3578.27,0.0%,2171.2942,2171.2942,3578.27,3578.27,ERP_EXPORT_20240115
Internet,SO47551,SO47551 - 1,AW00021878,,BK-R89R-58,Australia,Australia,2018-08-14 00:00:00,2018-08-24,2018-08-21,1.0,2181.5625,0.0,1320.6838,1320.6838,2181.5625,2181.5625,ERP_EXPORT_20240115
Internet,SO48890,SO48890 - 1,AW00013618,,BK-M68B-38,Australia,Australia,2018-12-12 00:00:00,2018-12-22,19-12-2018,1.0,2049.0982,0.0,1105.81,1105.81,2049.0982,2049.0982,ERP_EXPORT_20240115
Internet,SO44883,SO44883 - 1,AW00018296,,BK-R93R-56,Australia,Australia,10-11-2017,2017-11-20,20171117,1.0,3578.27,0.0%,2171.2942,2171.2942,3578.27,3578.27,ERP_EXPORT_20240115
Internet,SO46515,SO46515 - 1,AW00019904,,BK-R50B-48,Germany,Germany,05/19/2018,2018-05-29,20180526,1.0,699.0982,0.0,413.1463,413.1463,699.0982,699.0982,ERP_EXPORT_20240115
Internet,SO45137,SO45137 - 1,AW00018735,,BK-R93R-62, Australia,Australia,12/11/2017,2017-12-21,12/18/2017,1.0,3578.27,0.0,2171.2942,2171.2942,3578.27,3578.27,ERP_EXPORT_20240115
Internet,SO44680,SO44680 - 1,AW00012296,,BK-R93R-48,France,France,20171019,2017-10-29,10/26/2017,1.0,3578.27,0.0,2171.2942,2171.2942,3578.27,3578.27,ERP_EXPORT_20240115
Internet,SO46301,SO46301 - 1,AW00012817,,BK-R93R-52, France,France,26-04-2018,2018-05-06,2018-05-03,1.0,3578.27,0.0,2171.2942,2171.2942,3578.27,3578.27,ERP_EXPORT_20240115
internet,SO46506,SO46506 - 1,AW00012242,,BK-M82B-42,Australia,Australia,2018-05-18,2018-05-28,2018-05-25 00:00:00,1.0,3374.99,0.0,1898.0944,1898.0944,3374.99,3374.99,ERP_EXPORT_20240115
Internet,SO47746,SO47746 - 1,AW00013022,,BK-M68B-38,Australia,Australia,09/01/2018,2018-09-11,2018-09-08 00:00:00,1.0,2049.0982,0.0,1105.81,1105.81,2049.0982,2049.0982,ERP_EXPORT_20240115
INTERNET,SO46516,SO46516 - 1,AW00026116,,BK-M82B-48,Northwest,United States,2018-05-19,2018-05-29,"May 26, 2018",1.0,3374.99,,1898.0944,1898.0944,3374.99,3374.99,ERP_EXPORT_20240115
Internet,SO46721,SO46721 - 1,AW00016046,,BK-R89R-52,United Kingdom,United Kingdom,05-06-2018,2018-06-15,2018-06-12,1.0,2443.35,,1518.7864,1518.7864,2443.35,2443.35,ERP_EXPORT_20240115
Internet,SO48954,SO48954 - 1,AW00026724,,BK-M68B-46,northwest,United States,12/20/2018,2018-12-30,27-12-2018,1.0,2049.0982,0.0,1105.81,1105.81,2049.0982,2049.0982,ERP_EXPORT_20240115
Internet,SO46519,SO46519 - 1,AW00015660,,BK-R93R-62,United Kingdom,United Kingdom,"May 19, 2018",2018-05-29,"May 26, 2018",1.0,3578.27,0.0%,2171.2942,2171.2942,3578.27,3578.27,ERP_EXPORT_20240115
Internet,SO47602,SO47602 - 1,AW00019174,,BK-R50R-60,France,France,20180822,2018-09-01,2018-08-29,1.0,782.99,0.0,486.7066,486.7066,782.99,782.99,ERP_EXPORT_20240115
Internet,SO46018,SO46018 - 1,AW00011663,,BK-R93R-48,Northwest,United States,20180330,2018-04-09,"Apr 06, 2018",1.0,3578.27,0.0,2171.2942,2171.2942,3578.27,3578.27,ERP_EXPORT_20240115
Internet,SO48555,SO48555 - 1,AW00015399,,BK-R50R-62,Southwest,United States,20181113,2018-11-23,2018-11-20,1.0,782.99,0.0,486.7066,486.7066,782.99,782.99,ERP_EXPORT_20240115
Internet,SO48550,SO48550 - 1,AW00019315,,BK-R50R-44,France ,France,13-11-2018,2018-11-23,2018-11-20 00:00:00,1.0,782.99,,486.7066,486.7066,782.99,782.99,ERP_EXPORT_20240115
Internet ,SO47268,SO47268 - 1,AW00021402,,BK-R89B-48,Australia,Australia,2018-07-23 00:00:00,2018-08-02,2018-07-30,1.0,2181.5625,0.0%,1320.6838,1320.6838,2181.5625,2181.5625,ERP_EXPORT_20240115
Internet,SO48937,SO48937 - 1,AW00013529,,BK-M68S-38,Australia,Australia,"Dec 17, 2018",2018-12-27,2018-12-24,1.0,2071.4196,0.0,1117.8559,1117.8559,2071.4196,2071.4196,ERP_EXPORT_20240115
internet,SO45915,SO45915 - 1,AW00011930,,BK-M82S-48,Australia,Australia,2018-03-16 00:00:00,2018-03-26,2018-03-23,1.0,3399.99,0.0,1912.1544,1912.1544,3399.99,3399.99,ERP_EXPORT_20240115
Internet,SO48466,SO48466 - 1,AW00015404,,BK-R50B-58,Southwest,United States,"Nov 06, 2018",2018-11-16,13-11-2018,1.0,782.99,0.0,486.7066,486.7066,782.99,782.99,ERP_EXPORT_20240115
Internet,SO47481,SO47481 - 1,AW00021899,,BK-R89B-44,Australia,Australia,04-08-2018,2018-08-14,08/11/2018,1.0,2181.5625,,1320.6838,1320.6838,2181.5625,2181.5625,ERP_EXPORT_20240115
Internet,SO45593,SO45593 - 1,AW00015118,,BK-R93R-62,UNITED KINGDOM,United Kingdom,2018-01-31 00:00:00,2018-02-10,2018-02-07,1.0,3578.27,0.0,2171.2942,2171.2942,3578.27,3578.27,ERP_EXPORT_20240115
internet,SO45606,SO45606 - 1,AW00019967,,BK-R93R-48,Australia,Australia,20180201,2018-02-11,08-02-2018,1.0,3578.27,0.0,2171.2942,2171.2942,3578.27,3578.27,ERP_EXPORT_20240115
Internet,SO45260,SO45260 - 1,AW00029150,,BK-R93R-62,Northwest ,United States,2017-12-31 00:00:00,2018-01-10,07-01-2018,1.0,3578.27,0.0,2171.2942,2171.2942,3578.27,3578.27,ERP_EXPORT_20240115
Internet,SO48702,SO48702 - 1,AW00017115,,BK-R89B-52,United Kingdom,United Kingdom,"Nov 28, 2018",2018-12-08,05-12-2018,1.0,2181.5625,0.0,1320.6838,1320.6838,2181.5625,2181.5625,ERP_EXPORT_20240115
Internet,SO45685,SO45685 - 1,AW00018132,,BK-R50R-60,FRANCE,France,02/14/2018,2018-02-24,21-02-2018,1.0,699.0982,0.0,413.1463,413.1463,699.0982,699.0982,ERP_EXPORT_20240115
Internet,SO46242,SO46242 - 1,AW00020423,,BK-R93R-56,Australia,Australia,2018-04-17 00:00:00,2018-04-27,04/24/2018,1.0,3578.27,0.0%,2171.2942,2171.2942,3578.27,3578.27,ERP_EXPORT_20240115
Internet,SO48446,SO48446 - 1,AW00027265,,BK-R50B-44,canada,Canada,2018-11-04,2018-11-14,2018-11-11 00:00:00,1.0,782.99,0.0%,486.7066,486.7066,782.99,782.99,ERP_EXPORT_20240115
INTERNET,SO46743,SO46743 - 1,AW00021183,,BK-R89B-44, Australia,Australia,2018-06-07 00:00:00,2018-06-17,14-06-2018,1.0,2181.5625,0.0%,1320.6838,1320.6838,2181.5625,2181.5625,ERP_EXPORT_20240115
Internet,SO44068,SO44068 - 1,AW00013541,,BK-R93R-52,Germany,Germany,02-08-2017,2017-08-12,20170809,1.0,3578.27,0.0,2171.2942,2171.2942,3578.27,3578.27,ERP_EXPORT_20240115
Internet,SO48575,SO48575 - 1,,,BK-M68B-42,Australia,Australia,"Nov 15, 2018",2018-11-25,2018-11-22,1.1,2049.0982,,1105.81,1105.81,-2049.0982,-2049.0982,ERP_EXPORT_20240115
Internet,SO45406,SO45406 - 1,AW00025987,,BK-M82B-48,Southwest ,United States,10-01-2018,2018-01-20,17-01-2018,1.0,3374.99,0.0,1898.0944,1898.0944,3374.99,3374.99,ERP_EXPORT_20240115
Internet,SO46398,SO46398 - 1,AW00020992,,BK-R93R-44,Australia,Australia,"May 02, 2018",2018-05-12,"May 09, 2018",1.0,3578.27,0.0,2171.2942,2171.2942,3578.27,3578.27,ERP_EXPORT_20240115
Internet,SO44982,SO44982 - 1,AW00029132,,BK-R93R-48,Southwest,United States,11/23/2017,2017-12-03,"Nov 30, 2017",1.0,3578.27,0.0,2171.2942,2171.2942,3578.27,3578.27,ERP_EXPORT_20240115
Internet,SO45853,SO45853 - 1,AW00015453,,BK-R93R-52,United Kingdom,United Kingdom,07-03-2018,2018-03-17,"Mar 14, 2018",1.0,3578.27,0.0,2171.2942,2171.2942,3578.27,3578.27,ERP_EXPORT_20240115
Internet,SO46315,SO46315 - 1,AW00012142,,BK-R93R-44, Northwest,United States,2018-04-29,2018-05-09,"May 06, 2018",1.0,3578.27,0.0,2171.2942,2171.2942,3578.27,3578.27,ERP_EXPORT_20240115
Internet,SO48871,SO48871 - 1,AW00020736,,BK-M68B-42,Canada,Canada,10-12-2018,2018-12-20,2018-12-17,1.0,2049.0982,0.0,1105.81,1105.81,2049.0982,2049.0982,ERP_EXPORT_20240115
INTERNET,SO46155,SO46155 - 1,AW00012076,,BK-R93R-62, Southwest,United States,"Apr 06, 2018",2018-04-16,2018-04-13,1.0,3578.27,0.0%,2171.2942,2171.2942,3578.27,3578.27,ERP_EXPORT_20240115
Internet,SO45851,SO45851 - 1,AW00011683,,BK-R93R-48,Southwest,United States,2018-03-07,2018-03-17,2018-03-14 00:00:00,1.0,3578.27,0.0,2171.2942,2171.2942,3578.27,3578.27,ERP_EXPORT_20240115
Internet,SO46814,SO46814 - 1,AW00013165,,BK-R89R-58,Southwest,United States,2018-06-16 00:00:00,2018-06-26,23-06-2018,1.0,2181.5625,0.0,1320.6838,1320.6838,2181.5625,2181.5625,ERP_EXPORT_20240115
 Internet,SO45581,SO45581 - 1,AW00011263,,BK-R93R-52,Northwest,United States,29-01-2018,2018-02-08,2018-02-05 00:00:00,1.0,3578.27,0.0,2171.2942,2171.2942,3578.27,3578.27,ERP_EXPORT_20240115
Internet,SO45430,SO45430 - 1,AW00028176,,BK-R93R-48,Canada,Canada,13-01-2018,2018-01-23,20180120,1.0,3578.27,0.0,2171.2942,2171.2942,3578.27,3578.27,ERP_EXPORT_20240115
Internet,SO45126,SO45126 - 1,,,BK-R93R-44,France,France,20171210,2017-12-20,20171217,1.6,3578.27,,2171.2942,2171.2942,-3578.27,-3578.27,ERP_EXPORT_20240115
Internet,SO44182,SO44182 - 1,AW00017299,,BK-R93R-62,Australia,Australia,08/11/2017,2017-08-21,08/18/2017,1.0,3578.27,0.0,2171.2942,2171.2942,3578.27,3578.27,ERP_EXPORT_20240115
Internet,SO45514,SO45514 - 1,AW00028051,,BK-R93R-56,canada,Canada,"Jan 28, 2018",2018-02-07,02/04/2018,1.0,3578.27,0.0,2171.2942,2171.2942,3578.27,3578.27,ERP_EXPORT_20240115
Internet ,SO47553,SO47553 - 1,AW00012698,,BK-M68S-42,Australia,Australia,08/14/2018,2018-08-24,08/21/2018,1.0,2071.4196,0.0,1117.8559,1117.8559,2071.4196,2071.4196,ERP_EXPORT_20240115
Internet,SO44606,SO44606 - 1,AW00028772,,BK-R93R-52,Northwest,United States,2017-10-07,2017-10-17,20171014,1.0,3578.27,0.0,2171.2942,2171.2942,3578.27,3578.27,ERP_EXPORT_20240115
Internet,SO47170,SO47170 - 1,AW00021228,,BK-R89B-52,Australia,Australia,20180713,2018-07-23,20180720,1.0,2181.5625,0.0,1320.6838,1320.6838,2181.5625,2181.5625,ERP_EXPORT_20240115
Internet,SO46258,SO46258 - 1,AW00012160,,BK-R93R-52,Northwest,United States,"Apr 20, 2018",2018-04-30,2018-04-27 00:00:00,1.0,3578.27,0.0,2171.2942,2171.2942,3578.27,3578.27,ERP_EXPORT_20240115
Internet,SO44631,SO44631 - 1,AW00028629,,BK-R93R-62,Southwest,United States,10/11/2017,2017-10-21,18-10-2017,1.0,3578.27,0.0%,2171.2942,2171.2942,3578.27,3578.27,ERP_EXPORT_20240115
 Internet,SO48567,SO48567 - 1,AW00014948,,BK-R89B-52,France,France,11/15/2018,2018-11-25,2018-11-22 00:00:00,1.0,2181.5625,0.0,1320.6838,1320.6838,2181.5625,2181.5625,ERP_EXPORT_20240115
Internet,SO46468,SO46468 - 1,AW00024431,,BK-R93R-44,Canada,Canada,20180512,2018-05-22,"May 19, 2018",1.0,3578.27,0.0,2171.2942,2171.2942,3578.27,3578.27,ERP_EXPORT_20240115
Internet,SO48106,SO48106 - 1,AW00020546,,BK-M68B-42,canada,Canada,"Oct 03, 2018",2018-10-13,20181010,1.0,2049.0982,0.0,1105.81,1105.81,2049.0982,2049.0982,ERP_EXPORT_20240115
Internet,SO47638,SO47638 - 1,AW00026319,,BK-M68B-46, Southwest,United States,"Aug 27, 2018",2018-09-06,09/03/2018,1.0,2049.0982,0.0,1105.81,1105.81,2049.0982,2049.0982,ERP_EXPORT_20240115
Internet,SO45243,SO45243 - 1,AW00025715,,BK-R50B-60,AUSTRALIA,Australia,28-12-2017,2018-01-07,2018-01-04,1.0,699.0982,0.0,413.1463,413.1463,699.0982,699.0982,ERP_EXPORT_20240115
Internet,SO46894,SO46894 - 1,AW00026120,,BK-M68S-46,SOUTHWEST,United States,"Jun 26, 2018",2018-07-06,2018-07-03 00:00:00,1.0,2071.4196,0.0,1117.8559,1117.8559,2071.4196,2071.4196,ERP_EXPORT_20240115
INTERNET,SO46547,SO46547 - 1,AW00012917,,BK-R93R-52,Northwest,United States,23-05-2018,2018-06-02,"May 30, 2018",1.0,3578.27,0.0,2171.2942,2171.2942,3578.27,3578.27,ERP_EXPORT_20240115
Internet,SO48840,SO48840 - 1,AW00017753,,BK-R89R-48,United Kingdom,United Kingdom,12/07/2018,2018-12-17,20181214,1.0,2443.35,0.0,1518.7864,1518.7864,2443.35,2443.35,ERP_EXPORT_20240115
internet,SO45832,SO45832 - 1,AW00011916,,BK-M82B-48,Australia,Australia,2018-03-03 00:00:00,2018-03-13,2018-03-10,1.0,3374.99,0.0%,1898.0944,1898.0944,3374.99,3374.99,ERP_EXPORT_20240115
Internet,SO48510,SO48510 - 1,AW00026631,,BK-M68S-42,Southwest,United States,"Nov 10, 2018",2018-11-20,17-11-2018,1.0,2071.4196,0.0,1117.8559,1117.8559,2071.4196,2071.4196,ERP_EXPORT_20240115
Internet,SO46592,SO46592 - 1,AW00024664,,BK-R93R-52,Canada,Canada,05/29/2018,2018-06-08,20180605,1.0,3578.27,0.0,2171.2942,2171.2942,3578.27,3578.27,ERP_EXPORT_20240115
Internet,SO46778,SO46778 - 1,AW00011610,,BK-M68S-38,United Kingdom,United Kingdom,12-06-2018,2018-06-22,06/19/2018,1.0,2071.4196,0.0,1117.8559,1117.8559,2071.4196,2071.4196,ERP_EXPORT_20240115
INTERNET,SO45503,SO45503 - 1,AW00022995,,BK-R93R-56,Canada,Canada,20180126,2018-02-05,02/02/2018,1.0,3578.27,0.0,2171.2942,2171.2942,3578.27,3578.27,ERP_EXPORT_20240115
INTERNET,SO44810,SO44810 - 1,AW00029126,,BK-R93R-44,Southwest,United States,20171101,2017-11-11,11/08/2017,1.0,3578.27,0.0%,2171.2942,2171.2942,3578.27,3578.27,ERP_EXPORT_20240115
Internet,SO48533,SO48533 - 1,AW00026560,,BK-R50R-48, Australia,Australia,2018-11-11 00:00:00,2018-11-21,2018-11-18 00:00:00,1.0,782.99,0.0,486.7066,486.7066,782.99,782.99,ERP_EXPORT_20240115
Internet,SO43837,SO43837 - 1,AW00011009,,BK-M82B-44,Australia,Australia,07/16/2017,2017-07-26,20170723,1.0,3374.99,0.0,1898.0944,1898.0944,3374.99,3374.99,ERP_EXPORT_20240115
Internet,SO44814,SO44814 - 1,AW00018281,,BK-R93R-52,Australia ,Australia,20171101,2017-11-11,11/08/2017,1.0,3578.27,0.0,2171.2942,2171.2942,3578.27,3578.27,ERP_EXPORT_20240115
Internet,SO44153,SO44153 - 1,AW00028168,,BK-R93R-48,southwest,United States,"Aug 06, 2017",2017-08-16,2017-08-13,1.0,3578.27,0.0,2171.2942,2171.2942,3578.27,3578.27,ERP_EXPORT_20240115
Internet,SO47226,SO47226 - 1,AW00013314,,BK-R89R-44,Southwest,United States,2018-07-19 00:00:00,2018-07-29,2018-07-26 00:00:00,1.0,2443.35,0.0,1518.7864,1518.7864,2443.35,2443.35,ERP_EXPORT_20240115
Internet,SO44675,SO44675 - 1,AW00025566,,BK-R50B-62,Australia,Australia,"Oct 17, 2017",2017-10-27,10/24/2017,1.0,699.0982,0.0,413.1463,413.1463,699.0982,699.0982,ERP_EXPORT_20240115
Internet,SO47313,SO47313 - 1,AW00021231,,BK-R89B-44,australia,Australia,07/27/2018,2018-08-06,2018-08-03 00:00:00,1.0,2181.5625,0.0,1320.6838,1320.6838,2181.5625,2181.5625,ERP_EXPORT_20240115
Internet,SO48408,SO48408 - 1,AW00022927,,BK-R89B-58,Australia,Australia,2018-10-31 00:00:00,2018-11-10,11/07/2018,1.0,2181.5625,0.0%,1320.6838,1320.6838,2181.5625,2181.5625,ERP_EXPORT_20240115
Internet,SO48632,SO48632 - 1,AW00017192,,BK-R89B-58,united kingdom,United Kingdom,11/21/2018,2018-12-01,2018-11-28 00:00:00,1.0,2181.5625,0.0,1320.6838,1320.6838,2181.5625,2181.5625,ERP_EXPORT_20240115
Internet,SO46517,SO46517 - 1,AW00020624,,BK-R93R-52,AUSTRALIA,Australia,"May 19, 2018",2018-05-29,"May 26, 2018",1.0,3578.27,0.0,2171.2942,2171.2942,3578.27,3578.27,ERP_EXPORT_20240115
Internet,SO48200,SO48200 - 1,AW00026537,,BK-M68B-38,Northwest,United States,"Oct 19, 2018",2018-10-29,20181026,1.0,2049.0982,0.0,1105.81,1105.81,2049.0982,2049.0982,ERP_EXPORT_20240115
Internet ,SO46135,SO46135 - 1,AW00020416,,BK-R93R-52,AUSTRALIA,Australia,03-04-2018,2018-04-13,10-04-2018,1.0,3578.27,0.0,2171.2942,2171.2942,3578.27,3578.27,ERP_EXPORT_20240115
Internet,SO44580,SO44580 - 1,AW00013782,,BK-R93R-56,Germany,Germany,2017-10-03,2017-10-13,2017-10-10,1.0,3578.27,0.0,2171.2942,2171.2942,3578.27,3578.27,ERP_EXPORT_20240115
Internet,SO44237,SO44237 - 1,AW00017056,,BK-R93R-62,Australia ,Australia,08/23/2017,2017-09-02,30-08-2017,1.0,3578.27,0.0,2171.2942,2171.2942,3578.27,3578.27,ERP_EXPORT_20240115
Internet ,SO48948,SO48948 - 1,AW00013974,,BK-M68S-42,Australia,Australia,12/19/2018,2018-12-29,12/26/2018,1.0,2071.4196,0.0,1117.8559,1117.8559,2071.4196,2071.4196,ERP_EXPORT_20240115
Internet,SO47463,SO47463 - 1,AW00014203,,BK-R89B-44,France,France,2018-08-02 00:00:00,2018-08-12,09-08-2018,1.0,2181.5625,0.0,1320.6838,1320.6838,2181.5625,2181.5625,ERP_EXPORT_20240115
Internet,SO47526,SO47526 - 1,AW00012215,,BK-M68S-42,United Kingdom,United Kingdom,2018-08-11 00:00:00,2018-08-21,"Aug 18, 2018",1.0,2071.4196,0.0,1117.8559,1117.8559,2071.4196,2071.4196,ERP_EXPORT_20240115
Internet,SO46239,SO46239 - 1,AW00014927,,BK-R93R-48,Germany,Germany,20180417,2018-04-27,20180424,1.0,3578.27,0.0%,2171.2942,2171.2942,3578.27,3578.27,ERP_EXPORT_20240115
Internet,SO46826,SO46826 - 1,AW00012575,,BK-M68B-42,Australia,Australia,20180617,2018-06-27,"Jun 24, 2018",1.0,2049.0982,0.0,1105.81,1105.81,2049.0982,2049.0982,ERP_EXPORT_20240115
Internet,SO44369,SO44369 - 1,AW00028250,,BK-R93R-62,SOUTHWEST,United States,20170910,2017-09-20,"Sep 17, 2017",1.0,3578.27,0.0%,2171.2942,2171.2942,3578.27,3578.27,ERP_EXPORT_20240115
Internet,SO47820,SO47820 - 1,AW00013025,,BK-M68S-38,Australia,Australia,09/12/2018,2018-09-22,09/19/2018,1.0,2071.4196,0.0,1117.8559,1117.8559,2071.4196,2071.4196,ERP_EXPORT_20240115
 Internet,SO44174,SO44174 - 1,AW00017229,,BK-R93R-44,Australia,Australia,10-08-2017,2017-08-20,2017-08-17,1.0,3578.27,0.0,2171.2942,2171.2942,3578.27,3578.27,ERP_EXPORT_20240115
INTERNET,SO47123,SO47123 - 1,AW00025408,,BK-R89R-58,Canada,Canada,2018-07-07,2018-07-17,2018-07-14 00:00:00,1.0,2181.5625,0.0,1320.6838,1320.6838,2181.5625,2181.5625,ERP_EXPORT_20240115
 Internet,SO47647,SO47647 - 1,AW00021897,,BK-R89R-44,Australia,Australia,2018-08-29 00:00:00,2018-09-08,20180905,1.0,2443.35,0.0,1518.7864,1518.7864,2443.35,2443.35,ERP_EXPORT_20240115
Internet,SO44807,SO44807 - 1,AW00011365,,BK-M82B-44, Australia,Australia,"Oct 31, 2017",2017-11-10,11/07/2017,1.0,3374.99,0.0,1898.0944,1898.0944,3374.99,3374.99,ERP_EXPORT_20240115
INTERNET,SO45467,SO45467 - 1,AW00011422,,BK-M82S-42,UNITED KINGDOM,United Kingdom,20180122,2018-02-01,29-01-2018,1.0,3399.99,0.0,1912.1544,1912.1544,3399.99,3399.99,ERP_EXPORT_20240115
Internet,SO46720,SO46720 - 1,AW00013667,,BK-R89R-58,France,France,06/05/2018,2018-06-15,2018-06-12,1.0,2181.5625,0.0,1320.6838,1320.6838,2181.5625,2181.5625,ERP_EXPORT_20240115
Internet,SO48265,SO48265 - 1,AW00016945,,BK-R89R-48,United Kingdom,United Kingdom,2018-10-28 00:00:00,2018-11-07,2018-11-04,1.0,2443.35,0.0,1518.7864,1518.7864,2443.35,2443.35,ERP_EXPORT_20240115
Internet,SO44136,SO44136 - 1,AW00022114,,BK-R93R-44,Canada,Canada,08/03/2017,2017-08-13,2017-08-10 00:00:00,1.0,3578.27,0.0,2171.2942,2171.2942,3578.27,3578.27,ERP_EXPORT_20240115
INTERNET,SO48113,SO48113 - 1,AW00020716,,BK-R50B-60,Germany,Germany,2018-10-05 00:00:00,2018-10-15,"Oct 12, 2018",1.0,782.99,0.0,486.7066,486.7066,782.99,782.99,ERP_EXPORT_20240115
Internet,SO47512,SO47512 - 1,AW00016446,,BK-R89B-44,United Kingdom,United Kingdom,20180810,2018-08-20,2018-08-17,1.0,2181.5625,0.0,1320.6838,1320.6838,2181.5625,2181.5625,ERP_EXPORT_20240115
Internet,SO44629,SO44629 - 1,AW00018209,,BK-R93R-44,Australia,Australia,10/10/2017,2017-10-20,17-10-2017,1.0,3578.27,0.0,2171.2942,2171.2942,3578.27,3578.27,ERP_EXPORT_20240115
Internet,SO45241,SO45241 - 1,AW00029203,,BK-R93R-44, Southwest,United States,12/28/2017,2018-01-07,01/04/2018,1.0,3578.27,0.0,2171.2942,2171.2942,3578.27,3578.27,ERP_EXPORT_20240115
Internet,SO45388,SO45388 - 1,AW00025986,,BK-M82B-44,NORTHWEST,United States,07-01-2018,2018-01-17,"Jan 14, 2018",1.0,3374.99,0.0,1898.0944,1898.0944,3374.99,3374.99,ERP_EXPORT_20240115
Internet,SO46838,SO46838 - 1,AW00012922,,BK-R89B-48,Southwest ,United States,"Jun 19, 2018",2018-06-29,26-06-2018,1.0,2181.5625,,1320.6838,1320.6838,2181.5625,2181.5625,ERP_EXPORT_20240115
Internet,SO46715,SO46715 - 1,AW00024976,,BK-R89B-48,Canada,Canada,"Jun 04, 2018",2018-06-14,"Jun 11, 2018",1.0,2181.5625,0.0,1320.6838,1320.6838,2181.5625,2181.5625,ERP_EXPORT_20240115
Internet,SO48401,SO48401 - 1,AW00016451,,BK-R89B-48,Germany,Germany,"Oct 31, 2018",2018-11-10,"Nov 07, 2018",1.0,2181.5625,0.0,1320.6838,1320.6838,2181.5625,2181.5625,ERP_EXPORT_20240115
Internet,SO48514,SO48514 - 1,AW00015427,,BK-R50B-44,Southwest,United States,11/10/2018,2018-11-20,2018-11-17 00:00:00,1.0,782.99,0.0,486.7066,486.7066,782.99,782.99,ERP_EXPORT_20240115
Internet,SO48869,SO48869 - 1,AW00023314,,BK-R89R-58, Australia,Australia,20181210,2018-12-20,20181217,1.0,2181.5625,0.0%,1320.6838,1320.6838,2181.5625,2181.5625,ERP_EXPORT_20240115
internet,SO43781,SO43781 - 1,AW00016495,,BK-R93R-48,AUSTRALIA,Australia,"Jul 11, 2017",2017-07-21,2017-07-18,1.0,3578.27,0.0,2171.2942,2171.2942,3578.27,3578.27,ERP_EXPORT_20240115
Internet,SO47576,SO47576 - 1,AW00021877,,BK-R89B-52,Australia,Australia,20180818,2018-08-28,08/25/2018,1.0,2181.5625,0.0%,1320.6838,1320.6838,2181.5625,2181.5625,ERP_EXPORT_20240115
Internet,SO44966,SO44966 - 1,AW00018458,,BK-R93R-56,Australia,Australia,2017-11-20 00:00:00,2017-11-30,27-11-2017,1.0,3578.27,0.0,2171.2942,2171.2942,3578.27,3578.27,ERP_EXPORT_20240115
Internet,SO44986,SO44986 - 1,AW00025708,,BK-R50R-48, Australia,Australia,23-11-2017,2017-12-03,11/30/2017,1.0,699.0982,0.0,413.1463,413.1463,699.0982,699.0982,ERP_EXPORT_20240115
Internet,SO44866,SO44866 - 1,AW00011443,,BK-M82B-44,Australia,Australia,2017-11-07,2017-11-17,14-11-2017,1.0,3374.99,0.0,1898.0944,1898.0944,3374.99,3374.99,ERP_EXPORT_20240115
Internet,SO48556,SO48556 - 1,AW00022936,,BK-R89B-52,Australia,Australia,20181113,2018-11-23,20181120,1.0,2181.5625,0.0,1320.6838,1320.6838,2181.5625,2181.5625,ERP_EXPORT_20240115
internet,SO48104,SO48104 - 1,AW00020859,,BK-R50R-60,United Kingdom,United Kingdom,10/03/2018,2018-10-13,20181010,1.0,782.99,0.0%,486.7066,486.7066,782.99,782.99,ERP_EXPORT_20240115
Internet,SO47864,SO47864 - 1,AW00021966,,BK-R89B-44,AUSTRALIA,Australia,2018-09-18,2018-09-28,09/25/2018,1.0,2181.5625,0.0%,1320.6838,1320.6838,2181.5625,2181.5625,ERP_EXPORT_20240115
Internet,SO46270,SO46270 - 1,AW00024309,,BK-R93R-48,Canada,Canada,2018-04-22,2018-05-02,2018-04-29 00:00:00,1.0,3578.27,0.0,2171.2942,2171.2942,3578.27,3578.27,ERP_EXPORT_20240115
INTERNET,SO46761,SO46761 - 1,AW00019924,,BK-R50R-62,Germany,Germany,"Jun 10, 2018",2018-06-20,20180617,1.0,782.99,0.0,486.7066,486.7066,782.99,782.99,ERP_EXPORT_20240115
Internet,SO46489,SO46489 - 1,AW00024666,,BK-R93R-52,Canada,Canada,20180516,2018-05-26,23-05-2018,1.0,3578.27,0.0,2171.2942,2171.2942,3578.27,3578.27,ERP_EXPORT_20240115
Internet,SO44064,SO44064 - 1,AW00022050,,BK-R93R-62,Canada,Canada,01-08-2017,2017-08-11,2017-08-08 00:00:00,1.0,3578.27,0.0%,2171.2942,2171.2942,3578.27,3578.27,ERP_EXPORT_20240115
Internet,SO46197,SO46197 - 1,AW00026061,,BK-M82S-48,Southwest ,United States,04/12/2018,2018-04-22,19-04-2018,1.0,3399.99,0.0,1912.1544,1912.1544,3399.99,3399.99,ERP_EXPORT_20240115
INTERNET,SO47088,SO47088 - 1,AW00013274,,BK-R89R-48,Northwest,United States,07/03/2018,2018-07-13,07/10/2018,1.0,2443.35,0.0,1518.7864,1518.7864,2443.35,2443.35,ERP_EXPORT_20240115
Internet,SO46768,SO46768 - 1,AW00026020,,BK-R50B-44,Australia,Australia,"Jun 10, 2018",2018-06-20,2018-06-17,1.0,782.99,,486.7066,486.7066,782.99,782.99,ERP_EXPORT_20240115
Internet,SO48184,SO48184 - 1,AW00024908,,BK-R64Y-38,Australia,Australia,20181016,2018-10-26,23-10-2018,1.0,1000.4375,0.0,605.6492,605.6492,1000.4375,1000.4375,ERP_EXPORT_20240115
Internet,SO48563,SO48563 - 1,AW00020831,,BK-R50B-48,Germany,Germany,"Nov 14, 2018",2018-11-24,11/21/2018,1.0,782.99,0.0,486.7066,486.7066,782.99,782.99,ERP_EXPORT_20240115
Internet,SO44478,SO44478 - 1,AW00017726,,BK-R93R-56,Australia,Australia,29-09-2017,2017-10-09,10/06/2017,1.0,3578.27,0.0,2171.2942,2171.2942,3578.27,3578.27,ERP_EXPORT_20240115
Internet,SO47243,SO47243 - 1,AW00020712,,BK-R50B-44,United Kingdom ,United Kingdom,20-07-2018,2018-07-30,20180727,1.0,782.99,0.0,486.7066,486.7066,782.99,782.99,ERP_EXPORT_20240115
Internet,SO44941,SO44941 - 1,AW00018697,,BK-R93R-62,Australia,Australia,18-11-2017,2017-11-28,11/25/2017,1.0,3578.27,0.0,2171.2942,2171.2942,3578.27,3578.27,ERP_EXPORT_20240115
Internet,SO47247,SO47247 - 1,AW00013292,,BK-R89R-58,Northwest,United States,"Jul 21, 2018",2018-07-31,28-07-2018,1.0,2181.5625,0.0,1320.6838,1320.6838,2181.5625,2181.5625,ERP_EXPORT_20240115
Internet,SO46845,SO46845 - 1,AW00011603,,BK-M68B-38,United Kingdom,United Kingdom,06/20/2018,2018-06-30,20180627,1.0,2049.0982,0.0,1105.81,1105.81,2049.0982,2049.0982,ERP_EXPORT_20240115
Internet,SO45163,SO45163 - 1,AW00025714,,BK-R50R-48,Australia,Australia,20171215,2017-12-25,20171222,1.0,699.0982,0.0,413.1463,413.1463,699.0982,699.0982,ERP_EXPORT_20240115
Internet,SO45154,SO45154 - 1,AW00018767,,BK-R93R-52,Australia,Australia,2017-12-14,2017-12-24,12/21/2017,1.0,3578.27,0.0,2171.2942,2171.2942,3578.27,3578.27,ERP_EXPORT_20240115
Internet ,SO48805,SO48805 - 1,AW00019318,,BK-R50R-52,France,France,2018-12-02,2018-12-12,"Dec 09, 2018",1.0,782.99,0.0%,486.7066,486.7066,782.99,782.99,ERP_EXPORT_20240115
Internet,SO47318,SO47318 - 1,AW00013273,,BK-R89B-48,SOUTHWEST,United States,2018-07-28,2018-08-07,04-08-2018,1.0,2181.5625,0.0%,1320.6838,1320.6838,2181.5625,2181.5625,ERP_EXPORT_20240115
Internet,SO45867,SO45867 - 1,AW00011772,,BK-R93R-48,Northwest,United States,"Mar 10, 2018",2018-03-20,2018-03-17,1.0,3578.27,0.0,2171.2942,2171.2942,3578.27,3578.27,ERP_EXPORT_20240115
Internet,SO47872,SO47872 - 1,AW00014790,,BK-R89B-58,France,France,"Sep 19, 2018",2018-09-29,2018-09-26,1.0,2181.5625,0.0,1320.6838,1320.6838,2181.5625,2181.5625,ERP_EXPORT_20240115
Internet ,SO44846,SO44846 - 1,AW00018334,,BK-R93R-56,Australia,Australia,2017-11-06 00:00:00,2017-11-16,2017-11-13,1.0,3578.27,0.0,2171.2942,2171.2942,3578.27,3578.27,ERP_EXPORT_20240115
INTERNET,SO47469,SO47469 - 1,AW00019301,,BK-R64Y-40,united kingdom,United Kingdom,2018-08-03,2018-08-13,2018-08-10 00:00:00,1.0,1000.4375,0.0,605.6492,605.6492,1000.4375,1000.4375,ERP_EXPORT_20240115
Internet,SO46882,SO46882 - 1,AW00025960,,BK-R50B-52,AUSTRALIA,Australia,06/24/2018,2018-07-04,"Jul 01, 2018",1.0,782.99,0.0,486.7066,486.7066,782.99,782.99,ERP_EXPORT_20240115
Internet,SO48717,SO48717 - 1,AW00028736,,BK-M68S-38,France,France,"Nov 29, 2018",2018-12-09,2018-12-06 00:00:00,1.0,2071.4196,0.0,1117.8559,1117.8559,2071.4196,2071.4196,ERP_EXPORT_20240115
Internet,SO47936,SO47936 - 1,AW00026192,,BK-R50R-62,Australia ,Australia,27-09-2018,2018-10-07,20181004,1.0,782.99,0.0,486.7066,486.7066,782.99,782.99,ERP_EXPORT_20240115
Internet,SO48117,SO48117 - 1,AW00014930,,BK-R89B-52,France,France,2018-10-06 00:00:00,2018-10-16,2018-10-13,1.0,2181.5625,0.0,1320.6838,1320.6838,2181.5625,2181.5625,ERP_EXPORT_20240115
Internet,SO45446,SO45446 - 1,AW00025990,,BK-M82S-42,Northwest,United States,01/16/2018,2018-01-26,"Jan 23, 2018",1.0,3399.99,0.0,1912.1544,1912.1544,3399.99,3399.99,ERP_EXPORT_20240115
internet,SO45027,SO45027 - 1,AW00028871,,BK-R93R-56,Northwest,United States,2017-11-29,2017-12-09,"Dec 06, 2017",1.0,3578.27,0.0,2171.2942,2171.2942,3578.27,3578.27,ERP_EXPORT_20240115
Internet ,SO48129,SO48129 - 1,AW00022582,,BK-R89B-52, Australia,Australia,2018-10-07 00:00:00,2018-10-17,2018-10-14 00:00:00,1.0,2181.5625,0.0,1320.6838,1320.6838,2181.5625,2181.5625,ERP_EXPORT_20240115
 Internet,SO46406,SO46406 - 1,AW00012779,,BK-R93R-48,northwest,United States,2018-05-03,2018-05-13,2018-05-10 00:00:00,1.0,3578.27,,2171.2942,2171.2942,3578.27,3578.27,ERP_EXPORT_20240115
 Internet,SO45713,SO45713 - 1,AW00015088,,BK-R93R-56,united kingdom,United Kingdom,02/18/2018,2018-02-28,20180225,1.0,3578.27,0.0,2171.2942,2171.2942,3578.27,3578.27,ERP_EXPORT_20240115
Internet,SO45684,SO45684 - 1,AW00011485,,BK-M82S-42,United Kingdom,United Kingdom,20180214,2018-02-24,2018-02-21,1.0,3399.99,0.0,1912.1544,1912.1544,3399.99,3399.99,ERP_EXPORT_20240115
INTERNET,SO43721,SO43721 - 1,AW00013590,,BK-R93R-62,United Kingdom,United Kingdom,"Jul 03, 2017",2017-07-13,2017-07-10,1.0,3578.27,0.0,2171.2942,2171.2942,3578.27,3578.27,ERP_EXPORT_20240115
Internet,SO45882,SO45882 - 1,AW00011745,,BK-R93R-48,Northwest,United States,2018-03-12 00:00:00,2018-03-22,19-03-2018,1.0,3578.27,0.0,2171.2942,2171.2942,3578.27,3578.27,ERP_EXPORT_20240115
Internet,SO45911,SO45911 - 1,AW00011797,,BK-R93R-56,Southwest,United States,2018-03-16 00:00:00,2018-03-26,23-03-2018,1.0,3578.27,0.0,2171.2942,2171.2942,3578.27,3578.27,ERP_EXPORT_20240115
Internet,SO44366,SO44366 - 1,AW00017502,,BK-R93R-52,Australia,Australia,20170909,2017-09-19,09/16/2017,1.0,3578.27,0.0,2171.2942,2171.2942,3578.27,3578.27,ERP_EXPORT_20240115
Internet,SO45191,SO45191 - 1,AW00014660,,BK-R50R-48,Northwest,United States,20171219,2017-12-29,12/26/2017,1.0,699.0982,0.0,413.1463,413.1463,699.0982,699.0982,ERP_EXPORT_20240115
Internet,SO45611,SO45611 - 1,AW00011535,,BK-R93R-62,Northwest,United States,2018-02-02,2018-02-12,2018-02-09 00:00:00,1.0,3578.27,0.0%,2171.2942,2171.2942,3578.27,3578.27,ERP_EXPORT_20240115
 Internet,SO47808,SO47808 - 1,AW00026161,,BK-R50B-52,Australia,Australia,20180911,2018-09-21,2018-09-18 00:00:00,1.0,782.99,0.0,486.7066,486.7066,782.99,782.99,ERP_EXPORT_20240115
Internet,SO47294,SO47294 - 1,AW00018139,,BK-R64Y-40,Germany,Germany,"Jul 26, 2018",2018-08-05,2018-08-02 00:00:00,1.0,1000.4375,0.0%,605.6492,605.6492,1000.4375,1000.4375,ERP_EXPORT_20240115
Internet,SO46788,SO46788 - 1,AW00012342,,BK-M68B-38,Australia,Australia,20180612,2018-06-22,2018-06-19 00:00:00,1.0,2049.0982,0.0%,1105.81,1105.81,2049.0982,2049.0982,ERP_EXPORT_20240115
Internet,SO46853,SO46853 - 1,AW00021192,,BK-R89R-44,Australia,Australia,"Jun 20, 2018",2018-06-30,27-06-2018,1.0,2443.35,,1518.7864,1518.7864,2443.35,2443.35,ERP_EXPORT_20240115
Internet,SO47215,SO47215 - 1,AW00028836,,BK-R89R-44,Canada,Canada,18-07-2018,2018-07-28,2018-07-25 00:00:00,1.0,2443.35,0.0,1518.7864,1518.7864,2443.35,2443.35,ERP_EXPORT_20240115
Internet,SO47144,SO47144 - 1,AW00026033,,BK-R50B-52,Australia,Australia,"Jul 09, 2018",2018-07-19,16-07-2018,1.0,782.99,0.0,486.7066,486.7066,782.99,782.99,ERP_EXPORT_20240115
Internet,SO44456,SO44456 - 1,AW00025560,,BK-R50R-58,Australia,Australia,09/26/2017,2017-10-06,2017-10-03 00:00:00,1.0,699.0982,0.0%,413.1463,413.1463,699.0982,699.0982,ERP_EXPORT_20240115
Internet,SO46742,SO46742 - 1,AW00020206,,BK-M68B-38,Canada,Canada,07-06-2018,2018-06-17,20180614,1.0,2049.0982,0.0%,1105.81,1105.81,2049.0982,2049.0982,ERP_EXPORT_20240115
Internet,SO44649,SO44649 - 1,AW00025924,,BK-M82S-38,Southwest,United States,"Oct 13, 2017",2017-10-23,"Oct 20, 2017",1.0,3399.99,0.0,1912.1544,1912.1544,3399.99,3399.99,ERP_EXPORT_20240115
Internet,SO48607,SO48607 - 1,AW00022946,,BK-R89B-52, Australia,Australia,2018-11-18,2018-11-28,2018-11-25 00:00:00,1.0,2181.5625,0.0,1320.6838,1320.6838,2181.5625,2181.5625,ERP_EXPORT_20240115
Internet,SO47624,SO47624 - 1,AW00021949,,BK-R89R-58,Australia,Australia,2018-08-25 00:00:00,2018-09-04,2018-09-01 00:00:00,1.0,2181.5625,0.0,1320.6838,1320.6838,2181.5625,2181.5625,ERP_EXPORT_20240115
Internet ,SO48448,SO48448 - 1,AW00022987,,BK-R89B-48,Australia,Australia,11/04/2018,2018-11-14,20181111,1.0,2181.5625,0.0,1320.6838,1320.6838,2181.5625,2181.5625,ERP_EXPORT_20240115
internet,SO45855,SO45855 - 1,AW00014754,,BK-R50B-44,Northwest,United States,2018-03-07,2018-03-17,2018-03-14 00:00:00,1.0,699.0982,0.0,413.1463,413.1463,699.0982,699.0982,ERP_EXPORT_20240115
Internet,SO47210,SO47210 - 1,AW00024609,,BK-R64Y-48,Australia,Australia,2018-07-17,2018-07-27,07/24/2018,1.0,1000.4375,0.0,605.6492,605.6492,1000.4375,1000.4375,ERP_EXPORT_20240115
 Internet,SO46572,SO46572 - 1,AW00013552,,BK-R93R-56, France,France,2018-05-26,2018-06-05,"Jun 02, 2018",1.0,3578.27,0.0,2171.2942,2171.2942,3578.27,3578.27,ERP_EXPORT_20240115
Internet,SO45035,SO45035 - 1,AW00028839,,BK-R93R-62,Northwest,United States,11/30/2017,2017-12-10,2017-12-07,1.0,3578.27,0.0,2171.2942,2171.2942,3578.27,3578.27,ERP_EXPORT_20240115
internet,SO47913,SO47913 - 1,AW00029159,,BK-R89R-44,Canada ,Canada,20180924,2018-10-04,2018-10-01 00:00:00,1.0,2443.35,0.0%,1518.7864,1518.7864,2443.35,2443.35,ERP_EXPORT_20240115
Internet,SO46717,SO46717 - 1,AW00025048,,BK-R89R-44,Canada,Canada,2018-06-04,2018-06-14,"Jun 11, 2018",1.0,2443.35,0.0,1518.7864,1518.7864,2443.35,2443.35,ERP_EXPORT_20240115
Internet,SO44192,SO44192 - 1,AW00013570,,BK-R93R-48,Germany,Germany,20170815,2017-08-25,"Aug 22, 2017",1.0,3578.27,0.0,2171.2942,2171.2942,3578.27,3578.27,ERP_EXPORT_20240115
internet,SO48233,SO48233 - 1,AW00022850,,BK-R89R-58,Australia,Australia,"Oct 24, 2018",2018-11-03,2018-10-31 00:00:00,1.0,2181.5625,0.0,1320.6838,1320.6838,2181.5625,2181.5625,ERP_EXPORT_20240115
Internet,SO48590,SO48590 - 1,AW00028757,,BK-M68S-38,France,France,2018-11-17 00:00:00,2018-11-27,"Nov 24, 2018",1.0,2071.4196,0.0,1117.8559,1117.8559,2071.4196,2071.4196,ERP_EXPORT_20240115
Internet,SO47096,SO47096 - 1,AW00026283,,BK-M68S-42,Southwest,United States,07/04/2018,2018-07-14,11-07-2018,1.0,2071.4196,0.0,1117.8559,1117.8559,2071.4196,2071.4196,ERP_EXPORT_20240115
Internet,SO45921,SO45921 - 1,AW00011798,,BK-R93R-48,Northwest,United States,17-03-2018,2018-03-27,03/24/2018,1.0,3578.27,0.0,2171.2942,2171.2942,3578.27,3578.27,ERP_EXPORT_20240115
Internet,SO45454,SO45454 - 1,AW00023074,,BK-R93R-48, Canada,Canada,20180118,2018-01-28,20180125,1.0,3578.27,0.0%,2171.2942,2171.2942,3578.27,3578.27,ERP_EXPORT_20240115
Internet,SO46419,SO46419 - 1,AW00012021,,BK-M82S-38,Australia,Australia,05/05/2018,2018-05-15,2018-05-12 00:00:00,1.0,3399.99,0.0%,1912.1544,1912.1544,3399.99,3399.99,ERP_EXPORT_20240115
Internet,SO46180,SO46180 - 1,AW00012084,,BK-R93R-62,Northwest,United States,2018-04-10 00:00:00,2018-04-20,17-04-2018,1.0,3578.27,0.0,2171.2942,2171.2942,3578.27,3578.27,ERP_EXPORT_20240115
Internet,SO44825,SO44825 - 1,AW00018309,,BK-R93R-48, Australia,Australia,20171102,2017-11-12,09-11-2017,1.0,3578.27,0.0,2171.2942,2171.2942,3578.27,3578.27,ERP_EXPORT_20240115
Internet,SO46808,SO46808 - 1,AW00012347,,BK-M68B-42,Australia,Australia,06/15/2018,2018-06-25,2018-06-22,1.0,2049.0982,0.0,1105.81,1105.81,2049.0982,2049.0982,ERP_EXPORT_20240115
Internet,SO44176,SO44176 - 1,AW00012220,,BK-R93R-56,France,France,20170811,2017-08-21,"Aug 18, 2017",1.0,3578.27,0.0,2171.2942,2171.2942,3578.27,3578.27,ERP_EXPORT_20240115
Internet,SO45010,SO45010 - 1,AW00028869,,BK-R93R-52,Northwest,United States,"Nov 27, 2017",2017-12-07,"Dec 04, 2017",1.0,3578.27,0.0,2171.2942,2171.2942,3578.27,3578.27,ERP_EXPORT_20240115
 Internet,SO47072,SO47072 - 1,AW00020062,,BK-R50B-48,Germany,Germany,2018-07-01,2018-07-11,2018-07-08 00:00:00,1.0,782.99,0.0,486.7066,486.7066,782.99,782.99,ERP_EXPORT_20240115
Internet,SO44705,SO44705 - 1,AW00028678,,BK-R93R-44, Northwest,United States,"Oct 24, 2017",2017-11-03,31-10-2017,1.0,3578.27,0.0,2171.2942,2171.2942,3578.27,3578.27,ERP_EXPORT_20240115
Internet,SO47593,SO47593 - 1,AW00026135,,BK-R50R-62,Australia,Australia,2018-08-20,2018-08-30,20180827,1.0,782.99,0.0,486.7066,486.7066,782.99,782.99,ERP_EXPORT_20240115
Internet,SO45916,SO45916 - 1,AW00011964,,BK-M82S-44,Australia,Australia,03/16/2018,2018-03-26,20180323,1.0,3399.99,0.0,1912.1544,1912.1544,3399.99,3399.99,ERP_EXPORT_20240115
Internet,SO46850,SO46850 - 1,AW00013221,,BK-R89R-52,Southwest,United States,"Jun 20, 2018",2018-06-30,20180627,1.0,2443.35,0.0,1518.7864,1518.7864,2443.35,2443.35,ERP_EXPORT_20240115
Internet,SO48936,SO48936 - 1,AW00013644,,BK-M68S-38,Australia,Australia,12/17/2018,2018-12-27,20181224,1.0,2071.4196,0.0,1117.8559,1117.8559,2071.4196,2071.4196,ERP_EXPORT_20240115
Internet,SO43810,SO43810 - 1,AW00011004,,BK-M82S-42,Australia,Australia,14-07-2017,2017-07-24,07/21/2017,1.0,3399.99,0.0,1912.1544,1912.1544,3399.99,3399.99,ERP_EXPORT_20240115
Internet,SO45645,SO45645 - 1,AW00011482,,BK-M82B-48,United Kingdom,United Kingdom,2018-02-08 00:00:00,2018-02-18,2018-02-15,1.0,3374.99,0.0,1898.0944,1898.0944,3374.99,3374.99,ERP_EXPORT_20240115
Internet,SO48135,SO48135 - 1,AW00024910,,BK-R64Y-40, Australia,Australia,20181008,2018-10-18,2018-10-15 00:00:00,1.0,1000.4375,0.0%,605.6492,605.6492,1000.4375,1000.4375,ERP_EXPORT_20240115
Internet ,SO45385,SO45385 - 1,AW00014735,,BK-R50B-60,Northwest,United States,01/06/2018,2018-01-16,2018-01-13,1.0,699.0982,0.0,413.1463,413.1463,699.0982,699.0982,ERP_EXPORT_20240115
Internet,SO45208,SO45208 - 1,AW00019884,,BK-M82S-38,Canada,Canada,22-12-2017,2018-01-01,2017-12-29,1.0,3399.99,0.0,1912.1544,1912.1544,3399.99,3399.99,ERP_EXPORT_20240115
Internet,SO46813,SO46813 - 1,AW00013152,,BK-R89B-58,SOUTHWEST,United States,2018-06-16 00:00:00,2018-06-26,20180623,1.0,2181.5625,0.0,1320.6838,1320.6838,2181.5625,2181.5625,ERP_EXPORT_20240115
Internet,SO45361,SO45361 - 1,AW00023057,,BK-R93R-48,Canada,Canada,2018-01-03 00:00:00,2018-01-13,"Jan 10, 2018",1.0,3578.27,0.0,2171.2942,2171.2942,3578.27,3578.27,ERP_EXPORT_20240115
INTERNET,SO45262,SO45262 - 1,AW00029265,,BK-R93R-52,Southwest,United States,2017-12-31 00:00:00,2018-01-10,07-01-2018,1.0,3578.27,0.0,2171.2942,2171.2942,3578.27,3578.27,ERP_EXPORT_20240115
Internet,SO43782,SO43782 - 1,AW00016516,,BK-R93R-48,Australia,Australia,2017-07-11,2017-07-21,07/18/2017,1.0,3578.27,0.0,2171.2942,2171.2942,3578.27,3578.27,ERP_EXPORT_20240115
Internet,SO45723,SO45723 - 1,AW00011290,,BK-R93R-44,Southwest,United States,20180220,2018-03-02,2018-02-27 00:00:00,1.0,3578.27,0.0,2171.2942,2171.2942,3578.27,3578.27,ERP_EXPORT_20240115
internet,SO47270,SO47270 - 1,AW00028519,,BK-M68B-42,France,France,07/24/2018,2018-08-03,07/31/2018,1.0,2049.0982,,1105.81,1105.81,2049.0982,2049.0982,ERP_EXPORT_20240115
Internet,SO45590,SO45590 - 1,AW00019763,,BK-R93R-44,Australia,Australia,20180130,2018-02-09,"Feb 06, 2018",1.0,3578.27,0.0,2171.2942,2171.2942,3578.27,3578.27,ERP_EXPORT_20240115
Internet,SO46402,SO46402 - 1,AW00020616,,BK-R93R-52,Australia,Australia,2018-05-02,2018-05-12,2018-05-09 00:00:00,1.0,3578.27,0.0,2171.2942,2171.2942,3578.27,3578.27,ERP_EXPORT_20240115
Internet,SO44630,SO44630 - 1,AW00028765,,BK-R93R-48,Southwest ,United States,2017-10-11,2017-10-21,20171018,1.0,3578.27,0.0,2171.2942,2171.2942,3578.27,3578.27,ERP_EXPORT_20240115
Internet,SO47919,SO47919 - 1,AW00017216,,BK-R64Y-38,France,France,09/25/2018,2018-10-05,10/02/2018,1.0,1000.4375,0.0,605.6492,605.6492,1000.4375,1000.4375,ERP_EXPORT_20240115
Internet,SO45081,SO45081 - 1,AW00026782,,BK-R50B-44,Canada,Canada,"Dec 01, 2017",2017-12-11,"Dec 08, 2017",1.0,699.0982,0.0,413.1463,413.1463,699.0982,699.0982,ERP_EXPORT_20240115
internet,SO43826,SO43826 - 1,AW00011008,,BK-M82B-38,Australia,Australia,07/15/2017,2017-07-25,2017-07-22 00:00:00,1.0,3374.99,0.0,1898.0944,1898.0944,3374.99,3374.99,ERP_EXPORT_20240115
Internet,SO45508,SO45508 - 1,AW00012510,,BK-R93R-62,France,France,20180127,2018-02-06,20180203,1.0,3578.27,0.0,2171.2942,2171.2942,3578.27,3578.27,ERP_EXPORT_20240115
Internet,SO47858,SO47858 - 1,AW00019302,,BK-R64Y-42,United Kingdom ,United Kingdom,2018-09-18 00:00:00,2018-09-28,25-09-2018,1.0,1000.4375,0.0,605.6492,605.6492,1000.4375,1000.4375,ERP_EXPORT_20240115
internet,SO47230,SO47230 - 1,AW00021256,,BK-R89R-58,Australia ,Australia,"Jul 19, 2018",2018-07-29,20180726,1.0,2181.5625,0.0,1320.6838,1320.6838,2181.5625,2181.5625,ERP_EXPORT_20240115
Internet,SO44915,SO44915 - 1,AW00018461,,BK-R93R-48,Australia,Australia,20171114,2017-11-24,2017-11-21 00:00:00,1.0,3578.27,0.0,2171.2942,2171.2942,3578.27,3578.27,ERP_EXPORT_20240115
Internet,SO47118,SO47118 - 1,AW00028541,,BK-M68B-46,FRANCE,France,07/06/2018,2018-07-16,20180713,1.0,2049.0982,0.0,1105.81,1105.81,2049.0982,2049.0982,ERP_EXPORT_20240115
Internet,SO45501,SO45501 - 1,AW00025993,,BK-M82B-44, Northwest,United States,2018-01-26,2018-02-05,02-02-2018,1.0,3374.99,0.0,1898.0944,1898.0944,3374.99,3374.99,ERP_EXPORT_20240115
Internet,SO44141,SO44141 - 1,AW00013572,,BK-R93R-52,Germany ,Germany,"Aug 04, 2017",2017-08-14,20170811,1.0,3578.27,0.0,2171.2942,2171.2942,3578.27,3578.27,ERP_EXPORT_20240115
internet,SO48665,SO48665 - 1,AW00020872,,BK-R50B-60,United Kingdom,United Kingdom,11/23/2018,2018-12-03,11/30/2018,1.0,782.99,0.0,486.7066,486.7066,782.99,782.99,ERP_EXPORT_20240115
Internet,SO44216,SO44216 - 1,AW00013560,,BK-R93R-56,Germany,Germany,20-08-2017,2017-08-30,2017-08-27 00:00:00,1.0,3578.27,0.0,2171.2942,2171.2942,3578.27,3578.27,ERP_EXPORT_20240115
Internet,SO43842,SO43842 - 1,AW00016630,,BK-R93R-48,Australia,Australia,17-07-2017,2017-07-27,2017-07-24,1.0,3578.27,0.0,2171.2942,2171.2942,3578.27,3578.27,ERP_EXPORT_20240115
Internet,SO45461,SO45461 - 1,AW00028646,,BK-R93R-44,Canada,Canada,01/20/2018,2018-01-30,20180127,1.0,3578.27,0.0,2171.2942,2171.2942,3578.27,3578.27,ERP_EXPORT_20240115
 Internet,SO45659,SO45659 - 1,AW00026003,,BK-M82B-42,Southwest,United States,10-02-2018,2018-02-20,2018-02-17,1.0,3374.99,0.0%,1898.0944,1898.0944,3374.99,3374.99,ERP_EXPORT_20240115
Internet,SO46228,SO46228 - 1,AW00011993,,BK-M82B-42,Australia,Australia,04/15/2018,2018-04-25,2018-04-22,1.0,3374.99,0.0,1898.0944,1898.0944,3374.99,3374.99,ERP_EXPORT_20240115
Internet,SO47139,SO47139 - 1,AW00013238,,BK-R89B-48,Southwest,United States,2018-07-09 00:00:00,2018-07-19,20180716,1.0,2181.5625,0.0%,1320.6838,1320.6838,2181.5625,2181.5625,ERP_EXPORT_20240115
Internet,SO44258,SO44258 - 1,AW00013579,,BK-R93R-62,germany,Germany,20170828,2017-09-07,2017-09-04,1.0,3578.27,0.0,2171.2942,2171.2942,3578.27,3578.27,ERP_EXPORT_20240115
Internet ,SO44364,SO44364 - 1,AW00011092,,BK-M82B-38,Australia,Australia,"Sep 09, 2017",2017-09-19,20170916,1.0,3374.99,0.0,1898.0944,1898.0944,3374.99,3374.99,ERP_EXPORT_20240115
Internet,SO45351,SO45351 - 1,AW00012520,,BK-R93R-52,france,France,2018-01-02 00:00:00,2018-01-12,01/09/2018,1.0,3578.27,0.0,2171.2942,2171.2942,3578.27,3578.27,ERP_EXPORT_20240115
Internet,SO47513,SO47513 - 1,AW00015675,,BK-R89R-44,Germany,Germany,2018-08-10 00:00:00,2018-08-20,2018-08-17 00:00:00,1.0,2443.35,0.0,1518.7864,1518.7864,2443.35,2443.35,ERP_EXPORT_20240115
Internet,SO46875,SO46875 - 1,AW00011470,,BK-M68B-46,GERMANY,Germany,06/24/2018,2018-07-04,"Jul 01, 2018",1.0,2049.0982,0.0,1105.81,1105.81,2049.0982,2049.0982,ERP_EXPORT_20240115
Internet,SO45354,SO45354 - 1,AW00019432,,BK-R50B-48,GERMANY,Germany,2018-01-02 00:00:00,2018-01-12,09-01-2018,1.0,699.0982,0.0,413.1463,413.1463,699.0982,699.0982,ERP_EXPORT_20240115
Internet,SO46148,SO46148 - 1,,,BK-R93R-62,Southwest,United States,04/05/2018,2018-04-15,2018-04-12,1.7,3578.27,,2171.2942,2171.2942,3578.27,3578.27,ERP_EXPORT_20240115
Internet,SO47751,SO47751 - 1,AW00021983,,BK-R89R-48,Australia,Australia,02-09-2018,2018-09-12,09/09/2018,1.0,2443.35,0.0,1518.7864,1518.7864,2443.35,2443.35,ERP_EXPORT_20240115
Internet,SO47930,SO47930 - 1,AW00021982,,BK-R89B-52,Australia,Australia,09/26/2018,2018-10-06,"Oct 03, 2018",1.0,2181.5625,0.0,1320.6838,1320.6838,2181.5625,2181.5625,ERP_EXPORT_20240115
Internet ,SO48262,SO48262 - 1,AW00024909,,BK-R64Y-42,Australia,Australia,20181027,2018-11-06,11/03/2018,1.0,1000.4375,0.0,605.6492,605.6492,1000.4375,1000.4375,ERP_EXPORT_20240115
Internet,SO46186,SO46186 - 1,AW00012041,,BK-R93R-62,NORTHWEST,United States,2018-04-11 00:00:00,2018-04-21,18-04-2018,1.0,3578.27,0.0,2171.2942,2171.2942,3578.27,3578.27,ERP_EXPORT_20240115
Internet,SO45382,SO45382 - 1,AW00011129,,BK-R93R-52,Northwest,United States,20180106,2018-01-16,2018-01-13 00:00:00,1.0,3578.27,0.0,2171.2942,2171.2942,3578.27,3578.27,ERP_EXPORT_20240115
Internet,SO46476,SO46476 - 1,AW00026110,,BK-M82B-44,Northwest,United States,05/13/2018,2018-05-23,20180520,1.0,3374.99,0.0%,1898.0944,1898.0944,3374.99,3374.99,ERP_EXPORT_20240115
Internet,SO46886,SO46886 - 1,AW00028669,,BK-R89B-52,Canada,Canada,2018-06-25 00:00:00,2018-07-05,"Jul 02, 2018",1.0,2181.5625,0.0,1320.6838,1320.6838,2181.5625,2181.5625,ERP_EXPORT_20240115
Internet,SO44046,SO44046 - 1,AW00028064,,BK-R93R-52,Northwest,United States,"Jul 30, 2017",2017-08-09,2017-08-06 00:00:00,1.0,3578.27,0.0,2171.2942,2171.2942,3578.27,3578.27,ERP_EXPORT_20240115
 Internet,SO44360,SO44360 - 1,AW00014158,,BK-R93R-44,United Kingdom,United Kingdom,09-09-2017,2017-09-19,2017-09-16,1.0,3578.27,0.0,2171.2942,2171.2942,3578.27,3578.27,ERP_EXPORT_20240115
Internet,SO46739,SO46739 - 1,AW00015699,,BK-R89B-44,United Kingdom,United Kingdom,06/07/2018,2018-06-17,2018-06-14 00:00:00,1.0,2181.5625,0.0,1320.6838,1320.6838,2181.5625,2181.5625,ERP_EXPORT_20240115
INTERNET,SO45374,SO45374 - 1,AW00022996,,BK-R93R-48,CANADA,Canada,2018-01-05 00:00:00,2018-01-15,"Jan 12, 2018",1.0,3578.27,0.0,2171.2942,2171.2942,3578.27,3578.27,ERP_EXPORT_20240115
Internet,SO44651,SO44651 - 1,AW00014720,,BK-R93R-52,United Kingdom,United Kingdom,2017-10-14 00:00:00,2017-10-24,21-10-2017,1.0,3578.27,0.0,2171.2942,2171.2942,3578.27,3578.27,ERP_EXPORT_20240115
Internet ,SO48147,SO48147 - 1,AW00022845,,BK-R89B-52,Australia,Australia,10/10/2018,2018-10-20,10/17/2018,1.0,2181.5625,0.0%,1320.6838,1320.6838,2181.5625,2181.5625,ERP_EXPORT_20240115
Internet,SO47189,SO47189 - 1,AW00028818,,BK-R89B-44,Canada,Canada,07/15/2018,2018-07-25,2018-07-22,1.0,2181.5625,0.0,1320.6838,1320.6838,2181.5625,2181.5625,ERP_EXPORT_20240115
Internet,SO46255,SO46255 - 1,AW00020451,,BK-R93R-48,Australia,Australia,19-04-2018,2018-04-29,2018-04-26,1.0,3578.27,,2171.2942,2171.2942,3578.27,3578.27,ERP_EXPORT_20240115
Internet,SO48877,SO48877 - 1,AW00026657,,BK-R50R-48,Australia,Australia,20181210,2018-12-20,12/17/2018,1.0,782.99,0.0,486.7066,486.7066,782.99,782.99,ERP_EXPORT_20240115
Internet,SO46112,SO46112 - 1,AW00011945,,BK-R93R-48,southwest,United States,20180331,2018-04-10,07-04-2018,1.0,3578.27,0.0%,2171.2942,2171.2942,3578.27,3578.27,ERP_EXPORT_20240115
Internet,SO47567,SO47567 - 1,AW00021570,,BK-R89B-58,AUSTRALIA,Australia,08/17/2018,2018-08-27,2018-08-24,1.0,2181.5625,0.0,1320.6838,1320.6838,2181.5625,2181.5625,ERP_EXPORT_20240115
Internet,SO47300,SO47300 - 1,AW00020717,,BK-R50B-62,UNITED KINGDOM,United Kingdom,"Jul 26, 2018",2018-08-05,20180802,1.0,782.99,0.0,486.7066,486.7066,782.99,782.99,ERP_EXPORT_20240115
Internet,SO45122,SO45122 - 1,AW00029236,,BK-R93R-56,SOUTHWEST,United States,"Dec 09, 2017",2017-12-19,12/16/2017,1.0,3578.27,0.0,2171.2942,2171.2942,3578.27,3578.27,ERP_EXPORT_20240115
Internet,SO43824,SO43824 - 1,AW00014558,,BK-R50B-44,Northwest,United States,"Jul 15, 2017",2017-07-25,20170722,1.0,699.0982,0.0,413.1463,413.1463,699.0982,699.0982,ERP_EXPORT_20240115
Internet,SO45094,SO45094 - 1,AW00022785,,BK-R93R-62,canada,Canada,2017-12-03 00:00:00,2017-12-13,10-12-2017,1.0,3578.27,0.0,2171.2942,2171.2942,3578.27,3578.27,ERP_EXPORT_20240115
Internet,SO47734,SO47734 - 1,AW00015333,,BK-R50B-58,Southwest,United States,2018-08-31,2018-09-10,20180907,1.0,782.99,0.0,486.7066,486.7066,782.99,782.99,ERP_EXPORT_20240115
Internet,SO44056,SO44056 - 1,AW00013559,,BK-R93R-56,Germany,Germany,2017-07-31,2017-08-10,2017-08-07 00:00:00,1.0,3578.27,0.0,2171.2942,2171.2942,3578.27,3578.27,ERP_EXPORT_20240115
Internet,SO46750,SO46750 - 1,AW00016054,,BK-R89B-52,United Kingdom,United Kingdom,"Jun 09, 2018",2018-06-19,"Jun 16, 2018",1.0,2181.5625,0.0%,1320.6838,1320.6838,2181.5625,2181.5625,ERP_EXPORT_20240115
Internet,SO45460,SO45460 - 1,AW00025822,,BK-R50B-60,Australia,Australia,01/19/2018,2018-01-29,2018-01-26 00:00:00,1.0,699.0982,0.0,413.1463,413.1463,699.0982,699.0982,ERP_EXPORT_20240115
 Internet,SO47803,SO47803 - 1,AW00022000,,BK-R89B-58,AUSTRALIA,Australia,11-09-2018,2018-09-21,18-09-2018,1.0,2181.5625,0.0,1320.6838,1320.6838,2181.5625,2181.5625,ERP_EXPORT_20240115
Internet,SO44993,SO44993 - 1,AW00011368,,BK-M82B-44,Australia,Australia,"Nov 24, 2017",2017-12-04,2017-12-01 00:00:00,1.0,3374.99,0.0,1898.0944,1898.0944,3374.99,3374.99,ERP_EXPORT_20240115
 Internet,SO45912,SO45912 - 1,AW00023819,,BK-R93R-48,Canada,Canada,"Mar 16, 2018",2018-03-26,2018-03-23,1.0,3578.27,0.0,2171.2942,2171.2942,3578.27,3578.27,ERP_EXPORT_20240115
Internet,SO48638,SO48638 - 1,AW00015475,,BK-R50B-60,southwest,United States,2018-11-21 00:00:00,2018-12-01,20181128,1.0,782.99,0.0%,486.7066,486.7066,782.99,782.99,ERP_EXPORT_20240115
Internet,SO46782,SO46782 - 1,,,BK-R89R-58,Southwest,United States,2018-06-12 00:00:00,2018-06-22,06/19/2018,1.9,2181.5625,,1320.6838,1320.6838,2181.5625,-2181.5625,ERP_EXPORT_20240115
INTERNET,SO46891,SO46891 - 1,,,BK-R50R-62,United Kingdom,United Kingdom,2018-06-26,2018-07-06,"Jul 03, 2018",1.7,782.99,,486.7066,486.7066,-782.99,-782.99,ERP_EXPORT_20240115
 Internet,SO44583,SO44583 - 1,AW00018210,,BK-R93R-62,Australia,Australia,20171003,2017-10-13,"Oct 10, 2017",1.0,3578.27,0.0,2171.2942,2171.2942,3578.27,3578.27,ERP_EXPORT_20240115
Internet,SO45988,SO45988 - 1,AW00011675,,BK-R93R-56,Northwest,United States,27-03-2018,2018-04-06,"Apr 03, 2018",1.0,3578.27,0.0,2171.2942,2171.2942,3578.27,3578.27,ERP_EXPORT_20240115
Internet,SO48115,SO48115 - 1,AW00026442,,BK-R50R-58,Australia,Australia,"Oct 05, 2018",2018-10-15,2018-10-12 00:00:00,1.0,782.99,0.0,486.7066,486.7066,782.99,782.99,ERP_EXPORT_20240115
Internet,SO43927,SO43927 - 1,AW00016662,,BK-R93R-56,Australia,Australia,"Jul 18, 2017",2017-07-28,"Jul 25, 2017",1.0,3578.27,0.0,2171.2942,2171.2942,3578.27,3578.27,ERP_EXPORT_20240115
Internet,SO46177,SO46177 - 1,,,BK-R93R-48,Southwest ,United States,20180409,2018-04-19,16-04-2018,1.4,3578.27,,2171.2942,2171.2942,-3578.27,-3578.27,ERP_EXPORT_20240115
Internet,SO48899,SO48899 - 1,AW00023313,,BK-R89B-44,Australia,Australia,2018-12-13,2018-12-23,12/20/2018,1.0,2181.5625,0.0,1320.6838,1320.6838,2181.5625,2181.5625,ERP_EXPORT_20240115
Internet,SO45897,SO45897 - 1,AW00011933,,BK-R93R-52,Northwest,United States,"Mar 15, 2018",2018-03-25,20180322,1.0,3578.27,0.0%,2171.2942,2171.2942,3578.27,3578.27,ERP_EXPORT_20240115
internet,SO47901,SO47901 - 1,AW00013075,,BK-M68S-42,Australia,Australia,2018-09-22,2018-10-02,2018-09-29 00:00:00,1.0,2071.4196,0.0,1117.8559,1117.8559,2071.4196,2071.4196,ERP_EXPORT_20240115
Internet,SO44135,SO44135 - 1,AW00028156,,BK-R93R-62,SOUTHWEST,United States,2017-08-03,2017-08-13,08/10/2017,1.0,3578.27,0.0,2171.2942,2171.2942,3578.27,3578.27,ERP_EXPORT_20240115
INTERNET,SO47126,SO47126 - 1,AW00013326,,BK-R89R-58, Southwest,United States,07-07-2018,2018-07-17,07/14/2018,1.0,2181.5625,0.0,1320.6838,1320.6838,2181.5625,2181.5625,ERP_EXPORT_20240115
 Internet,SO48227,SO48227 - 1,AW00014813,,BK-R89R-44,France,France,"Oct 24, 2018",2018-11-03,20181031,1.0,2443.35,0.0,1518.7864,1518.7864,2443.35,2443.35,ERP_EXPORT_20240115
Internet,SO46570,SO46570 - 1,AW00013536,,BK-R93R-52,France,France,"May 26, 2018",2018-06-05,2018-06-02,1.0,3578.27,0.0,2171.2942,2171.2942,3578.27,3578.27,ERP_EXPORT_20240115
Internet,SO46586,SO46586 - 1,,,BK-R93R-52,Northwest,United States,2018-05-28,2018-06-07,06/04/2018,1.8,3578.27,,2171.2942,2171.2942,-3578.27,-3578.27,ERP_EXPORT_20240115
Internet,SO47607,SO47607 - 1,AW00014081,,BK-R64Y-48,Southwest,United States,23-08-2018,2018-09-02,"Aug 30, 2018",1.0,1000.4375,0.0,605.6492,605.6492,1000.4375,1000.4375,ERP_EXPORT_20240115
Internet ,SO45451,SO45451 - 1,AW00029279,,BK-R93R-44,Southwest,United States,01/17/2018,2018-01-27,24-01-2018,1.0,3578.27,0.0,2171.2942,2171.2942,3578.27,3578.27,ERP_EXPORT_20240115
Internet,SO47222,SO47222 - 1,AW00026316,,BK-R64Y-38,Canada,Canada,20180719,2018-07-29,07/26/2018,1.0,1000.4375,0.0,605.6492,605.6492,1000.4375,1000.4375,ERP_EXPORT_20240115
Internet,SO44447,SO44447 - 1,AW00012265,,BK-R93R-48,France,France,20170926,2017-10-06,2017-10-03,1.0,3578.27,0.0,2171.2942,2171.2942,3578.27,3578.27,ERP_EXPORT_20240115
INTERNET,SO47138,SO47138 - 1,AW00016308,,BK-R89B-58,United Kingdom,United Kingdom,"Jul 09, 2018",2018-07-19,"Jul 16, 2018",1.0,2181.5625,0.0%,1320.6838,1320.6838,2181.5625,2181.5625,ERP_EXPORT_20240115
 Internet,SO48259,SO48259 - 1,AW00027085,,BK-R50R-44,Canada,Canada,20181027,2018-11-06,2018-11-03 00:00:00,1.0,782.99,0.0,486.7066,486.7066,782.99,782.99,ERP_EXPORT_20240115
Internet,SO48436,SO48436 - 1,AW00014267,,BK-R64Y-48,Northwest,United States,"Nov 03, 2018",2018-11-13,10-11-2018,1.0,1000.4375,0.0,605.6492,605.6492,1000.4375,1000.4375,ERP_EXPORT_20240115
Internet ,SO45951,SO45951 - 1,AW00011944,,BK-M82B-38,Australia,Australia,03/21/2018,2018-03-31,03/28/2018,1.0,3374.99,0.0,1898.0944,1898.0944,3374.99,3374.99,ERP_EXPORT_20240115
INTERNET,SO46861,SO46861 - 1,AW00021214,,BK-R89B-52,Australia ,Australia,"Jun 21, 2018",2018-07-01,20180628,1.0,2181.5625,0.0,1320.6838,1320.6838,2181.5625,2181.5625,ERP_EXPORT_20240115
Internet,SO45443,SO45443 - 1,AW00029350,,BK-R93R-52,Southwest,United States,"Jan 15, 2018",2018-01-25,"Jan 22, 2018",1.0,3578.27,0.0,2171.2942,2171.2942,3578.27,3578.27,ERP_EXPORT_20240115
Internet,SO43832,SO43832 - 1,AW00013584,,BK-R93R-62,United Kingdom,United Kingdom,07/16/2017,2017-07-26,2017-07-23,1.0,3578.27,0.0,2171.2942,2171.2942,3578.27,3578.27,ERP_EXPORT_20240115
Internet,SO48942,SO48942 - 1,AW00026728,,BK-M68B-46,Southwest,United States,18-12-2018,2018-12-28,12/25/2018,1.0,2049.0982,0.0,1105.81,1105.81,2049.0982,2049.0982,ERP_EXPORT_20240115
Internet ,SO47908,SO47908 - 1,AW00020468,,BK-M68B-46,Canada ,Canada,2018-09-23 00:00:00,2018-10-03,30-09-2018,1.0,2049.0982,0.0,1105.81,1105.81,2049.0982,2049.0982,ERP_EXPORT_20240115
Internet,SO48509,SO48509 - 1,AW00028740,,BK-M68S-42,France,France,2018-11-10 00:00:00,2018-11-20,2018-11-17,1.0,2071.4196,0.0,1117.8559,1117.8559,2071.4196,2071.4196,ERP_EXPORT_20240115
Internet,SO44868,SO44868 - 1,AW00028852,,BK-R93R-52,Northwest,United States,2017-11-08 00:00:00,2017-11-18,20171115,1.0,3578.27,0.0,2171.2942,2171.2942,3578.27,3578.27,ERP_EXPORT_20240115
Internet,SO46132,SO46132 - 1,AW00023865,,BK-R93R-56,Canada,Canada,03-04-2018,2018-04-13,"Apr 10, 2018",1.0,3578.27,0.0%,2171.2942,2171.2942,3578.27,3578.27,ERP_EXPORT_20240115
Internet,SO45874,SO45874 - 1,AW00020007,,BK-M82B-48,Canada,Canada,"Mar 11, 2018",2018-03-21,"Mar 18, 2018",1.0,3374.99,0.0,1898.0944,1898.0944,3374.99,3374.99,ERP_EXPORT_20240115
Internet ,SO46583,SO46583 - 1,AW00020622,,BK-R93R-62,Australia,Australia,05/27/2018,2018-06-06,2018-06-03,1.0,3578.27,0.0,2171.2942,2171.2942,3578.27,3578.27,ERP_EXPORT_20240115
Internet,SO44037,SO44037 - 1,AW00025272,,BK-R50R-48,Australia,Australia,2017-07-29,2017-08-08,2017-08-05,1.0,699.0982,0.0%,413.1463,413.1463,699.0982,699.0982,ERP_EXPORT_20240115
 Internet,SO44590,SO44590 - 1,AW00013795,,BK-R93R-62,Germany,Germany,20171005,2017-10-15,12-10-2017,1.0,3578.27,0.0,2171.2942,2171.2942,3578.27,3578.27,ERP_EXPORT_20240115
Internet,SO45975,SO45975 - 1,AW00014755,,BK-R50R-62,Southwest,United States,20180325,2018-04-04,2018-04-01,1.0,699.0982,0.0,413.1463,413.1463,699.0982,699.0982,ERP_EXPORT_20240115
 Internet,SO45099,SO45099 - 1,AW00029174,,BK-R93R-48,Northwest,United States,"Dec 04, 2017",2017-12-14,2017-12-11,1.0,3578.27,0.0%,2171.2942,2171.2942,3578.27,3578.27,ERP_EXPORT_20240115
Internet,SO48915,SO48915 - 1,AW00015481,,BK-R50B-60,Southwest,United States,20181215,2018-12-25,20181222,1.0,782.99,0.0,486.7066,486.7066,782.99,782.99,ERP_EXPORT_20240115
Internet ,SO44052,SO44052 - 1,AW00016637,,BK-R93R-56, Australia,Australia,31-07-2017,2017-08-10,"Aug 07, 2017",1.0,3578.27,0.0,2171.2942,2171.2942,3578.27,3578.27,ERP_EXPORT_20240115
INTERNET,SO45469,SO45469 - 1,AW00019989,,BK-M82B-44,Canada,Canada,22-01-2018,2018-02-01,2018-01-29,1.0,3374.99,0.0,1898.0944,1898.0944,3374.99,3374.99,ERP_EXPORT_20240115
internet,SO47575,SO47575 - 1,AW00026315,,BK-M68B-46,Southwest,United States,08/18/2018,2018-08-28,08/25/2018,1.0,2049.0982,0.0,1105.81,1105.81,2049.0982,2049.0982,ERP_EXPORT_20240115
Internet,SO44071,SO44071 - 1,AW00016691,,BK-R93R-52,Australia,Australia,02-08-2017,2017-08-12,20170809,1.0,3578.27,0.0,2171.2942,2171.2942,3578.27,3578.27,ERP_EXPORT_20240115
Internet,SO48202,SO48202 - 1,AW00012225,,BK-M68S-46,Germany,Germany,2018-10-20,2018-10-30,2018-10-27,1.0,2071.4196,0.0,1117.8559,1117.8559,2071.4196,2071.4196,ERP_EXPORT_20240115
INTERNET,SO48534,SO48534 - 1,AW00016448,,BK-R89R-58,Germany,Germany,2018-11-12 00:00:00,2018-11-22,2018-11-19 00:00:00,1.0,2181.5625,0.0,1320.6838,1320.6838,2181.5625,2181.5625,ERP_EXPORT_20240115
Internet,SO45657,SO45657 - 1,AW00011266,,BK-R93R-44,Northwest,United States,20180210,2018-02-20,02/17/2018,1.0,3578.27,0.0,2171.2942,2171.2942,3578.27,3578.27,ERP_EXPORT_20240115
Internet,SO45679,SO45679 - 1,AW00011540,,BK-R93R-56,Southwest ,United States,02/13/2018,2018-02-23,02/20/2018,1.0,3578.27,0.0,2171.2942,2171.2942,3578.27,3578.27,ERP_EXPORT_20240115
Internet,SO47581,SO47581 - 1,AW00029152,,BK-R89B-48,Canada,Canada,08/19/2018,2018-08-29,08/26/2018,1.0,2181.5625,0.0,1320.6838,1320.6838,2181.5625,2181.5625,ERP_EXPORT_20240115
Internet,SO46874,SO46874 - 1,AW00024606,,BK-R64Y-38,AUSTRALIA,Australia,20180623,2018-07-03,20180630,1.0,1000.4375,0.0,605.6492,605.6492,1000.4375,1000.4375,ERP_EXPORT_20240115
Internet,SO45249,SO45249 - 1,AW00014928,,BK-R93R-62,United Kingdom ,United Kingdom,20171230,2018-01-09,2018-01-06,1.0,3578.27,0.0,2171.2942,2171.2942,3578.27,3578.27,ERP_EXPORT_20240115
Internet,SO43762,SO43762 - 1,AW00027578,,BK-R93R-56,Southwest,United States,09-07-2017,2017-07-19,07/16/2017,1.0,3578.27,0.0,2171.2942,2171.2942,3578.27,3578.27,ERP_EXPORT_20240115
Internet,SO47582,SO47582 - 1,AW00013433,,BK-R89B-44,Southwest,United States,2018-08-19,2018-08-29,08/26/2018,1.0,2181.5625,0.0,1320.6838,1320.6838,2181.5625,2181.5625,ERP_EXPORT_20240115
Internet,SO46208,SO46208 - 1,AW00020284,,BK-R93R-44,Australia,Australia,"Apr 13, 2018",2018-04-23,"Apr 20, 2018",1.0,3578.27,0.0,2171.2942,2171.2942,3578.27,3578.27,ERP_EXPORT_20240115
Internet,SO44916,SO44916 - 1,AW00018463,,BK-R93R-44,Australia,Australia,2017-11-14,2017-11-24,"Nov 21, 2017",1.0,3578.27,0.0%,2171.2942,2171.2942,3578.27,3578.27,ERP_EXPORT_20240115
Internet,SO47791,SO47791 - 1,AW00013036,,BK-M68B-38,Australia,Australia,09-09-2018,2018-09-19,09/16/2018,1.0,2049.0982,0.0,1105.81,1105.81,2049.0982,2049.0982,ERP_EXPORT_20240115
Internet,SO48413,SO48413 - 1,AW00014288,,BK-R64Y-40,Southwest,United States,2018-11-01 00:00:00,2018-11-11,08-11-2018,1.0,1000.4375,0.0,605.6492,605.6492,1000.4375,1000.4375,ERP_EXPORT_20240115
Internet,SO46010,SO46010 - 1,AW00011488,,BK-M82B-38,United Kingdom,United Kingdom,"Mar 30, 2018",2018-04-09,20180406,1.0,3374.99,0.0,1898.0944,1898.0944,3374.99,3374.99,ERP_EXPORT_20240115
Internet,SO48098,SO48098 - 1,AW00022400,,BK-R89B-52,Australia,Australia,2018-10-01 00:00:00,2018-10-11,2018-10-08,1.0,2181.5625,0.0%,1320.6838,1320.6838,2181.5625,2181.5625,ERP_EXPORT_20240115
Internet,SO48955,SO48955 - 1,AW00013645,,BK-M68B-38,Australia,Australia,2018-12-20 00:00:00,2018-12-30,20181227,1.0,2049.0982,,1105.81,1105.81,2049.0982,2049.0982,ERP_EXPORT_20240115
Internet,SO44010,SO44010 - 1,AW00013680,,BK-R93R-62,United Kingdom,United Kingdom,2017-07-26,2017-08-05,02-08-2017,1.0,3578.27,0.0,2171.2942,2171.2942,3578.27,3578.27,ERP_EXPORT_20240115
Internet ,SO44374,SO44374 - 1,AW00014157,,BK-R93R-62,United Kingdom,United Kingdom,11-09-2017,2017-09-21,2017-09-18 00:00:00,1.0,3578.27,0.0,2171.2942,2171.2942,3578.27,3578.27,ERP_EXPORT_20240115
INTERNET,SO46432,SO46432 - 1,AW00015016,,BK-R50B-52,Southwest ,United States,07-05-2018,2018-05-17,2018-05-14,1.0,699.0982,0.0,413.1463,413.1463,699.0982,699.0982,ERP_EXPORT_20240115
Internet,SO47288,SO47288 - 1,AW00013353,,BK-R89B-44,Northwest,United States,25-07-2018,2018-08-04,08/01/2018,1.0,2181.5625,0.0,1320.6838,1320.6838,2181.5625,2181.5625,ERP_EXPORT_20240115
Internet,SO44211,SO44211 - 1,AW00028154,,BK-R93R-52,SOUTHWEST,United States,19-08-2017,2017-08-29,20170826,1.0,3578.27,0.0,2171.2942,2171.2942,3578.27,3578.27,ERP_EXPORT_20240115
Internet ,SO47323,SO47323 - 1,AW00028529,,BK-M68B-46,France,France,20180729,2018-08-08,"Aug 05, 2018",1.0,2049.0982,0.0,1105.81,1105.81,2049.0982,2049.0982,ERP_EXPORT_20240115
Internet,SO45732,SO45732 - 1,AW00011537,,BK-R93R-44,Southwest,United States,02/21/2018,2018-03-03,20180228,1.0,3578.27,0.0%,2171.2942,2171.2942,3578.27,3578.27,ERP_EXPORT_20240115
internet,SO46707,SO46707 - 1,AW00015199,,BK-R50B-62,Southwest,United States,2018-06-03 00:00:00,2018-06-13,2018-06-10,1.0,782.99,0.0,486.7066,486.7066,782.99,782.99,ERP_EXPORT_20240115
 Internet,SO46454,SO46454 - 1,AW00020812,,BK-R93R-62,Australia,Australia,10-05-2018,2018-05-20,17-05-2018,1.0,3578.27,0.0,2171.2942,2171.2942,3578.27,3578.27,ERP_EXPORT_20240115
Internet,SO45028,SO45028 - 1,AW00018702,,BK-R93R-56,AUSTRALIA,Australia,2017-11-29,2017-12-09,12/06/2017,1.0,3578.27,0.0,2171.2942,2171.2942,3578.27,3578.27,ERP_EXPORT_20240115
Internet,SO44859,SO44859 - 1,AW00018495,,BK-R93R-62,AUSTRALIA,Australia,"Nov 07, 2017",2017-11-17,2017-11-14,1.0,3578.27,0.0,2171.2942,2171.2942,3578.27,3578.27,ERP_EXPORT_20240115
Internet,SO46924,SO46924 - 1,AW00013203,,BK-R89B-48,Northwest,United States,06/30/2018,2018-07-10,07/07/2018,1.0,2181.5625,0.0,1320.6838,1320.6838,2181.5625,2181.5625,ERP_EXPORT_20240115
INTERNET,SO44206,SO44206 - 1,AW00011250,,BK-M82S-48,United Kingdom,United Kingdom,2017-08-18,2017-08-28,"Aug 25, 2017",1.0,3399.99,0.0%,1912.1544,1912.1544,3399.99,3399.99,ERP_EXPORT_20240115
internet,SO47078,SO47078 - 1,AW00013248,,BK-R89B-48,Northwest,United States,07/02/2018,2018-07-12,09-07-2018,1.0,2181.5625,,1320.6838,1320.6838,2181.5625,2181.5625,ERP_EXPORT_20240115
Internet,SO47336,SO47336 - 1,AW00026027,,BK-R50B-44,Australia,Australia,"Jul 30, 2018",2018-08-09,2018-08-06 00:00:00,1.0,782.99,0.0,486.7066,486.7066,782.99,782.99,ERP_EXPORT_20240115
Internet,SO47585,SO47585 - 1,AW00015320,,BK-R50R-48,Northwest,United States,20180819,2018-08-29,08/26/2018,1.0,782.99,,486.7066,486.7066,782.99,782.99,ERP_EXPORT_20240115
Internet,SO44964,SO44964 - 1,AW00014647,,BK-R50B-60,Southwest,United States,"Nov 20, 2017",2017-11-30,"Nov 27, 2017",1.0,699.0982,0.0,413.1463,413.1463,699.0982,699.0982,ERP_EXPORT_20240115
Internet,SO45465,SO45465 - 1,AW00025819,,BK-R50B-52,Australia,Australia,20180120,2018-01-30,20180127,1.0,699.0982,0.0,413.1463,413.1463,699.0982,699.0982,ERP_EXPORT_20240115
Internet,SO47071,SO47071 - 1,AW00015667,,BK-R89R-48,Germany,Germany,07/01/2018,2018-07-11,07/08/2018,1.0,2443.35,0.0,1518.7864,1518.7864,2443.35,2443.35,ERP_EXPORT_20240115
Internet,SO47280,SO47280 - 1,AW00011615,,BK-M68S-38,United Kingdom,United Kingdom,2018-07-25,2018-08-04,01-08-2018,1.0,2071.4196,,1117.8559,1117.8559,2071.4196,2071.4196,ERP_EXPORT_20240115
Internet,SO44713,SO44713 - 1,AW00022128,,BK-R93R-52,Canada,Canada,"Oct 26, 2017",2017-11-05,2017-11-02 00:00:00,1.0,3578.27,0.0%,2171.2942,2171.2942,3578.27,3578.27,ERP_EXPORT_20240115
Internet,SO43802,SO43802 - 1,AW00011593,,BK-R93R-48,France,France,"Jul 13, 2017",2017-07-23,2017-07-20 00:00:00,1.0,3578.27,0.0,2171.2942,2171.2942,3578.27,3578.27,ERP_EXPORT_20240115
Internet,SO45751,SO45751 - 1,AW00014739,,BK-R50B-48,SOUTHWEST,United States,20180223,2018-03-05,"Mar 02, 2018",1.0,699.0982,0.0,413.1463,413.1463,699.0982,699.0982,ERP_EXPORT_20240115
Internet,SO46919,SO46919 - 1,AW00011481,,BK-M68B-46,Germany,Germany,06/29/2018,2018-07-09,20180706,1.0,2049.0982,0.0,1105.81,1105.81,2049.0982,2049.0982,ERP_EXPORT_20240115
Internet,SO44899,SO44899 - 1,AW00011353,,BK-M82B-48, United Kingdom,United Kingdom,20171112,2017-11-22,2017-11-19 00:00:00,1.0,3374.99,0.0,1898.0944,1898.0944,3374.99,3374.99,ERP_EXPORT_20240115
Internet,SO46004,SO46004 - 1,AW00011664,,BK-R93R-44,Southwest,United States,2018-03-29,2018-04-08,20180405,1.0,3578.27,0.0,2171.2942,2171.2942,3578.27,3578.27,ERP_EXPORT_20240115
Internet,SO44934,SO44934 - 1,AW00014771,,BK-R93R-48,United Kingdom,United Kingdom,11/18/2017,2017-11-28,25-11-2017,1.0,3578.27,0.0,2171.2942,2171.2942,3578.27,3578.27,ERP_EXPORT_20240115
Internet,SO46544,SO46544 - 1,AW00012766,,BK-R93R-44,Northwest,United States,"May 23, 2018",2018-06-02,"May 30, 2018",1.0,3578.27,0.0,2171.2942,2171.2942,3578.27,3578.27,ERP_EXPORT_20240115
Internet,SO45820,SO45820 - 1,AW00025832,,BK-R50B-48,australia,Australia,2018-03-01 00:00:00,2018-03-11,08-03-2018,1.0,699.0982,0.0%,413.1463,413.1463,699.0982,699.0982,ERP_EXPORT_20240115
Internet,SO44401,SO44401 - 1,AW00017515,,BK-R93R-48,Australia,Australia,"Sep 14, 2017",2017-09-24,20170921,1.0,3578.27,0.0,2171.2942,2171.2942,3578.27,3578.27,ERP_EXPORT_20240115
Internet,SO45405,SO45405 - 1,AW00023209,,BK-R93R-48,Canada,Canada,01/10/2018,2018-01-20,2018-01-17,1.0,3578.27,0.0,2171.2942,2171.2942,3578.27,3578.27,ERP_EXPORT_20240115
internet,SO46395,SO46395 - 1,AW00011496,,BK-M82S-44,united kingdom,United Kingdom,2018-05-02 00:00:00,2018-05-12,"May 09, 2018",1.0,3399.99,0.0,1912.1544,1912.1544,3399.99,3399.99,ERP_EXPORT_20240115
Internet,SO46854,SO46854 - 1,AW00020997,,BK-R89B-48,Australia,Australia,"Jun 20, 2018",2018-06-30,06/27/2018,1.0,2181.5625,0.0,1320.6838,1320.6838,2181.5625,2181.5625,ERP_EXPORT_20240115
 Internet,SO44598,SO44598 - 1,AW00029400,,BK-M82B-38,Germany,Germany,10/06/2017,2017-10-16,2017-10-13,1.0,3374.99,0.0,1898.0944,1898.0944,3374.99,3374.99,ERP_EXPORT_20240115
 Internet,SO45412,SO45412 - 1,AW00023137,,BK-R93R-62,Canada,Canada,11-01-2018,2018-01-21,18-01-2018,1.0,3578.27,0.0,2171.2942,2171.2942,3578.27,3578.27,ERP_EXPORT_20240115
Internet,SO43958,SO43958 - 1,AW00016658,,BK-R93R-48,Australia,Australia,20170721,2017-07-31,28-07-2017,1.0,3578.27,0.0,2171.2942,2171.2942,3578.27,3578.27,ERP_EXPORT_20240115
Internet,SO46910,SO46910 - 1,AW00020710,,BK-R50R-52,United Kingdom,United Kingdom,"Jun 29, 2018",2018-07-09,2018-07-06 00:00:00,1.0,782.99,0.0,486.7066,486.7066,782.99,782.99,ERP_EXPORT_20240115
Internet,SO46700,SO46700 - 1,AW00016942,,BK-R64Y-38, France,France,03-06-2018,2018-06-13,2018-06-10,1.0,1000.4375,0.0,605.6492,605.6492,1000.4375,1000.4375,ERP_EXPORT_20240115
Internet,SO46677,SO46677 - 1,AW00015460,,BK-R89R-58,germany,Germany,31-05-2018,2018-06-10,2018-06-07,1.0,2181.5625,0.0,1320.6838,1320.6838,2181.5625,2181.5625,ERP_EXPORT_20240115
internet,SO46126,SO46126 - 1,AW00014883,,BK-R50B-60,Southwest,United States,04/02/2018,2018-04-12,04/09/2018,1.0,699.0982,0.0,413.1463,413.1463,699.0982,699.0982,ERP_EXPORT_20240115
Internet ,SO44955,SO44955 - 1,AW00025709,,BK-R50B-52,AUSTRALIA,Australia,"Nov 19, 2017",2017-11-29,"Nov 26, 2017",1.0,699.0982,0.0%,413.1463,413.1463,699.0982,699.0982,ERP_EXPORT_20240115
Internet,SO45650,SO45650 - 1,AW00028652,,BK-R93R-48,canada,Canada,2018-02-09 00:00:00,2018-02-19,16-02-2018,1.0,3578.27,0.0,2171.2942,2171.2942,3578.27,3578.27,ERP_EXPORT_20240115
Internet,SO47490,SO47490 - 1,AW00021895,,BK-R89R-58,Australia,Australia,2018-08-06,2018-08-16,2018-08-13,1.0,2181.5625,0.0,1320.6838,1320.6838,2181.5625,2181.5625,ERP_EXPORT_20240115
Internet,SO47758,SO47758 - 1,AW00016550,,BK-R89R-58,United Kingdom,United Kingdom,20180903,2018-09-13,10-09-2018,1.0,2181.5625,0.0,1320.6838,1320.6838,2181.5625,2181.5625,ERP_EXPORT_20240115
Internet,SO46510,SO46510 - 1,AW00024386,,BK-R93R-44,Canada,Canada,05/19/2018,2018-05-29,26-05-2018,1.0,3578.27,0.0,2171.2942,2171.2942,3578.27,3578.27,ERP_EXPORT_20240115
internet,SO45742,SO45742 - 1,AW00019620,,BK-R93R-48,Australia,Australia,20180222,2018-03-04,"Mar 01, 2018",1.0,3578.27,0.0,2171.2942,2171.2942,3578.27,3578.27,ERP_EXPORT_20240115
Internet,SO44890,SO44890 - 1,AW00011381,,BK-M82S-44,United Kingdom,United Kingdom,"Nov 12, 2017",2017-11-22,2017-11-19,1.0,3399.99,0.0,1912.1544,1912.1544,3399.99,3399.99,ERP_EXPORT_20240115
Internet,SO47895,SO47895 - 1,AW00015347,,BK-R50B-58,Southwest,United States,"Sep 21, 2018",2018-10-01,"Sep 28, 2018",1.0,782.99,0.0%,486.7066,486.7066,782.99,782.99,ERP_EXPORT_20240115
INTERNET,SO45413,SO45413 - 1,AW00011191,,BK-R93R-48,Southwest,United States,20180111,2018-01-21,01/18/2018,1.0,3578.27,0.0,2171.2942,2171.2942,3578.27,3578.27,ERP_EXPORT_20240115
Internet,SO47523,SO47523 - 1,AW00013443,,BK-R89R-58,Northwest,United States,"Aug 11, 2018",2018-08-21,18-08-2018,1.0,2181.5625,,1320.6838,1320.6838,2181.5625,2181.5625,ERP_EXPORT_20240115
Internet,SO48140,SO48140 - 1,AW00015374,,BK-R50R-52,Southwest,United States,10/09/2018,2018-10-19,16-10-2018,1.0,782.99,0.0,486.7066,486.7066,782.99,782.99,ERP_EXPORT_20240115
INTERNET,SO44479,SO44479 - 1,AW00029391,,BK-M82B-44,Germany,Germany,30-09-2017,2017-10-10,20171007,1.0,3374.99,0.0%,1898.0944,1898.0944,3374.99,3374.99,ERP_EXPORT_20240115
Internet,SO47151,SO47151 - 1,AW00025363,,BK-R89R-52,Canada,Canada,11-07-2018,2018-07-21,18-07-2018,1.0,2443.35,0.0,1518.7864,1518.7864,2443.35,2443.35,ERP_EXPORT_20240115
Internet ,SO45961,SO45961 - 1,AW00012717,,BK-R93R-48,France,France,"Mar 23, 2018",2018-04-02,03/30/2018,1.0,3578.27,0.0,2171.2942,2171.2942,3578.27,3578.27,ERP_EXPORT_20240115
Internet,SO48912,SO48912 - 1,AW00020841,,BK-R50R-48,Germany ,Germany,15-12-2018,2018-12-25,2018-12-22 00:00:00,1.0,782.99,0.0,486.7066,486.7066,782.99,782.99,ERP_EXPORT_20240115
Internet ,SO43924,SO43924 - 1,AW00012132,,BK-R93R-62,France,France,2017-07-18 00:00:00,2017-07-28,25-07-2017,1.0,3578.27,0.0%,2171.2942,2171.2942,3578.27,3578.27,ERP_EXPORT_20240115
Internet,SO48126,SO48126 - 1,,,BK-R64Y-44,Northwest,United States,07-10-2018,2018-10-17,2018-10-14 00:00:00,1.9,1000.4375,,605.6492,605.6492,-1000.4375,-1000.4375,ERP_EXPORT_20240115
Internet,SO47485,SO47485 - 1,AW00014524,,BK-R89R-58,FRANCE,France,20180805,2018-08-15,08/12/2018,1.0,2181.5625,0.0,1320.6838,1320.6838,2181.5625,2181.5625,ERP_EXPORT_20240115
Internet,SO45615,SO45615 - 1,AW00018137,,BK-R50B-52,France,France,"Feb 03, 2018",2018-02-13,"Feb 10, 2018",1.0,699.0982,0.0,413.1463,413.1463,699.0982,699.0982,ERP_EXPORT_20240115
Internet,SO47094,SO47094 - 1,AW00015664,,BK-R89B-52,Germany,Germany,"Jul 04, 2018",2018-07-14,2018-07-11 00:00:00,1.0,2181.5625,0.0%,1320.6838,1320.6838,2181.5625,2181.5625,ERP_EXPORT_20240115
Internet ,SO44695,SO44695 - 1,AW00019855,,BK-M82S-44,CANADA,Canada,2017-10-21 00:00:00,2017-10-31,2017-10-28 00:00:00,1.0,3399.99,0.0,1912.1544,1912.1544,3399.99,3399.99,ERP_EXPORT_20240115
Internet,SO46555,SO46555 - 1,AW00012010,,BK-M82B-48,Australia,Australia,20180523,2018-06-02,2018-05-30 00:00:00,1.0,3374.99,,1898.0944,1898.0944,3374.99,3374.99,ERP_EXPORT_20240115
Internet,SO47305,SO47305 - 1,AW00025393,,BK-R89R-48,CANADA,Canada,2018-07-27 00:00:00,2018-08-06,2018-08-03,1.0,2443.35,0.0,1518.7864,1518.7864,2443.35,2443.35,ERP_EXPORT_20240115
Internet,SO48577,SO48577 - 1,AW00026571,,BK-R50B-60,Australia,Australia,15-11-2018,2018-11-25,11/22/2018,1.0,782.99,0.0,486.7066,486.7066,782.99,782.99,ERP_EXPORT_20240115
Internet,SO43715,SO43715 - 1,AW00016483,,BK-R93R-56,Australia,Australia,03-07-2017,2017-07-13,10-07-2017,1.0,3578.27,0.0,2171.2942,2171.2942,3578.27,3578.27,ERP_EXPORT_20240115
Internet,SO48189,SO48189 - 1,AW00015371,,BK-R50R-62,Northwest ,United States,20181017,2018-10-27,10/24/2018,1.0,782.99,0.0,486.7066,486.7066,782.99,782.99,ERP_EXPORT_20240115
Internet,SO46307,SO46307 - 1,AW00020427,,BK-R93R-56,Australia,Australia,20180427,2018-05-07,2018-05-04 00:00:00,1.0,3578.27,0.0,2171.2942,2171.2942,3578.27,3578.27,ERP_EXPORT_20240115
Internet,SO43931,SO43931 - 1,AW00013548,,BK-R93R-52,Germany,Germany,2017-07-19,2017-07-29,20170726,1.0,3578.27,0.0%,2171.2942,2171.2942,3578.27,3578.27,ERP_EXPORT_20240115
Internet,SO45995,SO45995 - 1,AW00023846,,BK-R93R-62,CANADA,Canada,2018-03-28,2018-04-07,20180404,1.0,3578.27,0.0,2171.2942,2171.2942,3578.27,3578.27,ERP_EXPORT_20240115
Internet,SO44887,SO44887 - 1,AW00028821,,BK-R93R-62,Northwest,United States,"Nov 11, 2017",2017-11-21,20171118,1.0,3578.27,0.0,2171.2942,2171.2942,3578.27,3578.27,ERP_EXPORT_20240115
 Internet,SO46171,SO46171 - 1,AW00024342,,BK-R93R-62,canada,Canada,2018-04-08,2018-04-18,20180415,1.0,3578.27,0.0,2171.2942,2171.2942,3578.27,3578.27,ERP_EXPORT_20240115
Internet,SO46729,SO46729 - 1,AW00026019,,BK-R50R-58,Australia,Australia,05-06-2018,2018-06-15,"Jun 12, 2018",1.0,782.99,0.0,486.7066,486.7066,782.99,782.99,ERP_EXPORT_20240115
Internet,SO44926,SO44926 - 1,AW00025706,,BK-R50R-48,Australia ,Australia,2017-11-16,2017-11-26,"Nov 23, 2017",1.0,699.0982,0.0%,413.1463,413.1463,699.0982,699.0982,ERP_EXPORT_20240115
Internet,SO44184,SO44184 - 1,AW00017247,,BK-R93R-56,AUSTRALIA,Australia,08/12/2017,2017-08-22,19-08-2017,1.0,3578.27,0.0,2171.2942,2171.2942,3578.27,3578.27,ERP_EXPORT_20240115
INTERNET,SO45373,SO45373 - 1,AW00025994,,BK-M82B-42,Northwest,United States,2018-01-05,2018-01-15,2018-01-12,1.0,3374.99,0.0%,1898.0944,1898.0944,3374.99,3374.99,ERP_EXPORT_20240115
Internet,SO48431,SO48431 - 1,AW00026619,,BK-M68S-42,Northwest,United States,2018-11-02 00:00:00,2018-11-12,09-11-2018,1.0,2071.4196,0.0,1117.8559,1117.8559,2071.4196,2071.4196,ERP_EXPORT_20240115
internet,SO46302,SO46302 - 1,AW00012083,,BK-R93R-62,northwest,United States,20180426,2018-05-06,03-05-2018,1.0,3578.27,0.0,2171.2942,2171.2942,3578.27,3578.27,ERP_EXPORT_20240115
Internet,SO48137,SO48137 - 1,,,BK-M68S-38,Germany,Germany,10/09/2018,2018-10-19,"Oct 16, 2018",1.7,2071.4196,,1117.8559,1117.8559,2071.4196,2071.4196,ERP_EXPORT_20240115
Internet,SO44277,SO44277 - 1,AW00017288,,BK-R93R-44,Australia,Australia,2017-08-31 00:00:00,2017-09-10,2017-09-07,1.0,3578.27,0.0,2171.2942,2171.2942,3578.27,3578.27,ERP_EXPORT_20240115
INTERNET,SO48913,SO48913 - 1,AW00023412,,BK-R89R-48,Australia,Australia,"Dec 15, 2018",2018-12-25,20181222,1.0,2443.35,0.0,1518.7864,1518.7864,2443.35,2443.35,ERP_EXPORT_20240115
Internet,SO44714,SO44714 - 1,AW00028657,,BK-R93R-52,Northwest,United States,10/26/2017,2017-11-05,2017-11-02,1.0,3578.27,0.0%,2171.2942,2171.2942,3578.27,3578.27,ERP_EXPORT_20240115
Internet ,SO45982,SO45982 - 1,AW00019977,,BK-R93R-62,australia,Australia,2018-03-26,2018-04-05,"Apr 02, 2018",1.0,3578.27,0.0,2171.2942,2171.2942,3578.27,3578.27,ERP_EXPORT_20240115
Internet,SO44948,SO44948 - 1,AW00012395,,BK-R93R-48,France,France,"Nov 19, 2017",2017-11-29,20171126,1.0,3578.27,0.0,2171.2942,2171.2942,3578.27,3578.27,ERP_EXPORT_20240115
Internet,SO45910,SO45910 - 1,AW00011777,,BK-R93R-44,Southwest,United States,2018-03-16 00:00:00,2018-03-26,03/23/2018,1.0,3578.27,0.0%,2171.2942,2171.2942,3578.27,3578.27,ERP_EXPORT_20240115
Internet,SO48960,SO48960 - 1,AW00026726,,BK-M68S-42,Northwest,United States,2018-12-21,2018-12-31,12/28/2018,1.0,2071.4196,,1117.8559,1117.8559,2071.4196,2071.4196,ERP_EXPORT_20240115
Internet,SO47325,SO47325 - 1,AW00013278,,BK-R89B-44,Southwest,United States,20180729,2018-08-08,08/05/2018,1.0,2181.5625,0.0,1320.6838,1320.6838,2181.5625,2181.5625,ERP_EXPORT_20240115
INTERNET,SO44143,SO44143 - 1,AW00028145,,BK-R93R-52,Southwest,United States,08/04/2017,2017-08-14,20170811,1.0,3578.27,0.0%,2171.2942,2171.2942,3578.27,3578.27,ERP_EXPORT_20240115
Internet,SO45583,SO45583 - 1,AW00011274,,BK-R93R-44,northwest,United States,"Jan 29, 2018",2018-02-08,20180205,1.0,3578.27,0.0,2171.2942,2171.2942,3578.27,3578.27,ERP_EXPORT_20240115
Internet,SO44416,SO44416 - 1,AW00011069,,BK-M82S-42, Australia,Australia,20170918,2017-09-28,2017-09-25 00:00:00,1.0,3399.99,0.0,1912.1544,1912.1544,3399.99,3399.99,ERP_EXPORT_20240115
Internet,SO47186,SO47186 - 1,AW00013806,,BK-R89R-58,France,France,"Jul 15, 2018",2018-07-25,2018-07-22 00:00:00,1.0,2181.5625,0.0%,1320.6838,1320.6838,2181.5625,2181.5625,ERP_EXPORT_20240115
Internet,SO45991,SO45991 - 1,AW00011976,,BK-M82B-48,Australia,Australia,27-03-2018,2018-04-06,20180403,1.0,3374.99,0.0,1898.0944,1898.0944,3374.99,3374.99,ERP_EXPORT_20240115
Internet,SO46716,SO46716 - 1,AW00025046,,BK-R89B-48,canada,Canada,20180604,2018-06-14,06/11/2018,1.0,2181.5625,0.0,1320.6838,1320.6838,2181.5625,2181.5625,ERP_EXPORT_20240115
Internet,SO47533,SO47533 - 1,AW00021886,,BK-R89R-58,Australia,Australia,2018-08-12 00:00:00,2018-08-22,2018-08-19,1.0,2181.5625,0.0,1320.6838,1320.6838,2181.5625,2181.5625,ERP_EXPORT_20240115
 Internet,SO47835,SO47835 - 1,AW00024904,,BK-R64Y-40,Australia,Australia,20180914,2018-09-24,2018-09-21,1.0,1000.4375,0.0,605.6492,605.6492,1000.4375,1000.4375,ERP_EXPORT_20240115
INTERNET,SO46164,SO46164 - 1,AW00012079,,BK-R93R-48,Southwest,United States,20180407,2018-04-17,04/14/2018,1.0,3578.27,0.0,2171.2942,2171.2942,3578.27,3578.27,ERP_EXPORT_20240115
Internet,SO44140,SO44140 - 1,AW00012221,,BK-R93R-44,France,France,08/04/2017,2017-08-14,2017-08-11 00:00:00,1.0,3578.27,0.0,2171.2942,2171.2942,3578.27,3578.27,ERP_EXPORT_20240115
Internet,SO44058,SO44058 - 1,AW00011056,,BK-M82B-44,Australia,Australia,07/31/2017,2017-08-10,20170807,1.0,3374.99,0.0,1898.0944,1898.0944,3374.99,3374.99,ERP_EXPORT_20240115
Internet,SO44659,SO44659 - 1,AW00018208,,BK-R93R-52,Australia,Australia,2017-10-14 00:00:00,2017-10-24,2017-10-21 00:00:00,1.0,3578.27,0.0,2171.2942,2171.2942,3578.27,3578.27,ERP_EXPORT_20240115
Internet ,SO44138,SO44138 - 1,AW00013765,,BK-R93R-62, United Kingdom,United Kingdom,"Aug 04, 2017",2017-08-14,08/11/2017,1.0,3578.27,0.0,2171.2942,2171.2942,3578.27,3578.27,ERP_EXPORT_20240115
Internet,SO47568,SO47568 - 1,AW00021885,,BK-R89B-48,Australia,Australia,"Aug 17, 2018",2018-08-27,24-08-2018,1.0,2181.5625,0.0,1320.6838,1320.6838,2181.5625,2181.5625,ERP_EXPORT_20240115
Internet,SO46001,SO46001 - 1,AW00023806,,BK-R93R-62,Canada,Canada,20180329,2018-04-08,04/05/2018,1.0,3578.27,0.0,2171.2942,2171.2942,3578.27,3578.27,ERP_EXPORT_20240115
internet,SO46257,SO46257 - 1,AW00011992,,BK-M82S-44,Australia,Australia,"Apr 19, 2018",2018-04-29,2018-04-26 00:00:00,1.0,3399.99,0.0,1912.1544,1912.1544,3399.99,3399.99,ERP_EXPORT_20240115
Internet,SO48959,SO48959 - 1,AW00023417,,BK-R89B-48,Australia,Australia,21-12-2018,2018-12-31,20181228,1.0,2181.5625,0.0,1320.6838,1320.6838,2181.5625,2181.5625,ERP_EXPORT_20240115
Internet,SO47069,SO47069 - 1,,,BK-R64Y-40,Southwest,United States,01-07-2018,2018-07-11,08-07-2018,1.5,1000.4375,,605.6492,605.6492,-1000.4375,-1000.4375,ERP_EXPORT_20240115
Internet,SO44711,SO44711 - 1,AW00018248,,BK-R93R-62,Australia,Australia,10/25/2017,2017-11-04,"Nov 01, 2017",1.0,3578.27,0.0,2171.2942,2171.2942,3578.27,3578.27,ERP_EXPORT_20240115
Internet,SO45835,SO45835 - 1,AW00011688,,BK-R93R-52,Northwest,United States,2018-03-04,2018-03-14,2018-03-11,1.0,3578.27,0.0%,2171.2942,2171.2942,3578.27,3578.27,ERP_EXPORT_20240115
Internet,SO45235,SO45235 - 1,AW00029147,,BK-R93R-56,Northwest,United States,27-12-2017,2018-01-06,20180103,1.0,3578.27,0.0,2171.2942,2171.2942,3578.27,3578.27,ERP_EXPORT_20240115
Internet,SO43821,SO43821 - 1,AW00027663,,BK-R93R-62,Southwest,United States,"Jul 15, 2017",2017-07-25,22-07-2017,1.0,3578.27,0.0,2171.2942,2171.2942,3578.27,3578.27,ERP_EXPORT_20240115
INTERNET,SO45414,SO45414 - 1,AW00018038,,BK-R50R-52,France,France,2018-01-11,2018-01-21,2018-01-18,1.0,699.0982,0.0%,413.1463,413.1463,699.0982,699.0982,ERP_EXPORT_20240115
 Internet,SO47254,SO47254 - 1,AW00015276,,BK-R50B-58,Southwest,United States,07/22/2018,2018-08-01,2018-07-29,1.0,782.99,0.0,486.7066,486.7066,782.99,782.99,ERP_EXPORT_20240115
 Internet,SO46723,SO46723 - 1,AW00012918,,BK-R89R-44,Southwest,United States,06/05/2018,2018-06-15,20180612,1.0,2443.35,,1518.7864,1518.7864,2443.35,2443.35,ERP_EXPORT_20240115
internet,SO44933,SO44933 - 1,AW00018276,,BK-R93R-48,Australia,Australia,11/17/2017,2017-11-27,"Nov 24, 2017",1.0,3578.27,0.0,2171.2942,2171.2942,3578.27,3578.27,ERP_EXPORT_20240115
Internet,SO48195,SO48195 - 1,AW00022399,,BK-R89R-58,australia,Australia,2018-10-18 00:00:00,2018-10-28,"Oct 25, 2018",1.0,2181.5625,0.0,1320.6838,1320.6838,2181.5625,2181.5625,ERP_EXPORT_20240115
Internet,SO43783,SO43783 - 1,AW00016620,,BK-R93R-48,AUSTRALIA,Australia,2017-07-11,2017-07-21,07/18/2017,1.0,3578.27,0.0,2171.2942,2171.2942,3578.27,3578.27,ERP_EXPORT_20240115
Internet,SO47868,SO47868 - 1,AW00013021,,BK-M68S-42,Australia,Australia,09/18/2018,2018-09-28,20180925,1.0,2071.4196,0.0,1117.8559,1117.8559,2071.4196,2071.4196,ERP_EXPORT_20240115
Internet,SO46508,SO46508 - 1,AW00028504,,BK-M82B-42,France ,France,"May 19, 2018",2018-05-29,2018-05-26,1.0,3374.99,0.0,1898.0944,1898.0944,3374.99,3374.99,ERP_EXPORT_20240115
Internet,SO48146,SO48146 - 1,AW00022578,,BK-R89R-58,Australia,Australia,10-10-2018,2018-10-20,2018-10-17 00:00:00,1.0,2181.5625,0.0,1320.6838,1320.6838,2181.5625,2181.5625,ERP_EXPORT_20240115
Internet,SO44996,SO44996 - 1,AW00025970,,BK-M82B-42,Northwest,United States,20171125,2017-12-05,2017-12-02,1.0,3374.99,0.0,1898.0944,1898.0944,3374.99,3374.99,ERP_EXPORT_20240115
Internet,SO43707,SO43707 - 1,AW00027616,,BK-R93R-48,SOUTHWEST,United States,02-07-2017,2017-07-12,20170709,1.0,3578.27,0.0,2171.2942,2171.2942,3578.27,3578.27,ERP_EXPORT_20240115
internet,SO44897,SO44897 - 1,AW00018696,,BK-R93R-56,Australia,Australia,20171112,2017-11-22,2017-11-19 00:00:00,1.0,3578.27,0.0,2171.2942,2171.2942,3578.27,3578.27,ERP_EXPORT_20240115
Internet,SO45968,SO45968 - 1,AW00011834,,BK-R93R-44,Southwest ,United States,2018-03-24,2018-04-03,2018-03-31,1.0,3578.27,0.0,2171.2942,2171.2942,3578.27,3578.27,ERP_EXPORT_20240115
 Internet,SO44832,SO44832 - 1,AW00028804,,BK-R93R-44,Southwest,United States,04-11-2017,2017-11-14,20171111,1.0,3578.27,0.0,2171.2942,2171.2942,3578.27,3578.27,ERP_EXPORT_20240115
Internet,SO48264,SO48264 - 1,AW00026437,,BK-R50R-48,Australia,Australia,10/27/2018,2018-11-06,2018-11-03 00:00:00,1.0,782.99,0.0,486.7066,486.7066,782.99,782.99,ERP_EXPORT_20240115
 Internet,SO44385,SO44385 - 1,AW00028298,,BK-R93R-56,Southwest,United States,12-09-2017,2017-09-22,20170919,1.0,3578.27,0.0%,2171.2942,2171.2942,3578.27,3578.27,ERP_EXPORT_20240115
Internet,SO47907,SO47907 - 1,AW00021999,,BK-R89R-48,Australia,Australia,09/23/2018,2018-10-03,30-09-2018,1.0,2443.35,0.0,1518.7864,1518.7864,2443.35,2443.35,ERP_EXPORT_20240115
internet,SO44242,SO44242 - 1,AW00028163,,BK-R93R-52,Northwest,United States,"Aug 24, 2017",2017-09-03,"Aug 31, 2017",1.0,3578.27,0.0,2171.2942,2171.2942,3578.27,3578.27,ERP_EXPORT_20240115
Internet,SO46571,SO46571 - 1,AW00015668,,BK-R93R-52,United Kingdom,United Kingdom,"May 26, 2018",2018-06-05,"Jun 02, 2018",1.0,3578.27,,2171.2942,2171.2942,3578.27,3578.27,ERP_EXPORT_20240115
INTERNET,SO45481,SO45481 - 1,AW00019563,,BK-R93R-52,Australia,Australia,2018-01-23,2018-02-02,2018-01-30 00:00:00,1.0,3578.27,0.0,2171.2942,2171.2942,3578.27,3578.27,ERP_EXPORT_20240115
Internet,SO45621,SO45621 - 1,AW00011768,,BK-M82S-44, Australia,Australia,"Feb 03, 2018",2018-02-13,02/10/2018,1.0,3399.99,0.0%,1912.1544,1912.1544,3399.99,3399.99,ERP_EXPORT_20240115
Internet,SO47641,SO47641 - 1,AW00027062,,BK-R50R-58,Canada,Canada,2018-08-28 00:00:00,2018-09-07,2018-09-04,1.0,782.99,0.0,486.7066,486.7066,782.99,782.99,ERP_EXPORT_20240115
Internet,SO43981,SO43981 - 1,AW00016664,,BK-R93R-56,Australia,Australia,07/23/2017,2017-08-02,20170730,1.0,3578.27,0.0,2171.2942,2171.2942,3578.27,3578.27,ERP_EXPORT_20240115
Internet ,SO47319,SO47319 - 1,AW00013299,,BK-R89R-52,Southwest,United States,20180728,2018-08-07,2018-08-04,1.0,2443.35,0.0,1518.7864,1518.7864,2443.35,2443.35,ERP_EXPORT_20240115
INTERNET,SO44328,SO44328 - 1,AW00017921,,BK-R93R-62,Australia,Australia,"Sep 03, 2017",2017-09-13,"Sep 10, 2017",1.0,3578.27,0.0,2171.2942,2171.2942,3578.27,3578.27,ERP_EXPORT_20240115
 Internet,SO46885,SO46885 - 1,AW00015933,,BK-R89B-44,United Kingdom,United Kingdom,06/25/2018,2018-07-05,20180702,1.0,2181.5625,0.0,1320.6838,1320.6838,2181.5625,2181.5625,ERP_EXPORT_20240115
Internet,SO47549,SO47549 - 1,,,BK-R50B-52,FRANCE,France,14-08-2018,2018-08-24,08/21/2018,1.7,782.99,,486.7066,486.7066,-782.99,-782.99,ERP_EXPORT_20240115
Internet,SO47616,SO47616 - 1,AW00021873,,BK-R89R-58,Australia,Australia,24-08-2018,2018-09-03,31-08-2018,1.0,2181.5625,0.0,1320.6838,1320.6838,2181.5625,2181.5625,ERP_EXPORT_20240115
Internet,SO48797,SO48797 - 1,AW00014335,,BK-R64Y-42,Northwest,United States,2018-12-01,2018-12-11,2018-12-08,1.0,1000.4375,0.0,605.6492,605.6492,1000.4375,1000.4375,ERP_EXPORT_20240115
Internet,SO46214,SO46214 - 1,AW00012072,,BK-R93R-44, Southwest,United States,04/14/2018,2018-04-24,"Apr 21, 2018",1.0,3578.27,0.0,2171.2942,2171.2942,3578.27,3578.27,ERP_EXPORT_20240115
Internet,SO45957,SO45957 - 1,AW00011809,,BK-R93R-48,Southwest,United States,20180323,2018-04-02,"Mar 30, 2018",1.0,3578.27,0.0,2171.2942,2171.2942,3578.27,3578.27,ERP_EXPORT_20240115
Internet,SO47135,SO47135 - 1,AW00027027,,BK-R50B-52,Canada,Canada,"Jul 08, 2018",2018-07-18,07/15/2018,1.0,782.99,0.0,486.7066,486.7066,782.99,782.99,ERP_EXPORT_20240115
internet,SO44329,SO44329 - 1,,,BK-R93R-44,Australia,Australia,09/03/2017,2017-09-13,2017-09-10 00:00:00,1.3,3578.27,,2171.2942,2171.2942,-3578.27,-3578.27,ERP_EXPORT_20240115
 Internet,SO44425,SO44425 - 1,AW00017504,,BK-R93R-44,AUSTRALIA,Australia,2017-09-19,2017-09-29,26-09-2017,1.0,3578.27,0.0,2171.2942,2171.2942,3578.27,3578.27,ERP_EXPORT_20240115
Internet,SO48651,SO48651 - 1,AW00022926,,BK-R89B-52,Australia,Australia,22-11-2018,2018-12-02,20181129,1.0,2181.5625,0.0,1320.6838,1320.6838,2181.5625,2181.5625,ERP_EXPORT_20240115
Internet,SO48584,SO48584 - 1,AW00022935,,BK-R89B-58,AUSTRALIA,Australia,16-11-2018,2018-11-26,2018-11-23 00:00:00,1.0,2181.5625,0.0,1320.6838,1320.6838,2181.5625,2181.5625,ERP_EXPORT_20240115
Internet,SO46253,SO46253 - 1,AW00012082,,BK-R93R-44,southwest,United States,20180419,2018-04-29,"Apr 26, 2018",1.0,3578.27,0.0,2171.2942,2171.2942,3578.27,3578.27,ERP_EXPORT_20240115
Internet,SO44595,SO44595 - 1,AW00011124,,BK-M82S-42,Australia,Australia,05-10-2017,2017-10-15,2017-10-12,1.0,3399.99,0.0%,1912.1544,1912.1544,3399.99,3399.99,ERP_EXPORT_20240115
Internet,SO48944,SO48944 - 1,AW00025010,,BK-R64Y-40,Australia,Australia,12/18/2018,2018-12-28,"Dec 25, 2018",1.0,1000.4375,0.0,605.6492,605.6492,1000.4375,1000.4375,ERP_EXPORT_20240115
Internet,SO44148,SO44148 - 1,AW00028172,,BK-R93R-62,Southwest,United States,08/05/2017,2017-08-15,"Aug 12, 2017",1.0,3578.27,0.0,2171.2942,2171.2942,3578.27,3578.27,ERP_EXPORT_20240115
Internet,SO48537,SO48537 - 1,AW00012318,,BK-M68B-46,United Kingdom,United Kingdom,"Nov 12, 2018",2018-11-22,2018-11-19 00:00:00,1.0,2049.0982,0.0,1105.81,1105.81,2049.0982,2049.0982,ERP_EXPORT_20240115
Internet,SO48699,SO48699 - 1,AW00013115,,BK-M68B-46,australia,Australia,2018-11-27 00:00:00,2018-12-07,2018-12-04 00:00:00,1.0,2049.0982,0.0,1105.81,1105.81,2049.0982,2049.0982,ERP_EXPORT_20240115
Internet,SO45472,SO45472 - 1,AW00019095,,BK-R93R-52,Australia,Australia,20180122,2018-02-01,2018-01-29,1.0,3578.27,0.0,2171.2942,2171.2942,3578.27,3578.27,ERP_EXPORT_20240115
Internet,SO44262,SO44262 - 1,AW00020149,,BK-R50R-60, United Kingdom,United Kingdom,"Aug 28, 2017",2017-09-07,2017-09-04,1.0,699.0982,0.0,413.1463,413.1463,699.0982,699.0982,ERP_EXPORT_20240115
Internet,SO46552,SO46552 - 1,AW00015017,,BK-R50R-48,Southwest,United States,05/23/2018,2018-06-02,05/30/2018,1.0,699.0982,0.0,413.1463,413.1463,699.0982,699.0982,ERP_EXPORT_20240115
Internet,SO43798,SO43798 - 1,AW00016521,,BK-R93R-62,australia,Australia,13-07-2017,2017-07-23,2017-07-20 00:00:00,1.0,3578.27,0.0,2171.2942,2171.2942,3578.27,3578.27,ERP_EXPORT_20240115
 Internet,SO43919,SO43919 - 1,AW00012124,,BK-R93R-56,France,France,2017-07-17,2017-07-27,2017-07-24 00:00:00,1.0,3578.27,0.0%,2171.2942,2171.2942,3578.27,3578.27,ERP_EXPORT_20240115
Internet,SO47580,SO47580 - 1,AW00014080,,BK-R64Y-48,NORTHWEST,United States,2018-08-19 00:00:00,2018-08-29,20180826,1.0,1000.4375,0.0,605.6492,605.6492,1000.4375,1000.4375,ERP_EXPORT_20240115
Internet ,SO48586,SO48586 - 1,AW00013113,,BK-M68S-42, Australia,Australia,2018-11-16,2018-11-26,23-11-2018,1.0,2071.4196,0.0,1117.8559,1117.8559,2071.4196,2071.4196,ERP_EXPORT_20240115
Internet,SO46574,SO46574 - 1,AW00012243,,BK-M82B-38,Australia,Australia,"May 26, 2018",2018-06-05,2018-06-02 00:00:00,1.0,3374.99,0.0,1898.0944,1898.0944,3374.99,3374.99,ERP_EXPORT_20240115
Internet,SO46279,SO46279 - 1,AW00012155,,BK-R93R-48,northwest,United States,23-04-2018,2018-05-03,04/30/2018,1.0,3578.27,0.0,2171.2942,2171.2942,3578.27,3578.27,ERP_EXPORT_20240115
 Internet,SO48680,SO48680 - 1,AW00027242,,BK-R50B-48,Canada,Canada,20181125,2018-12-05,2018-12-02,1.0,782.99,0.0,486.7066,486.7066,782.99,782.99,ERP_EXPORT_20240115
Internet,SO48671,SO48671 - 1,AW00012270,,BK-M68B-42,Germany,Germany,20181124,2018-12-04,12/01/2018,1.0,2049.0982,0.0,1105.81,1105.81,2049.0982,2049.0982,ERP_EXPORT_20240115
Internet,SO46490,SO46490 - 1,AW00012189,,BK-R93R-52,Southwest,United States,20180516,2018-05-26,23-05-2018,1.0,3578.27,0.0,2171.2942,2171.2942,3578.27,3578.27,ERP_EXPORT_20240115
Internet ,SO48926,SO48926 - 1,AW00023117,,BK-R89B-44,Australia,Australia,2018-12-16,2018-12-26,"Dec 23, 2018",1.0,2181.5625,0.0,1320.6838,1320.6838,2181.5625,2181.5625,ERP_EXPORT_20240115
Internet,SO46284,SO46284 - 1,AW00014888,,BK-R50R-48,NORTHWEST,United States,"Apr 23, 2018",2018-05-03,2018-04-30,1.0,699.0982,0.0,413.1463,413.1463,699.0982,699.0982,ERP_EXPORT_20240115
INTERNET,SO47219,SO47219 - 1,AW00012577,,BK-M68B-46,Australia,Australia,18-07-2018,2018-07-28,07/25/2018,1.0,2049.0982,0.0,1105.81,1105.81,2049.0982,2049.0982,ERP_EXPORT_20240115
Internet,SO47562,SO47562 - 1,AW00021944,,BK-R89B-52, Australia,Australia,2018-08-16 00:00:00,2018-08-26,"Aug 23, 2018",1.0,2181.5625,0.0,1320.6838,1320.6838,2181.5625,2181.5625,ERP_EXPORT_20240115
Internet,SO45174,SO45174 - 1,AW00029198,,BK-R93R-52,Southwest ,United States,2017-12-17 00:00:00,2017-12-27,20171224,1.0,3578.27,0.0,2171.2942,2171.2942,3578.27,3578.27,ERP_EXPORT_20240115
Internet,SO46764,SO46764 - 1,AW00026238,,BK-M68B-42, Southwest,United States,06/10/2018,2018-06-20,17-06-2018,1.0,2049.0982,0.0%,1105.81,1105.81,2049.0982,2049.0982,ERP_EXPORT_20240115
 Internet,SO44462,SO44462 - 1,AW00014155,,BK-R93R-44,United Kingdom,United Kingdom,09/28/2017,2017-10-08,2017-10-05 00:00:00,1.0,3578.27,0.0,2171.2942,2171.2942,3578.27,3578.27,ERP_EXPORT_20240115
Internet,SO48657,SO48657 - 1,AW00015067,,BK-R89B-44,France,France,"Nov 23, 2018",2018-12-03,20181130,1.0,2181.5625,0.0,1320.6838,1320.6838,2181.5625,2181.5625,ERP_EXPORT_20240115
Internet,SO45821,SO45821 - 1,AW00026041,,BK-M82S-44,Northwest,United States,20180302,2018-03-12,"Mar 09, 2018",1.0,3399.99,0.0,1912.1544,1912.1544,3399.99,3399.99,ERP_EXPORT_20240115
Internet,SO48608,SO48608 - 1,AW00026644,,BK-M68B-38,Northwest,United States,11/18/2018,2018-11-28,25-11-2018,1.0,2049.0982,0.0%,1105.81,1105.81,2049.0982,2049.0982,ERP_EXPORT_20240115
Internet,SO43988,SO43988 - 1,AW00011244,,BK-M82S-38,United Kingdom,United Kingdom,2017-07-24,2017-08-03,2017-07-31 00:00:00,1.0,3399.99,0.0%,1912.1544,1912.1544,3399.99,3399.99,ERP_EXPORT_20240115
Internet ,SO44803,SO44803 - 1,AW00012383,,BK-R93R-62,france,France,"Oct 31, 2017",2017-11-10,07-11-2017,1.0,3578.27,0.0,2171.2942,2171.2942,3578.27,3578.27,ERP_EXPORT_20240115
Internet,SO48174,SO48174 - 1,AW00016827,,BK-R89R-52,United Kingdom,United Kingdom,2018-10-15,2018-10-25,"Oct 22, 2018",1.0,2443.35,0.0%,1518.7864,1518.7864,2443.35,2443.35,ERP_EXPORT_20240115
Internet,SO46870,SO46870 - 1,AW00013605,,BK-R89R-44,france,France,23-06-2018,2018-07-03,30-06-2018,1.0,2443.35,0.0,1518.7864,1518.7864,2443.35,2443.35,ERP_EXPORT_20240115
Internet,SO46438,SO46438 - 1,AW00012174,,BK-R93R-52,Southwest,United States,20180508,2018-05-18,2018-05-15,1.0,3578.27,0.0,2171.2942,2171.2942,3578.27,3578.27,ERP_EXPORT_20240115
 Internet,SO48131,SO48131 - 1,AW00020483,,BK-M68B-42,Canada,Canada,2018-10-08 00:00:00,2018-10-18,"Oct 15, 2018",1.0,2049.0982,0.0,1105.81,1105.81,2049.0982,2049.0982,ERP_EXPORT_20240115
Internet,SO48710,SO48710 - 1,AW00012305,,BK-M68S-42,United Kingdom,United Kingdom,2018-11-28,2018-12-08,"Dec 05, 2018",1.0,2071.4196,0.0,1117.8559,1117.8559,2071.4196,2071.4196,ERP_EXPORT_20240115
INTERNET,SO46906,SO46906 - 1,AW00012950,,BK-R89R-44,Northwest,United States,20180628,2018-07-08,2018-07-05,1.0,2443.35,0.0,1518.7864,1518.7864,2443.35,2443.35,ERP_EXPORT_20240115
 Internet,SO45775,SO45775 - 1,AW00014207,,BK-R93R-56,Germany,Germany,02/28/2018,2018-03-10,2018-03-07,1.0,3578.27,0.0,2171.2942,2171.2942,3578.27,3578.27,ERP_EXPORT_20240115
Internet,SO47740,SO47740 - 1,AW00015337,,BK-R50R-62,Southwest ,United States,01-09-2018,2018-09-11,2018-09-08,1.0,782.99,0.0,486.7066,486.7066,782.99,782.99,ERP_EXPORT_20240115
Internet,SO48491,SO48491 - 1,AW00013126,,BK-M68B-38,Australia,Australia,2018-11-08,2018-11-18,"Nov 15, 2018",1.0,2049.0982,0.0,1105.81,1105.81,2049.0982,2049.0982,ERP_EXPORT_20240115
Internet,SO47212,SO47212 - 1,AW00012580,,BK-M68B-42,australia,Australia,20180717,2018-07-27,07/24/2018,1.0,2049.0982,0.0,1105.81,1105.81,2049.0982,2049.0982,ERP_EXPORT_20240115
internet,SO48553,SO48553 - 1,AW00013716,,BK-R89R-52, Southwest,United States,2018-11-13 00:00:00,2018-11-23,2018-11-20 00:00:00,1.0,2443.35,0.0%,1518.7864,1518.7864,2443.35,2443.35,ERP_EXPORT_20240115
Internet,SO45485,SO45485 - 1,AW00011257,,BK-R93R-48,Southwest,United States,2018-01-24,2018-02-03,2018-01-31 00:00:00,1.0,3578.27,0.0%,2171.2942,2171.2942,3578.27,3578.27,ERP_EXPORT_20240115
Internet,SO46411,SO46411 - 1,AW00024661,,BK-R93R-56,canada,Canada,"May 04, 2018",2018-05-14,2018-05-11,1.0,3578.27,0.0,2171.2942,2171.2942,3578.27,3578.27,ERP_EXPORT_20240115
Internet ,SO44043,SO44043 - 1,AW00013679,,BK-R93R-44,UNITED KINGDOM,United Kingdom,07/30/2017,2017-08-09,20170806,1.0,3578.27,0.0%,2171.2942,2171.2942,3578.27,3578.27,ERP_EXPORT_20240115
Internet,SO43776,SO43776 - 1,AW00013260,,BK-R93R-56,Germany,Germany,10-07-2017,2017-07-20,07/17/2017,1.0,3578.27,0.0%,2171.2942,2171.2942,3578.27,3578.27,ERP_EXPORT_20240115
Internet,SO45150,SO45150 - 1,AW00025980,,BK-M82S-44,Northwest,United States,2017-12-14 00:00:00,2017-12-24,20171221,1.0,3399.99,0.0,1912.1544,1912.1544,3399.99,3399.99,ERP_EXPORT_20240115
 Internet,SO44231,SO44231 - 1,AW00017973,,BK-R50B-60,France,France,20170822,2017-09-01,2017-08-29,1.0,699.0982,0.0,413.1463,413.1463,699.0982,699.0982,ERP_EXPORT_20240115
Internet ,SO44454,SO44454 - 1,AW00017926,,BK-R93R-62,Australia,Australia,20170926,2017-10-06,03-10-2017,1.0,3578.27,0.0,2171.2942,2171.2942,3578.27,3578.27,ERP_EXPORT_20240115
Internet ,SO48872,SO48872 - 1,AW00015483,,BK-R50B-60,Southwest,United States,2018-12-10 00:00:00,2018-12-20,17-12-2018,1.0,782.99,0.0,486.7066,486.7066,782.99,782.99,ERP_EXPORT_20240115
Internet,SO47214,SO47214 - 1,AW00019195,,BK-R64Y-48,United Kingdom,United Kingdom,"Jul 18, 2018",2018-07-28,"Jul 25, 2018",1.0,1000.4375,0.0,605.6492,605.6492,1000.4375,1000.4375,ERP_EXPORT_20240115
internet,SO48210,SO48210 - 1,AW00013089,,BK-M68S-42,Australia,Australia,"Oct 20, 2018",2018-10-30,10/27/2018,1.0,2071.4196,0.0,1117.8559,1117.8559,2071.4196,2071.4196,ERP_EXPORT_20240115
Internet,SO48594,SO48594 - 1,AW00026614,,BK-M68B-46,Northwest,United States,"Nov 17, 2018",2018-11-27,20181124,1.0,2049.0982,0.0,1105.81,1105.81,2049.0982,2049.0982,ERP_EXPORT_20240115
Internet,SO48493,SO48493 - 1,AW00012402,,BK-M68B-46,United Kingdom,United Kingdom,"Nov 09, 2018",2018-11-19,11/16/2018,1.0,2049.0982,0.0,1105.81,1105.81,2049.0982,2049.0982,ERP_EXPORT_20240115
Internet ,SO46726,SO46726 - 1,AW00020999,,BK-R89B-44, Australia,Australia,"Jun 05, 2018",2018-06-15,20180612,1.0,2181.5625,0.0,1320.6838,1320.6838,2181.5625,2181.5625,ERP_EXPORT_20240115
Internet,SO46008,SO46008 - 1,AW00011912,,BK-M82B-38, Australia,Australia,2018-03-29,2018-04-08,04/05/2018,1.0,3374.99,0.0%,1898.0944,1898.0944,3374.99,3374.99,ERP_EXPORT_20240115
 Internet,SO47657,SO47657 - 1,AW00026138,,BK-R50R-44,Australia,Australia,20180830,2018-09-09,2018-09-06,1.0,782.99,0.0%,486.7066,486.7066,782.99,782.99,ERP_EXPORT_20240115
Internet,SO45403,SO45403 - 1,AW00023114,,BK-R93R-56,Canada,Canada,01/10/2018,2018-01-20,20180117,1.0,3578.27,0.0,2171.2942,2171.2942,3578.27,3578.27,ERP_EXPORT_20240115
internet,SO44398,SO44398 - 1,AW00017733,,BK-R93R-48,Australia,Australia,"Sep 13, 2017",2017-09-23,09/20/2017,1.0,3578.27,0.0,2171.2942,2171.2942,3578.27,3578.27,ERP_EXPORT_20240115
Internet ,SO44209,SO44209 - 1,AW00017257,,BK-R93R-44, Australia,Australia,18-08-2017,2017-08-28,2017-08-25,1.0,3578.27,0.0,2171.2942,2171.2942,3578.27,3578.27,ERP_EXPORT_20240115
INTERNET,SO45767,SO45767 - 1,AW00011299,,BK-R93R-62,SOUTHWEST,United States,20180226,2018-03-08,20180305,1.0,3578.27,0.0,2171.2942,2171.2942,3578.27,3578.27,ERP_EXPORT_20240115
Internet,SO46911,SO46911 - 1,AW00024832,,BK-R89B-52, Canada,Canada,2018-06-29,2018-07-09,"Jul 06, 2018",1.0,2181.5625,0.0,1320.6838,1320.6838,2181.5625,2181.5625,ERP_EXPORT_20240115
internet,SO46292,SO46292 - 1,AW00020418,,BK-R93R-52,Australia,Australia,"Apr 24, 2018",2018-05-04,2018-05-01,1.0,3578.27,0.0%,2171.2942,2171.2942,3578.27,3578.27,ERP_EXPORT_20240115
Internet,SO48515,SO48515 - 1,AW00022959,,BK-R89B-48,Australia,Australia,10-11-2018,2018-11-20,20181117,1.0,2181.5625,0.0,1320.6838,1320.6838,2181.5625,2181.5625,ERP_EXPORT_20240115
INTERNET,SO44181,SO44181 - 1,AW00017294,,BK-R93R-48,Australia,Australia,11-08-2017,2017-08-21,18-08-2017,1.0,3578.27,0.0,2171.2942,2171.2942,3578.27,3578.27,ERP_EXPORT_20240115
Internet,SO48705,SO48705 - 1,AW00014995,,BK-R89B-44,FRANCE,France,20181128,2018-12-08,05-12-2018,1.0,2181.5625,0.0,1320.6838,1320.6838,2181.5625,2181.5625,ERP_EXPORT_20240115
 Internet,SO45954,SO45954 - 1,AW00011810,,BK-R93R-56,NORTHWEST,United States,03/22/2018,2018-04-01,03/29/2018,1.0,3578.27,0.0%,2171.2942,2171.2942,3578.27,3578.27,ERP_EXPORT_20240115
Internet,SO45117,SO45117 - 1,AW00014727,,BK-R50B-52,Northwest,United States,"Dec 08, 2017",2017-12-18,"Dec 15, 2017",1.0,699.0982,0.0,413.1463,413.1463,699.0982,699.0982,ERP_EXPORT_20240115
INTERNET,SO44463,SO44463 - 1,AW00019340,,BK-R50B-58,GERMANY,Germany,2017-09-28,2017-10-08,10/05/2017,1.0,699.0982,0.0,413.1463,413.1463,699.0982,699.0982,ERP_EXPORT_20240115
Internet,SO44388,SO44388 - 1,AW00017924,,BK-R93R-62,Australia,Australia,09/12/2017,2017-09-22,20170919,1.0,3578.27,0.0,2171.2942,2171.2942,3578.27,3578.27,ERP_EXPORT_20240115
Internet,SO47931,SO47931 - 1,AW00016531,,BK-R89R-52,United Kingdom,United Kingdom,2018-09-27 00:00:00,2018-10-07,20181004,1.0,2443.35,0.0,1518.7864,1518.7864,2443.35,2443.35,ERP_EXPORT_20240115
Internet,SO47237,SO47237 - 1,AW00028834,,BK-R89R-44,CANADA,Canada,20-07-2018,2018-07-30,2018-07-27,1.0,2443.35,0.0,1518.7864,1518.7864,2443.35,2443.35,ERP_EXPORT_20240115
Internet,SO45147,SO45147 - 1,AW00029166,,BK-R93R-48,Southwest,United States,12/13/2017,2017-12-23,20-12-2017,1.0,3578.27,0.0,2171.2942,2171.2942,3578.27,3578.27,ERP_EXPORT_20240115
Internet,SO48243,SO48243 - 1,AW00022411,,BK-R89R-58,AUSTRALIA,Australia,"Oct 25, 2018",2018-11-04,11/01/2018,1.0,2181.5625,0.0,1320.6838,1320.6838,2181.5625,2181.5625,ERP_EXPORT_20240115
 Internet,SO44683,SO44683 - 1,,,BK-R93R-48,Southwest,United States,20171019,2017-10-29,20171026,1.2,3578.27,,2171.2942,2171.2942,-3578.27,-3578.27,ERP_EXPORT_20240115
Internet,SO46140,SO46140 - 1,AW00011991,,BK-M82B-44,australia,Australia,"Apr 03, 2018",2018-04-13,2018-04-10 00:00:00,1.0,3374.99,0.0%,1898.0944,1898.0944,3374.99,3374.99,ERP_EXPORT_20240115
Internet,SO48881,SO48881 - 1,AW00023324,,BK-R89R-58,Australia,Australia,11-12-2018,2018-12-21,18-12-2018,1.0,2181.5625,0.0,1320.6838,1320.6838,2181.5625,2181.5625,ERP_EXPORT_20240115
Internet,SO44817,SO44817 - 1,AW00014777,,BK-R93R-48,United Kingdom,United Kingdom,20171102,2017-11-12,2017-11-09,1.0,3578.27,0.0%,2171.2942,2171.2942,3578.27,3578.27,ERP_EXPORT_20240115
Internet,SO47891,SO47891 - 1,AW00016290,,BK-R89B-44,Germany,Germany,09/21/2018,2018-10-01,2018-09-28 00:00:00,1.0,2181.5625,0.0,1320.6838,1320.6838,2181.5625,2181.5625,ERP_EXPORT_20240115
Internet,SO46310,SO46310 - 1,AW00025938,,BK-R50B-62,Australia,Australia,2018-04-27,2018-05-07,2018-05-04,1.0,699.0982,0.0,413.1463,413.1463,699.0982,699.0982,ERP_EXPORT_20240115
internet,SO47134,SO47134 - 1,AW00026296,,BK-M68S-42,northwest,United States,"Jul 08, 2018",2018-07-18,2018-07-15 00:00:00,1.0,2071.4196,0.0,1117.8559,1117.8559,2071.4196,2071.4196,ERP_EXPORT_20240115
Internet,SO47154,SO47154 - 1,AW00026133,,BK-R50B-60,Australia,Australia,20180711,2018-07-21,20180718,1.0,782.99,0.0,486.7066,486.7066,782.99,782.99,ERP_EXPORT_20240115
internet,SO45739,SO45739 - 1,AW00011903,,BK-M82B-38,Australia,Australia,2018-02-21,2018-03-03,2018-02-28 00:00:00,1.0,3374.99,0.0,1898.0944,1898.0944,3374.99,3374.99,ERP_EXPORT_20240115
Internet,SO45613,SO45613 - 1,AW00011522,,BK-R93R-56,Northwest,United States,2018-02-03 00:00:00,2018-02-13,2018-02-10,1.0,3578.27,0.0,2171.2942,2171.2942,3578.27,3578.27,ERP_EXPORT_20240115
Internet,SO47869,SO47869 - 1,AW00026190,,BK-R50R-44,Australia,Australia,"Sep 18, 2018",2018-09-28,20180925,1.0,782.99,0.0,486.7066,486.7066,782.99,782.99,ERP_EXPORT_20240115
Internet,SO47878,SO47878 - 1,AW00012702,,BK-M68B-38,Australia,Australia,"Sep 19, 2018",2018-09-29,"Sep 26, 2018",1.0,2049.0982,0.0,1105.81,1105.81,2049.0982,2049.0982,ERP_EXPORT_20240115
Internet,SO43780,SO43780 - 1,AW00011599,,BK-R93R-44,France,France,07/11/2017,2017-07-21,20170718,1.0,3578.27,0.0,2171.2942,2171.2942,3578.27,3578.27,ERP_EXPORT_20240115
Internet,SO47851,SO47851 - 1,AW00026331,,BK-M68B-38,Northwest ,United States,2018-09-17 00:00:00,2018-09-27,2018-09-24,1.0,2049.0982,0.0,1105.81,1105.81,2049.0982,2049.0982,ERP_EXPORT_20240115
Internet,SO43719,SO43719 - 1,AW00027612,,BK-R93R-48,Southwest,United States,2017-07-03 00:00:00,2017-07-13,10-07-2017,1.0,3578.27,0.0,2171.2942,2171.2942,3578.27,3578.27,ERP_EXPORT_20240115
Internet,SO46581,SO46581 - 1,AW00012188,,BK-R93R-56,southwest,United States,20180527,2018-06-06,2018-06-03 00:00:00,1.0,3578.27,0.0,2171.2942,2171.2942,3578.27,3578.27,ERP_EXPORT_20240115
Internet,SO45770,SO45770 - 1,AW00019956,,BK-R93R-44,Australia,Australia,20180226,2018-03-08,2018-03-05,1.0,3578.27,0.0,2171.2942,2171.2942,3578.27,3578.27,ERP_EXPORT_20240115
Internet,SO44998,SO44998 - 1,AW00014646,,BK-R50B-48,Southwest,United States,"Nov 25, 2017",2017-12-05,20171202,1.0,699.0982,0.0,413.1463,413.1463,699.0982,699.0982,ERP_EXPORT_20240115
Internet,SO45955,SO45955 - 1,AW00026055,,BK-M82S-38,northwest,United States,03/22/2018,2018-04-01,2018-03-29,1.0,3399.99,0.0,1912.1544,1912.1544,3399.99,3399.99,ERP_EXPORT_20240115
Internet,SO48807,SO48807 - 1,AW00020892,,BK-R50R-62,United Kingdom,United Kingdom,02-12-2018,2018-12-12,"Dec 09, 2018",1.0,782.99,0.0%,486.7066,486.7066,782.99,782.99,ERP_EXPORT_20240115
Internet,SO45164,SO45164 - 1,AW00011453,,BK-M82B-42,Australia,Australia,2017-12-15 00:00:00,2017-12-25,2017-12-22 00:00:00,1.0,3374.99,0.0,1898.0944,1898.0944,3374.99,3374.99,ERP_EXPORT_20240115
INTERNET,SO44910,SO44910 - 1,AW00025969,,BK-M82S-38,Southwest,United States,2017-11-14,2017-11-24,11/21/2017,1.0,3399.99,0.0,1912.1544,1912.1544,3399.99,3399.99,ERP_EXPORT_20240115
Internet,SO46823,SO46823 - 1,AW00015193,,BK-R50R-60,Southwest,United States,2018-06-17 00:00:00,2018-06-27,2018-06-24 00:00:00,1.0,782.99,0.0,486.7066,486.7066,782.99,782.99,ERP_EXPORT_20240115
Internet,SO47801,SO47801 - 1,AW00020555,,BK-R50R-48,Germany,Germany,09/11/2018,2018-09-21,2018-09-18,1.0,782.99,0.0,486.7066,486.7066,782.99,782.99,ERP_EXPORT_20240115
Internet,SO48203,SO48203 - 1,AW00012226,,BK-M68B-42,Germany,Germany,20181020,2018-10-30,20181027,1.0,2049.0982,0.0,1105.81,1105.81,2049.0982,2049.0982,ERP_EXPORT_20240115
Internet,SO44699,SO44699 - 1,AW00022234,,BK-R93R-52, Canada,Canada,2017-10-23,2017-11-02,2017-10-30,1.0,3578.27,0.0,2171.2942,2171.2942,3578.27,3578.27,ERP_EXPORT_20240115
Internet,SO45662,SO45662 - 1,AW00011906,,BK-M82B-44,Australia,Australia,02/10/2018,2018-02-20,20180217,1.0,3374.99,0.0,1898.0944,1898.0944,3374.99,3374.99,ERP_EXPORT_20240115
Internet,SO47133,SO47133 - 1,AW00013357,,BK-R89B-58,Southwest,United States,"Jul 08, 2018",2018-07-18,2018-07-15 00:00:00,1.0,2181.5625,0.0,1320.6838,1320.6838,2181.5625,2181.5625,ERP_EXPORT_20240115
Internet,SO48471,SO48471 - 1,AW00022909,,BK-R89B-48,Australia,Australia,"Nov 06, 2018",2018-11-16,2018-11-13 00:00:00,1.0,2181.5625,0.0,1320.6838,1320.6838,2181.5625,2181.5625,ERP_EXPORT_20240115
Internet,SO46524,SO46524 - 1,AW00026111,,BK-M82B-48,Southwest,United States,20-05-2018,2018-05-30,27-05-2018,1.0,3374.99,0.0,1898.0944,1898.0944,3374.99,3374.99,ERP_EXPORT_20240115
Internet,SO44930,SO44930 - 1,AW00029110,,BK-R93R-48,Southwest,United States,"Nov 17, 2017",2017-11-27,24-11-2017,1.0,3578.27,0.0%,2171.2942,2171.2942,3578.27,3578.27,ERP_EXPORT_20240115
Internet,SO47276,SO47276 - 1,AW00015289,,BK-R50B-52,Southwest,United States,24-07-2018,2018-08-03,2018-07-31 00:00:00,1.0,782.99,0.0,486.7066,486.7066,782.99,782.99,ERP_EXPORT_20240115
Internet,SO47578,SO47578 - 1,AW00012687,,BK-M68S-38,Australia,Australia,20180818,2018-08-28,2018-08-25,1.0,2071.4196,0.0,1117.8559,1117.8559,2071.4196,2071.4196,ERP_EXPORT_20240115
Internet,SO44972,SO44972 - 1,AW00029016,,BK-R93R-44,Northwest,United States,2017-11-21,2017-12-01,20171128,1.0,3578.27,0.0,2171.2942,2171.2942,3578.27,3578.27,ERP_EXPORT_20240115
Internet,SO47816,SO47816 - 1,,,BK-R89R-48,australia,Australia,2018-09-12,2018-09-22,"Sep 19, 2018",1.3,2443.35,,1518.7864,1518.7864,-2443.35,-2443.35,ERP_EXPORT_20240115
Internet,SO47201,SO47201 - 1,AW00026277,,BK-M68S-46,Northwest ,United States,2018-07-16 00:00:00,2018-07-26,2018-07-23 00:00:00,1.0,2071.4196,0.0,1117.8559,1117.8559,2071.4196,2071.4196,ERP_EXPORT_20240115
internet,SO44677,SO44677 - 1,AW00022233,,BK-R93R-62,Canada,Canada,18-10-2017,2017-10-28,2017-10-25,1.0,3578.27,0.0,2171.2942,2171.2942,3578.27,3578.27,ERP_EXPORT_20240115
internet,SO47192,SO47192 - 1,AW00016328,,BK-R89R-58,United Kingdom ,United Kingdom,2018-07-15,2018-07-25,"Jul 22, 2018",1.0,2181.5625,0.0,1320.6838,1320.6838,2181.5625,2181.5625,ERP_EXPORT_20240115
Internet,SO44648,SO44648 - 1,AW00025916,,BK-M82S-38,Southwest,United States,13-10-2017,2017-10-23,20-10-2017,1.0,3399.99,0.0,1912.1544,1912.1544,3399.99,3399.99,ERP_EXPORT_20240115
Internet,SO48248,SO48248 - 1,AW00020852,,BK-R50R-48,united kingdom,United Kingdom,20181026,2018-11-05,2018-11-02 00:00:00,1.0,782.99,0.0,486.7066,486.7066,782.99,782.99,ERP_EXPORT_20240115
Internet ,SO47587,SO47587 - 1,AW00021874,,BK-R89R-58,australia,Australia,2018-08-19,2018-08-29,08/26/2018,1.0,2181.5625,0.0,1320.6838,1320.6838,2181.5625,2181.5625,ERP_EXPORT_20240115
Internet,SO46177,SO46177 - 1,,,BK-R93R-48,Southwest ,United States,20180409,2018-04-19,16-04-2018,1.4,3578.27,,2171.2942,2171.2942,-3578.27,-3578.27,ERP_EXPORT_20240115
Internet,SO44908,SO44908 - 1,AW00029032,,BK-R93R-56,Southwest,United States,2017-11-14,2017-11-24,21-11-2017,1.0,3578.27,0.0,2171.2942,2171.2942,3578.27,3578.27,ERP_EXPORT_20240115
Internet,SO44942,SO44942 - 1,AW00018701,,BK-R93R-62,AUSTRALIA,Australia,2017-11-18 00:00:00,2017-11-28,2017-11-25 00:00:00,1.0,3578.27,0.0,2171.2942,2171.2942,3578.27,3578.27,ERP_EXPORT_20240115
 Internet,SO47520,SO47520 - 1,AW00019263,,BK-R64Y-48,United Kingdom,United Kingdom,20180811,2018-08-21,18-08-2018,1.0,1000.4375,0.0,605.6492,605.6492,1000.4375,1000.4375,ERP_EXPORT_20240115
Internet,SO48450,SO48450 - 1,AW00026645,,BK-M68B-46,Southwest,United States,2018-11-04 00:00:00,2018-11-14,11-11-2018,1.0,2049.0982,0.0,1105.81,1105.81,2049.0982,2049.0982,ERP_EXPORT_20240115
Internet,SO45409,SO45409 - 1,AW00019612,,BK-R93R-48,Australia,Australia,2018-01-10,2018-01-20,2018-01-17,1.0,3578.27,0.0,2171.2942,2171.2942,3578.27,3578.27,ERP_EXPORT_20240115
Internet,SO44357,SO44357 - 1,AW00017511,,BK-R93R-62,Australia,Australia,20170908,2017-09-18,09/15/2017,1.0,3578.27,0.0,2171.2942,2171.2942,3578.27,3578.27,ERP_EXPORT_20240115
Internet,SO47636,SO47636 - 1,AW00026142,,BK-R50R-52,Australia,Australia,2018-08-26,2018-09-05,09/02/2018,1.0,782.99,0.0,486.7066,486.7066,782.99,782.99,ERP_EXPORT_20240115
Internet,SO48404,SO48404 - 1,AW00013730,,BK-R89B-52,Northwest,United States,2018-10-31 00:00:00,2018-11-10,2018-11-07,1.0,2181.5625,0.0,1320.6838,1320.6838,2181.5625,2181.5625,ERP_EXPORT_20240115
Internet,SO44048,SO44048 - 1,AW00016713,,BK-R93R-56, Australia,Australia,2017-07-30 00:00:00,2017-08-09,"Aug 06, 2017",1.0,3578.27,0.0,2171.2942,2171.2942,3578.27,3578.27,ERP_EXPORT_20240115
Internet,SO45013,SO45013 - 1,AW00018483,,BK-R93R-62,australia,Australia,2017-11-27,2017-12-07,04-12-2017,1.0,3578.27,0.0,2171.2942,2171.2942,3578.27,3578.27,ERP_EXPORT_20240115
Internet,SO46482,SO46482 - 1,AW00012245,,BK-M82S-44,Australia,Australia,2018-05-14,2018-05-24,05/21/2018,1.0,3399.99,0.0,1912.1544,1912.1544,3399.99,3399.99,ERP_EXPORT_20240115
Internet,SO45389,SO45389 - 1,AW00011090,,BK-R93R-62,Southwest,United States,01/07/2018,2018-01-17,2018-01-14 00:00:00,1.0,3578.27,0.0,2171.2942,2171.2942,3578.27,3578.27,ERP_EXPORT_20240115
Internet,SO44443,SO44443 - 1,AW00017370,,BK-R93R-62,australia,Australia,2017-09-23,2017-10-03,"Sep 30, 2017",1.0,3578.27,0.0,2171.2942,2171.2942,3578.27,3578.27,ERP_EXPORT_20240115
INTERNET,SO45644,SO45644 - 1,AW00028458,,BK-M82B-44,France ,France,02/08/2018,2018-02-18,2018-02-15,1.0,3374.99,0.0%,1898.0944,1898.0944,3374.99,3374.99,ERP_EXPORT_20240115
Internet,SO45017,SO45017 - 1,AW00028826,,BK-R93R-48,Northwest,United States,11/28/2017,2017-12-08,2017-12-05 00:00:00,1.0,3578.27,0.0,2171.2942,2171.2942,3578.27,3578.27,ERP_EXPORT_20240115
Internet,SO47279,SO47279 - 1,AW00012680,,BK-M68B-46,Australia,Australia,07/24/2018,2018-08-03,2018-07-31,1.0,2049.0982,0.0,1105.81,1105.81,2049.0982,2049.0982,ERP_EXPORT_20240115
Internet ,SO48560,SO48560 - 1,AW00026561,,BK-R50R-44,Australia,Australia,"Nov 13, 2018",2018-11-23,2018-11-20 00:00:00,1.0,782.99,0.0,486.7066,486.7066,782.99,782.99,ERP_EXPORT_20240115
Internet,SO44460,SO44460 - 1,AW00020150,,BK-R50B-60,United Kingdom,United Kingdom,2017-09-27 00:00:00,2017-10-07,2017-10-04 00:00:00,1.0,699.0982,0.0%,413.1463,413.1463,699.0982,699.0982,ERP_EXPORT_20240115
Internet,SO45493,SO45493 - 1,AW00014731,,BK-R50R-58,Southwest,United States,2018-01-25,2018-02-04,2018-02-01,1.0,699.0982,0.0,413.1463,413.1463,699.0982,699.0982,ERP_EXPORT_20240115
Internet,SO45031,SO45031 - 1,AW00014792,,BK-R93R-52,united kingdom,United Kingdom,30-11-2017,2017-12-10,2017-12-07,1.0,3578.27,0.0,2171.2942,2171.2942,3578.27,3578.27,ERP_EXPORT_20240115
Internet,SO44636,SO44636 - 1,AW00014705,,BK-R93R-56,United Kingdom,United Kingdom,2017-10-12 00:00:00,2017-10-22,"Oct 19, 2017",1.0,3578.27,0.0,2171.2942,2171.2942,3578.27,3578.27,ERP_EXPORT_20240115
internet,SO44278,SO44278 - 1,AW00017293,,BK-R93R-62,Australia,Australia,20170831,2017-09-10,09/07/2017,1.0,3578.27,0.0,2171.2942,2171.2942,3578.27,3578.27,ERP_EXPORT_20240115
Internet,SO46695,SO46695 - 1,AW00020208,,BK-M68B-38,Canada,Canada,06/02/2018,2018-06-12,"Jun 09, 2018",1.0,2049.0982,0.0,1105.81,1105.81,2049.0982,2049.0982,ERP_EXPORT_20240115
internet,SO48606,SO48606 - 1,AW00022988,,BK-R89R-44,Australia,Australia,2018-11-18 00:00:00,2018-11-28,"Nov 25, 2018",1.0,2443.35,0.0,1518.7864,1518.7864,2443.35,2443.35,ERP_EXPORT_20240115
Internet,SO46462,SO46462 - 1,AW00012013,,BK-M82S-42,Australia,Australia,11-05-2018,2018-05-21,05/18/2018,1.0,3399.99,0.0,1912.1544,1912.1544,3399.99,3399.99,ERP_EXPORT_20240115
Internet,SO47873,SO47873 - 1,AW00026321,,BK-R64Y-40,canada,Canada,19-09-2018,2018-09-29,20180926,1.0,1000.4375,0.0%,605.6492,605.6492,1000.4375,1000.4375,ERP_EXPORT_20240115
Internet,SO48935,SO48935 - 1,AW00015518,,BK-R50R-52,Southwest,United States,2018-12-17,2018-12-27,"Dec 24, 2018",1.0,782.99,0.0%,486.7066,486.7066,782.99,782.99,ERP_EXPORT_20240115
Internet,SO45934,SO45934 - 1,AW00011666,,BK-R93R-52,Southwest,United States,2018-03-19,2018-03-29,26-03-2018,1.0,3578.27,0.0,2171.2942,2171.2942,3578.27,3578.27,ERP_EXPORT_20240115
Internet,SO48142,SO48142 - 1,AW00012213,,BK-M68B-46,Germany,Germany,2018-10-10,2018-10-20,10/17/2018,1.0,2049.0982,0.0,1105.81,1105.81,2049.0982,2049.0982,ERP_EXPORT_20240115
Internet,SO45390,SO45390 - 1,AW00019560,,BK-R93R-62,Australia,Australia,01/07/2018,2018-01-17,01/14/2018,1.0,3578.27,0.0,2171.2942,2171.2942,3578.27,3578.27,ERP_EXPORT_20240115
INTERNET,SO46312,SO46312 - 1,AW00012153,,BK-R93R-56,Southwest,United States,04/29/2018,2018-05-09,"May 06, 2018",1.0,3578.27,0.0,2171.2942,2171.2942,3578.27,3578.27,ERP_EXPORT_20240115
Internet,SO44066,SO44066 - 1,AW00025867,,BK-M82S-38,Southwest,United States,01-08-2017,2017-08-11,2017-08-08,1.0,3399.99,0.0,1912.1544,1912.1544,3399.99,3399.99,ERP_EXPORT_20240115
Internet,SO45756,SO45756 - 1,AW00011625,,BK-R93R-52, Southwest,United States,2018-02-24 00:00:00,2018-03-06,2018-03-03 00:00:00,1.0,3578.27,0.0,2171.2942,2171.2942,3578.27,3578.27,ERP_EXPORT_20240115
Internet,SO46410,SO46410 - 1,AW00011548,,BK-M82B-38,United Kingdom,United Kingdom,04-05-2018,2018-05-14,20180511,1.0,3374.99,0.0,1898.0944,1898.0944,3374.99,3374.99,ERP_EXPORT_20240115
Internet,SO44459,SO44459 - 1,AW00028288,,BK-R93R-56,SOUTHWEST,United States,2017-09-27 00:00:00,2017-10-07,2017-10-04,1.0,3578.27,0.0,2171.2942,2171.2942,3578.27,3578.27,ERP_EXPORT_20240115
internet,SO46527,SO46527 - 1,AW00025940,,BK-R50B-60,Australia,Australia,20-05-2018,2018-05-30,27-05-2018,1.0,699.0982,0.0,413.1463,413.1463,699.0982,699.0982,ERP_EXPORT_20240115
Internet ,SO47777,SO47777 - 1,AW00026162,,BK-R50B-44,Australia,Australia,06-09-2018,2018-09-16,2018-09-13,1.0,782.99,0.0%,486.7066,486.7066,782.99,782.99,ERP_EXPORT_20240115
Internet,SO44257,SO44257 - 1,AW00012212,,BK-R93R-52,France,France,2017-08-28,2017-09-07,"Sep 04, 2017",1.0,3578.27,0.0,2171.2942,2171.2942,3578.27,3578.27,ERP_EXPORT_20240115
Internet,SO45119,SO45119 - 1,AW00018740,,BK-R93R-56,Australia,Australia,2017-12-08,2017-12-18,2017-12-15,1.0,3578.27,0.0,2171.2942,2171.2942,3578.27,3578.27,ERP_EXPORT_20240115
Internet,SO48163,SO48163 - 1,AW00022854,,BK-R89B-48,Australia,Australia,20181012,2018-10-22,2018-10-19,1.0,2181.5625,,1320.6838,1320.6838,2181.5625,2181.5625,ERP_EXPORT_20240115
Internet,SO44429,SO44429 - 1,AW00028583,,BK-R93R-56,Northwest,United States,20170920,2017-09-30,27-09-2017,1.0,3578.27,0.0,2171.2942,2171.2942,3578.27,3578.27,ERP_EXPORT_20240115
Internet,SO47732,SO47732 - 1,,,BK-R89R-48,southwest,United States,2018-08-31 00:00:00,2018-09-10,2018-09-07,1.8,2443.35,,1518.7864,1518.7864,2443.35,-2443.35,ERP_EXPORT_20240115
Internet,SO47119,SO47119 - 1,AW00016275,,BK-R89R-44,United Kingdom,United Kingdom,"Jul 07, 2018",2018-07-17,20180714,1.0,2443.35,0.0%,1518.7864,1518.7864,2443.35,2443.35,ERP_EXPORT_20240115
Internet,SO48486,SO48486 - 1,AW00020866,,BK-R50B-52, United Kingdom,United Kingdom,2018-11-08 00:00:00,2018-11-18,11/15/2018,1.0,782.99,0.0,486.7066,486.7066,782.99,782.99,ERP_EXPORT_20240115
Internet,SO48688,SO48688 - 1,AW00022966,,BK-R89B-44, Australia,Australia,26-11-2018,2018-12-06,"Dec 03, 2018",1.0,2181.5625,0.0,1320.6838,1320.6838,2181.5625,2181.5625,ERP_EXPORT_20240115
 Internet,SO47235,SO47235 - 1,AW00016317,,BK-R89B-48,United Kingdom,United Kingdom,2018-07-20 00:00:00,2018-07-30,2018-07-27 00:00:00,1.0,2181.5625,0.0,1320.6838,1320.6838,2181.5625,2181.5625,ERP_EXPORT_20240115
internet,SO45258,SO45258 - 1,AW00025712,,BK-R50B-48,Australia,Australia,2017-12-30 00:00:00,2018-01-09,2018-01-06 00:00:00,1.0,699.0982,0.0,413.1463,413.1463,699.0982,699.0982,ERP_EXPORT_20240115
internet,SO45960,SO45960 - 1,AW00011671,,BK-R93R-56,Southwest,United States,23-03-2018,2018-04-02,2018-03-30 00:00:00,1.0,3578.27,0.0,2171.2942,2171.2942,3578.27,3578.27,ERP_EXPORT_20240115
Internet,SO47240,SO47240 - 1,AW00024612,,BK-R64Y-38,Australia,Australia,2018-07-20 00:00:00,2018-07-30,2018-07-27,1.0,1000.4375,0.0,605.6492,605.6492,1000.4375,1000.4375,ERP_EXPORT_20240115
Internet,SO48551,SO48551 - 1,AW00020833,,BK-R50R-52,Germany,Germany,11/13/2018,2018-11-23,2018-11-20 00:00:00,1.0,782.99,0.0,486.7066,486.7066,782.99,782.99,ERP_EXPORT_20240115
internet,SO48920,SO48920 - 1,AW00012275,,BK-M68S-42,Germany,Germany,20181216,2018-12-26,2018-12-23 00:00:00,1.0,2071.4196,0.0,1117.8559,1117.8559,2071.4196,2071.4196,ERP_EXPORT_20240115
Internet,SO46865,SO46865 - 1,AW00015456,,BK-R89B-48,germany,Germany,20180622,2018-07-02,2018-06-29 00:00:00,1.0,2181.5625,,1320.6838,1320.6838,2181.5625,2181.5625,ERP_EXPORT_20240115
Internet,SO45429,SO45429 - 1,AW00028129,,BK-R93R-62,Canada,Canada,01/13/2018,2018-01-23,"Jan 20, 2018",1.0,3578.27,0.0,2171.2942,2171.2942,3578.27,3578.27,ERP_EXPORT_20240115
Internet,SO46890,SO46890 - 1,,,BK-R89R-44, Southwest,United States,26-06-2018,2018-07-06,20180703,1.3,2443.35,,1518.7864,1518.7864,-2443.35,-2443.35,ERP_EXPORT_20240115
Internet,SO46920,SO46920 - 1,AW00011609,,BK-M68B-46,United Kingdom,United Kingdom,"Jun 30, 2018",2018-07-10,07-07-2018,1.0,2049.0982,0.0,1105.81,1105.81,2049.0982,2049.0982,ERP_EXPORT_20240115
Internet,SO48456,SO48456 - 1,AW00020651,,BK-M68B-42,Canada,Canada,20181105,2018-11-15,2018-11-12 00:00:00,1.0,2049.0982,0.0,1105.81,1105.81,2049.0982,2049.0982,ERP_EXPORT_20240115
Internet,SO46483,SO46483 - 1,AW00012883,,BK-R93R-48,Southwest,United States,15-05-2018,2018-05-25,2018-05-22 00:00:00,1.0,3578.27,0.0,2171.2942,2171.2942,3578.27,3578.27,ERP_EXPORT_20240115
Internet,SO46226,SO46226 - 1,AW00013263,,BK-R93R-52,France,France,15-04-2018,2018-04-25,22-04-2018,1.0,3578.27,0.0,2171.2942,2171.2942,3578.27,3578.27,ERP_EXPORT_20240115
Internet,SO45837,SO45837 - 1,AW00026050,,BK-M82B-38,Northwest,United States,"Mar 04, 2018",2018-03-14,2018-03-11,1.0,3374.99,0.0,1898.0944,1898.0944,3374.99,3374.99,ERP_EXPORT_20240115
Internet,SO48470,SO48470 - 1,AW00023105,,BK-R89B-58,Australia,Australia,2018-11-06 00:00:00,2018-11-16,"Nov 13, 2018",1.0,2181.5625,0.0,1320.6838,1320.6838,2181.5625,2181.5625,ERP_EXPORT_20240115
Internet,SO46559,SO46559 - 1,AW00012762,,BK-R93R-62,southwest,United States,20180524,2018-06-03,20180531,1.0,3578.27,0.0,2171.2942,2171.2942,3578.27,3578.27,ERP_EXPORT_20240115
Internet,SO47175,SO47175 - 1,AW00013812,,BK-R89R-44,France,France,2018-07-13 00:00:00,2018-07-23,"Jul 20, 2018",1.0,2443.35,0.0,1518.7864,1518.7864,2443.35,2443.35,ERP_EXPORT_20240115
Internet,SO47929,SO47929 - 1,AW00029281,,BK-R89R-44,Canada,Canada,20180926,2018-10-06,"Oct 03, 2018",1.0,2443.35,0.0%,1518.7864,1518.7864,2443.35,2443.35,ERP_EXPORT_20240115
INTERNET,SO45202,SO45202 - 1,AW00019094,,BK-R93R-56,Australia,Australia,2017-12-21 00:00:00,2017-12-31,20171228,1.0,3578.27,0.0,2171.2942,2171.2942,3578.27,3578.27,ERP_EXPORT_20240115
Internet,SO47090,SO47090 - 1,AW00021394,,BK-R89B-52,Australia,Australia,03-07-2018,2018-07-13,20180710,1.0,2181.5625,0.0,1320.6838,1320.6838,2181.5625,2181.5625,ERP_EXPORT_20240115
Internet,SO48707,SO48707 - 1,AW00019313,,BK-R50R-44,France,France,"Nov 28, 2018",2018-12-08,20181205,1.0,782.99,0.0,486.7066,486.7066,782.99,782.99,ERP_EXPORT_20240115
Internet,SO48720,SO48720 - 1,AW00022910,,BK-R89R-58,Australia,Australia,2018-11-29,2018-12-09,12/06/2018,1.0,2181.5625,0.0,1320.6838,1320.6838,2181.5625,2181.5625,ERP_EXPORT_20240115
Internet,SO45956,SO45956 - 1,AW00019979,,BK-R93R-48,Australia,Australia,2018-03-22 00:00:00,2018-04-01,29-03-2018,1.0,3578.27,0.0,2171.2942,2171.2942,3578.27,3578.27,ERP_EXPORT_20240115
internet,SO48143,SO48143 - 1,AW00020720,,BK-R50R-44,Germany,Germany,10/10/2018,2018-10-20,2018-10-17,1.0,782.99,0.0,486.7066,486.7066,782.99,782.99,ERP_EXPORT_20240115
Internet,SO44326,SO44326 - 1,AW00017728,,BK-R93R-48,Australia,Australia,09/02/2017,2017-09-12,2017-09-09,1.0,3578.27,0.0,2171.2942,2171.2942,3578.27,3578.27,ERP_EXPORT_20240115
Internet,SO44938,SO44938 - 1,AW00028851,,BK-R93R-56,Northwest,United States,"Nov 18, 2017",2017-11-28,"Nov 25, 2017",1.0,3578.27,0.0,2171.2942,2171.2942,3578.27,3578.27,ERP_EXPORT_20240115
Internet,SO47209,SO47209 - 1,AW00021379,,BK-R89R-52,Australia,Australia,07/17/2018,2018-07-27,2018-07-24 00:00:00,1.0,2443.35,0.0,1518.7864,1518.7864,2443.35,2443.35,ERP_EXPORT_20240115
Internet,SO45264,SO45264 - 1,AW00011454,,BK-M82B-42,Australia,Australia,"Dec 31, 2017",2018-01-10,07-01-2018,1.0,3374.99,0.0,1898.0944,1898.0944,3374.99,3374.99,ERP_EXPORT_20240115
Internet,SO45418,SO45418 - 1,AW00019264,,BK-R93R-44,Australia,Australia,2018-01-11,2018-01-21,20180118,1.0,3578.27,0.0,2171.2942,2171.2942,3578.27,3578.27,ERP_EXPORT_20240115
Internet,SO43735,SO43735 - 1,AW00016522,,BK-R93R-62,Australia,Australia,2017-07-05,2017-07-15,12-07-2017,1.0,3578.27,0.0,2171.2942,2171.2942,3578.27,3578.27,ERP_EXPORT_20240115
Internet,SO44999,SO44999 - 1,AW00018485,,BK-R93R-44,Australia,Australia,2017-11-25 00:00:00,2017-12-05,2017-12-02 00:00:00,1.0,3578.27,0.0,2171.2942,2171.2942,3578.27,3578.27,ERP_EXPORT_20240115
Internet,SO45009,SO45009 - 1,AW00019387,,BK-R50B-44,Germany,Germany,"Nov 27, 2017",2017-12-07,04-12-2017,1.0,699.0982,0.0,413.1463,413.1463,699.0982,699.0982,ERP_EXPORT_20240115
Internet,SO47618,SO47618 - 1,AW00021947,,BK-R89B-58,australia,Australia,2018-08-24,2018-09-03,2018-08-31 00:00:00,1.0,2181.5625,0.0,1320.6838,1320.6838,2181.5625,2181.5625,ERP_EXPORT_20240115
Internet,SO45624,SO45624 - 1,AW00011291,,BK-R93R-52,Southwest,United States,20180204,2018-02-14,20180211,1.0,3578.27,0.0,2171.2942,2171.2942,3578.27,3578.27,ERP_EXPORT_20240115
Internet,SO45768,SO45768 - 1,AW00011324,,BK-R93R-62,Southwest,United States,26-02-2018,2018-03-08,"Mar 05, 2018",1.0,3578.27,0.0,2171.2942,2171.2942,3578.27,3578.27,ERP_EXPORT_20240115
Internet,SO43736,SO43736 - 1,AW00011002,,BK-M82S-44,Australia,Australia,20170705,2017-07-15,12-07-2017,1.0,3399.99,0.0,1912.1544,1912.1544,3399.99,3399.99,ERP_EXPORT_20240115
Internet,SO45694,SO45694 - 1,AW00015097,,BK-R93R-48,United Kingdom,United Kingdom,"Feb 15, 2018",2018-02-25,20180222,1.0,3578.27,0.0,2171.2942,2171.2942,3578.27,3578.27,ERP_EXPORT_20240115
Internet ,SO47087,SO47087 - 1,AW00013383,,BK-R89B-52,Northwest,United States,07/03/2018,2018-07-13,20180710,1.0,2181.5625,0.0,1320.6838,1320.6838,2181.5625,2181.5625,ERP_EXPORT_20240115
Internet,SO43941,SO43941 - 1,AW00013600,,BK-R93R-56,United Kingdom,United Kingdom,2017-07-20 00:00:00,2017-07-30,27-07-2017,1.0,3578.27,0.0,2171.2942,2171.2942,3578.27,3578.27,ERP_EXPORT_20240115
Internet,SO45499,SO45499 - 1,AW00028626,,BK-R93R-56,Canada,Canada,"Jan 26, 2018",2018-02-05,2018-02-02,1.0,3578.27,0.0,2171.2942,2171.2942,3578.27,3578.27,ERP_EXPORT_20240115
Internet,SO48155,SO48155 - 1,AW00022408,,BK-R89R-58,Australia,Australia,2018-10-11 00:00:00,2018-10-21,20181018,1.0,2181.5625,0.0%,1320.6838,1320.6838,2181.5625,2181.5625,ERP_EXPORT_20240115
Internet,SO48541,SO48541 - 1,AW00022943,,BK-R89R-44,Australia ,Australia,2018-11-12,2018-11-22,"Nov 19, 2018",1.0,2443.35,,1518.7864,1518.7864,2443.35,2443.35,ERP_EXPORT_20240115
Internet,SO47156,SO47156 - 1,AW00028837,,BK-R89B-44,Canada ,Canada,2018-07-12 00:00:00,2018-07-22,"Jul 19, 2018",1.0,2181.5625,0.0,1320.6838,1320.6838,2181.5625,2181.5625,ERP_EXPORT_20240115
Internet ,SO48957,SO48957 - 1,AW00020836,,BK-R50B-58,Germany,Germany,2018-12-21 00:00:00,2018-12-31,"Dec 28, 2018",1.0,782.99,0.0,486.7066,486.7066,782.99,782.99,ERP_EXPORT_20240115
Internet,SO45880,SO45880 - 1,AW00011707,,BK-R93R-52,Southwest,United States,12-03-2018,2018-03-22,2018-03-19 00:00:00,1.0,3578.27,0.0,2171.2942,2171.2942,3578.27,3578.27,ERP_EXPORT_20240115
Internet,SO45435,SO45435 - 1,AW00020562,,BK-R50B-62,United Kingdom ,United Kingdom,20180114,2018-01-24,2018-01-21,1.0,699.0982,0.0,413.1463,413.1463,699.0982,699.0982,ERP_EXPORT_20240115
Internet,SO45588,SO45588 - 1,AW00011275,,BK-R93R-52,Southwest,United States,2018-01-30,2018-02-09,2018-02-06 00:00:00,1.0,3578.27,0.0,2171.2942,2171.2942,3578.27,3578.27,ERP_EXPORT_20240115
Internet,SO46262,SO46262 - 1,AW00020445,,BK-R93R-52,Australia,Australia,20-04-2018,2018-04-30,04/27/2018,1.0,3578.27,0.0,2171.2942,2171.2942,3578.27,3578.27,ERP_EXPORT_20240115
Internet,SO44449,SO44449 - 1,AW00028293,,BK-R93R-48,Southwest,United States,09/26/2017,2017-10-06,2017-10-03 00:00:00,1.0,3578.27,0.0,2171.2942,2171.2942,3578.27,3578.27,ERP_EXPORT_20240115
Internet,SO46428,SO46428 - 1,AW00020629,,BK-R93R-44,AUSTRALIA,Australia,06-05-2018,2018-05-16,"May 13, 2018",1.0,3578.27,0.0,2171.2942,2171.2942,3578.27,3578.27,ERP_EXPORT_20240115
Internet,SO44917,SO44917 - 1,AW00013842,,BK-R93R-62,Germany,Germany,2017-11-15 00:00:00,2017-11-25,11/22/2017,1.0,3578.27,0.0,2171.2942,2171.2942,3578.27,3578.27,ERP_EXPORT_20240115
internet,SO44805,SO44805 - 1,AW00029011,,BK-R93R-56,Southwest,United States,2017-10-31 00:00:00,2017-11-10,11/07/2017,1.0,3578.27,0.0,2171.2942,2171.2942,3578.27,3578.27,ERP_EXPORT_20240115
Internet,SO43935,SO43935 - 1,AW00020048,,BK-R50B-60,United Kingdom,United Kingdom,19-07-2017,2017-07-29,2017-07-26,1.0,699.0982,0.0,413.1463,413.1463,699.0982,699.0982,ERP_EXPORT_20240115
 Internet,SO43699,SO43699 - 1,AW00025863,,BK-M82S-44,Northwest,United States,2017-07-01 00:00:00,2017-07-11,"Jul 08, 2017",1.0,3399.99,0.0,1912.1544,1912.1544,3399.99,3399.99,ERP_EXPORT_20240115
Internet,SO47262,SO47262 - 1,AW00021560,,BK-R89B-58,Australia,Australia,22-07-2018,2018-08-01,2018-07-29 00:00:00,1.0,2181.5625,0.0,1320.6838,1320.6838,2181.5625,2181.5625,ERP_EXPORT_20240115
internet,SO48134,SO48134 - 1,AW00022202,,BK-R89R-58,Australia ,Australia,2018-10-08,2018-10-18,20181015,1.0,2181.5625,0.0,1320.6838,1320.6838,2181.5625,2181.5625,ERP_EXPORT_20240115
Internet,SO44874,SO44874 - 1,AW00018004,,BK-R50R-58,France,France,"Nov 10, 2017",2017-11-20,11/17/2017,1.0,699.0982,0.0,413.1463,413.1463,699.0982,699.0982,ERP_EXPORT_20240115
Internet,SO46807,SO46807 - 1,,,BK-M68S-42,Australia,Australia,"Jun 15, 2018",2018-06-25,2018-06-22 00:00:00,1.8,2071.4196,,1117.8559,1117.8559,-2071.4196,-2071.4196,ERP_EXPORT_20240115
Internet,SO45840,SO45840 - 1,AW00011246,,BK-M82B-42,Germany,Germany,2018-03-05 00:00:00,2018-03-15,2018-03-12 00:00:00,1.0,3374.99,0.0%,1898.0944,1898.0944,3374.99,3374.99,ERP_EXPORT_20240115
Internet,SO46021,SO46021 - 1,AW00019971,,BK-R93R-56,Australia,Australia,30-03-2018,2018-04-09,"Apr 06, 2018",1.0,3578.27,0.0,2171.2942,2171.2942,3578.27,3578.27,ERP_EXPORT_20240115
 Internet,SO46241,SO46241 - 1,AW00020034,,BK-M82S-42,CANADA,Canada,17-04-2018,2018-04-27,20180424,1.0,3399.99,0.0,1912.1544,1912.1544,3399.99,3399.99,ERP_EXPORT_20240115
Internet,SO45104,SO45104 - 1,AW00029142,,BK-R93R-62,southwest,United States,20171206,2017-12-16,"Dec 13, 2017",1.0,3578.27,0.0,2171.2942,2171.2942,3578.27,3578.27,ERP_EXPORT_20240115
Internet ,SO45753,SO45753 - 1,AW00019966,,BK-R93R-44,Australia,Australia,23-02-2018,2018-03-05,02-03-2018,1.0,3578.27,0.0,2171.2942,2171.2942,3578.27,3578.27,ERP_EXPORT_20240115
Internet,SO48440,SO48440 - 1,AW00019309,,BK-R50B-62,France,France,20181104,2018-11-14,2018-11-11,1.0,782.99,0.0,486.7066,486.7066,782.99,782.99,ERP_EXPORT_20240115
Internet,SO43747,SO43747 - 1,AW00027623,,BK-R93R-56,Southwest,United States,07-07-2017,2017-07-17,2017-07-14,1.0,3578.27,0.0%,2171.2942,2171.2942,3578.27,3578.27,ERP_EXPORT_20240115
Internet ,SO48857,SO48857 - 1,AW00026652,,BK-R50B-52,Australia,Australia,"Dec 08, 2018",2018-12-18,2018-12-15 00:00:00,1.0,782.99,0.0,486.7066,486.7066,782.99,782.99,ERP_EXPORT_20240115
internet,SO46245,SO46245 - 1,AW00014967,,BK-R93R-56,Germany,Germany,04/17/2018,2018-04-27,24-04-2018,1.0,3578.27,0.0,2171.2942,2171.2942,3578.27,3578.27,ERP_EXPORT_20240115
 Internet,SO48727,SO48727 - 1,AW00013128,,BK-M68B-42,australia,Australia,20181130,2018-12-10,12/07/2018,1.0,2049.0982,0.0,1105.81,1105.81,2049.0982,2049.0982,ERP_EXPORT_20240115
Internet,SO47241,SO47241 - 1,AW00021559,,BK-R89R-44,Australia,Australia,2018-07-20,2018-07-30,07/27/2018,1.0,2443.35,0.0,1518.7864,1518.7864,2443.35,2443.35,ERP_EXPORT_20240115
Internet,SO44849,SO44849 - 1,AW00017996,,BK-R50R-60,France,France,11/07/2017,2017-11-17,"Nov 14, 2017",1.0,699.0982,0.0%,413.1463,413.1463,699.0982,699.0982,ERP_EXPORT_20240115
Internet,SO48520,SO48520 - 1,AW00016411,,BK-R89B-52,GERMANY,Germany,11-11-2018,2018-11-21,2018-11-18 00:00:00,1.0,2181.5625,0.0,1320.6838,1320.6838,2181.5625,2181.5625,ERP_EXPORT_20240115
Internet ,SO45595,SO45595 - 1,AW00011515,,BK-R93R-56,Southwest,United States,"Jan 31, 2018",2018-02-10,"Feb 07, 2018",1.0,3578.27,0.0,2171.2942,2171.2942,3578.27,3578.27,ERP_EXPORT_20240115
Internet,SO48111,SO48111 - 1,AW00014112,,BK-R64Y-40,Southwest,United States,2018-10-05 00:00:00,2018-10-15,20181012,1.0,1000.4375,0.0%,605.6492,605.6492,1000.4375,1000.4375,ERP_EXPORT_20240115
INTERNET,SO48660,SO48660 - 1,AW00026607,,BK-M68S-46,Southwest,United States,"Nov 23, 2018",2018-12-03,11/30/2018,1.0,2071.4196,0.0,1117.8559,1117.8559,2071.4196,2071.4196,ERP_EXPORT_20240115
Internet,SO45854,SO45854 - 1,AW00015620,,BK-R93R-48,United Kingdom,United Kingdom,2018-03-07,2018-03-17,2018-03-14 00:00:00,1.0,3578.27,0.0,2171.2942,2171.2942,3578.27,3578.27,ERP_EXPORT_20240115
 Internet,SO45839,SO45839 - 1,AW00011915,,BK-M82B-42,Australia,Australia,2018-03-04,2018-03-14,2018-03-11 00:00:00,1.0,3374.99,0.0,1898.0944,1898.0944,3374.99,3374.99,ERP_EXPORT_20240115
Internet,SO44732,SO44732 - 1,AW00018251,,BK-R93R-48,Australia,Australia,"Oct 29, 2017",2017-11-08,"Nov 05, 2017",1.0,3578.27,0.0,2171.2942,2171.2942,3578.27,3578.27,ERP_EXPORT_20240115
Internet,SO46744,SO46744 - 1,AW00021199,,BK-R89R-52,Australia,Australia,07-06-2018,2018-06-17,"Jun 14, 2018",1.0,2443.35,0.0,1518.7864,1518.7864,2443.35,2443.35,ERP_EXPORT_20240115
Internet,SO46198,SO46198 - 1,AW00026089,,BK-M82S-38,Southwest,United States,2018-04-12 00:00:00,2018-04-22,04/19/2018,1.0,3399.99,0.0,1912.1544,1912.1544,3399.99,3399.99,ERP_EXPORT_20240115
Internet,SO45151,SO45151 - 1,AW00029202,,BK-R93R-56,Northwest,United States,2017-12-14,2017-12-24,2017-12-21 00:00:00,1.0,3578.27,0.0,2171.2942,2171.2942,3578.27,3578.27,ERP_EXPORT_20240115
Internet,SO47540,SO47540 - 1,AW00026326,,BK-M68B-46,Southwest,United States,13-08-2018,2018-08-23,"Aug 20, 2018",1.0,2049.0982,0.0,1105.81,1105.81,2049.0982,2049.0982,ERP_EXPORT_20240115
Internet,SO45470,SO45470 - 1,AW00028177,,BK-R93R-48,Canada,Canada,22-01-2018,2018-02-01,29-01-2018,1.0,3578.27,0.0,2171.2942,2171.2942,3578.27,3578.27,ERP_EXPORT_20240115
Internet ,SO45671,SO45671 - 1,AW00011628,,BK-R93R-48,Southwest,United States,02/12/2018,2018-02-22,"Feb 19, 2018",1.0,3578.27,0.0%,2171.2942,2171.2942,3578.27,3578.27,ERP_EXPORT_20240115
INTERNET,SO44831,SO44831 - 1,AW00029467,,BK-M82B-44,Germany,Germany,"Nov 04, 2017",2017-11-14,20171111,1.0,3374.99,0.0%,1898.0944,1898.0944,3374.99,3374.99,ERP_EXPORT_20240115
Internet,SO46858,SO46858 - 1,AW00013067,,BK-R89R-52,Northwest,United States,20180621,2018-07-01,06/28/2018,1.0,2443.35,,1518.7864,1518.7864,2443.35,2443.35,ERP_EXPORT_20240115
INTERNET,SO47752,SO47752 - 1,AW00021994,,BK-R89B-52,australia,Australia,20180902,2018-09-12,20180909,1.0,2181.5625,0.0%,1320.6838,1320.6838,2181.5625,2181.5625,ERP_EXPORT_20240115
Internet ,SO46505,SO46505 - 1,AW00012241,,BK-M82S-48,AUSTRALIA,Australia,2018-05-18,2018-05-28,2018-05-25,1.0,3399.99,0.0,1912.1544,1912.1544,3399.99,3399.99,ERP_EXPORT_20240115
Internet,SO47474,SO47474 - 1,AW00021893,,BK-R89B-58,Australia,Australia,08/03/2018,2018-08-13,20180810,1.0,2181.5625,0.0,1320.6838,1320.6838,2181.5625,2181.5625,ERP_EXPORT_20240115
Internet,SO48923,SO48923 - 1,AW00014298,,BK-R64Y-40,Southwest ,United States,16-12-2018,2018-12-26,2018-12-23 00:00:00,1.0,1000.4375,0.0,605.6492,605.6492,1000.4375,1000.4375,ERP_EXPORT_20240115
Internet,SO46706,SO46706 - 1,AW00020186,,BK-M68S-38,Canada,Canada,20180603,2018-06-13,"Jun 10, 2018",1.0,2071.4196,0.0,1117.8559,1117.8559,2071.4196,2071.4196,ERP_EXPORT_20240115
Internet,SO44987,SO44987 - 1,AW00012323,,BK-R93R-56,FRANCE,France,11/24/2017,2017-12-04,"Dec 01, 2017",1.0,3578.27,0.0,2171.2942,2171.2942,3578.27,3578.27,ERP_EXPORT_20240115
Internet,SO44229,SO44229 - 1,AW00025886,,BK-M82S-38,Northwest,United States,2017-08-22 00:00:00,2017-09-01,08/29/2017,1.0,3399.99,0.0,1912.1544,1912.1544,3399.99,3399.99,ERP_EXPORT_20240115
 Internet,SO48690,SO48690 - 1,AW00013130,,BK-M68B-42,australia,Australia,26-11-2018,2018-12-06,03-12-2018,1.0,2049.0982,0.0%,1105.81,1105.81,2049.0982,2049.0982,ERP_EXPORT_20240115
Internet,SO44667,SO44667 - 1,AW00028795,,BK-R93R-62,Southwest,United States,16-10-2017,2017-10-26,23-10-2017,1.0,3578.27,0.0,2171.2942,2171.2942,3578.27,3578.27,ERP_EXPORT_20240115
Internet,SO44264,SO44264 - 1,AW00017286,,BK-R93R-52, Australia,Australia,2017-08-28,2017-09-07,20170904,1.0,3578.27,0.0,2171.2942,2171.2942,3578.27,3578.27,ERP_EXPORT_20240115
Internet,SO44062,SO44062 - 1,AW00028041,,BK-R93R-62,Northwest,United States,08/01/2017,2017-08-11,08-08-2017,1.0,3578.27,0.0,2171.2942,2171.2942,3578.27,3578.27,ERP_EXPORT_20240115
Internet,SO48716,SO48716 - 1,AW00017626,,BK-R89B-52,United Kingdom,United Kingdom,11/29/2018,2018-12-09,"Dec 06, 2018",1.0,2181.5625,0.0,1320.6838,1320.6838,2181.5625,2181.5625,ERP_EXPORT_20240115
Internet,SO43918,SO43918 - 1,AW00022041,,BK-R93R-52,Canada ,Canada,2017-07-17,2017-07-27,20170724,1.0,3578.27,0.0,2171.2942,2171.2942,3578.27,3578.27,ERP_EXPORT_20240115
Internet,SO46431,SO46431 - 1,AW00012901,,BK-R93R-62,Northwest,United States,2018-05-07 00:00:00,2018-05-17,2018-05-14 00:00:00,1.0,3578.27,0.0,2171.2942,2171.2942,3578.27,3578.27,ERP_EXPORT_20240115
Internet ,SO47334,SO47334 - 1,AW00021557,,BK-R89R-48,Australia,Australia,2018-07-30 00:00:00,2018-08-09,2018-08-06 00:00:00,1.0,2443.35,0.0,1518.7864,1518.7864,2443.35,2443.35,ERP_EXPORT_20240115
Internet,SO45230,SO45230 - 1,AW00029242,,BK-R93R-52, Northwest,United States,20171226,2018-01-05,2018-01-02 00:00:00,1.0,3578.27,0.0,2171.2942,2171.2942,3578.27,3578.27,ERP_EXPORT_20240115
INTERNET,SO46448,SO46448 - 1,AW00012250,,BK-M82S-38,Australia,Australia,05/09/2018,2018-05-19,05/16/2018,1.0,3399.99,0.0,1912.1544,1912.1544,3399.99,3399.99,ERP_EXPORT_20240115
Internet,SO47766,SO47766 - 1,AW00026329,,BK-M68B-38,Southwest ,United States,"Sep 05, 2018",2018-09-15,12-09-2018,1.0,2049.0982,0.0,1105.81,1105.81,2049.0982,2049.0982,ERP_EXPORT_20240115
Internet,SO44170,SO44170 - 1,AW00028183,,BK-R93R-56,Southwest,United States,08/09/2017,2017-08-19,20170816,1.0,3578.27,0.0,2171.2942,2171.2942,3578.27,3578.27,ERP_EXPORT_20240115
Internet,SO46821,SO46821 - 1,AW00024824,,BK-R89B-52,Canada,Canada,17-06-2018,2018-06-27,2018-06-24,1.0,2181.5625,0.0,1320.6838,1320.6838,2181.5625,2181.5625,ERP_EXPORT_20240115
Internet,SO44033,SO44033 - 1,AW00016693,,BK-R93R-56,Australia,Australia,2017-07-29,2017-08-08,"Aug 05, 2017",1.0,3578.27,0.0,2171.2942,2171.2942,3578.27,3578.27,ERP_EXPORT_20240115
Internet,SO47815,SO47815 - 1,AW00022033,,BK-R89R-58,australia,Australia,20180912,2018-09-22,"Sep 19, 2018",1.0,2181.5625,0.0,1320.6838,1320.6838,2181.5625,2181.5625,ERP_EXPORT_20240115
Internet,SO46016,SO46016 - 1,AW00011885,,BK-R93R-48,Southwest,United States,2018-03-30 00:00:00,2018-04-09,2018-04-06 00:00:00,1.0,3578.27,0.0,2171.2942,2171.2942,3578.27,3578.27,ERP_EXPORT_20240115
Internet,SO44049,SO44049 - 1,AW00013538,,BK-R93R-56,Germany,Germany,2017-07-30,2017-08-09,06-08-2017,1.0,3578.27,0.0,2171.2942,2171.2942,3578.27,3578.27,ERP_EXPORT_20240115
Internet,SO44657,SO44657 - 1,AW00011120,,BK-M82B-44,Australia,Australia,2017-10-14 00:00:00,2017-10-24,"Oct 21, 2017",1.0,3374.99,0.0%,1898.0944,1898.0944,3374.99,3374.99,ERP_EXPORT_20240115
 Internet,SO48961,SO48961 - 1,AW00013619,,BK-M68B-38, Australia,Australia,12/21/2018,2018-12-31,"Dec 28, 2018",1.0,2049.0982,0.0,1105.81,1105.81,2049.0982,2049.0982,ERP_EXPORT_20240115
internet,SO44017,SO44017 - 1,AW00028078,,BK-R93R-62,Northwest,United States,2017-07-27 00:00:00,2017-08-06,"Aug 03, 2017",1.0,3578.27,0.0,2171.2942,2171.2942,3578.27,3578.27,ERP_EXPORT_20240115
Internet,SO48693,SO48693 - 1,AW00025995,,BK-R89R-52,Canada,Canada,2018-11-27 00:00:00,2018-12-07,12/04/2018,1.0,2443.35,0.0,1518.7864,1518.7864,2443.35,2443.35,ERP_EXPORT_20240115
Internet,SO44348,SO44348 - 1,AW00014159,,BK-R93R-52,United Kingdom,United Kingdom,2017-09-08,2017-09-18,2017-09-15 00:00:00,1.0,3578.27,0.0,2171.2942,2171.2942,3578.27,3578.27,ERP_EXPORT_20240115
Internet,SO46429,SO46429 - 1,AW00011428,,BK-M82S-42,germany,Germany,05/07/2018,2018-05-17,"May 14, 2018",1.0,3399.99,0.0,1912.1544,1912.1544,3399.99,3399.99,ERP_EXPORT_20240115
Internet,SO48583,SO48583 - 1,AW00023106,,BK-R89B-52,Australia,Australia,11/16/2018,2018-11-26,"Nov 23, 2018",1.0,2181.5625,0.0,1320.6838,1320.6838,2181.5625,2181.5625,ERP_EXPORT_20240115
Internet,SO46909,SO46909 - 1,AW00020998,,BK-R89B-58,Australia,Australia,2018-06-28 00:00:00,2018-07-08,"Jul 05, 2018",1.0,2181.5625,0.0,1320.6838,1320.6838,2181.5625,2181.5625,ERP_EXPORT_20240115
Internet,SO44838,SO44838 - 1,AW00014138,,BK-R93R-44, Germany,Germany,2017-11-05 00:00:00,2017-11-15,2017-11-12,1.0,3578.27,0.0,2171.2942,2171.2942,3578.27,3578.27,ERP_EXPORT_20240115
Internet,SO46243,SO46243 - 1,AW00020613,,BK-R93R-44,Australia,Australia,"Apr 17, 2018",2018-04-27,24-04-2018,1.0,3578.27,0.0,2171.2942,2171.2942,3578.27,3578.27,ERP_EXPORT_20240115
Internet,SO48208,SO48208 - 1,AW00022201,,BK-R89R-52,Australia,Australia,10/20/2018,2018-10-30,27-10-2018,1.0,2443.35,0.0,1518.7864,1518.7864,2443.35,2443.35,ERP_EXPORT_20240115
Internet,SO48934,SO48934 - 1,AW00026710,,BK-M68S-42, Southwest,United States,2018-12-17,2018-12-27,2018-12-24 00:00:00,1.0,2071.4196,0.0,1117.8559,1117.8559,2071.4196,2071.4196,ERP_EXPORT_20240115
Internet ,SO46130,SO46130 - 1,AW00012171,,BK-R93R-44,SOUTHWEST,United States,2018-04-03 00:00:00,2018-04-13,"Apr 10, 2018",1.0,3578.27,0.0,2171.2942,2171.2942,3578.27,3578.27,ERP_EXPORT_20240115
 Internet,SO47838,SO47838 - 1,AW00013456,,BK-R89R-58,Northwest,United States,"Sep 15, 2018",2018-09-25,20180922,1.0,2181.5625,0.0,1320.6838,1320.6838,2181.5625,2181.5625,ERP_EXPORT_20240115
INTERNET,SO44022,SO44022 - 1,AW00022008,,BK-R93R-52,Canada ,Canada,2017-07-28 00:00:00,2017-08-07,20170804,1.0,3578.27,0.0,2171.2942,2171.2942,3578.27,3578.27,ERP_EXPORT_20240115
internet,SO44418,SO44418 - 1,AW00017919,,BK-R93R-44,Australia,Australia,09/18/2017,2017-09-28,25-09-2017,1.0,3578.27,0.0,2171.2942,2171.2942,3578.27,3578.27,ERP_EXPORT_20240115
 Internet,SO44700,SO44700 - 1,AW00028769,,BK-R93R-56,Northwest,United States,20171023,2017-11-02,2017-10-30,1.0,3578.27,0.0%,2171.2942,2171.2942,3578.27,3578.27,ERP_EXPORT_20240115
Internet,SO44142,SO44142 - 1,AW00022058,,BK-R93R-52,CANADA,Canada,2017-08-04 00:00:00,2017-08-14,08/11/2017,1.0,3578.27,0.0,2171.2942,2171.2942,3578.27,3578.27,ERP_EXPORT_20240115
Internet,SO45195,SO45195 - 1,AW00018929,,BK-R93R-52,AUSTRALIA,Australia,20-12-2017,2017-12-30,27-12-2017,1.0,3578.27,0.0%,2171.2942,2171.2942,3578.27,3578.27,ERP_EXPORT_20240115
Internet,SO45658,SO45658 - 1,AW00011270,,BK-R93R-48,Southwest,United States,2018-02-10 00:00:00,2018-02-20,2018-02-17,1.0,3578.27,0.0,2171.2942,2171.2942,3578.27,3578.27,ERP_EXPORT_20240115
Internet,SO45725,SO45725 - 1,,,BK-R93R-48, Germany,Germany,02/20/2018,2018-03-02,"Feb 27, 2018",1.7,3578.27,,2171.2942,2171.2942,-3578.27,-3578.27,ERP_EXPORT_20240115
INTERNET,SO43710,SO43710 - 1,AW00016517,,BK-R93R-56, Australia,Australia,"Jul 02, 2017",2017-07-12,2017-07-09 00:00:00,1.0,3578.27,0.0,2171.2942,2171.2942,3578.27,3578.27,ERP_EXPORT_20240115
Internet,SO48449,SO48449 - 1,AW00022907,,BK-R89R-52,Australia,Australia,2018-11-04 00:00:00,2018-11-14,11-11-2018,1.0,2443.35,0.0,1518.7864,1518.7864,2443.35,2443.35,ERP_EXPORT_20240115
Internet,SO47326,SO47326 - 1,AW00013288,,BK-R89B-58,southwest,United States,07/29/2018,2018-08-08,08/05/2018,1.0,2181.5625,0.0%,1320.6838,1320.6838,2181.5625,2181.5625,ERP_EXPORT_20240115
Internet,SO47916,SO47916 - 1,AW00024903,,BK-R64Y-40,AUSTRALIA,Australia,20180924,2018-10-04,01-10-2018,1.0,1000.4375,0.0,605.6492,605.6492,1000.4375,1000.4375,ERP_EXPORT_20240115
Internet,SO44196,SO44196 - 1,AW00017295,,BK-R93R-56,Australia,Australia,2017-08-15 00:00:00,2017-08-25,22-08-2017,1.0,3578.27,0.0,2171.2942,2171.2942,3578.27,3578.27,ERP_EXPORT_20240115
internet,SO43955,SO43955 - 1,AW00013661,,BK-R93R-56,united kingdom,United Kingdom,2017-07-21,2017-07-31,2017-07-28,1.0,3578.27,0.0,2171.2942,2171.2942,3578.27,3578.27,ERP_EXPORT_20240115
Internet,SO45259,SO45259 - 1,AW00029225,,BK-R93R-56,NORTHWEST,United States,2017-12-31 00:00:00,2018-01-10,"Jan 07, 2018",1.0,3578.27,0.0,2171.2942,2171.2942,3578.27,3578.27,ERP_EXPORT_20240115
Internet,SO46876,SO46876 - 1,AW00015084,,BK-R89B-48,Germany ,Germany,20180624,2018-07-04,2018-07-01,1.0,2181.5625,0.0,1320.6838,1320.6838,2181.5625,2181.5625,ERP_EXPORT_20240115
Internet,SO45186,SO45186 - 1,AW00014991,,BK-R93R-52,United Kingdom,United Kingdom,"Dec 19, 2017",2017-12-29,20171226,1.0,3578.27,0.0,2171.2942,2171.2942,3578.27,3578.27,ERP_EXPORT_20240115
Internet,SO48879,SO48879 - 1,AW00012526,,BK-M68B-46,United Kingdom,United Kingdom,20181211,2018-12-21,12/18/2018,1.0,2049.0982,0.0,1105.81,1105.81,2049.0982,2049.0982,ERP_EXPORT_20240115
Internet,SO45248,SO45248 - 1,AW00011451,,BK-M82S-38,Australia,Australia,2017-12-29,2018-01-08,2018-01-05 00:00:00,1.0,3399.99,0.0,1912.1544,1912.1544,3399.99,3399.99,ERP_EXPORT_20240115
Internet,SO47620,SO47620 - 1,AW00012239,,BK-M68S-38,United Kingdom,United Kingdom,"Aug 24, 2018",2018-09-03,31-08-2018,1.0,2071.4196,0.0,1117.8559,1117.8559,2071.4196,2071.4196,ERP_EXPORT_20240115
Internet,SO44575,SO44575 - 1,AW00011110,,BK-M82S-38,australia,Australia,10/01/2017,2017-10-11,20171008,1.0,3399.99,0.0%,1912.1544,1912.1544,3399.99,3399.99,ERP_EXPORT_20240115
Internet ,SO45673,SO45673 - 1,AW00019790,,BK-R93R-48,Australia,Australia,2018-02-12,2018-02-22,20180219,1.0,3578.27,0.0,2171.2942,2171.2942,3578.27,3578.27,ERP_EXPORT_20240115
Internet,SO44233,SO44233 - 1,AW00013841,,BK-R93R-62,United Kingdom,United Kingdom,08/23/2017,2017-09-02,20170830,1.0,3578.27,0.0,2171.2942,2171.2942,3578.27,3578.27,ERP_EXPORT_20240115
Internet,SO44960,SO44960 - 1,AW00022373,,BK-R93R-56,Canada,Canada,20171120,2017-11-30,2017-11-27,1.0,3578.27,0.0,2171.2942,2171.2942,3578.27,3578.27,ERP_EXPORT_20240115
Internet,SO47169,SO47169 - 1,AW00026281,,BK-M68S-38,Southwest,United States,"Jul 13, 2018",2018-07-23,20180720,1.0,2071.4196,0.0,1117.8559,1117.8559,2071.4196,2071.4196,ERP_EXPORT_20240115
 Internet,SO47162,SO47162 - 1,AW00021418,,BK-R89R-58,AUSTRALIA,Australia,12-07-2018,2018-07-22,07/19/2018,1.0,2181.5625,0.0,1320.6838,1320.6838,2181.5625,2181.5625,ERP_EXPORT_20240115
Internet,SO44688,SO44688 - 1,AW00018244,,BK-R93R-62,Australia,Australia,2017-10-20 00:00:00,2017-10-30,20171027,1.0,3578.27,0.0,2171.2942,2171.2942,3578.27,3578.27,ERP_EXPORT_20240115
internet,SO44851,SO44851 - 1,AW00022299,,BK-R93R-62,Canada,Canada,"Nov 07, 2017",2017-11-17,2017-11-14,1.0,3578.27,0.0,2171.2942,2171.2942,3578.27,3578.27,ERP_EXPORT_20240115
Internet,SO45728,SO45728 - 1,AW00014426,,BK-R93R-52,Germany,Germany,21-02-2018,2018-03-03,2018-02-28 00:00:00,1.0,3578.27,0.0,2171.2942,2171.2942,3578.27,3578.27,ERP_EXPORT_20240115
Internet,SO43828,SO43828 - 1,AW00027605,,BK-R93R-62,Northwest,United States,"Jul 16, 2017",2017-07-26,2017-07-23 00:00:00,1.0,3578.27,0.0,2171.2942,2171.2942,3578.27,3578.27,ERP_EXPORT_20240115
Internet,SO44591,SO44591 - 1,AW00017987,,BK-R50R-52,France,France,05-10-2017,2017-10-15,20171012,1.0,699.0982,0.0,413.1463,413.1463,699.0982,699.0982,ERP_EXPORT_20240115
Internet ,SO44165,SO44165 - 1,AW00017065,,BK-R93R-52,Australia,Australia,08/08/2017,2017-08-18,2017-08-15,1.0,3578.27,0.0,2171.2942,2171.2942,3578.27,3578.27,ERP_EXPORT_20240115
Internet,SO44220,SO44220 - 1,AW00011060,,BK-M82S-42,Australia,Australia,2017-08-20 00:00:00,2017-08-30,2017-08-27 00:00:00,1.0,3399.99,0.0,1912.1544,1912.1544,3399.99,3399.99,ERP_EXPORT_20240115
Internet,SO48099,SO48099 - 1,AW00012128,,BK-M68B-42,Germany,Germany,20181002,2018-10-12,2018-10-09,1.0,2049.0982,0.0%,1105.81,1105.81,2049.0982,2049.0982,ERP_EXPORT_20240115
Internet,SO46147,SO46147 - 1,AW00019476,,BK-R50R-58,Germany,Germany,20180405,2018-04-15,"Apr 12, 2018",1.0,699.0982,0.0,413.1463,413.1463,699.0982,699.0982,ERP_EXPORT_20240115
Internet,SO48917,SO48917 - 1,AW00013636,,BK-M68S-46,Australia,Australia,15-12-2018,2018-12-25,2018-12-22 00:00:00,1.0,2071.4196,0.0,1117.8559,1117.8559,2071.4196,2071.4196,ERP_EXPORT_20240115
Internet,SO44672,SO44672 - 1,AW00018207,,BK-R93R-62,australia,Australia,"Oct 16, 2017",2017-10-26,20171023,1.0,3578.27,0.0,2171.2942,2171.2942,3578.27,3578.27,ERP_EXPORT_20240115
Internet,SO45108,SO45108 - 1,AW00022975,,BK-R93R-62,Canada,Canada,20171206,2017-12-16,20171213,1.0,3578.27,0.0,2171.2942,2171.2942,3578.27,3578.27,ERP_EXPORT_20240115
internet,SO47147,SO47147 - 1,AW00013324,,BK-R89B-48,Southwest,United States,07/10/2018,2018-07-20,2018-07-17,1.0,2181.5625,0.0,1320.6838,1320.6838,2181.5625,2181.5625,ERP_EXPORT_20240115
internet,SO48465,SO48465 - 1,AW00026626,,BK-M68S-46,Southwest,United States,2018-11-06,2018-11-16,"Nov 13, 2018",1.0,2071.4196,0.0%,1117.8559,1117.8559,2071.4196,2071.4196,ERP_EXPORT_20240115
Internet,SO45769,SO45769 - 1,AW00011327,,BK-R93R-56,Southwest,United States,02/26/2018,2018-03-08,2018-03-05,1.0,3578.27,0.0,2171.2942,2171.2942,3578.27,3578.27,ERP_EXPORT_20240115
Internet,SO48614,SO48614 - 1,AW00014976,,BK-R89B-48,France,France,20181119,2018-11-29,2018-11-26 00:00:00,1.0,2181.5625,0.0,1320.6838,1320.6838,2181.5625,2181.5625,ERP_EXPORT_20240115
Internet,SO48186,SO48186 - 1,AW00016297,,BK-R89B-58,Germany,Germany,2018-10-17 00:00:00,2018-10-27,24-10-2018,1.0,2181.5625,0.0,1320.6838,1320.6838,2181.5625,2181.5625,ERP_EXPORT_20240115
Internet,SO45177,SO45177 - 1,AW00018903,,BK-R93R-56,Australia ,Australia,20171217,2017-12-27,20171224,1.0,3578.27,0.0,2171.2942,2171.2942,3578.27,3578.27,ERP_EXPORT_20240115
Internet,SO45367,SO45367 - 1,AW00020561,,BK-R50R-48,UNITED KINGDOM,United Kingdom,01/04/2018,2018-01-14,01/11/2018,1.0,699.0982,0.0,413.1463,413.1463,699.0982,699.0982,ERP_EXPORT_20240115
 Internet,SO47194,SO47194 - 1,AW00013269,,BK-R89B-52,Northwest,United States,2018-07-15,2018-07-25,20180722,1.0,2181.5625,0.0,1320.6838,1320.6838,2181.5625,2181.5625,ERP_EXPORT_20240115
Internet,SO45716,SO45716 - 1,AW00019783,,BK-R93R-62,Australia,Australia,2018-02-18 00:00:00,2018-02-28,02/25/2018,1.0,3578.27,0.0,2171.2942,2171.2942,3578.27,3578.27,ERP_EXPORT_20240115
internet,SO45993,SO45993 - 1,AW00011924,,BK-R93R-52,Southwest,United States,03/28/2018,2018-04-07,2018-04-04,1.0,3578.27,0.0,2171.2942,2171.2942,3578.27,3578.27,ERP_EXPORT_20240115
Internet,SO48523,SO48523 - 1,AW00017203,,BK-R89B-52,United Kingdom,United Kingdom,2018-11-11,2018-11-21,2018-11-18 00:00:00,1.0,2181.5625,0.0,1320.6838,1320.6838,2181.5625,2181.5625,ERP_EXPORT_20240115
Internet,SO44171,SO44171 - 1,AW00028112,,BK-R93R-52,Southwest,United States,08/09/2017,2017-08-19,"Aug 16, 2017",1.0,3578.27,0.0,2171.2942,2171.2942,3578.27,3578.27,ERP_EXPORT_20240115
Internet,SO43990,SO43990 - 1,AW00025872,,BK-M82S-38,Northwest,United States,24-07-2017,2017-08-03,2017-07-31 00:00:00,1.0,3399.99,0.0,1912.1544,1912.1544,3399.99,3399.99,ERP_EXPORT_20240115
Internet,SO45490,SO45490 - 1,AW00022976,,BK-R93R-52,Canada,Canada,2018-01-24,2018-02-03,"Jan 31, 2018",1.0,3578.27,0.0,2171.2942,2171.2942,3578.27,3578.27,ERP_EXPORT_20240115
 Internet,SO48178,SO48178 - 1,AW00012125,,BK-M68S-38,Germany,Germany,2018-10-16 00:00:00,2018-10-26,2018-10-23 00:00:00,1.0,2071.4196,0.0,1117.8559,1117.8559,2071.4196,2071.4196,ERP_EXPORT_20240115
Internet,SO48682,SO48682 - 1,AW00013091,,BK-M68S-42,Australia,Australia,"Nov 25, 2018",2018-12-05,2018-12-02 00:00:00,1.0,2071.4196,0.0,1117.8559,1117.8559,2071.4196,2071.4196,ERP_EXPORT_20240115
Internet,SO47116,SO47116 - 1,AW00024611,,BK-R64Y-44,Australia,Australia,07/06/2018,2018-07-16,07/13/2018,1.0,1000.4375,0.0,605.6492,605.6492,1000.4375,1000.4375,ERP_EXPORT_20240115
Internet,SO46884,SO46884 - 1,AW00013565,,BK-R89R-44,France,France,25-06-2018,2018-07-05,2018-07-02,1.0,2443.35,0.0%,1518.7864,1518.7864,2443.35,2443.35,ERP_EXPORT_20240115
Internet,SO43921,SO43921 - 1,,,BK-R93R-52,Australia,Australia,"Jul 17, 2017",2017-07-27,2017-07-24,1.4,3578.27,,2171.2942,2171.2942,-3578.27,-3578.27,ERP_EXPORT_20240115
Internet,SO46792,SO46792 - 1,AW00013083,,BK-R89B-44,Northwest,United States,20180613,2018-06-23,2018-06-20,1.0,2181.5625,0.0,1320.6838,1320.6838,2181.5625,2181.5625,ERP_EXPORT_20240115
Internet,SO43800,SO43800 - 1,AW00021710,,BK-R93R-44,Canada,Canada,2017-07-13,2017-07-23,"Jul 20, 2017",1.0,3578.27,0.0,2171.2942,2171.2942,3578.27,3578.27,ERP_EXPORT_20240115
 Internet,SO48836,SO48836 - 1,AW00013959,,BK-M68B-42,AUSTRALIA,Australia,20181205,2018-12-15,12/12/2018,1.0,2049.0982,,1105.81,1105.81,2049.0982,2049.0982,ERP_EXPORT_20240115
Internet,SO43950,SO43950 - 1,AW00028014,,BK-R93R-44,Southwest,United States,07/20/2017,2017-07-30,"Jul 27, 2017",1.0,3578.27,0.0,2171.2942,2171.2942,3578.27,3578.27,ERP_EXPORT_20240115
Internet,SO43808,SO43808 - 1,AW00013259,,BK-R93R-52,Germany ,Germany,14-07-2017,2017-07-24,2017-07-21,1.0,3578.27,0.0,2171.2942,2171.2942,3578.27,3578.27,ERP_EXPORT_20240115
Internet,SO47324,SO47324 - 1,AW00013400,,BK-R89B-52,Southwest,United States,20180729,2018-08-08,20180805,1.0,2181.5625,,1320.6838,1320.6838,2181.5625,2181.5625,ERP_EXPORT_20240115
Internet,SO47846,SO47846 - 1,,,BK-R89R-44,France,France,2018-09-16,2018-09-26,2018-09-23 00:00:00,1.1,2443.35,,1518.7864,1518.7864,-2443.35,-2443.35,ERP_EXPORT_20240115
Internet,SO47563,SO47563 - 1,AW00021955,,BK-R89R-44,Australia,Australia,2018-08-16 00:00:00,2018-08-26,2018-08-23 00:00:00,1.0,2443.35,0.0,1518.7864,1518.7864,2443.35,2443.35,ERP_EXPORT_20240115
internet,SO47191,SO47191 - 1,AW00013382,,BK-R89B-58,Southwest,United States,2018-07-15,2018-07-25,22-07-2018,1.0,2181.5625,0.0%,1320.6838,1320.6838,2181.5625,2181.5625,ERP_EXPORT_20240115
internet,SO47076,SO47076 - 1,AW00012588,,BK-M68B-46,Australia,Australia,01-07-2018,2018-07-11,08-07-2018,1.0,2049.0982,0.0,1105.81,1105.81,2049.0982,2049.0982,ERP_EXPORT_20240115
INTERNET,SO47234,SO47234 - 1,AW00019260,,BK-R64Y-48,United Kingdom,United Kingdom,2018-07-20,2018-07-30,20180727,1.0,1000.4375,0.0,605.6492,605.6492,1000.4375,1000.4375,ERP_EXPORT_20240115
internet,SO47203,SO47203 - 1,AW00025883,,BK-R89R-52,Canada,Canada,2018-07-17,2018-07-27,24-07-2018,1.0,2443.35,0.0,1518.7864,1518.7864,2443.35,2443.35,ERP_EXPORT_20240115
Internet,SO48620,SO48620 - 1,AW00020665,,BK-M68B-42,Canada,Canada,20181119,2018-11-29,2018-11-26 00:00:00,1.0,2049.0982,0.0,1105.81,1105.81,2049.0982,2049.0982,ERP_EXPORT_20240115
 Internet,SO47818,SO47818 - 1,AW00015364,,BK-R50R-62,Northwest,United States,20180912,2018-09-22,"Sep 19, 2018",1.0,782.99,0.0,486.7066,486.7066,782.99,782.99,ERP_EXPORT_20240115
Internet,SO48254,SO48254 - 1,AW00014117,,BK-R64Y-40,NORTHWEST,United States,2018-10-27 00:00:00,2018-11-06,11/03/2018,1.0,1000.4375,0.0,605.6492,605.6492,1000.4375,1000.4375,ERP_EXPORT_20240115
Internet,SO45106,SO45106 - 1,AW00019987,,BK-M82B-38,Canada ,Canada,12/06/2017,2017-12-16,12/13/2017,1.0,3374.99,0.0,1898.0944,1898.0944,3374.99,3374.99,ERP_EXPORT_20240115
internet,SO47310,SO47310 - 1,AW00026303,,BK-M68S-42,Southwest,United States,2018-07-27,2018-08-06,"Aug 03, 2018",1.0,2071.4196,0.0,1117.8559,1117.8559,2071.4196,2071.4196,ERP_EXPORT_20240115
 Internet,SO46512,SO46512 - 1,AW00012209,,BK-R93R-44,Southwest ,United States,20180519,2018-05-29,"May 26, 2018",1.0,3578.27,0.0,2171.2942,2171.2942,3578.27,3578.27,ERP_EXPORT_20240115
Internet ,SO45731,SO45731 - 1,AW00011286,,BK-R93R-62,Southwest,United States,20180221,2018-03-03,2018-02-28,1.0,3578.27,0.0,2171.2942,2171.2942,3578.27,3578.27,ERP_EXPORT_20240115
Internet,SO48242,SO48242 - 1,AW00026532,,BK-M68S-46,Southwest,United States,25-10-2018,2018-11-04,2018-11-01,1.0,2071.4196,0.0,1117.8559,1117.8559,2071.4196,2071.4196,ERP_EXPORT_20240115
Internet,SO46718,SO46718 - 1,AW00012570,,BK-M68B-42,Australia,Australia,06/04/2018,2018-06-14,11-06-2018,1.0,2049.0982,0.0,1105.81,1105.81,2049.0982,2049.0982,ERP_EXPORT_20240115
 Internet,SO44353,SO44353 - 1,AW00014591,,BK-R50R-44,Southwest,United States,09/08/2017,2017-09-18,09/15/2017,1.0,699.0982,0.0,413.1463,413.1463,699.0982,699.0982,ERP_EXPORT_20240115
 Internet,SO47472,SO47472 - 1,AW00013438,,BK-R89B-58,Northwest,United States,08/03/2018,2018-08-13,2018-08-10,1.0,2181.5625,0.0,1320.6838,1320.6838,2181.5625,2181.5625,ERP_EXPORT_20240115
Internet,SO47583,SO47583 - 1,AW00013442,,BK-R89B-58,Northwest,United States,08/19/2018,2018-08-29,20180826,1.0,2181.5625,0.0,1320.6838,1320.6838,2181.5625,2181.5625,ERP_EXPORT_20240115
Internet,SO46007,SO46007 - 1,AW00020220,,BK-R93R-48,AUSTRALIA,Australia,2018-03-29,2018-04-08,"Apr 05, 2018",1.0,3578.27,0.0,2171.2942,2171.2942,3578.27,3578.27,ERP_EXPORT_20240115
Internet ,SO47957,SO47957 - 1,AW00014095,,BK-R64Y-48,southwest,United States,20180930,2018-10-10,20181007,1.0,1000.4375,0.0,605.6492,605.6492,1000.4375,1000.4375,ERP_EXPORT_20240115
Internet,SO48825,SO48825 - 1,AW00023414,,BK-R89B-44,Australia,Australia,2018-12-04 00:00:00,2018-12-14,12/11/2018,1.0,2181.5625,0.0,1320.6838,1320.6838,2181.5625,2181.5625,ERP_EXPORT_20240115
Internet,SO47285,SO47285 - 1,AW00029135,,BK-R89B-44,Canada,Canada,07/25/2018,2018-08-04,2018-08-01,1.0,2181.5625,0.0,1320.6838,1320.6838,2181.5625,2181.5625,ERP_EXPORT_20240115
 Internet,SO47253,SO47253 - 1,AW00012683,,BK-M68S-46,Australia,Australia,07/21/2018,2018-07-31,20180728,1.0,2071.4196,0.0,1117.8559,1117.8559,2071.4196,2071.4196,ERP_EXPORT_20240115
Internet,SO44238,SO44238 - 1,AW00017079,,BK-R93R-44,Australia,Australia,20170823,2017-09-02,08/30/2017,1.0,3578.27,0.0,2171.2942,2171.2942,3578.27,3578.27,ERP_EXPORT_20240115
Internet,SO44719,SO44719 - 1,AW00014700,,BK-R93R-52,United Kingdom,United Kingdom,2017-10-27 00:00:00,2017-11-06,11/03/2017,1.0,3578.27,0.0%,2171.2942,2171.2942,3578.27,3578.27,ERP_EXPORT_20240115
 Internet,SO47141,SO47141 - 1,,,BK-R89R-58,australia,Australia,09-07-2018,2018-07-19,07/16/2018,1.8,2181.5625,,1320.6838,1320.6838,-2181.5625,-2181.5625,ERP_EXPORT_20240115
INTERNET,SO43794,SO43794 - 1,AW00011029,,BK-M82S-48,Australia,Australia,"Jul 12, 2017",2017-07-22,07/19/2017,1.0,3399.99,0.0,1912.1544,1912.1544,3399.99,3399.99,ERP_EXPORT_20240115
Internet,SO45477,SO45477 - 1,AW00014160,,BK-R93R-52,Germany,Germany,23-01-2018,2018-02-02,01/30/2018,1.0,3578.27,0.0,2171.2942,2171.2942,3578.27,3578.27,ERP_EXPORT_20240115
internet,SO47880,SO47880 - 1,AW00028689,,BK-M68B-42,FRANCE,France,20-09-2018,2018-09-30,27-09-2018,1.0,2049.0982,0.0,1105.81,1105.81,2049.0982,2049.0982,ERP_EXPORT_20240115
INTERNET,SO48631,SO48631 - 1,AW00017185,,BK-R89B-48,United Kingdom,United Kingdom,2018-11-21 00:00:00,2018-12-01,11/28/2018,1.0,2181.5625,0.0,1320.6838,1320.6838,2181.5625,2181.5625,ERP_EXPORT_20240115
Internet,SO48204,SO48204 - 1,AW00026445,,BK-R50B-60,AUSTRALIA,Australia,"Oct 20, 2018",2018-10-30,2018-10-27,1.0,782.99,0.0,486.7066,486.7066,782.99,782.99,ERP_EXPORT_20240115
Internet,SO46456,SO46456 - 1,AW00012014,,BK-M82S-44,AUSTRALIA,Australia,2018-05-10 00:00:00,2018-05-20,17-05-2018,1.0,3399.99,0.0,1912.1544,1912.1544,3399.99,3399.99,ERP_EXPORT_20240115
internet,SO47330,SO47330 - 1,AW00016324,,BK-R89R-48,United Kingdom,United Kingdom,30-07-2018,2018-08-09,08/06/2018,1.0,2443.35,0.0,1518.7864,1518.7864,2443.35,2443.35,ERP_EXPORT_20240115
 Internet,SO43920,SO43920 - 1,AW00028066,,BK-R93R-52,Southwest,United States,17-07-2017,2017-07-27,20170724,1.0,3578.27,0.0,2171.2942,2171.2942,3578.27,3578.27,ERP_EXPORT_20240115
Internet,SO43726,SO43726 - 1,AW00014560,,BK-R50B-58,Southwest,United States,07/04/2017,2017-07-14,"Jul 11, 2017",1.0,699.0982,0.0,413.1463,413.1463,699.0982,699.0982,ERP_EXPORT_20240115
Internet,SO47255,SO47255 - 1,AW00011561,,BK-M68B-38,Germany,Germany,2018-07-22,2018-08-01,29-07-2018,1.0,2049.0982,0.0%,1105.81,1105.81,2049.0982,2049.0982,ERP_EXPORT_20240115
 Internet,SO47847,SO47847 - 1,AW00016278,,BK-R89R-44,Germany,Germany,"Sep 16, 2018",2018-09-26,2018-09-23 00:00:00,1.0,2443.35,0.0,1518.7864,1518.7864,2443.35,2443.35,ERP_EXPORT_20240115
Internet,SO44654,SO44654 - 1,AW00028619,,BK-R93R-52,Southwest,United States,2017-10-14,2017-10-24,20171021,1.0,3578.27,0.0%,2171.2942,2171.2942,3578.27,3578.27,ERP_EXPORT_20240115
Internet,SO45596,SO45596 - 1,AW00020564,,BK-R50B-58,United Kingdom,United Kingdom,2018-01-31 00:00:00,2018-02-10,20180207,1.0,699.0982,0.0%,413.1463,413.1463,699.0982,699.0982,ERP_EXPORT_20240115
Internet,SO46175,SO46175 - 1,AW00012003,,BK-M82B-42,Australia,Australia,2018-04-08,2018-04-18,20180415,1.0,3374.99,0.0,1898.0944,1898.0944,3374.99,3374.99,ERP_EXPORT_20240115
Internet,SO47260,SO47260 - 1,AW00013233,,BK-R89B-48,Northwest,United States,"Jul 22, 2018",2018-08-01,"Jul 29, 2018",1.0,2181.5625,0.0,1320.6838,1320.6838,2181.5625,2181.5625,ERP_EXPORT_20240115
INTERNET,SO45842,SO45842 - 1,AW00011742,,BK-R93R-56,Southwest ,United States,05-03-2018,2018-03-15,20180312,1.0,3578.27,0.0,2171.2942,2171.2942,3578.27,3578.27,ERP_EXPORT_20240115
Internet,SO44663,SO44663 - 1,AW00018212,,BK-R93R-52,Australia,Australia,2017-10-15 00:00:00,2017-10-25,20171022,1.0,3578.27,0.0,2171.2942,2171.2942,3578.27,3578.27,ERP_EXPORT_20240115
Internet,SO45953,SO45953 - 1,AW00023859,,BK-R93R-56, Canada,Canada,22-03-2018,2018-04-01,29-03-2018,1.0,3578.27,0.0,2171.2942,2171.2942,3578.27,3578.27,ERP_EXPORT_20240115
Internet,SO44325,SO44325 - 1,AW00011095,,BK-M82B-48,Australia,Australia,"Sep 02, 2017",2017-09-12,"Sep 09, 2017",1.0,3374.99,0.0%,1898.0944,1898.0944,3374.99,3374.99,ERP_EXPORT_20240115
 Internet,SO46442,SO46442 - 1,AW00014997,,BK-R93R-56,Germany ,Germany,2018-05-08,2018-05-18,05/15/2018,1.0,3578.27,0.0%,2171.2942,2171.2942,3578.27,3578.27,ERP_EXPORT_20240115
Internet,SO47315,SO47315 - 1,AW00013840,,BK-R89B-58,FRANCE,France,2018-07-28 00:00:00,2018-08-07,2018-08-04 00:00:00,1.0,2181.5625,0.0%,1320.6838,1320.6838,2181.5625,2181.5625,ERP_EXPORT_20240115
Internet,SO46780,SO46780 - 1,AW00012942,,BK-R89B-58,Southwest,United States,06/12/2018,2018-06-22,20180619,1.0,2181.5625,0.0,1320.6838,1320.6838,2181.5625,2181.5625,ERP_EXPORT_20240115
Internet,SO44571,SO44571 - 1,AW00029448,,BK-M82S-48,Germany,Germany,01-10-2017,2017-10-11,"Oct 08, 2017",1.0,3399.99,0.0,1912.1544,1912.1544,3399.99,3399.99,ERP_EXPORT_20240115
Internet,SO43934,SO43934 - 1,AW00011034,,BK-M82S-44,Australia,Australia,"Jul 19, 2017",2017-07-29,2017-07-26 00:00:00,1.0,3399.99,0.0,1912.1544,1912.1544,3399.99,3399.99,ERP_EXPORT_20240115
internet,SO44694,SO44694 - 1,AW00022232,,BK-R93R-44,Canada,Canada,10/21/2017,2017-10-31,"Oct 28, 2017",1.0,3578.27,0.0,2171.2942,2171.2942,3578.27,3578.27,ERP_EXPORT_20240115
Internet,SO48226,SO48226 - 1,AW00026444,,BK-R50R-44,Australia,Australia,2018-10-23,2018-11-02,10/30/2018,1.0,782.99,0.0,486.7066,486.7066,782.99,782.99,ERP_EXPORT_20240115
Internet,SO48521,SO48521 - 1,,,BK-R89R-58,Germany ,Germany,11/11/2018,2018-11-21,2018-11-18 00:00:00,1.8,2181.5625,,1320.6838,1320.6838,-2181.5625,-2181.5625,ERP_EXPORT_20240115
Internet,SO48212,SO48212 - 1,AW00012289,,BK-M68B-46,United Kingdom,United Kingdom,"Oct 21, 2018",2018-10-31,2018-10-28,1.0,2049.0982,0.0,1105.81,1105.81,2049.0982,2049.0982,ERP_EXPORT_20240115
Internet,SO45868,SO45868 - 1,AW00014819,,BK-R93R-62,Germany,Germany,"Mar 10, 2018",2018-03-20,2018-03-17 00:00:00,1.0,3578.27,0.0,2171.2942,2171.2942,3578.27,3578.27,ERP_EXPORT_20240115
Internet,SO44458,SO44458 - 1,AW00028247,,BK-R93R-56,Northwest ,United States,27-09-2017,2017-10-07,2017-10-04 00:00:00,1.0,3578.27,0.0,2171.2942,2171.2942,3578.27,3578.27,ERP_EXPORT_20240115
Internet,SO45607,SO45607 - 1,AW00025830,,BK-R50R-52,Australia,Australia,2018-02-01 00:00:00,2018-02-11,"Feb 08, 2018",1.0,699.0982,0.0,413.1463,413.1463,699.0982,699.0982,ERP_EXPORT_20240115
Internet,SO45946,SO45946 - 1,AW00011914,,BK-M82B-44,Australia,Australia,20-03-2018,2018-03-30,03/27/2018,1.0,3374.99,0.0,1898.0944,1898.0944,3374.99,3374.99,ERP_EXPORT_20240115
Internet,SO47544,SO47544 - 1,AW00012694,,BK-M68B-38,Australia,Australia,20180813,2018-08-23,20180820,1.0,2049.0982,0.0,1105.81,1105.81,2049.0982,2049.0982,ERP_EXPORT_20240115
INTERNET,SO47848,SO47848 - 1,AW00026328,,BK-M68B-38,Southwest,United States,2018-09-16,2018-09-26,23-09-2018,1.0,2049.0982,0.0,1105.81,1105.81,2049.0982,2049.0982,ERP_EXPORT_20240115
Internet,SO45587,SO45587 - 1,AW00011531,,BK-R93R-62,southwest,United States,30-01-2018,2018-02-09,20180206,1.0,3578.27,0.0%,2171.2942,2171.2942,3578.27,3578.27,ERP_EXPORT_20240115
INTERNET,SO46487,SO46487 - 1,AW00014913,,BK-R50B-44,Southwest,United States,20180515,2018-05-25,22-05-2018,1.0,699.0982,0.0,413.1463,413.1463,699.0982,699.0982,ERP_EXPORT_20240115
INTERNET,SO46569,SO46569 - 1,AW00012450,,BK-R93R-48,Southwest,United States,2018-05-26 00:00:00,2018-06-05,2018-06-02,1.0,3578.27,0.0,2171.2942,2171.2942,3578.27,3578.27,ERP_EXPORT_20240115
Internet ,SO47508,SO47508 - 1,AW00021892,,BK-R89R-52,Australia ,Australia,"Aug 09, 2018",2018-08-19,2018-08-16,1.0,2443.35,0.0,1518.7864,1518.7864,2443.35,2443.35,ERP_EXPORT_20240115
Internet,SO48416,SO48416 - 1,AW00015472,,BK-R50R-58,northwest,United States,20181101,2018-11-11,2018-11-08,1.0,782.99,0.0,486.7066,486.7066,782.99,782.99,ERP_EXPORT_20240115
Internet,SO48239,SO48239 - 1,AW00013700,,BK-R89B-44, Southwest,United States,20181025,2018-11-04,"Nov 01, 2018",1.0,2181.5625,0.0,1320.6838,1320.6838,2181.5625,2181.5625,ERP_EXPORT_20240115
Internet,SO44273,SO44273 - 1,AW00028147,,BK-R93R-44,SOUTHWEST,United States,08/31/2017,2017-09-10,"Sep 07, 2017",1.0,3578.27,0.0%,2171.2942,2171.2942,3578.27,3578.27,ERP_EXPORT_20240115
Internet,SO46449,SO46449 - 1,AW00012007,,BK-M82S-42,Australia,Australia,05/09/2018,2018-05-19,05/16/2018,1.0,3399.99,0.0,1912.1544,1912.1544,3399.99,3399.99,ERP_EXPORT_20240115
Internet,SO45445,SO45445 - 1,AW00019105,,BK-R93R-62,Australia,Australia,2018-01-15,2018-01-25,20180122,1.0,3578.27,0.0,2171.2942,2171.2942,3578.27,3578.27,ERP_EXPORT_20240115
Internet,SO48216,SO48216 - 1,AW00020719,,BK-R50R-62,Germany,Germany,2018-10-21,2018-10-31,2018-10-28 00:00:00,1.0,782.99,0.0,486.7066,486.7066,782.99,782.99,ERP_EXPORT_20240115
Internet,SO45448,SO45448 - 1,AW00025718,,BK-R50R-62,Australia,Australia,2018-01-16,2018-01-26,20180123,1.0,699.0982,0.0,413.1463,413.1463,699.0982,699.0982,ERP_EXPORT_20240115
Internet,SO44000,SO44000 - 1,AW00027918,,BK-R93R-44,southwest,United States,20170726,2017-08-05,20170802,1.0,3578.27,0.0%,2171.2942,2171.2942,3578.27,3578.27,ERP_EXPORT_20240115
Internet,SO44387,SO44387 - 1,AW00011096,,BK-M82B-48,Australia ,Australia,"Sep 12, 2017",2017-09-22,19-09-2017,1.0,3374.99,0.0,1898.0944,1898.0944,3374.99,3374.99,ERP_EXPORT_20240115
Internet,SO44697,SO44697 - 1,AW00018219,,BK-R93R-62,Australia,Australia,10/22/2017,2017-11-01,29-10-2017,1.0,3578.27,0.0,2171.2942,2171.2942,3578.27,3578.27,ERP_EXPORT_20240115
Internet,SO48481,SO48481 - 1,AW00020669,,BK-M68B-38,Canada,Canada,2018-11-07,2018-11-17,11/14/2018,1.0,2049.0982,0.0,1105.81,1105.81,2049.0982,2049.0982,ERP_EXPORT_20240115
internet,SO46504,SO46504 - 1,AW00015005,,BK-R50B-52,Southwest,United States,2018-05-18,2018-05-28,"May 25, 2018",1.0,699.0982,0.0,413.1463,413.1463,699.0982,699.0982,ERP_EXPORT_20240115
Internet,SO44464,SO44464 - 1,AW00022120,,BK-R93R-56,CANADA,Canada,2017-09-28,2017-10-08,20171005,1.0,3578.27,0.0,2171.2942,2171.2942,3578.27,3578.27,ERP_EXPORT_20240115
Internet,SO45447,SO45447 - 1,AW00019558,,BK-R93R-52,Australia,Australia,01/16/2018,2018-01-26,23-01-2018,1.0,3578.27,0.0,2171.2942,2171.2942,3578.27,3578.27,ERP_EXPORT_20240115
Internet,SO45594,SO45594 - 1,AW00011282,,BK-R93R-48,Northwest,United States,2018-01-31,2018-02-10,02/07/2018,1.0,3578.27,0.0,2171.2942,2171.2942,3578.27,3578.27,ERP_EXPORT_20240115
Internet,SO47120,SO47120 - 1,AW00014006,,BK-R64Y-38,Southwest,United States,2018-07-07 00:00:00,2018-07-17,2018-07-14 00:00:00,1.0,1000.4375,0.0,605.6492,605.6492,1000.4375,1000.4375,ERP_EXPORT_20240115
Internet,SO47596,SO47596 - 1,AW00016199,,BK-R89B-44,Germany,Germany,2018-08-21,2018-08-31,28-08-2018,1.0,2181.5625,0.0,1320.6838,1320.6838,2181.5625,2181.5625,ERP_EXPORT_20240115
Internet,SO48658,SO48658 - 1,AW00012228,,BK-M68S-38,Germany,Germany,11/23/2018,2018-12-03,2018-11-30 00:00:00,1.0,2071.4196,0.0,1117.8559,1117.8559,2071.4196,2071.4196,ERP_EXPORT_20240115
 Internet,SO44928,SO44928 - 1,AW00014843,,BK-R93R-56,United Kingdom,United Kingdom,11/17/2017,2017-11-27,20171124,1.0,3578.27,0.0,2171.2942,2171.2942,3578.27,3578.27,ERP_EXPORT_20240115
Internet,SO48218,SO48218 - 1,AW00016594,,BK-R89R-44,United Kingdom,United Kingdom,10/22/2018,2018-11-01,2018-10-29 00:00:00,1.0,2443.35,0.0,1518.7864,1518.7864,2443.35,2443.35,ERP_EXPORT_20240115
Internet,SO45424,SO45424 - 1,AW00028165,,BK-R93R-44,Canada,Canada,12-01-2018,2018-01-22,01/19/2018,1.0,3578.27,0.0,2171.2942,2171.2942,3578.27,3578.27,ERP_EXPORT_20240115
INTERNET,SO47894,SO47894 - 1,AW00026344,,BK-M68B-38, Southwest,United States,2018-09-21,2018-10-01,2018-09-28 00:00:00,1.0,2049.0982,0.0,1105.81,1105.81,2049.0982,2049.0982,ERP_EXPORT_20240115
Internet,SO47236,SO47236 - 1,,,BK-R64Y-42,Southwest,United States,20-07-2018,2018-07-30,20180727,1.8,1000.4375,,605.6492,605.6492,-1000.4375,-1000.4375,ERP_EXPORT_20240115
Internet,SO46779,SO46779 - 1,AW00015929,,BK-R89B-52, United Kingdom,United Kingdom,06/12/2018,2018-06-22,2018-06-19,1.0,2181.5625,0.0,1320.6838,1320.6838,2181.5625,2181.5625,ERP_EXPORT_20240115
Internet,SO47874,SO47874 - 1,AW00013462,,BK-R89B-44,Northwest,United States,20180919,2018-09-29,20180926,1.0,2181.5625,0.0,1320.6838,1320.6838,2181.5625,2181.5625,ERP_EXPORT_20240115
Internet,SO48675,SO48675 - 1,AW00015079,,BK-R89B-58, France,France,20181125,2018-12-05,2018-12-02 00:00:00,1.0,2181.5625,0.0,1320.6838,1320.6838,2181.5625,2181.5625,ERP_EXPORT_20240115
Internet ,SO47871,SO47871 - 1,AW00014708,,BK-R89R-58,France,France,20180919,2018-09-29,09/26/2018,1.0,2181.5625,0.0,1320.6838,1320.6838,2181.5625,2181.5625,ERP_EXPORT_20240115
Internet ,SO44668,SO44668 - 1,AW00028621,,BK-R93R-52,Southwest,United States,2017-10-16,2017-10-26,2017-10-23 00:00:00,1.0,3578.27,0.0,2171.2942,2171.2942,3578.27,3578.27,ERP_EXPORT_20240115
Internet,SO48458,SO48458 - 1,AW00017097,,BK-R89R-58,UNITED KINGDOM,United Kingdom,06-11-2018,2018-11-16,2018-11-13,1.0,2181.5625,0.0,1320.6838,1320.6838,2181.5625,2181.5625,ERP_EXPORT_20240115
Internet,SO44707,SO44707 - 1,AW00028649,,BK-R93R-44,Southwest,United States,2017-10-24,2017-11-03,2017-10-31,1.0,3578.27,0.0,2171.2942,2171.2942,3578.27,3578.27,ERP_EXPORT_20240115
Internet,SO46267,SO46267 - 1,AW00020448,,BK-R93R-56,Australia,Australia,04/21/2018,2018-05-01,28-04-2018,1.0,3578.27,0.0,2171.2942,2171.2942,3578.27,3578.27,ERP_EXPORT_20240115
Internet,SO47152,SO47152 - 1,AW00028547,,BK-M68B-42,France,France,"Jul 11, 2018",2018-07-21,"Jul 18, 2018",1.0,2049.0982,,1105.81,1105.81,2049.0982,2049.0982,ERP_EXPORT_20240115
Internet,SO44384,SO44384 - 1,AW00028296,,BK-R93R-44, Southwest,United States,2017-09-12 00:00:00,2017-09-22,"Sep 19, 2017",1.0,3578.27,0.0,2171.2942,2171.2942,3578.27,3578.27,ERP_EXPORT_20240115
Internet,SO43778,SO43778 - 1,AW00011018,,BK-M82S-42, Australia,Australia,2017-07-10 00:00:00,2017-07-20,2017-07-17,1.0,3399.99,0.0,1912.1544,1912.1544,3399.99,3399.99,ERP_EXPORT_20240115
Internet,SO45452,SO45452 - 1,AW00019559,,BK-R93R-56,AUSTRALIA,Australia,2018-01-17 00:00:00,2018-01-27,01/24/2018,1.0,3578.27,0.0%,2171.2942,2171.2942,3578.27,3578.27,ERP_EXPORT_20240115
INTERNET,SO48151,SO48151 - 1,AW00019280,,BK-R50B-58,France,France,20181011,2018-10-21,2018-10-18 00:00:00,1.0,782.99,0.0,486.7066,486.7066,782.99,782.99,ERP_EXPORT_20240115
Internet,SO44939,SO44939 - 1,AW00028993,,BK-R93R-56,Northwest,United States,18-11-2017,2017-11-28,25-11-2017,1.0,3578.27,0.0,2171.2942,2171.2942,3578.27,3578.27,ERP_EXPORT_20240115
Internet,SO48617,SO48617 - 1,AW00013725,,BK-R89R-58,southwest,United States,11/19/2018,2018-11-29,"Nov 26, 2018",1.0,2181.5625,0.0%,1320.6838,1320.6838,2181.5625,2181.5625,ERP_EXPORT_20240115
Internet ,SO48602,SO48602 - 1,AW00012237,,BK-M68S-38,germany,Germany,2018-11-18 00:00:00,2018-11-28,20181125,1.0,2071.4196,0.0,1117.8559,1117.8559,2071.4196,2071.4196,ERP_EXPORT_20240115
Internet,SO44735,SO44735 - 1,AW00028673,,BK-R93R-44,Southwest,United States,30-10-2017,2017-11-09,2017-11-06,1.0,3578.27,0.0%,2171.2942,2171.2942,3578.27,3578.27,ERP_EXPORT_20240115
Internet,SO44161,SO44161 - 1,AW00013772,,BK-R93R-56,United Kingdom,United Kingdom,2017-08-08,2017-08-18,15-08-2017,1.0,3578.27,0.0,2171.2942,2171.2942,3578.27,3578.27,ERP_EXPORT_20240115
Internet,SO46451,SO46451 - 1,AW00012709,,BK-R93R-62,Southwest,United States,20180510,2018-05-20,2018-05-17,1.0,3578.27,0.0,2171.2942,2171.2942,3578.27,3578.27,ERP_EXPORT_20240115
INTERNET,SO46396,SO46396 - 1,AW00012442,,BK-R93R-44,Southwest,United States,2018-05-02,2018-05-12,2018-05-09 00:00:00,1.0,3578.27,0.0,2171.2942,2171.2942,3578.27,3578.27,ERP_EXPORT_20240115
Internet,SO44967,SO44967 - 1,AW00014794,,BK-R93R-62,united kingdom,United Kingdom,2017-11-21 00:00:00,2017-12-01,2017-11-28 00:00:00,1.0,3578.27,0.0,2171.2942,2171.2942,3578.27,3578.27,ERP_EXPORT_20240115
Internet,SO44847,SO44847 - 1,AW00011445,,BK-M82S-44,AUSTRALIA,Australia,2017-11-06,2017-11-16,2017-11-13 00:00:00,1.0,3399.99,0.0%,1912.1544,1912.1544,3399.99,3399.99,ERP_EXPORT_20240115
Internet,SO44935,SO44935 - 1,AW00012333,,BK-R93R-48,france,France,18-11-2017,2017-11-28,25-11-2017,1.0,3578.27,0.0%,2171.2942,2171.2942,3578.27,3578.27,ERP_EXPORT_20240115
Internet,SO43954,SO43954 - 1,AW00013602,,BK-R93R-44,UNITED KINGDOM,United Kingdom,20170721,2017-07-31,07/28/2017,1.0,3578.27,0.0,2171.2942,2171.2942,3578.27,3578.27,ERP_EXPORT_20240115
Internet,SO43939,SO43939 - 1,AW00016659,,BK-R93R-48,Australia,Australia,2017-07-19,2017-07-29,2017-07-26 00:00:00,1.0,3578.27,0.0,2171.2942,2171.2942,3578.27,3578.27,ERP_EXPORT_20240115
Internet,SO45734,SO45734 - 1,AW00011630,,BK-R93R-56,Northwest,United States,02/21/2018,2018-03-03,28-02-2018,1.0,3578.27,0.0,2171.2942,2171.2942,3578.27,3578.27,ERP_EXPORT_20240115
Internet,SO44323,SO44323 - 1,AW00011072,,BK-M82S-38, Australia,Australia,09/01/2017,2017-09-11,20170908,1.0,3399.99,0.0,1912.1544,1912.1544,3399.99,3399.99,ERP_EXPORT_20240115
Internet,SO45455,SO45455 - 1,AW00014163,,BK-R93R-62,Germany,Germany,"Jan 19, 2018",2018-01-29,26-01-2018,1.0,3578.27,0.0,2171.2942,2171.2942,3578.27,3578.27,ERP_EXPORT_20240115
Internet ,SO45173,SO45173 - 1,AW00029157,,BK-R93R-56,Southwest,United States,2017-12-17,2017-12-27,"Dec 24, 2017",1.0,3578.27,0.0,2171.2942,2171.2942,3578.27,3578.27,ERP_EXPORT_20240115
Internet,SO48616,SO48616 - 1,AW00013721,,BK-R89B-44,Northwest,United States,2018-11-19 00:00:00,2018-11-29,26-11-2018,1.0,2181.5625,0.0,1320.6838,1320.6838,2181.5625,2181.5625,ERP_EXPORT_20240115
INTERNET,SO45431,SO45431 - 1,AW00028013,,BK-R93R-44,Canada,Canada,2018-01-13,2018-01-23,2018-01-20 00:00:00,1.0,3578.27,0.0%,2171.2942,2171.2942,3578.27,3578.27,ERP_EXPORT_20240115
Internet,SO44160,SO44160 - 1,AW00028186,,BK-R93R-48,Northwest,United States,2017-08-07 00:00:00,2017-08-17,20170814,1.0,3578.27,0.0,2171.2942,2171.2942,3578.27,3578.27,ERP_EXPORT_20240115
Internet,SO46122,SO46122 - 1,AW00024284,,BK-R93R-52,CANADA,Canada,04/01/2018,2018-04-11,"Apr 08, 2018",1.0,3578.27,0.0,2171.2942,2171.2942,3578.27,3578.27,ERP_EXPORT_20240115
Internet,SO47099,SO47099 - 1,AW00026134,,BK-R50R-62,Australia,Australia,04-07-2018,2018-07-14,20180711,1.0,782.99,0.0,486.7066,486.7066,782.99,782.99,ERP_EXPORT_20240115
Internet,SO48478,SO48478 - 1,AW00022929,,BK-R89R-58,Australia,Australia,11/07/2018,2018-11-17,2018-11-14,1.0,2181.5625,0.0,1320.6838,1320.6838,2181.5625,2181.5625,ERP_EXPORT_20240115
Internet,SO46405,SO46405 - 1,AW00020994,,BK-R93R-62,Australia,Australia,2018-05-02 00:00:00,2018-05-12,20180509,1.0,3578.27,0.0,2171.2942,2171.2942,3578.27,3578.27,ERP_EXPORT_20240115
 Internet,SO46187,SO46187 - 1,AW00024235,,BK-R93R-52,Canada,Canada,2018-04-11 00:00:00,2018-04-21,18-04-2018,1.0,3578.27,0.0,2171.2942,2171.2942,3578.27,3578.27,ERP_EXPORT_20240115
Internet,SO44146,SO44146 - 1,AW00017310,,BK-R93R-52,Australia,Australia,2017-08-04,2017-08-14,08/11/2017,1.0,3578.27,0.0,2171.2942,2171.2942,3578.27,3578.27,ERP_EXPORT_20240115
INTERNET,SO44862,SO44862 - 1,AW00018457,,BK-R93R-52,Australia,Australia,20171107,2017-11-17,20171114,1.0,3578.27,0.0,2171.2942,2171.2942,3578.27,3578.27,ERP_EXPORT_20240115
Internet,SO45345,SO45345 - 1,AW00015048,,BK-R93R-52,United Kingdom,United Kingdom,20180101,2018-01-11,08-01-2018,1.0,3578.27,0.0,2171.2942,2171.2942,3578.27,3578.27,ERP_EXPORT_20240115
Internet,SO47781,SO47781 - 1,AW00025991,,BK-R89B-58,Canada,Canada,2018-09-07 00:00:00,2018-09-17,14-09-2018,1.0,2181.5625,,1320.6838,1320.6838,2181.5625,2181.5625,ERP_EXPORT_20240115
Internet,SO47149,SO47149 - 1,AW00012669,,BK-M68B-42,Australia,Australia,"Jul 10, 2018",2018-07-20,07/17/2018,1.0,2049.0982,0.0,1105.81,1105.81,2049.0982,2049.0982,ERP_EXPORT_20240115
Internet,SO46529,SO46529 - 1,AW00012784,,BK-R93R-56,Northwest,United States,"May 21, 2018",2018-05-31,28-05-2018,1.0,3578.27,0.0,2171.2942,2171.2942,3578.27,3578.27,ERP_EXPORT_20240115
internet,SO46679,SO46679 - 1,AW00013062,,BK-R89B-44, Northwest,United States,2018-05-31 00:00:00,2018-06-10,"Jun 07, 2018",1.0,2181.5625,0.0,1320.6838,1320.6838,2181.5625,2181.5625,ERP_EXPORT_20240115
Internet,SO47789,SO47789 - 1,AW00013453,,BK-R89B-48,Southwest,United States,09/09/2018,2018-09-19,"Sep 16, 2018",1.0,2181.5625,0.0,1320.6838,1320.6838,2181.5625,2181.5625,ERP_EXPORT_20240115
Internet,SO45689,SO45689 - 1,AW00019773,,BK-R93R-48,AUSTRALIA,Australia,20180214,2018-02-24,21-02-2018,1.0,3578.27,0.0,2171.2942,2171.2942,3578.27,3578.27,ERP_EXPORT_20240115
Internet,SO44739,SO44739 - 1,AW00018202,,BK-R93R-48,Australia,Australia,20171030,2017-11-09,06-11-2017,1.0,3578.27,0.0,2171.2942,2171.2942,3578.27,3578.27,ERP_EXPORT_20240115
Internet,SO44824,SO44824 - 1,AW00018694,,BK-R93R-48,Australia,Australia,20171102,2017-11-12,"Nov 09, 2017",1.0,3578.27,0.0,2171.2942,2171.2942,3578.27,3578.27,ERP_EXPORT_20240115
Internet,SO43745,SO43745 - 1,AW00016514,,BK-R93R-44,Australia,Australia,07-07-2017,2017-07-17,07/14/2017,1.0,3578.27,0.0,2171.2942,2171.2942,3578.27,3578.27,ERP_EXPORT_20240115
Internet,SO46251,SO46251 - 1,AW00011998,,BK-M82B-44, Australia,Australia,2018-04-18 00:00:00,2018-04-28,25-04-2018,1.0,3374.99,0.0,1898.0944,1898.0944,3374.99,3374.99,ERP_EXPORT_20240115
INTERNET,SO48272,SO48272 - 1,AW00014931,,BK-R89R-58,France,France,2018-10-29 00:00:00,2018-11-08,"Nov 05, 2018",1.0,2181.5625,0.0,1320.6838,1320.6838,2181.5625,2181.5625,ERP_EXPORT_20240115
Internet,SO47500,SO47500 - 1,AW00021951,,BK-R89R-48,Australia,Australia,08/08/2018,2018-08-18,"Aug 15, 2018",1.0,2443.35,0.0,1518.7864,1518.7864,2443.35,2443.35,ERP_EXPORT_20240115
INTERNET,SO45947,SO45947 - 1,AW00011943,,BK-M82B-48,Australia,Australia,2018-03-20,2018-03-30,2018-03-27,1.0,3374.99,0.0,1898.0944,1898.0944,3374.99,3374.99,ERP_EXPORT_20240115
INTERNET,SO46557,SO46557 - 1,AW00012904,,BK-R93R-62,Southwest,United States,05/24/2018,2018-06-03,31-05-2018,1.0,3578.27,0.0,2171.2942,2171.2942,3578.27,3578.27,ERP_EXPORT_20240115
Internet,SO48684,SO48684 - 1,AW00016534,,BK-R89B-58,Germany,Germany,2018-11-26 00:00:00,2018-12-06,03-12-2018,1.0,2181.5625,0.0,1320.6838,1320.6838,2181.5625,2181.5625,ERP_EXPORT_20240115
Internet,SO45012,SO45012 - 1,AW00014650,,BK-R50B-52,Northwest,United States,"Nov 27, 2017",2017-12-07,20171204,1.0,699.0982,0.0,413.1463,413.1463,699.0982,699.0982,ERP_EXPORT_20240115
Internet,SO48655,SO48655 - 1,AW00018183,,BK-R64Y-42,Germany,Germany,"Nov 23, 2018",2018-12-03,"Nov 30, 2018",1.0,1000.4375,0.0,605.6492,605.6492,1000.4375,1000.4375,ERP_EXPORT_20240115
INTERNET,SO45602,SO45602 - 1,AW00012607,,BK-R93R-48,France,France,2018-02-01 00:00:00,2018-02-11,2018-02-08 00:00:00,1.0,3578.27,0.0,2171.2942,2171.2942,3578.27,3578.27,ERP_EXPORT_20240115
Internet,SO44730,SO44730 - 1,AW00014697,,BK-R93R-44,United Kingdom,United Kingdom,20171029,2017-11-08,05-11-2017,1.0,3578.27,0.0%,2171.2942,2171.2942,3578.27,3578.27,ERP_EXPORT_20240115
internet,SO48525,SO48525 - 1,AW00014284,,BK-R64Y-42,Northwest,United States,11-11-2018,2018-11-21,18-11-2018,1.0,1000.4375,0.0,605.6492,605.6492,1000.4375,1000.4375,ERP_EXPORT_20240115
Internet,SO44059,SO44059 - 1,AW00016688,,BK-R93R-52, Australia,Australia,2017-07-31 00:00:00,2017-08-10,2017-08-07 00:00:00,1.0,3578.27,0.0,2171.2942,2171.2942,3578.27,3578.27,ERP_EXPORT_20240115
Internet,SO48455,SO48455 - 1,AW00012380,,BK-M68B-42,United Kingdom,United Kingdom,2018-11-05,2018-11-15,11/12/2018,1.0,2049.0982,0.0,1105.81,1105.81,2049.0982,2049.0982,ERP_EXPORT_20240115
Internet,SO44261,SO44261 - 1,AW00022112,,BK-R93R-48,CANADA,Canada,08/28/2017,2017-09-07,2017-09-04 00:00:00,1.0,3578.27,0.0,2171.2942,2171.2942,3578.27,3578.27,ERP_EXPORT_20240115
Internet,SO46800,SO46800 - 1,AW00013019,,BK-R89R-52,Southwest,United States,2018-06-14 00:00:00,2018-06-24,2018-06-21 00:00:00,1.0,2443.35,0.0%,1518.7864,1518.7864,2443.35,2443.35,ERP_EXPORT_20240115
Internet,SO46477,SO46477 - 1,AW00012009,,BK-M82S-44,Australia ,Australia,20180513,2018-05-23,2018-05-20 00:00:00,1.0,3399.99,0.0,1912.1544,1912.1544,3399.99,3399.99,ERP_EXPORT_20240115
internet,SO44684,SO44684 - 1,AW00028643,,BK-R93R-62,Southwest,United States,10/19/2017,2017-10-29,2017-10-26 00:00:00,1.0,3578.27,0.0%,2171.2942,2171.2942,3578.27,3578.27,ERP_EXPORT_20240115
 Internet,SO44976,SO44976 - 1,AW00028824,,BK-R93R-44,Northwest,United States,11/22/2017,2017-12-02,2017-11-29,1.0,3578.27,0.0,2171.2942,2171.2942,3578.27,3578.27,ERP_EXPORT_20240115
Internet ,SO47745,SO47745 - 1,AW00012998,,BK-M68B-42,Australia,Australia,2018-09-01,2018-09-11,08-09-2018,1.0,2049.0982,0.0,1105.81,1105.81,2049.0982,2049.0982,ERP_EXPORT_20240115
Internet,SO46733,SO46733 - 1,AW00024781,,BK-R89B-48,Canada,Canada,2018-06-06,2018-06-16,06/13/2018,1.0,2181.5625,0.0,1320.6838,1320.6838,2181.5625,2181.5625,ERP_EXPORT_20240115
 Internet,SO45015,SO45015 - 1,AW00011360,,BK-M82S-44,AUSTRALIA,Australia,"Nov 27, 2017",2017-12-07,04-12-2017,1.0,3399.99,0.0,1912.1544,1912.1544,3399.99,3399.99,ERP_EXPORT_20240115
Internet,SO48663,SO48663 - 1,AW00013118,,BK-M68B-46,Australia,Australia,11/23/2018,2018-12-03,11/30/2018,1.0,2049.0982,0.0,1105.81,1105.81,2049.0982,2049.0982,ERP_EXPORT_20240115
Internet ,SO47225,SO47225 - 1,AW00013277,,BK-R89B-48,Northwest,United States,20180719,2018-07-29,07/26/2018,1.0,2181.5625,0.0,1320.6838,1320.6838,2181.5625,2181.5625,ERP_EXPORT_20240115
Internet,SO44158,SO44158 - 1,AW00013567,,BK-R93R-44,germany,Germany,2017-08-07 00:00:00,2017-08-17,2017-08-14 00:00:00,1.0,3578.27,0.0,2171.2942,2171.2942,3578.27,3578.27,ERP_EXPORT_20240115
internet,SO45592,SO45592 - 1,AW00011897,,BK-M82S-42,Australia,Australia,"Jan 30, 2018",2018-02-09,"Feb 06, 2018",1.0,3399.99,0.0,1912.1544,1912.1544,3399.99,3399.99,ERP_EXPORT_20240115
Internet,SO45969,SO45969 - 1,AW00020156,,BK-R93R-62,Australia,Australia,20180324,2018-04-03,31-03-2018,1.0,3578.27,0.0%,2171.2942,2171.2942,3578.27,3578.27,ERP_EXPORT_20240115
Internet,SO45152,SO45152 - 1,AW00029276,,BK-R93R-62,Northwest,United States,"Dec 14, 2017",2017-12-24,2017-12-21 00:00:00,1.0,3578.27,0.0%,2171.2942,2171.2942,3578.27,3578.27,ERP_EXPORT_20240115
Internet,SO48251,SO48251 - 1,AW00017641,,BK-R64Y-48,France,France,"Oct 27, 2018",2018-11-06,2018-11-03,1.0,1000.4375,0.0,605.6492,605.6492,1000.4375,1000.4375,ERP_EXPORT_20240115
Internet,SO44173,SO44173 - 1,AW00013784,,BK-R93R-48,United Kingdom,United Kingdom,"Aug 10, 2017",2017-08-20,08/17/2017,1.0,3578.27,0.0,2171.2942,2171.2942,3578.27,3578.27,ERP_EXPORT_20240115
INTERNET,SO43838,SO43838 - 1,AW00027641,,BK-R93R-52,Southwest,United States,2017-07-17,2017-07-27,24-07-2017,1.0,3578.27,0.0,2171.2942,2171.2942,3578.27,3578.27,ERP_EXPORT_20240115
internet,SO48506,SO48506 - 1,AW00015072,,BK-R89B-58,France,France,11/10/2018,2018-11-20,"Nov 17, 2018",1.0,2181.5625,0.0,1320.6838,1320.6838,2181.5625,2181.5625,ERP_EXPORT_20240115
Internet,SO45172,SO45172 - 1,AW00018008,,BK-R50B-60,France,France,2017-12-17 00:00:00,2017-12-27,20171224,1.0,699.0982,0.0,413.1463,413.1463,699.0982,699.0982,ERP_EXPORT_20240115
Internet,SO44873,SO44873 - 1,AW00028828,,BK-R93R-48,Southwest,United States,20171109,2017-11-19,11/16/2017,1.0,3578.27,0.0%,2171.2942,2171.2942,3578.27,3578.27,ERP_EXPORT_20240115
Internet,SO44992,SO44992 - 1,AW00018464,,BK-R93R-44,Australia,Australia,20171124,2017-12-04,2017-12-01,1.0,3578.27,0.0,2171.2942,2171.2942,3578.27,3578.27,ERP_EXPORT_20240115
Internet ,SO48105,SO48105 - 1,AW00026513,,BK-M68S-46,Northwest,United States,03-10-2018,2018-10-13,2018-10-10,1.0,2071.4196,0.0,1117.8559,1117.8559,2071.4196,2071.4196,ERP_EXPORT_20240115
Internet,SO46601,SO46601 - 1,AW00026098,,BK-M82S-42,Southwest,United States,"May 30, 2018",2018-06-09,06-06-2018,1.0,3399.99,0.0,1912.1544,1912.1544,3399.99,3399.99,ERP_EXPORT_20240115
Internet,SO44623,SO44623 - 1,AW00012301,,BK-R93R-48,France,France,2017-10-10 00:00:00,2017-10-20,10/17/2017,1.0,3578.27,0.0,2171.2942,2171.2942,3578.27,3578.27,ERP_EXPORT_20240115
Internet,SO45025,SO45025 - 1,AW00029070,,BK-R93R-44,Southwest,United States,11/29/2017,2017-12-09,20171206,1.0,3578.27,0.0,2171.2942,2171.2942,3578.27,3578.27,ERP_EXPORT_20240115
 Internet,SO47813,SO47813 - 1,AW00014098,,BK-R64Y-40,Northwest,United States,20180912,2018-09-22,09/19/2018,1.0,1000.4375,,605.6492,605.6492,1000.4375,1000.4375,ERP_EXPORT_20240115
Internet,SO48649,SO48649 - 1,AW00015432,,BK-R50B-44,Southwest ,United States,20181122,2018-12-02,29-11-2018,1.0,782.99,0.0,486.7066,486.7066,782.99,782.99,ERP_EXPORT_20240115
Internet,SO47819,SO47819 - 1,AW00021968,,BK-R89B-48,Australia,Australia,"Sep 12, 2018",2018-09-22,09/19/2018,1.0,2181.5625,0.0,1320.6838,1320.6838,2181.5625,2181.5625,ERP_EXPORT_20240115
Internet,SO48479,SO48479 - 1,AW00022939,,BK-R89B-44,Australia,Australia,2018-11-07,2018-11-17,20181114,1.0,2181.5625,0.0,1320.6838,1320.6838,2181.5625,2181.5625,ERP_EXPORT_20240115
Internet,SO46207,SO46207 - 1,AW00026091,,BK-M82B-38,Southwest,United States,2018-04-13,2018-04-23,2018-04-20,1.0,3374.99,0.0%,1898.0944,1898.0944,3374.99,3374.99,ERP_EXPORT_20240115
Internet,SO48697,SO48697 - 1,AW00022933,,BK-R89R-58,Australia,Australia,27-11-2018,2018-12-07,2018-12-04,1.0,2181.5625,0.0%,1320.6838,1320.6838,2181.5625,2181.5625,ERP_EXPORT_20240115
INTERNET,SO45347,SO45347 - 1,AW00014733,,BK-R50B-52,Southwest,United States,2018-01-01,2018-01-11,08-01-2018,1.0,699.0982,0.0,413.1463,413.1463,699.0982,699.0982,ERP_EXPORT_20240115
Internet,SO46319,SO46319 - 1,AW00012103,,BK-R93R-44,Southwest,United States,04/30/2018,2018-05-10,05/07/2018,1.0,3578.27,0.0,2171.2942,2171.2942,3578.27,3578.27,ERP_EXPORT_20240115
Internet,SO43717,SO43717 - 1,AW00025249,,BK-R50B-62,Australia,Australia,2017-07-03 00:00:00,2017-07-13,2017-07-10,1.0,699.0982,0.0,413.1463,413.1463,699.0982,699.0982,ERP_EXPORT_20240115
Internet,SO48691,SO48691 - 1,AW00026549,,BK-R50B-44,Australia,Australia,2018-11-26,2018-12-06,12/03/2018,1.0,782.99,0.0,486.7066,486.7066,782.99,782.99,ERP_EXPORT_20240115
Internet,SO47231,SO47231 - 1,AW00011564,,BK-M68B-46,Germany,Germany,2018-07-19,2018-07-29,"Jul 26, 2018",1.0,2049.0982,0.0,1105.81,1105.81,2049.0982,2049.0982,ERP_EXPORT_20240115
Internet,SO47628,SO47628 - 1,AW00016509,,BK-R89R-48,United Kingdom,United Kingdom,2018-08-26,2018-09-05,02-09-2018,1.0,2443.35,0.0,1518.7864,1518.7864,2443.35,2443.35,ERP_EXPORT_20240115
Internet,SO47765,SO47765 - 1,AW00026343,,BK-M68B-42, Northwest,United States,20180905,2018-09-15,2018-09-12,1.0,2049.0982,0.0,1105.81,1105.81,2049.0982,2049.0982,ERP_EXPORT_20240115
Internet,SO44901,SO44901 - 1,AW00012332,,BK-R93R-52,France,France,2017-11-13 00:00:00,2017-11-23,20171120,1.0,3578.27,0.0,2171.2942,2171.2942,3578.27,3578.27,ERP_EXPORT_20240115
internet,SO48535,SO48535 - 1,AW00019295,,BK-R50B-44,France,France,12-11-2018,2018-11-22,"Nov 19, 2018",1.0,782.99,0.0,486.7066,486.7066,782.99,782.99,ERP_EXPORT_20240115
Internet,SO44963,SO44963 - 1,AW00025974,,BK-M82S-44,Southwest,United States,2017-11-20 00:00:00,2017-11-30,2017-11-27 00:00:00,1.0,3399.99,0.0,1912.1544,1912.1544,3399.99,3399.99,ERP_EXPORT_20240115
INTERNET,SO46862,SO46862 - 1,AW00011550,,BK-M68B-46,United Kingdom,United Kingdom,20180622,2018-07-02,"Jun 29, 2018",1.0,2049.0982,0.0%,1105.81,1105.81,2049.0982,2049.0982,ERP_EXPORT_20240115
Internet,SO48166,SO48166 - 1,AW00013484,,BK-R89R-44,Southwest,United States,13-10-2018,2018-10-23,"Oct 20, 2018",1.0,2443.35,0.0,1518.7864,1518.7864,2443.35,2443.35,ERP_EXPORT_20240115
INTERNET,SO48958,SO48958 - 1,AW00023310,,BK-R89B-52,Australia,Australia,21-12-2018,2018-12-31,28-12-2018,1.0,2181.5625,0.0,1320.6838,1320.6838,2181.5625,2181.5625,ERP_EXPORT_20240115
Internet,SO44215,SO44215 - 1,AW00028180,,BK-R93R-48,northwest,United States,20170820,2017-08-30,08/27/2017,1.0,3578.27,0.0,2171.2942,2171.2942,3578.27,3578.27,ERP_EXPORT_20240115
Internet,SO47757,SO47757 - 1,AW00016530,,BK-R89B-58,United Kingdom,United Kingdom,09/03/2018,2018-09-13,2018-09-10,1.0,2181.5625,,1320.6838,1320.6838,2181.5625,2181.5625,ERP_EXPORT_20240115
 Internet,SO48802,SO48802 - 1,AW00024923,,BK-R64Y-40,Australia,Australia,2018-12-01 00:00:00,2018-12-11,2018-12-08,1.0,1000.4375,0.0,605.6492,605.6492,1000.4375,1000.4375,ERP_EXPORT_20240115
Internet,SO48247,SO48247 - 1,AW00016390,,BK-R89B-44,Germany,Germany,"Oct 26, 2018",2018-11-05,20181102,1.0,2181.5625,,1320.6838,1320.6838,2181.5625,2181.5625,ERP_EXPORT_20240115
Internet,SO46757,SO46757 - 1,AW00026174,,BK-M68S-42,Northwest,United States,2018-06-10 00:00:00,2018-06-20,17-06-2018,1.0,2071.4196,0.0,1117.8559,1117.8559,2071.4196,2071.4196,ERP_EXPORT_20240115
Internet,SO48867,SO48867 - 1,AW00015451,,BK-R89B-44,France,France,20181210,2018-12-20,"Dec 17, 2018",1.0,2181.5625,0.0,1320.6838,1320.6838,2181.5625,2181.5625,ERP_EXPORT_20240115
Internet,SO44962,SO44962 - 1,AW00028831,,BK-R93R-62,Southwest,United States,20-11-2017,2017-11-30,2017-11-27 00:00:00,1.0,3578.27,0.0,2171.2942,2171.2942,3578.27,3578.27,ERP_EXPORT_20240115
 Internet,SO48269,SO48269 - 1,AW00020863,,BK-R50R-62,United Kingdom,United Kingdom,10/28/2018,2018-11-07,20181104,1.0,782.99,0.0,486.7066,486.7066,782.99,782.99,ERP_EXPORT_20240115
Internet,SO46832,SO46832 - 1,AW00020188,,BK-M68S-38,Canada,Canada,18-06-2018,2018-06-28,2018-06-25,1.0,2071.4196,0.0,1117.8559,1117.8559,2071.4196,2071.4196,ERP_EXPORT_20240115
Internet,SO48900,SO48900 - 1,AW00026734,,BK-M68B-38,Northwest ,United States,2018-12-13 00:00:00,2018-12-23,"Dec 20, 2018",1.0,2049.0982,0.0,1105.81,1105.81,2049.0982,2049.0982,ERP_EXPORT_20240115
Internet,SO45474,SO45474 - 1,AW00019595,,BK-R93R-62,Australia,Australia,2018-01-22,2018-02-01,2018-01-29 00:00:00,1.0,3578.27,0.0%,2171.2942,2171.2942,3578.27,3578.27,ERP_EXPORT_20240115
INTERNET,SO46264,SO46264 - 1,AW00028491,,BK-M82B-44,France,France,21-04-2018,2018-05-01,28-04-2018,1.0,3374.99,0.0,1898.0944,1898.0944,3374.99,3374.99,ERP_EXPORT_20240115
Internet,SO44959,SO44959 - 1,AW00029019,,BK-R93R-48,Southwest,United States,"Nov 20, 2017",2017-11-30,"Nov 27, 2017",1.0,3578.27,0.0,2171.2942,2171.2942,3578.27,3578.27,ERP_EXPORT_20240115
Internet,SO46888,SO46888 - 1,AW00026021,,BK-R50R-62,Australia ,Australia,2018-06-25 00:00:00,2018-07-05,"Jul 02, 2018",1.0,782.99,0.0,486.7066,486.7066,782.99,782.99,ERP_EXPORT_20240115
Internet,SO44437,SO44437 - 1,AW00011076,,BK-M82S-38,Australia,Australia,22-09-2017,2017-10-02,09/29/2017,1.0,3399.99,0.0,1912.1544,1912.1544,3399.99,3399.99,ERP_EXPORT_20240115
internet,SO46184,SO46184 - 1,AW00014834,,BK-R93R-44,Germany,Germany,"Apr 11, 2018",2018-04-21,"Apr 18, 2018",1.0,3578.27,0.0,2171.2942,2171.2942,3578.27,3578.27,ERP_EXPORT_20240115
Internet ,SO47923,SO47923 - 1,AW00026486,,BK-M68B-38,Southwest,United States,20180925,2018-10-05,02-10-2018,1.0,2049.0982,0.0,1105.81,1105.81,2049.0982,2049.0982,ERP_EXPORT_20240115
Internet,SO47075,SO47075 - 1,AW00012685,,BK-M68B-42,Australia ,Australia,"Jul 01, 2018",2018-07-11,"Jul 08, 2018",1.0,2049.0982,0.0,1105.81,1105.81,2049.0982,2049.0982,ERP_EXPORT_20240115
Internet,SO45890,SO45890 - 1,AW00011338,,BK-M82B-42,Germany,Germany,2018-03-13,2018-03-23,20180320,1.0,3374.99,0.0,1898.0944,1898.0944,3374.99,3374.99,ERP_EXPORT_20240115
Internet,SO48191,SO48191 - 1,AW00019292,,BK-R50R-52,FRANCE,France,2018-10-18,2018-10-28,2018-10-25,1.0,782.99,0.0,486.7066,486.7066,782.99,782.99,ERP_EXPORT_20240115
internet,SO46123,SO46123 - 1,AW00012152,,BK-R93R-48,Southwest,United States,"Apr 01, 2018",2018-04-11,2018-04-08 00:00:00,1.0,3578.27,0.0,2171.2942,2171.2942,3578.27,3578.27,ERP_EXPORT_20240115
Internet,SO45638,SO45638 - 1,AW00014746,,BK-R50R-62,Southwest,United States,"Feb 06, 2018",2018-02-16,13-02-2018,1.0,699.0982,0.0%,413.1463,413.1463,699.0982,699.0982,ERP_EXPORT_20240115
 Internet,SO47787,SO47787 - 1,AW00016585,,BK-R89R-44,United Kingdom,United Kingdom,2018-09-08 00:00:00,2018-09-18,15-09-2018,1.0,2443.35,0.0,1518.7864,1518.7864,2443.35,2443.35,ERP_EXPORT_20240115
Internet,SO45078,SO45078 - 1,AW00012494,,BK-R93R-52,France,France,20171201,2017-12-11,20171208,1.0,3578.27,0.0,2171.2942,2171.2942,3578.27,3578.27,ERP_EXPORT_20240115
Internet,SO46263,SO46263 - 1,AW00012834,,BK-R93R-62,France,France,04/20/2018,2018-04-30,27-04-2018,1.0,3578.27,0.0,2171.2942,2171.2942,3578.27,3578.27,ERP_EXPORT_20240115
Internet,SO47629,SO47629 - 1,AW00015685,,BK-R89R-52,Germany,Germany,26-08-2018,2018-09-05,20180902,1.0,2443.35,0.0,1518.7864,1518.7864,2443.35,2443.35,ERP_EXPORT_20240115
INTERNET,SO43818,SO43818 - 1,AW00016528,,BK-R93R-48,Australia,Australia,15-07-2017,2017-07-25,07/22/2017,1.0,3578.27,0.0%,2171.2942,2171.2942,3578.27,3578.27,ERP_EXPORT_20240115
Internet,SO48634,SO48634 - 1,AW00012230,,BK-M68B-46,Germany,Germany,20181121,2018-12-01,"Nov 28, 2018",1.0,2049.0982,0.0,1105.81,1105.81,2049.0982,2049.0982,ERP_EXPORT_20240115
Internet,SO45492,SO45492 - 1,AW00019429,,BK-R50R-52,Germany,Germany,"Jan 25, 2018",2018-02-04,2018-02-01,1.0,699.0982,0.0,413.1463,413.1463,699.0982,699.0982,ERP_EXPORT_20240115
Internet,SO44187,SO44187 - 1,AW00017069,,BK-R93R-52,Australia,Australia,2017-08-13,2017-08-23,2017-08-20,1.0,3578.27,0.0,2171.2942,2171.2942,3578.27,3578.27,ERP_EXPORT_20240115
Internet,SO44853,SO44853 - 1,AW00019874,,BK-M82B-38,Canada,Canada,2017-11-07 00:00:00,2017-11-17,2017-11-14 00:00:00,1.0,3374.99,0.0,1898.0944,1898.0944,3374.99,3374.99,ERP_EXPORT_20240115
Internet,SO45884,SO45884 - 1,AW00011678,,BK-R93R-52,Northwest,United States,20180312,2018-03-22,2018-03-19 00:00:00,1.0,3578.27,0.0,2171.2942,2171.2942,3578.27,3578.27,ERP_EXPORT_20240115
Internet ,SO45008,SO45008 - 1,AW00014831,,BK-R93R-52,United Kingdom ,United Kingdom,2017-11-27 00:00:00,2017-12-07,20171204,1.0,3578.27,0.0,2171.2942,2171.2942,3578.27,3578.27,ERP_EXPORT_20240115
Internet,SO46588,SO46588 - 1,AW00020035,,BK-M82B-48,Canada,Canada,28-05-2018,2018-06-07,2018-06-04 00:00:00,1.0,3374.99,0.0,1898.0944,1898.0944,3374.99,3374.99,ERP_EXPORT_20240115
Internet,SO48225,SO48225 - 1,AW00022573,,BK-R89R-58,Australia,Australia,"Oct 23, 2018",2018-11-02,30-10-2018,1.0,2181.5625,0.0,1320.6838,1320.6838,2181.5625,2181.5625,ERP_EXPORT_20240115
Internet ,SO46912,SO46912 - 1,AW00013177,,BK-R89B-52,Northwest,United States,20180629,2018-07-09,20180706,1.0,2181.5625,0.0,1320.6838,1320.6838,2181.5625,2181.5625,ERP_EXPORT_20240115
Internet,SO44195,SO44195 - 1,AW00017249,,BK-R93R-52,Australia,Australia,"Aug 15, 2017",2017-08-25,2017-08-22 00:00:00,1.0,3578.27,0.0%,2171.2942,2171.2942,3578.27,3578.27,ERP_EXPORT_20240115
Internet,SO46819,SO46819 - 1,AW00021001,,BK-R89R-44,Australia,Australia,06/16/2018,2018-06-26,20180623,1.0,2443.35,0.0,1518.7864,1518.7864,2443.35,2443.35,ERP_EXPORT_20240115
Internet,SO44177,SO44177 - 1,AW00011337,,BK-M82B-44,United Kingdom,United Kingdom,2017-08-11 00:00:00,2017-08-21,20170818,1.0,3374.99,0.0,1898.0944,1898.0944,3374.99,3374.99,ERP_EXPORT_20240115
Internet,SO47265,SO47265 - 1,AW00013250,,BK-R89B-48,Southwest,United States,07/23/2018,2018-08-02,07/30/2018,1.0,2181.5625,0.0,1320.6838,1320.6838,2181.5625,2181.5625,ERP_EXPORT_20240115
Internet,SO48215,SO48215 - 1,AW00026482,,BK-R64Y-44,CANADA,Canada,"Oct 21, 2018",2018-10-31,2018-10-28 00:00:00,1.0,1000.4375,0.0,605.6492,605.6492,1000.4375,1000.4375,ERP_EXPORT_20240115
Internet,SO44673,SO44673 - 1,AW00013790,,BK-R93R-56,Germany,Germany,20171017,2017-10-27,24-10-2017,1.0,3578.27,0.0,2171.2942,2171.2942,3578.27,3578.27,ERP_EXPORT_20240115
Internet,SO47277,SO47277 - 1,AW00021219,,BK-R89R-58,Australia,Australia,"Jul 24, 2018",2018-08-03,20180731,1.0,2181.5625,0.0,1320.6838,1320.6838,2181.5625,2181.5625,ERP_EXPORT_20240115
Internet,SO47267,SO47267 - 1,AW00012674,,BK-M68S-38,Australia,Australia,23-07-2018,2018-08-02,2018-07-30,1.0,2071.4196,0.0,1117.8559,1117.8559,2071.4196,2071.4196,ERP_EXPORT_20240115
Internet,SO43708,SO43708 - 1,AW00020042,,BK-R50R-52,United Kingdom,United Kingdom,2017-07-02 00:00:00,2017-07-12,"Jul 09, 2017",1.0,699.0982,0.0,413.1463,413.1463,699.0982,699.0982,ERP_EXPORT_20240115
Internet,SO48847,SO48847 - 1,AW00014336,,BK-R64Y-40,Northwest,United States,2018-12-07,2018-12-17,14-12-2018,1.0,1000.4375,0.0,605.6492,605.6492,1000.4375,1000.4375,ERP_EXPORT_20240115
INTERNET,SO46513,SO46513 - 1,AW00024418,,BK-R93R-52,Canada ,Canada,2018-05-19,2018-05-29,20180526,1.0,3578.27,0.0,2171.2942,2171.2942,3578.27,3578.27,ERP_EXPORT_20240115
Internet,SO46165,SO46165 - 1,AW00012141,,BK-R93R-62,Northwest,United States,"Apr 07, 2018",2018-04-17,"Apr 14, 2018",1.0,3578.27,0.0,2171.2942,2171.2942,3578.27,3578.27,ERP_EXPORT_20240115
Internet,SO44819,SO44819 - 1,AW00028853,,BK-R93R-52,Northwest,United States,20171102,2017-11-12,20171109,1.0,3578.27,0.0,2171.2942,2171.2942,3578.27,3578.27,ERP_EXPORT_20240115
Internet,SO48623,SO48623 - 1,AW00013108,,BK-M68S-46,Australia,Australia,19-11-2018,2018-11-29,2018-11-26,1.0,2071.4196,0.0,1117.8559,1117.8559,2071.4196,2071.4196,ERP_EXPORT_20240115
Internet,SO43791,SO43791 - 1,AW00016484,,BK-R93R-56,Australia,Australia,"Jul 12, 2017",2017-07-22,2017-07-19 00:00:00,1.0,3578.27,0.0,2171.2942,2171.2942,3578.27,3578.27,ERP_EXPORT_20240115
Internet,SO43819,SO43819 - 1,AW00011006,,BK-M82S-44,Australia,Australia,"Jul 15, 2017",2017-07-25,2017-07-22,1.0,3399.99,0.0,1912.1544,1912.1544,3399.99,3399.99,ERP_EXPORT_20240115
Internet,SO46840,SO46840 - 1,AW00013058,,BK-R89R-48,Southwest,United States,"Jun 19, 2018",2018-06-29,2018-06-26 00:00:00,1.0,2443.35,0.0,1518.7864,1518.7864,2443.35,2443.35,ERP_EXPORT_20240115
Internet,SO47611,SO47611 - 1,AW00026140,,BK-R50R-52,Australia,Australia,2018-08-23 00:00:00,2018-09-02,08/30/2018,1.0,782.99,0.0,486.7066,486.7066,782.99,782.99,ERP_EXPORT_20240115
INTERNET,SO48874,SO48874 - 1,AW00013970,,BK-M68B-42,Australia,Australia,2018-12-10 00:00:00,2018-12-20,20181217,1.0,2049.0982,0.0,1105.81,1105.81,2049.0982,2049.0982,ERP_EXPORT_20240115
Internet,SO46735,SO46735 - 1,AW00013226,,BK-R89R-58,Northwest,United States,2018-06-06,2018-06-16,06/13/2018,1.0,2181.5625,0.0,1320.6838,1320.6838,2181.5625,2181.5625,ERP_EXPORT_20240115
INTERNET,SO46229,SO46229 - 1,AW00011395,,BK-M82S-38,Germany,Germany,"Apr 16, 2018",2018-04-26,"Apr 23, 2018",1.0,3399.99,0.0,1912.1544,1912.1544,3399.99,3399.99,ERP_EXPORT_20240115
Internet ,SO47555,SO47555 - 1,AW00015674,,BK-R89R-44,Germany,Germany,"Aug 14, 2018",2018-08-24,21-08-2018,1.0,2443.35,0.0,1518.7864,1518.7864,2443.35,2443.35,ERP_EXPORT_20240115
Internet,SO47888,SO47888 - 1,AW00013050,,BK-M68S-42, Australia,Australia,20180920,2018-09-30,20180927,1.0,2071.4196,,1117.8559,1117.8559,2071.4196,2071.4196,ERP_EXPORT_20240115
Internet,SO46261,SO46261 - 1,AW00026075,,BK-M82B-38,Northwest,United States,04/20/2018,2018-04-30,2018-04-27 00:00:00,1.0,3374.99,0.0,1898.0944,1898.0944,3374.99,3374.99,ERP_EXPORT_20240115
Internet,SO47488,SO47488 - 1,AW00013426,,BK-R89B-58,Southwest,United States,2018-08-06 00:00:00,2018-08-16,"Aug 13, 2018",1.0,2181.5625,0.0,1320.6838,1320.6838,2181.5625,2181.5625,ERP_EXPORT_20240115
Internet,SO46196,SO46196 - 1,AW00012109,,BK-R93R-62,Northwest,United States,2018-04-12 00:00:00,2018-04-22,19-04-2018,1.0,3578.27,0.0,2171.2942,2171.2942,3578.27,3578.27,ERP_EXPORT_20240115
internet,SO45899,SO45899 - 1,AW00011817,,BK-R93R-62,Southwest,United States,2018-03-15,2018-03-25,"Mar 22, 2018",1.0,3578.27,0.0,2171.2942,2171.2942,3578.27,3578.27,ERP_EXPORT_20240115
Internet,SO44391,SO44391 - 1,AW00017730,,BK-R93R-52,AUSTRALIA,Australia,09/12/2017,2017-09-22,19-09-2017,1.0,3578.27,0.0,2171.2942,2171.2942,3578.27,3578.27,ERP_EXPORT_20240115
Internet,SO46190,SO46190 - 1,AW00015653,,BK-R93R-48,United Kingdom,United Kingdom,04/11/2018,2018-04-21,2018-04-18,1.0,3578.27,0.0,2171.2942,2171.2942,3578.27,3578.27,ERP_EXPORT_20240115
Internet,SO47257,SO47257 - 1,AW00014141,,BK-R89R-44,France,France,2018-07-22,2018-08-01,07/29/2018,1.0,2443.35,0.0,1518.7864,1518.7864,2443.35,2443.35,ERP_EXPORT_20240115
 Internet,SO46713,SO46713 - 1,AW00024778,,BK-R89R-58,Canada,Canada,04-06-2018,2018-06-14,2018-06-11 00:00:00,1.0,2181.5625,0.0%,1320.6838,1320.6838,2181.5625,2181.5625,ERP_EXPORT_20240115
Internet ,SO45419,SO45419 - 1,AW00019555,,BK-R93R-56,AUSTRALIA,Australia,11-01-2018,2018-01-21,18-01-2018,1.0,3578.27,0.0%,2171.2942,2171.2942,3578.27,3578.27,ERP_EXPORT_20240115
Internet,SO48859,SO48859 - 1,AW00016603,,BK-R89B-44,Germany,Germany,2018-12-09,2018-12-19,16-12-2018,1.0,2181.5625,0.0,1320.6838,1320.6838,2181.5625,2181.5625,ERP_EXPORT_20240115
Internet,SO44975,SO44975 - 1,AW00028823,,BK-R93R-44,Northwest,United States,2017-11-22,2017-12-02,29-11-2017,1.0,3578.27,0.0,2171.2942,2171.2942,3578.27,3578.27,ERP_EXPORT_20240115
internet,SO45184,SO45184 - 1,AW00025717,,BK-R50R-58,australia,Australia,18-12-2017,2017-12-28,20171225,1.0,699.0982,0.0,413.1463,413.1463,699.0982,699.0982,ERP_EXPORT_20240115
Internet,SO47206,SO47206 - 1,AW00015256,,BK-R50B-58,Southwest,United States,17-07-2018,2018-07-27,20180724,1.0,782.99,0.0,486.7066,486.7066,782.99,782.99,ERP_EXPORT_20240115
Internet,SO46602,SO46602 - 1,AW00020823,,BK-R93R-48, Australia,Australia,05/30/2018,2018-06-09,2018-06-06 00:00:00,1.0,3578.27,0.0,2171.2942,2171.2942,3578.27,3578.27,ERP_EXPORT_20240115
Internet ,SO44251,SO44251 - 1,AW00028190,,BK-R93R-44,Southwest,United States,20170826,2017-09-05,20170902,1.0,3578.27,0.0,2171.2942,2171.2942,3578.27,3578.27,ERP_EXPORT_20240115
Internet,SO44945,SO44945 - 1,AW00025710,,BK-R50R-60,Australia,Australia,20171118,2017-11-28,25-11-2017,1.0,699.0982,0.0%,413.1463,413.1463,699.0982,699.0982,ERP_EXPORT_20240115
Internet,SO47564,SO47564 - 1,AW00012210,,BK-M68S-46,United Kingdom,United Kingdom,08/16/2018,2018-08-26,23-08-2018,1.0,2071.4196,0.0,1117.8559,1117.8559,2071.4196,2071.4196,ERP_EXPORT_20240115
Internet ,SO44352,SO44352 - 1,AW00028297,,BK-R93R-44, Northwest,United States,08-09-2017,2017-09-18,09/15/2017,1.0,3578.27,0.0,2171.2942,2171.2942,3578.27,3578.27,ERP_EXPORT_20240115
Internet,SO46434,SO46434 - 1,AW00020996,,BK-R93R-52,Australia,Australia,07-05-2018,2018-05-17,2018-05-14 00:00:00,1.0,3578.27,0.0,2171.2942,2171.2942,3578.27,3578.27,ERP_EXPORT_20240115
INTERNET,SO47883,SO47883 - 1,AW00026481,,BK-M68S-38,Southwest,United States,2018-09-20 00:00:00,2018-09-30,2018-09-27 00:00:00,1.0,2071.4196,0.0%,1117.8559,1117.8559,2071.4196,2071.4196,ERP_EXPORT_20240115
Internet,SO45937,SO45937 - 1,AW00014824,,BK-R93R-48, Germany,Germany,2018-03-20 00:00:00,2018-03-30,20180327,1.0,3578.27,0.0,2171.2942,2171.2942,3578.27,3578.27,ERP_EXPORT_20240115
Internet,SO47577,SO47577 - 1,,,BK-R89R-52,Australia,Australia,08/18/2018,2018-08-28,25-08-2018,1.4,2443.35,,1518.7864,1518.7864,-2443.35,-2443.35,ERP_EXPORT_20240115
Internet,SO45678,SO45678 - 1,AW00011281,,BK-R93R-52,SOUTHWEST,United States,2018-02-13,2018-02-23,"Feb 20, 2018",1.0,3578.27,0.0,2171.2942,2171.2942,3578.27,3578.27,ERP_EXPORT_20240115
Internet,SO47211,SO47211 - 1,AW00012578,,BK-M68B-46,Australia,Australia,20180717,2018-07-27,24-07-2018,1.0,2049.0982,0.0,1105.81,1105.81,2049.0982,2049.0982,ERP_EXPORT_20240115
Internet,SO45346,SO45346 - 1,AW00028648,,BK-R93R-48,Canada,Canada,2018-01-01 00:00:00,2018-01-11,"Jan 08, 2018",1.0,3578.27,0.0%,2171.2942,2171.2942,3578.27,3578.27,ERP_EXPORT_20240115
Internet,SO46908,SO46908 - 1,AW00021189,,BK-R89R-52,Australia ,Australia,28-06-2018,2018-07-08,2018-07-05,1.0,2443.35,0.0,1518.7864,1518.7864,2443.35,2443.35,ERP_EXPORT_20240115
Internet,SO47233,SO47233 - 1,AW00016250,,BK-R89B-58,United Kingdom,United Kingdom,"Jul 20, 2018",2018-07-30,07/27/2018,1.0,2181.5625,0.0,1320.6838,1320.6838,2181.5625,2181.5625,ERP_EXPORT_20240115
Internet,SO45914,SO45914 - 1,AW00011929,,BK-M82B-42,Australia,Australia,03/16/2018,2018-03-26,03/23/2018,1.0,3374.99,0.0,1898.0944,1898.0944,3374.99,3374.99,ERP_EXPORT_20240115
Internet,SO48641,SO48641 - 1,AW00013524,,BK-M68S-42,Australia,Australia,"Nov 21, 2018",2018-12-01,28-11-2018,1.0,2071.4196,0.0,1117.8559,1117.8559,2071.4196,2071.4196,ERP_EXPORT_20240115
Internet,SO46300,SO46300 - 1,AW00020452,,BK-R93R-56,AUSTRALIA,Australia,2018-04-25 00:00:00,2018-05-05,2018-05-02 00:00:00,1.0,3578.27,0.0,2171.2942,2171.2942,3578.27,3578.27,ERP_EXPORT_20240115
Internet,SO46549,SO46549 - 1,AW00012452,,BK-R93R-52, Northwest,United States,"May 23, 2018",2018-06-02,2018-05-30 00:00:00,1.0,3578.27,0.0,2171.2942,2171.2942,3578.27,3578.27,ERP_EXPORT_20240115
Internet,SO44844,SO44844 - 1,AW00029139,,BK-R93R-56,southwest,United States,11/06/2017,2017-11-16,"Nov 13, 2017",1.0,3578.27,0.0,2171.2942,2171.2942,3578.27,3578.27,ERP_EXPORT_20240115
internet,SO46403,SO46403 - 1,AW00014990,,BK-R93R-56,Germany,Germany,05/02/2018,2018-05-12,2018-05-09 00:00:00,1.0,3578.27,0.0,2171.2942,2171.2942,3578.27,3578.27,ERP_EXPORT_20240115
Internet,SO48829,SO48829 - 1,AW00023121,,BK-R89R-44,Australia,Australia,2018-12-04 00:00:00,2018-12-14,11-12-2018,1.0,2443.35,0.0,1518.7864,1518.7864,2443.35,2443.35,ERP_EXPORT_20240115
Internet,SO45392,SO45392 - 1,AW00011762,,BK-M82S-38,Australia,Australia,01/07/2018,2018-01-17,01/14/2018,1.0,3399.99,0.0,1912.1544,1912.1544,3399.99,3399.99,ERP_EXPORT_20240115
Internet ,SO47556,SO47556 - 1,AW00014701,,BK-R89B-58,France ,France,20180815,2018-08-25,2018-08-22,1.0,2181.5625,0.0,1320.6838,1320.6838,2181.5625,2181.5625,ERP_EXPORT_20240115
Internet,SO48488,SO48488 - 1,AW00012229,,BK-M68S-42,Germany,Germany,20181108,2018-11-18,2018-11-15 00:00:00,1.0,2071.4196,0.0%,1117.8559,1117.8559,2071.4196,2071.4196,ERP_EXPORT_20240115
Internet,SO46587,SO46587 - 1,AW00012448,,BK-R93R-56,Northwest,United States,05/28/2018,2018-06-07,20180604,1.0,3578.27,0.0%,2171.2942,2171.2942,3578.27,3578.27,ERP_EXPORT_20240115
Internet,SO45399,SO45399 - 1,,,BK-R93R-44,Australia,Australia,"Jan 09, 2018",2018-01-19,16-01-2018,1.5,3578.27,,2171.2942,2171.2942,-3578.27,-3578.27,ERP_EXPORT_20240115
Internet,SO45110,SO45110 - 1,AW00018710,,BK-R93R-44,Australia,Australia,12/07/2017,2017-12-17,2017-12-14,1.0,3578.27,0.0,2171.2942,2171.2942,3578.27,3578.27,ERP_EXPORT_20240115
Internet,SO46218,SO46218 - 1,AW00012820,,BK-R93R-52,France,France,2018-04-15 00:00:00,2018-04-25,22-04-2018,1.0,3578.27,0.0,2171.2942,2171.2942,3578.27,3578.27,ERP_EXPORT_20240115
Internet,SO47077,SO47077 - 1,AW00016329,,BK-R89R-48,United Kingdom,United Kingdom,2018-07-02,2018-07-12,09-07-2018,1.0,2443.35,0.0,1518.7864,1518.7864,2443.35,2443.35,ERP_EXPORT_20240115
Internet,SO44577,SO44577 - 1,AW00028667,,BK-R93R-56,northwest,United States,2017-10-02 00:00:00,2017-10-12,"Oct 09, 2017",1.0,3578.27,0.0%,2171.2942,2171.2942,3578.27,3578.27,ERP_EXPORT_20240115
Internet,SO45462,SO45462 - 1,AW00028647,,BK-R93R-62,Canada,Canada,2018-01-20 00:00:00,2018-01-30,27-01-2018,1.0,3578.27,0.0,2171.2942,2171.2942,3578.27,3578.27,ERP_EXPORT_20240115
Internet,SO48850,SO48850 - 1,AW00029361,,BK-M68S-38,France,France,2018-12-08,2018-12-18,12/15/2018,1.0,2071.4196,0.0,1117.8559,1117.8559,2071.4196,2071.4196,ERP_EXPORT_20240115
INTERNET,SO48888,SO48888 - 1,AW00015482,,BK-R50R-48,Southwest,United States,20181212,2018-12-22,20181219,1.0,782.99,0.0,486.7066,486.7066,782.99,782.99,ERP_EXPORT_20240115
Internet,SO48901,SO48901 - 1,AW00013960,,BK-M68S-38,Australia,Australia,12/13/2018,2018-12-23,20-12-2018,1.0,2071.4196,0.0,1117.8559,1117.8559,2071.4196,2071.4196,ERP_EXPORT_20240115
Internet,SO46533,SO46533 - 1,AW00026106,,BK-M82B-38,Southwest,United States,2018-05-21,2018-05-31,05/28/2018,1.0,3374.99,0.0,1898.0944,1898.0944,3374.99,3374.99,ERP_EXPORT_20240115
Internet,SO48711,SO48711 - 1,AW00015410,,BK-R50R-44,Southwest,United States,28-11-2018,2018-12-08,"Dec 05, 2018",1.0,782.99,,486.7066,486.7066,782.99,782.99,ERP_EXPORT_20240115
Internet,SO46013,SO46013 - 1,AW00011705,,BK-R93R-44,Southwest,United States,30-03-2018,2018-04-09,06-04-2018,1.0,3578.27,0.0,2171.2942,2171.2942,3578.27,3578.27,ERP_EXPORT_20240115
Internet,SO48933,SO48933 - 1,AW00026694,,BK-M68B-46,Northwest,United States,12/17/2018,2018-12-27,2018-12-24,1.0,2049.0982,0.0,1105.81,1105.81,2049.0982,2049.0982,ERP_EXPORT_20240115
Internet,SO43834,SO43834 - 1,AW00028393,,BK-M82B-38,France,France,"Jul 16, 2017",2017-07-26,07/23/2017,1.0,3374.99,0.0,1898.0944,1898.0944,3374.99,3374.99,ERP_EXPORT_20240115
Internet,SO47842,SO47842 - 1,AW00015338,,BK-R50R-60,Southwest,United States,15-09-2018,2018-09-25,2018-09-22,1.0,782.99,0.0,486.7066,486.7066,782.99,782.99,ERP_EXPORT_20240115
Internet,SO43774,SO43774 - 1,AW00016348,,BK-R93R-52, Australia,Australia,20170710,2017-07-20,20170717,1.0,3578.27,0.0,2171.2942,2171.2942,3578.27,3578.27,ERP_EXPORT_20240115
 Internet,SO46455,SO46455 - 1,AW00015669,,BK-R93R-56,United Kingdom ,United Kingdom,05/10/2018,2018-05-20,2018-05-17,1.0,3578.27,0.0,2171.2942,2171.2942,3578.27,3578.27,ERP_EXPORT_20240115
Internet,SO44686,SO44686 - 1,AW00014712,,BK-R93R-52,United Kingdom,United Kingdom,20171020,2017-10-30,27-10-2017,1.0,3578.27,0.0,2171.2942,2171.2942,3578.27,3578.27,ERP_EXPORT_20240115
Internet,SO45458,SO45458 - 1,AW00019599,,BK-R93R-44,Australia,Australia,01/19/2018,2018-01-29,26-01-2018,1.0,3578.27,0.0,2171.2942,2171.2942,3578.27,3578.27,ERP_EXPORT_20240115
Internet,SO46181,SO46181 - 1,AW00012004,,BK-M82B-38,Australia,Australia,2018-04-10,2018-04-20,20180417,1.0,3374.99,0.0,1898.0944,1898.0944,3374.99,3374.99,ERP_EXPORT_20240115
Internet,SO48893,SO48893 - 1,AW00017772,,BK-R89B-52,United Kingdom,United Kingdom,13-12-2018,2018-12-23,2018-12-20 00:00:00,1.0,2181.5625,0.0,1320.6838,1320.6838,2181.5625,2181.5625,ERP_EXPORT_20240115
Internet,SO48152,SO48152 - 1,AW00026536,,BK-M68S-38,Southwest ,United States,11-10-2018,2018-10-21,18-10-2018,1.0,2071.4196,0.0,1117.8559,1117.8559,2071.4196,2071.4196,ERP_EXPORT_20240115
Internet,SO48138,SO48138 - 1,AW00014818,,BK-R89B-44,France,France,"Oct 09, 2018",2018-10-19,2018-10-16 00:00:00,1.0,2181.5625,0.0,1320.6838,1320.6838,2181.5625,2181.5625,ERP_EXPORT_20240115
Internet,SO45580,SO45580 - 1,AW00014428,,BK-R93R-62,germany,Germany,2018-01-29,2018-02-08,2018-02-05 00:00:00,1.0,3578.27,0.0,2171.2942,2171.2942,3578.27,3578.27,ERP_EXPORT_20240115
INTERNET,SO46191,SO46191 - 1,AW00014956,,BK-R93R-62,Germany ,Germany,"Apr 11, 2018",2018-04-21,20180418,1.0,3578.27,0.0,2171.2942,2171.2942,3578.27,3578.27,ERP_EXPORT_20240115
Internet,SO45463,SO45463 - 1,AW00011171,,BK-R93R-48,Southwest,United States,2018-01-20,2018-01-30,01/27/2018,1.0,3578.27,0.0,2171.2942,2171.2942,3578.27,3578.27,ERP_EXPORT_20240115
 Internet,SO47168,SO47168 - 1,AW00013286,,BK-R89B-52,Northwest,United States,07/13/2018,2018-07-23,20180720,1.0,2181.5625,0.0,1320.6838,1320.6838,2181.5625,2181.5625,ERP_EXPORT_20240115
Internet,SO48833,SO48833 - 1,AW00023118,,BK-R89B-44,Australia,Australia,2018-12-05,2018-12-15,2018-12-12 00:00:00,1.0,2181.5625,0.0,1320.6838,1320.6838,2181.5625,2181.5625,ERP_EXPORT_20240115
Internet,SO47958,SO47958 - 1,AW00015349,,BK-R50R-48,Southwest,United States,09/30/2018,2018-10-10,10/07/2018,1.0,782.99,0.0,486.7066,486.7066,782.99,782.99,ERP_EXPORT_20240115
Internet,SO47527,SO47527 - 1,AW00028559,,BK-M68B-42, France,France,11-08-2018,2018-08-21,20180818,1.0,2049.0982,0.0,1105.81,1105.81,2049.0982,2049.0982,ERP_EXPORT_20240115
INTERNET,SO44207,SO44207 - 1,AW00028162,,BK-R93R-52,Southwest,United States,18-08-2017,2017-08-28,2017-08-25 00:00:00,1.0,3578.27,0.0,2171.2942,2171.2942,3578.27,3578.27,ERP_EXPORT_20240115
Internet,SO46244,SO46244 - 1,AW00013504,,BK-R93R-62,France,France,2018-04-17 00:00:00,2018-04-27,24-04-2018,1.0,3578.27,0.0,2171.2942,2171.2942,3578.27,3578.27,ERP_EXPORT_20240115
Internet,SO44163,SO44163 - 1,AW00028193,,BK-R93R-56,Southwest ,United States,20170808,2017-08-18,2017-08-15 00:00:00,1.0,3578.27,0.0,2171.2942,2171.2942,3578.27,3578.27,ERP_EXPORT_20240115
Internet,SO47632,SO47632 - 1,AW00027060,,BK-R50B-52,Canada,Canada,2018-08-26 00:00:00,2018-09-05,"Sep 02, 2018",1.0,782.99,0.0,486.7066,486.7066,782.99,782.99,ERP_EXPORT_20240115
Internet,SO47768,SO47768 - 1,AW00021985,,BK-R89R-58,AUSTRALIA,Australia,20180905,2018-09-15,2018-09-12,1.0,2181.5625,0.0,1320.6838,1320.6838,2181.5625,2181.5625,ERP_EXPORT_20240115
Internet,SO46835,SO46835 - 1,AW00013768,,BK-R89R-58,FRANCE,France,2018-06-19 00:00:00,2018-06-29,2018-06-26 00:00:00,1.0,2181.5625,0.0,1320.6838,1320.6838,2181.5625,2181.5625,ERP_EXPORT_20240115
Internet,SO45849,SO45849 - 1,AW00020154,,BK-R93R-48,Australia,Australia,20180306,2018-03-16,"Mar 13, 2018",1.0,3578.27,0.0,2171.2942,2171.2942,3578.27,3578.27,ERP_EXPORT_20240115
Internet,SO45182,SO45182 - 1,AW00018769,,BK-R93R-48,Australia,Australia,18-12-2017,2017-12-28,25-12-2017,1.0,3578.27,0.0%,2171.2942,2171.2942,3578.27,3578.27,ERP_EXPORT_20240115
Internet,SO48709,SO48709 - 1,AW00014268,,BK-R64Y-38,Southwest,United States,2018-11-28,2018-12-08,"Dec 05, 2018",1.0,1000.4375,0.0,605.6492,605.6492,1000.4375,1000.4375,ERP_EXPORT_20240115
internet,SO46273,SO46273 - 1,AW00026060,,BK-M82B-48,Southwest,United States,22-04-2018,2018-05-02,"Apr 29, 2018",1.0,3374.99,0.0,1898.0944,1898.0944,3374.99,3374.99,ERP_EXPORT_20240115
Internet,SO47642,SO47642 - 1,AW00017109,,BK-R64Y-40,France,France,29-08-2018,2018-09-08,2018-09-05,1.0,1000.4375,0.0,605.6492,605.6492,1000.4375,1000.4375,ERP_EXPORT_20240115
INTERNET,SO46847,SO46847 - 1,AW00013793,,BK-R89R-58,France ,France,2018-06-20,2018-06-30,2018-06-27,1.0,2181.5625,0.0,1320.6838,1320.6838,2181.5625,2181.5625,ERP_EXPORT_20240115
Internet,SO48187,SO48187 - 1,AW00020862,,BK-R50B-60,United Kingdom,United Kingdom,2018-10-17,2018-10-27,24-10-2018,1.0,782.99,0.0,486.7066,486.7066,782.99,782.99,ERP_EXPORT_20240115
Internet,SO45486,SO45486 - 1,AW00014737,,BK-R50R-62,Northwest,United States,01/24/2018,2018-02-03,"Jan 31, 2018",1.0,699.0982,0.0,413.1463,413.1463,699.0982,699.0982,ERP_EXPORT_20240115
Internet,SO44152,SO44152 - 1,AW00011334,,BK-M82S-44,United Kingdom,United Kingdom,2017-08-06,2017-08-16,"Aug 13, 2017",1.0,3399.99,0.0,1912.1544,1912.1544,3399.99,3399.99,ERP_EXPORT_20240115
Internet,SO45863,SO45863 - 1,AW00011873,,BK-R93R-56,Southwest,United States,2018-03-09 00:00:00,2018-03-19,"Mar 16, 2018",1.0,3578.27,0.0,2171.2942,2171.2942,3578.27,3578.27,ERP_EXPORT_20240115
internet,SO47950,SO47950 - 1,AW00026484,,BK-M68S-46,Southwest ,United States,29-09-2018,2018-10-09,10/06/2018,1.0,2071.4196,0.0%,1117.8559,1117.8559,2071.4196,2071.4196,ERP_EXPORT_20240115
Internet,SO46460,SO46460 - 1,AW00012438,,BK-R93R-48,SOUTHWEST,United States,"May 11, 2018",2018-05-21,20180518,1.0,3578.27,0.0%,2171.2942,2171.2942,3578.27,3578.27,ERP_EXPORT_20240115
Internet,SO46688,SO46688 - 1,AW00012929,,BK-R89R-48,northwest,United States,20180602,2018-06-12,20180609,1.0,2443.35,0.0,1518.7864,1518.7864,2443.35,2443.35,ERP_EXPORT_20240115
Internet,SO45917,SO45917 - 1,AW00011332,,BK-M82S-44,Germany,Germany,17-03-2018,2018-03-27,2018-03-24,1.0,3399.99,0.0%,1912.1544,1912.1544,3399.99,3399.99,ERP_EXPORT_20240115
internet,SO46271,SO46271 - 1,AW00012172,,BK-R93R-52,Southwest,United States,04/22/2018,2018-05-02,04/29/2018,1.0,3578.27,0.0,2171.2942,2171.2942,3578.27,3578.27,ERP_EXPORT_20240115
 Internet,SO44031,SO44031 - 1,AW00013689,,BK-R93R-52,United Kingdom,United Kingdom,2017-07-29 00:00:00,2017-08-08,2017-08-05,1.0,3578.27,0.0,2171.2942,2171.2942,3578.27,3578.27,ERP_EXPORT_20240115
Internet,SO47828,SO47828 - 1,AW00021984,,BK-R89R-44,Australia,Australia,09/13/2018,2018-09-23,09/20/2018,1.0,2443.35,0.0,1518.7864,1518.7864,2443.35,2443.35,ERP_EXPORT_20240115
Internet,SO46437,SO46437 - 1,AW00015054,,BK-R93R-52,Germany,Germany,20180508,2018-05-18,2018-05-15 00:00:00,1.0,3578.27,0.0,2171.2942,2171.2942,3578.27,3578.27,ERP_EXPORT_20240115
 Internet,SO44652,SO44652 - 1,AW00028407,,BK-M82B-44,France,France,10/14/2017,2017-10-24,20171021,1.0,3374.99,0.0,1898.0944,1898.0944,3374.99,3374.99,ERP_EXPORT_20240115
Internet,SO44927,SO44927 - 1,AW00011448,,BK-M82B-38,AUSTRALIA,Australia,20171116,2017-11-26,2017-11-23,1.0,3374.99,0.0%,1898.0944,1898.0944,3374.99,3374.99,ERP_EXPORT_20240115
Internet,SO46776,SO46776 - 1,AW00012356,,BK-M68B-42,Australia,Australia,11-06-2018,2018-06-21,2018-06-18,1.0,2049.0982,0.0%,1105.81,1105.81,2049.0982,2049.0982,ERP_EXPORT_20240115
Internet,SO46424,SO46424 - 1,AW00012435,,BK-R93R-48,Southwest,United States,2018-05-06,2018-05-16,13-05-2018,1.0,3578.27,0.0,2171.2942,2171.2942,3578.27,3578.27,ERP_EXPORT_20240115
Internet ,SO43830,SO43830 - 1,AW00016347,,BK-R93R-44,Australia,Australia,20170716,2017-07-26,"Jul 23, 2017",1.0,3578.27,0.0,2171.2942,2171.2942,3578.27,3578.27,ERP_EXPORT_20240115
INTERNET,SO46246,SO46246 - 1,AW00012143,,BK-R93R-56,Northwest,United States,20180418,2018-04-28,25-04-2018,1.0,3578.27,0.0,2171.2942,2171.2942,3578.27,3578.27,ERP_EXPORT_20240115
Internet ,SO46159,SO46159 - 1,AW00011996,,BK-M82B-48,Australia,Australia,06-04-2018,2018-04-16,2018-04-13,1.0,3374.99,0.0%,1898.0944,1898.0944,3374.99,3374.99,ERP_EXPORT_20240115
INTERNET,SO45818,SO45818 - 1,AW00014868,,BK-R50R-48,Southwest,United States,"Mar 01, 2018",2018-03-11,03/08/2018,1.0,699.0982,0.0%,413.1463,413.1463,699.0982,699.0982,ERP_EXPORT_20240115
Internet,SO44151,SO44151 - 1,AW00025558,,BK-R50R-48,Australia ,Australia,08/05/2017,2017-08-15,12-08-2017,1.0,699.0982,0.0,413.1463,413.1463,699.0982,699.0982,ERP_EXPORT_20240115
Internet,SO44617,SO44617 - 1,AW00028666,,BK-R93R-52,Northwest,United States,2017-10-08,2017-10-18,10/15/2017,1.0,3578.27,0.0%,2171.2942,2171.2942,3578.27,3578.27,ERP_EXPORT_20240115
Internet,SO46534,SO46534 - 1,AW00020620,,BK-R93R-48,Australia,Australia,"May 21, 2018",2018-05-31,28-05-2018,1.0,3578.27,0.0,2171.2942,2171.2942,3578.27,3578.27,ERP_EXPORT_20240115
Internet,SO48108,SO48108 - 1,AW00024905,,BK-R64Y-48,Australia,Australia,03-10-2018,2018-10-13,20181010,1.0,1000.4375,0.0,605.6492,605.6492,1000.4375,1000.4375,ERP_EXPORT_20240115
Internet ,SO44430,SO44430 - 1,AW00017927,,BK-R93R-52,Australia,Australia,2017-09-20 00:00:00,2017-09-30,20170927,1.0,3578.27,0.0,2171.2942,2171.2942,3578.27,3578.27,ERP_EXPORT_20240115
Internet ,SO46585,SO46585 - 1,AW00015050,,BK-R93R-56,germany,Germany,"May 28, 2018",2018-06-07,2018-06-04,1.0,3578.27,0.0,2171.2942,2171.2942,3578.27,3578.27,ERP_EXPORT_20240115
Internet,SO43809,SO43809 - 1,AW00016350,,BK-R93R-62,Australia,Australia,2017-07-14,2017-07-24,2017-07-21,1.0,3578.27,0.0,2171.2942,2171.2942,3578.27,3578.27,ERP_EXPORT_20240115
Internet,SO44403,SO44403 - 1,AW00019844,,BK-M82B-44,Canada,Canada,"Sep 15, 2017",2017-09-25,22-09-2017,1.0,3374.99,0.0,1898.0944,1898.0944,3374.99,3374.99,ERP_EXPORT_20240115
INTERNET,SO43997,SO43997 - 1,AW00028022,,BK-R93R-62,southwest,United States,"Jul 25, 2017",2017-08-04,08/01/2017,1.0,3578.27,0.0,2171.2942,2171.2942,3578.27,3578.27,ERP_EXPORT_20240115
Internet,SO44685,SO44685 - 1,AW00018249,,BK-R93R-62,Australia,Australia,"Oct 19, 2017",2017-10-29,2017-10-26,1.0,3578.27,0.0,2171.2942,2171.2942,3578.27,3578.27,ERP_EXPORT_20240115
Internet,SO47927,SO47927 - 1,AW00026188,,BK-R50R-52,Australia,Australia,2018-09-25 00:00:00,2018-10-05,"Oct 02, 2018",1.0,782.99,,486.7066,486.7066,782.99,782.99,ERP_EXPORT_20240115
Internet,SO48253,SO48253 - 1,AW00014926,,BK-R89R-48,France,France,20181027,2018-11-06,2018-11-03 00:00:00,1.0,2443.35,0.0,1518.7864,1518.7864,2443.35,2443.35,ERP_EXPORT_20240115
Internet,SO45641,SO45641 - 1,AW00023306,,BK-R93R-44,Canada,Canada,07-02-2018,2018-02-17,02/14/2018,1.0,3578.27,0.0,2171.2942,2171.2942,3578.27,3578.27,ERP_EXPORT_20240115
Internet,SO46843,SO46843 - 1,AW00021168,,BK-R89B-48,Australia,Australia,20180619,2018-06-29,2018-06-26 00:00:00,1.0,2181.5625,0.0%,1320.6838,1320.6838,2181.5625,2181.5625,ERP_EXPORT_20240115
Internet,SO48947,SO48947 - 1,AW00013957,,BK-M68S-38,Australia,Australia,12/19/2018,2018-12-29,20181226,1.0,2071.4196,0.0,1117.8559,1117.8559,2071.4196,2071.4196,ERP_EXPORT_20240115
Internet,SO48564,SO48564 - 1,AW00017218,,BK-R89B-48,United Kingdom ,United Kingdom,"Nov 14, 2018",2018-11-24,20181121,1.0,2181.5625,,1320.6838,1320.6838,2181.5625,2181.5625,ERP_EXPORT_20240115
Internet,SO45666,SO45666 - 1,AW00014738,,BK-R50R-44,Southwest,United States,20180211,2018-02-21,18-02-2018,1.0,699.0982,0.0,413.1463,413.1463,699.0982,699.0982,ERP_EXPORT_20240115
Internet,SO48539,SO48539 - 1,,,BK-R89B-52,Australia ,Australia,20181112,2018-11-22,11/19/2018,1.3,2181.5625,,1320.6838,1320.6838,-2181.5625,-2181.5625,ERP_EXPORT_20240115
INTERNET,SO47480,SO47480 - 1,AW00021568,,BK-R89R-58,Australia,Australia,2018-08-04,2018-08-14,11-08-2018,1.0,2181.5625,0.0,1320.6838,1320.6838,2181.5625,2181.5625,ERP_EXPORT_20240115
Internet,SO44871,SO44871 - 1,AW00011363,,BK-M82S-42,Australia,Australia,08-11-2017,2017-11-18,20171115,1.0,3399.99,0.0,1912.1544,1912.1544,3399.99,3399.99,ERP_EXPORT_20240115
Internet ,SO43961,SO43961 - 1,AW00028031,,BK-R93R-44,Southwest,United States,2017-07-22 00:00:00,2017-08-01,2017-07-29,1.0,3578.27,0.0,2171.2942,2171.2942,3578.27,3578.27,ERP_EXPORT_20240115
Internet,SO45669,SO45669 - 1,AW00011528,,BK-R93R-56,Southwest,United States,02/12/2018,2018-02-22,19-02-2018,1.0,3578.27,0.0,2171.2942,2171.2942,3578.27,3578.27,ERP_EXPORT_20240115
INTERNET,SO47228,SO47228 - 1,AW00013237,,BK-R89B-48,Southwest ,United States,19-07-2018,2018-07-29,"Jul 26, 2018",1.0,2181.5625,0.0,1320.6838,1320.6838,2181.5625,2181.5625,ERP_EXPORT_20240115
Internet,SO44971,SO44971 - 1,AW00028989,,BK-R93R-52,Northwest,United States,"Nov 21, 2017",2017-12-01,2017-11-28 00:00:00,1.0,3578.27,0.0,2171.2942,2171.2942,3578.27,3578.27,ERP_EXPORT_20240115
Internet,SO46418,SO46418 - 1,AW00020988,,BK-R93R-48,Australia,Australia,"May 05, 2018",2018-05-15,2018-05-12,1.0,3578.27,0.0,2171.2942,2171.2942,3578.27,3578.27,ERP_EXPORT_20240115
Internet,SO47160,SO47160 - 1,AW00021403,,BK-R89R-48,australia,Australia,20180712,2018-07-22,2018-07-19,1.0,2443.35,0.0,1518.7864,1518.7864,2443.35,2443.35,ERP_EXPORT_20240115
Internet,SO45873,SO45873 - 1,AW00011925,,BK-R93R-56,northwest,United States,2018-03-11,2018-03-21,03/18/2018,1.0,3578.27,0.0,2171.2942,2171.2942,3578.27,3578.27,ERP_EXPORT_20240115
Internet ,SO43814,SO43814 - 1,AW00025866,,BK-M82B-44,Northwest,United States,20170715,2017-07-25,2017-07-22,1.0,3374.99,0.0,1898.0944,1898.0944,3374.99,3374.99,ERP_EXPORT_20240115
Internet,SO44605,SO44605 - 1,AW00028672,,BK-R93R-56,southwest,United States,2017-10-07,2017-10-17,2017-10-14,1.0,3578.27,0.0,2171.2942,2171.2942,3578.27,3578.27,ERP_EXPORT_20240115
INTERNET,SO46201,SO46201 - 1,AW00020610,,BK-R93R-56,Australia,Australia,04/12/2018,2018-04-22,20180419,1.0,3578.27,0.0,2171.2942,2171.2942,3578.27,3578.27,ERP_EXPORT_20240115
Internet,SO43702,SO43702 - 1,AW00027645,,BK-R93R-44,Southwest,United States,01-07-2017,2017-07-11,2017-07-08,1.0,3578.27,0.0,2171.2942,2171.2942,3578.27,3578.27,ERP_EXPORT_20240115
Internet,SO43770,SO43770 - 1,AW00027614,,BK-R93R-48,NORTHWEST,United States,20170710,2017-07-20,2017-07-17,1.0,3578.27,0.0,2171.2942,2171.2942,3578.27,3578.27,ERP_EXPORT_20240115
Internet,SO45999,SO45999 - 1,AW00023583,,BK-R93R-44,CANADA,Canada,2018-03-29,2018-04-08,"Apr 05, 2018",1.0,3578.27,0.0,2171.2942,2171.2942,3578.27,3578.27,ERP_EXPORT_20240115
Internet,SO44340,SO44340 - 1,AW00017354,,BK-R93R-56,Australia,Australia,09/05/2017,2017-09-15,"Sep 12, 2017",1.0,3578.27,0.0,2171.2942,2171.2942,3578.27,3578.27,ERP_EXPORT_20240115
Internet,SO43703,SO43703 - 1,AW00016624,,BK-R93R-62,Australia,Australia,2017-07-01 00:00:00,2017-07-11,2017-07-08,1.0,3578.27,0.0%,2171.2942,2171.2942,3578.27,3578.27,ERP_EXPORT_20240115
Internet ,SO45391,SO45391 - 1,AW00019588,,BK-R93R-52,Australia,Australia,01/07/2018,2018-01-17,"Jan 14, 2018",1.0,3578.27,0.0,2171.2942,2171.2942,3578.27,3578.27,ERP_EXPORT_20240115
Internet,SO44947,SO44947 - 1,AW00011446,,BK-M82S-44,Australia,Australia,20171118,2017-11-28,2017-11-25 00:00:00,1.0,3399.99,0.0%,1912.1544,1912.1544,3399.99,3399.99,ERP_EXPORT_20240115
Internet,SO47204,SO47204 - 1,AW00025371,,BK-R89B-52,Canada,Canada,"Jul 17, 2018",2018-07-27,"Jul 24, 2018",1.0,2181.5625,0.0,1320.6838,1320.6838,2181.5625,2181.5625,ERP_EXPORT_20240115
Internet ,SO44011,SO44011 - 1,AW00013514,,BK-R93R-62,Germany,Germany,"Jul 26, 2017",2017-08-05,"Aug 02, 2017",1.0,3578.27,0.0%,2171.2942,2171.2942,3578.27,3578.27,ERP_EXPORT_20240115
Internet,SO45128,SO45128 - 1,AW00018726,,BK-R93R-62,Australia,Australia,2017-12-10,2017-12-20,2017-12-17,1.0,3578.27,0.0%,2171.2942,2171.2942,3578.27,3578.27,ERP_EXPORT_20240115
Internet,SO47199,SO47199 - 1,AW00020051,,BK-R50R-60,Germany,Germany,16-07-2018,2018-07-26,23-07-2018,1.0,782.99,0.0,486.7066,486.7066,782.99,782.99,ERP_EXPORT_20240115
Internet,SO44015,SO44015 - 1,AW00013693,,BK-R93R-44,United Kingdom ,United Kingdom,"Jul 27, 2017",2017-08-06,2017-08-03 00:00:00,1.0,3578.27,0.0,2171.2942,2171.2942,3578.27,3578.27,ERP_EXPORT_20240115
Internet ,SO47736,SO47736 - 1,AW00012705,,BK-M68B-38,Australia,Australia,08/31/2018,2018-09-10,20180907,1.0,2049.0982,0.0%,1105.81,1105.81,2049.0982,2049.0982,ERP_EXPORT_20240115
Internet,SO45227,SO45227 - 1,AW00014726,,BK-R50R-60,Northwest ,United States,"Dec 25, 2017",2018-01-04,01/01/2018,1.0,699.0982,0.0,413.1463,413.1463,699.0982,699.0982,ERP_EXPORT_20240115
Internet,SO48180,SO48180 - 1,AW00016316,,BK-R89B-58,Germany ,Germany,2018-10-16 00:00:00,2018-10-26,2018-10-23,1.0,2181.5625,0.0%,1320.6838,1320.6838,2181.5625,2181.5625,ERP_EXPORT_20240115
INTERNET,SO47606,SO47606 - 1,AW00015928,,BK-R89B-48,Germany,Germany,23-08-2018,2018-09-02,2018-08-30 00:00:00,1.0,2181.5625,0.0,1320.6838,1320.6838,2181.5625,2181.5625,ERP_EXPORT_20240115
internet,SO47171,SO47171 - 1,AW00021552,,BK-R89B-44,Australia,Australia,"Jul 13, 2018",2018-07-23,20-07-2018,1.0,2181.5625,0.0%,1320.6838,1320.6838,2181.5625,2181.5625,ERP_EXPORT_20240115
Internet,SO47281,SO47281 - 1,AW00017099,,BK-R64Y-48,France,France,25-07-2018,2018-08-04,2018-08-01,1.0,1000.4375,0.0,605.6492,605.6492,1000.4375,1000.4375,ERP_EXPORT_20240115
Internet,SO45733,SO45733 - 1,AW00011624,,BK-R93R-44,Southwest,United States,"Feb 21, 2018",2018-03-03,"Feb 28, 2018",1.0,3578.27,0.0,2171.2942,2171.2942,3578.27,3578.27,ERP_EXPORT_20240115
Internet,SO45852,SO45852 - 1,AW00018143,,BK-R50B-48, France,France,2018-03-07,2018-03-17,2018-03-14 00:00:00,1.0,699.0982,0.0,413.1463,413.1463,699.0982,699.0982,ERP_EXPORT_20240115
Internet,SO48659,SO48659 - 1,AW00028749,,BK-M68B-46,France,France,2018-11-23,2018-12-03,2018-11-30,1.0,2049.0982,0.0,1105.81,1105.81,2049.0982,2049.0982,ERP_EXPORT_20240115
Internet,SO47857,SO47857 - 1,,,BK-M68B-42,Australia,Australia,17-09-2018,2018-09-27,2018-09-24 00:00:00,1.7,2049.0982,,1105.81,1105.81,-2049.0982,-2049.0982,ERP_EXPORT_20240115
Internet,SO47321,SO47321 - 1,AW00013354,,BK-R89B-44,Northwest,United States,"Jul 28, 2018",2018-08-07,2018-08-04 00:00:00,1.0,2181.5625,0.0,1320.6838,1320.6838,2181.5625,2181.5625,ERP_EXPORT_20240115
Internet,SO48625,SO48625 - 1,AW00026547,,BK-R50B-62,Australia,Australia,2018-11-19 00:00:00,2018-11-29,2018-11-26,1.0,782.99,0.0%,486.7066,486.7066,782.99,782.99,ERP_EXPORT_20240115
Internet,SO48221,SO48221 - 1,AW00015365,,BK-R50B-62,SOUTHWEST,United States,2018-10-22,2018-11-01,20181029,1.0,782.99,0.0,486.7066,486.7066,782.99,782.99,ERP_EXPORT_20240115
INTERNET,SO46321,SO46321 - 1,AW00014894,,BK-R50R-52,northwest,United States,"Apr 30, 2018",2018-05-10,2018-05-07,1.0,699.0982,0.0,413.1463,413.1463,699.0982,699.0982,ERP_EXPORT_20240115
Internet,SO47825,SO47825 - 1,AW00020560,,BK-R50R-58,Germany,Germany,2018-09-13 00:00:00,2018-09-23,20180920,1.0,782.99,0.0,486.7066,486.7066,782.99,782.99,ERP_EXPORT_20240115
Internet,SO46828,SO46828 - 1,AW00013990,,BK-R64Y-42,Northwest,United States,20180618,2018-06-28,2018-06-25,1.0,1000.4375,0.0,605.6492,605.6492,1000.4375,1000.4375,ERP_EXPORT_20240115
Internet,SO46303,SO46303 - 1,AW00025922,,BK-R50B-48,Australia,Australia,2018-04-26 00:00:00,2018-05-06,2018-05-03 00:00:00,1.0,699.0982,0.0,413.1463,413.1463,699.0982,699.0982,ERP_EXPORT_20240115
Internet,SO46006,SO46006 - 1,AW00020236,,BK-R93R-52,AUSTRALIA,Australia,2018-03-29,2018-04-08,04/05/2018,1.0,3578.27,0.0,2171.2942,2171.2942,3578.27,3578.27,ERP_EXPORT_20240115
Internet,SO45449,SO45449 - 1,AW00014189,,BK-R93R-62,Germany,Germany,17-01-2018,2018-01-27,"Jan 24, 2018",1.0,3578.27,0.0,2171.2942,2171.2942,3578.27,3578.27,ERP_EXPORT_20240115
Internet,SO47348,SO47348 - 1,AW00026028,,BK-R50R-52,Australia,Australia,2018-07-31 00:00:00,2018-08-10,07-08-2018,1.0,782.99,0.0%,486.7066,486.7066,782.99,782.99,ERP_EXPORT_20240115
Internet,SO45750,SO45750 - 1,AW00026001,,BK-M82S-42,Northwest,United States,2018-02-23,2018-03-05,2018-03-02,1.0,3399.99,0.0,1912.1544,1912.1544,3399.99,3399.99,ERP_EXPORT_20240115
 Internet,SO48411,SO48411 - 1,AW00017182,,BK-R89R-58,united kingdom,United Kingdom,01-11-2018,2018-11-11,"Nov 08, 2018",1.0,2181.5625,0.0,1320.6838,1320.6838,2181.5625,2181.5625,ERP_EXPORT_20240115
Internet,SO47083,SO47083 - 1,AW00015288,,BK-R50R-48,Southwest,United States,07/02/2018,2018-07-12,07/09/2018,1.0,782.99,0.0,486.7066,486.7066,782.99,782.99,ERP_EXPORT_20240115
Internet,SO47251,SO47251 - 1,AW00021226,,BK-R89B-52,Australia,Australia,20180721,2018-07-31,"Jul 28, 2018",1.0,2181.5625,0.0,1320.6838,1320.6838,2181.5625,2181.5625,ERP_EXPORT_20240115
Internet,SO47515,SO47515 - 1,AW00026308,,BK-M68S-42,NORTHWEST,United States,"Aug 10, 2018",2018-08-20,20180817,1.0,2071.4196,0.0,1117.8559,1117.8559,2071.4196,2071.4196,ERP_EXPORT_20240115
 Internet,SO44588,SO44588 - 1,AW00026683,,BK-R50B-52,Canada,Canada,10/04/2017,2017-10-14,10/11/2017,1.0,699.0982,0.0,413.1463,413.1463,699.0982,699.0982,ERP_EXPORT_20240115
Internet,SO47778,SO47778 - 1,AW00012284,,BK-M68S-42,United Kingdom,United Kingdom,07-09-2018,2018-09-17,2018-09-14 00:00:00,1.0,2071.4196,0.0,1117.8559,1117.8559,2071.4196,2071.4196,ERP_EXPORT_20240115
Internet,SO45700,SO45700 - 1,AW00011278,,BK-R93R-62,Northwest,United States,2018-02-16 00:00:00,2018-02-26,"Feb 23, 2018",1.0,3578.27,0.0%,2171.2942,2171.2942,3578.27,3578.27,ERP_EXPORT_20240115
Internet ,SO43805,SO43805 - 1,AW00014510,,BK-R50R-48,Northwest,United States,20170714,2017-07-24,"Jul 21, 2017",1.0,699.0982,0.0%,413.1463,413.1463,699.0982,699.0982,ERP_EXPORT_20240115
 Internet,SO46745,SO46745 - 1,AW00013056,,BK-R89R-48,Northwest ,United States,08-06-2018,2018-06-18,20180615,1.0,2443.35,0.0,1518.7864,1518.7864,2443.35,2443.35,ERP_EXPORT_20240115
internet,SO48516,SO48516 - 1,AW00013139,,BK-M68S-42,AUSTRALIA,Australia,11/10/2018,2018-11-20,2018-11-17,1.0,2071.4196,0.0%,1117.8559,1117.8559,2071.4196,2071.4196,ERP_EXPORT_20240115
Internet,SO45234,SO45234 - 1,AW00018009,,BK-R50R-48,France,France,2017-12-27,2018-01-06,2018-01-03 00:00:00,1.0,699.0982,0.0%,413.1463,413.1463,699.0982,699.0982,ERP_EXPORT_20240115
 Internet,SO48102,SO48102 - 1,AW00022576,,BK-R89B-58,Australia,Australia,02-10-2018,2018-10-12,"Oct 09, 2018",1.0,2181.5625,0.0%,1320.6838,1320.6838,2181.5625,2181.5625,ERP_EXPORT_20240115
Internet,SO44008,SO44008 - 1,AW00027678,,BK-R93R-48,Northwest,United States,07/26/2017,2017-08-05,2017-08-02 00:00:00,1.0,3578.27,0.0,2171.2942,2171.2942,3578.27,3578.27,ERP_EXPORT_20240115
INTERNET,SO43763,SO43763 - 1,AW00016525,,BK-R93R-52,Australia,Australia,2017-07-09,2017-07-19,07/16/2017,1.0,3578.27,0.0,2171.2942,2171.2942,3578.27,3578.27,ERP_EXPORT_20240115
Internet ,SO48548,SO48548 - 1,AW00016414,,BK-R89R-52,Germany,Germany,2018-11-13,2018-11-23,2018-11-20,1.0,2443.35,0.0,1518.7864,1518.7864,2443.35,2443.35,ERP_EXPORT_20240115
Internet,SO46470,SO46470 - 1,AW00014915,,BK-R50R-60,Northwest ,United States,2018-05-12,2018-05-22,"May 19, 2018",1.0,699.0982,0.0%,413.1463,413.1463,699.0982,699.0982,ERP_EXPORT_20240115
Internet,SO46595,SO46595 - 1,AW00015691,,BK-R93R-48,United Kingdom ,United Kingdom,2018-05-29 00:00:00,2018-06-08,05-06-2018,1.0,3578.27,0.0,2171.2942,2171.2942,3578.27,3578.27,ERP_EXPORT_20240115
Internet,SO44408,SO44408 - 1,AW00011103,,BK-M82B-48,Australia,Australia,2017-09-16 00:00:00,2017-09-26,23-09-2017,1.0,3374.99,0.0%,1898.0944,1898.0944,3374.99,3374.99,ERP_EXPORT_20240115
Internet,SO43816,SO43816 - 1,AW00016496,,BK-R93R-56,Australia ,Australia,"Jul 15, 2017",2017-07-25,22-07-2017,1.0,3578.27,0.0,2171.2942,2171.2942,3578.27,3578.27,ERP_EXPORT_20240115
 Internet,SO46530,SO46530 - 1,AW00024671,,BK-R93R-52,Canada,Canada,"May 21, 2018",2018-05-31,28-05-2018,1.0,3578.27,0.0%,2171.2942,2171.2942,3578.27,3578.27,ERP_EXPORT_20240115
Internet,SO45398,SO45398 - 1,AW00015059,,BK-R93R-48,United Kingdom,United Kingdom,20180109,2018-01-19,2018-01-16,1.0,3578.27,0.0,2171.2942,2171.2942,3578.27,3578.27,ERP_EXPORT_20240115
 Internet,SO48136,SO48136 - 1,AW00013082,,BK-M68S-42,Australia,Australia,2018-10-08,2018-10-18,2018-10-15 00:00:00,1.0,2071.4196,0.0,1117.8559,1117.8559,2071.4196,2071.4196,ERP_EXPORT_20240115
Internet,SO46306,SO46306 - 1,AW00012164,,BK-R93R-44,Southwest,United States,2018-04-27 00:00:00,2018-05-07,20180504,1.0,3578.27,0.0,2171.2942,2171.2942,3578.27,3578.27,ERP_EXPORT_20240115
INTERNET,SO48103,SO48103 - 1,AW00016389,,BK-R89B-52,Germany ,Germany,10/03/2018,2018-10-13,2018-10-10,1.0,2181.5625,0.0,1320.6838,1320.6838,2181.5625,2181.5625,ERP_EXPORT_20240115
Internet,SO47792,SO47792 - 1,,,BK-R89R-48,GERMANY,Germany,"Sep 10, 2018",2018-09-20,09/17/2018,1.6,2443.35,,1518.7864,1518.7864,-2443.35,-2443.35,ERP_EXPORT_20240115
INTERNET,SO46472,SO46472 - 1,AW00012248,,BK-M82S-38,Australia,Australia,12-05-2018,2018-05-22,"May 19, 2018",1.0,3399.99,0.0,1912.1544,1912.1544,3399.99,3399.99,ERP_EXPORT_20240115
Internet,SO44358,SO44358 - 1,AW00017732,,BK-R93R-62,Australia,Australia,08-09-2017,2017-09-18,2017-09-15,1.0,3578.27,0.0,2171.2942,2171.2942,3578.27,3578.27,ERP_EXPORT_20240115
Internet,SO45898,SO45898 - 1,AW00023830,,BK-R93R-62,CANADA,Canada,20180315,2018-03-25,2018-03-22 00:00:00,1.0,3578.27,0.0,2171.2942,2171.2942,3578.27,3578.27,ERP_EXPORT_20240115
Internet,SO48512,SO48512 - 1,AW00020656,,BK-M68S-38,Canada,Canada,2018-11-10,2018-11-20,11/17/2018,1.0,2071.4196,0.0,1117.8559,1117.8559,2071.4196,2071.4196,ERP_EXPORT_20240115
 Internet,SO47646,SO47646 - 1,AW00020373,,BK-M68S-38,Canada,Canada,08/29/2018,2018-09-08,"Sep 05, 2018",1.0,2071.4196,0.0,1117.8559,1117.8559,2071.4196,2071.4196,ERP_EXPORT_20240115
Internet,SO48148,SO48148 - 1,AW00011614,,BK-M68B-46,Germany,Germany,2018-10-11,2018-10-21,"Oct 18, 2018",1.0,2049.0982,0.0,1105.81,1105.81,2049.0982,2049.0982,ERP_EXPORT_20240115
Internet,SO47897,SO47897 - 1,AW00016573,,BK-R89B-52,United Kingdom ,United Kingdom,09/22/2018,2018-10-02,2018-09-29,1.0,2181.5625,0.0,1320.6838,1320.6838,2181.5625,2181.5625,ERP_EXPORT_20240115
Internet,SO46019,SO46019 - 1,AW00014752,,BK-R50B-48, Southwest,United States,03/30/2018,2018-04-09,"Apr 06, 2018",1.0,699.0982,0.0,413.1463,413.1463,699.0982,699.0982,ERP_EXPORT_20240115
Internet,SO46883,SO46883 - 1,AW00026241,,BK-M68S-38,southwest,United States,20180624,2018-07-04,07/01/2018,1.0,2071.4196,0.0,1117.8559,1117.8559,2071.4196,2071.4196,ERP_EXPORT_20240115
Internet,SO48532,SO48532 - 1,AW00013112,,BK-M68B-46,Australia,Australia,11/11/2018,2018-11-21,"Nov 18, 2018",1.0,2049.0982,0.0,1105.81,1105.81,2049.0982,2049.0982,ERP_EXPORT_20240115
Internet,SO44946,SO44946 - 1,AW00011357,,BK-M82B-42,Australia,Australia,11/18/2017,2017-11-28,11/25/2017,1.0,3374.99,0.0,1898.0944,1898.0944,3374.99,3374.99,ERP_EXPORT_20240115
Internet,SO45891,SO45891 - 1,AW00011380,,BK-M82S-44,Germany,Germany,20180313,2018-03-23,03/20/2018,1.0,3399.99,0.0,1912.1544,1912.1544,3399.99,3399.99,ERP_EXPORT_20240115
Internet,SO45089,SO45089 - 1,AW00025977,,BK-M82B-48,Southwest,United States,20171203,2017-12-13,12/10/2017,1.0,3374.99,0.0,1898.0944,1898.0944,3374.99,3374.99,ERP_EXPORT_20240115
Internet,SO45096,SO45096 - 1,AW00012483,,BK-R93R-48,France,France,12/04/2017,2017-12-14,2017-12-11 00:00:00,1.0,3578.27,0.0,2171.2942,2171.2942,3578.27,3578.27,ERP_EXPORT_20240115
Internet,SO44906,SO44906 - 1,AW00014832,,BK-R93R-44,United Kingdom,United Kingdom,"Nov 14, 2017",2017-11-24,2017-11-21 00:00:00,1.0,3578.27,0.0,2171.2942,2171.2942,3578.27,3578.27,ERP_EXPORT_20240115
Internet,SO45479,SO45479 - 1,AW00019099,,BK-R93R-52,Australia ,Australia,20180123,2018-02-02,"Jan 30, 2018",1.0,3578.27,0.0%,2171.2942,2171.2942,3578.27,3578.27,ERP_EXPORT_20240115
Internet,SO47467,SO47467 - 1,AW00013446,,BK-R89R-58,Southwest,United States,08/02/2018,2018-08-12,08/09/2018,1.0,2181.5625,0.0,1320.6838,1320.6838,2181.5625,2181.5625,ERP_EXPORT_20240115
Internet,SO47588,SO47588 - 1,AW00016428,,BK-R89B-58,united kingdom,United Kingdom,20180820,2018-08-30,2018-08-27 00:00:00,1.0,2181.5625,0.0%,1320.6838,1320.6838,2181.5625,2181.5625,ERP_EXPORT_20240115
Internet,SO47320,SO47320 - 1,AW00013315,,BK-R89B-52,SOUTHWEST,United States,07/28/2018,2018-08-07,"Aug 04, 2018",1.0,2181.5625,0.0,1320.6838,1320.6838,2181.5625,2181.5625,ERP_EXPORT_20240115
Internet,SO44194,SO44194 - 1,AW00017064,,BK-R93R-62,Australia,Australia,08/15/2017,2017-08-25,20170822,1.0,3578.27,0.0,2171.2942,2171.2942,3578.27,3578.27,ERP_EXPORT_20240115
Internet,SO46523,SO46523 - 1,AW00012756,,BK-R93R-52,Southwest,United States,20-05-2018,2018-05-30,27-05-2018,1.0,3578.27,0.0,2171.2942,2171.2942,3578.27,3578.27,ERP_EXPORT_20240115
Internet,SO43723,SO43723 - 1,AW00014520,,BK-R50B-58,Northwest,United States,07/04/2017,2017-07-14,"Jul 11, 2017",1.0,699.0982,0.0,413.1463,413.1463,699.0982,699.0982,ERP_EXPORT_20240115
Internet,SO44345,SO44345 - 1,AW00028200,,BK-R93R-52,Southwest,United States,07-09-2017,2017-09-17,14-09-2017,1.0,3578.27,0.0,2171.2942,2171.2942,3578.27,3578.27,ERP_EXPORT_20240115
Internet,SO44397,SO44397 - 1,AW00014596,,BK-R50R-52,SOUTHWEST,United States,09/13/2017,2017-09-23,20170920,1.0,699.0982,0.0,413.1463,413.1463,699.0982,699.0982,ERP_EXPORT_20240115
Internet,SO44687,SO44687 - 1,AW00020172,,BK-R50B-52,United Kingdom,United Kingdom,2017-10-20 00:00:00,2017-10-30,27-10-2017,1.0,699.0982,0.0,413.1463,413.1463,699.0982,699.0982,ERP_EXPORT_20240115
Internet,SO43746,SO43746 - 1,AW00016616,,BK-R93R-48,Australia,Australia,07-07-2017,2017-07-17,2017-07-14,1.0,3578.27,0.0,2171.2942,2171.2942,3578.27,3578.27,ERP_EXPORT_20240115
Internet,SO44600,SO44600 - 1,AW00018243,,BK-R93R-56,AUSTRALIA,Australia,10/06/2017,2017-10-16,20171013,1.0,3578.27,0.0,2171.2942,2171.2942,3578.27,3578.27,ERP_EXPORT_20240115
Internet,SO44134,SO44134 - 1,AW00013821,,BK-R93R-62,United Kingdom,United Kingdom,2017-08-03,2017-08-13,"Aug 10, 2017",1.0,3578.27,0.0,2171.2942,2171.2942,3578.27,3578.27,ERP_EXPORT_20240115
Internet,SO47484,SO47484 - 1,AW00016452,,BK-R89R-58,united kingdom,United Kingdom,20180805,2018-08-15,20180812,1.0,2181.5625,0.0,1320.6838,1320.6838,2181.5625,2181.5625,ERP_EXPORT_20240115
Internet,SO48418,SO48418 - 1,AW00013114,,BK-M68S-38,Australia,Australia,01-11-2018,2018-11-11,2018-11-08,1.0,2071.4196,0.0,1117.8559,1117.8559,2071.4196,2071.4196,ERP_EXPORT_20240115
Internet ,SO45421,SO45421 - 1,AW00019576,,BK-R93R-52,Australia,Australia,2018-01-11,2018-01-21,2018-01-18 00:00:00,1.0,3578.27,0.0,2171.2942,2171.2942,3578.27,3578.27,ERP_EXPORT_20240115
Internet ,SO48451,SO48451 - 1,AW00013107,,BK-M68B-38,Australia,Australia,"Nov 04, 2018",2018-11-14,20181111,1.0,2049.0982,0.0,1105.81,1105.81,2049.0982,2049.0982,ERP_EXPORT_20240115
INTERNET,SO44585,SO44585 - 1,AW00028790,,BK-R93R-48,Northwest,United States,2017-10-04 00:00:00,2017-10-14,20171011,1.0,3578.27,0.0,2171.2942,2171.2942,3578.27,3578.27,ERP_EXPORT_20240115
Internet,SO46450,SO46450 - 1,AW00012446,,BK-R93R-56,southwest,United States,"May 10, 2018",2018-05-20,"May 17, 2018",1.0,3578.27,0.0,2171.2942,2171.2942,3578.27,3578.27,ERP_EXPORT_20240115
 Internet,SO45423,SO45423 - 1,AW00019997,,BK-M82B-38,Canada,Canada,01/12/2018,2018-01-22,19-01-2018,1.0,3374.99,0.0%,1898.0944,1898.0944,3374.99,3374.99,ERP_EXPORT_20240115
Internet,SO47571,SO47571 - 1,AW00014185,,BK-R89B-52,France,France,08/18/2018,2018-08-28,2018-08-25,1.0,2181.5625,0.0,1320.6838,1320.6838,2181.5625,2181.5625,ERP_EXPORT_20240115
Internet,SO45116,SO45116 - 1,AW00029204,,BK-R93R-44,Northwest,United States,20171208,2017-12-18,15-12-2017,1.0,3578.27,0.0,2171.2942,2171.2942,3578.27,3578.27,ERP_EXPORT_20240115
Internet,SO44168,SO44168 - 1,AW00012211,,BK-R93R-52,France,France,20170809,2017-08-19,16-08-2017,1.0,3578.27,0.0,2171.2942,2171.2942,3578.27,3578.27,ERP_EXPORT_20240115
INTERNET,SO43743,SO43743 - 1,AW00011007,,BK-M82S-48,Australia,Australia,2017-07-06 00:00:00,2017-07-16,13-07-2017,1.0,3399.99,0.0%,1912.1544,1912.1544,3399.99,3399.99,ERP_EXPORT_20240115
Internet ,SO47598,SO47598 - 1,AW00026306,,BK-M68B-38, Southwest,United States,2018-08-21 00:00:00,2018-08-31,2018-08-28 00:00:00,1.0,2049.0982,0.0%,1105.81,1105.81,2049.0982,2049.0982,ERP_EXPORT_20240115
INTERNET,SO43807,SO43807 - 1,AW00011611,,BK-R93R-48,France,France,"Jul 14, 2017",2017-07-24,07/21/2017,1.0,3578.27,0.0,2171.2942,2171.2942,3578.27,3578.27,ERP_EXPORT_20240115
Internet,SO46866,SO46866 - 1,AW00012981,,BK-R89R-48, Southwest,United States,"Jun 22, 2018",2018-07-02,20180629,1.0,2443.35,0.0,1518.7864,1518.7864,2443.35,2443.35,ERP_EXPORT_20240115
Internet,SO45144,SO45144 - 1,AW00019093,,BK-R93R-44,Australia,Australia,12/12/2017,2017-12-22,2017-12-19 00:00:00,1.0,3578.27,0.0,2171.2942,2171.2942,3578.27,3578.27,ERP_EXPORT_20240115
Internet,SO46755,SO46755 - 1,AW00026023,,BK-R50B-52,AUSTRALIA,Australia,"Jun 09, 2018",2018-06-19,06/16/2018,1.0,782.99,0.0,486.7066,486.7066,782.99,782.99,ERP_EXPORT_20240115
Internet,SO46731,SO46731 - 1,AW00015101,,BK-R89R-58,Germany,Germany,"Jun 06, 2018",2018-06-16,06/13/2018,1.0,2181.5625,0.0,1320.6838,1320.6838,2181.5625,2181.5625,ERP_EXPORT_20240115
Internet,SO45210,SO45210 - 1,AW00029239,,BK-R93R-44,Southwest,United States,"Dec 22, 2017",2018-01-01,2017-12-29 00:00:00,1.0,3578.27,0.0,2171.2942,2171.2942,3578.27,3578.27,ERP_EXPORT_20240115
Internet,SO47875,SO47875 - 1,AW00025992,,BK-R89B-48,Canada,Canada,09/19/2018,2018-09-29,"Sep 26, 2018",1.0,2181.5625,0.0,1320.6838,1320.6838,2181.5625,2181.5625,ERP_EXPORT_20240115
Internet,SO46766,SO46766 - 1,AW00021216,,BK-R89R-48,Australia,Australia,10-06-2018,2018-06-20,2018-06-17,1.0,2443.35,0.0%,1518.7864,1518.7864,2443.35,2443.35,ERP_EXPORT_20240115
Internet,SO47560,SO47560 - 1,AW00027053,,BK-R50R-62,Canada,Canada,2018-08-16 00:00:00,2018-08-26,08/23/2018,1.0,782.99,0.0,486.7066,486.7066,782.99,782.99,ERP_EXPORT_20240115
Internet,SO46162,SO46162 - 1,AW00012163,,BK-R93R-52,Southwest,United States,2018-04-07,2018-04-17,20180414,1.0,3578.27,0.0%,2171.2942,2171.2942,3578.27,3578.27,ERP_EXPORT_20240115
Internet,SO45998,SO45998 - 1,AW00025918,,BK-R50B-52,Australia,Australia,20180328,2018-04-07,"Apr 04, 2018",1.0,699.0982,0.0,413.1463,413.1463,699.0982,699.0982,ERP_EXPORT_20240115
Internet,SO45167,SO45167 - 1,AW00018706,,BK-R93R-44,Australia,Australia,2017-12-16,2017-12-26,12/23/2017,1.0,3578.27,0.0,2171.2942,2171.2942,3578.27,3578.27,ERP_EXPORT_20240115
internet,SO46298,SO46298 - 1,AW00012071,,BK-R93R-56, Southwest,United States,04/25/2018,2018-05-05,02-05-2018,1.0,3578.27,0.0,2171.2942,2171.2942,3578.27,3578.27,ERP_EXPORT_20240115
Internet,SO47884,SO47884 - 1,AW00022030,,BK-R89R-52,Australia,Australia,2018-09-20,2018-09-30,"Sep 27, 2018",1.0,2443.35,0.0,1518.7864,1518.7864,2443.35,2443.35,ERP_EXPORT_20240115
Internet,SO48940,SO48940 - 1,AW00020835,,BK-R50R-62,Germany,Germany,2018-12-18,2018-12-28,2018-12-25,1.0,782.99,0.0%,486.7066,486.7066,782.99,782.99,ERP_EXPORT_20240115
Internet,SO44395,SO44395 - 1,AW00028339,,BK-R93R-56,Northwest,United States,20170913,2017-09-23,2017-09-20 00:00:00,1.0,3578.27,0.0,2171.2942,2171.2942,3578.27,3578.27,ERP_EXPORT_20240115
Internet,SO46752,SO46752 - 1,AW00019931,,BK-R50B-52,Germany,Germany,20180609,2018-06-19,"Jun 16, 2018",1.0,782.99,0.0,486.7066,486.7066,782.99,782.99,ERP_EXPORT_20240115
Internet,SO47296,SO47296 - 1,AW00014024,,BK-R64Y-42, Southwest,United States,07/26/2018,2018-08-05,08/02/2018,1.0,1000.4375,0.0,605.6492,605.6492,1000.4375,1000.4375,ERP_EXPORT_20240115
internet,SO47605,SO47605 - 1,AW00017187,,BK-R64Y-48,France,France,"Aug 23, 2018",2018-09-02,08/30/2018,1.0,1000.4375,0.0,605.6492,605.6492,1000.4375,1000.4375,ERP_EXPORT_20240115
 Internet,SO45636,SO45636 - 1,AW00011302,,BK-R93R-44,Northwest,United States,"Feb 06, 2018",2018-02-16,2018-02-13,1.0,3578.27,0.0,2171.2942,2171.2942,3578.27,3578.27,ERP_EXPORT_20240115
Internet,SO47188,SO47188 - 1,AW00019253,,BK-R64Y-48,United Kingdom,United Kingdom,15-07-2018,2018-07-25,2018-07-22 00:00:00,1.0,1000.4375,0.0%,605.6492,605.6492,1000.4375,1000.4375,ERP_EXPORT_20240115
Internet,SO48417,SO48417 - 1,AW00022932,,BK-R89R-44,Australia,Australia,"Nov 01, 2018",2018-11-11,2018-11-08 00:00:00,1.0,2443.35,0.0,1518.7864,1518.7864,2443.35,2443.35,ERP_EXPORT_20240115
Internet,SO44476,SO44476 - 1,AW00017913,,BK-R93R-56,Australia,Australia,2017-09-29,2017-10-09,2017-10-06,1.0,3578.27,0.0,2171.2942,2171.2942,3578.27,3578.27,ERP_EXPORT_20240115
Internet,SO45697,SO45697 - 1,AW00011516,,BK-R93R-56,Southwest,United States,15-02-2018,2018-02-25,"Feb 22, 2018",1.0,3578.27,0.0,2171.2942,2171.2942,3578.27,3578.27,ERP_EXPORT_20240115
Internet,SO47824,SO47824 - 1,AW00016267,,BK-R89R-44,GERMANY,Germany,09/13/2018,2018-09-23,09/20/2018,1.0,2443.35,0.0,1518.7864,1518.7864,2443.35,2443.35,ERP_EXPORT_20240115
Internet,SO47943,SO47943 - 1,AW00017196,,BK-R64Y-42,France,France,29-09-2018,2018-10-09,"Oct 06, 2018",1.0,1000.4375,0.0,605.6492,605.6492,1000.4375,1000.4375,ERP_EXPORT_20240115
Internet,SO43758,SO43758 - 1,AW00027646,,BK-R93R-62,southwest,United States,"Jul 08, 2017",2017-07-18,2017-07-15,1.0,3578.27,0.0,2171.2942,2171.2942,3578.27,3578.27,ERP_EXPORT_20240115
 Internet,SO48605,SO48605 - 1,AW00026616,,BK-M68B-38,NORTHWEST,United States,20181118,2018-11-28,2018-11-25 00:00:00,1.0,2049.0982,0.0,1105.81,1105.81,2049.0982,2049.0982,ERP_EXPORT_20240115
Internet,SO44632,SO44632 - 1,AW00018196,,BK-R93R-56,AUSTRALIA,Australia,11-10-2017,2017-10-21,"Oct 18, 2017",1.0,3578.27,0.0,2171.2942,2171.2942,3578.27,3578.27,ERP_EXPORT_20240115
Internet,SO43790,SO43790 - 1,AW00025857,,BK-M82S-38,Northwest,United States,"Jul 12, 2017",2017-07-22,2017-07-19 00:00:00,1.0,3399.99,0.0,1912.1544,1912.1544,3399.99,3399.99,ERP_EXPORT_20240115
INTERNET,SO44627,SO44627 - 1,AW00011109,,BK-M82B-42,Australia,Australia,10-10-2017,2017-10-20,2017-10-17 00:00:00,1.0,3374.99,0.0,1898.0944,1898.0944,3374.99,3374.99,ERP_EXPORT_20240115
Internet,SO46215,SO46215 - 1,AW00020429,,BK-R93R-62,Australia,Australia,2018-04-14 00:00:00,2018-04-24,"Apr 21, 2018",1.0,3578.27,0.0,2171.2942,2171.2942,3578.27,3578.27,ERP_EXPORT_20240115
Internet,SO44055,SO44055 - 1,AW00013543,,BK-R93R-62,Germany,Germany,07/31/2017,2017-08-10,07-08-2017,1.0,3578.27,0.0%,2171.2942,2171.2942,3578.27,3578.27,ERP_EXPORT_20240115
Internet,SO45964,SO45964 - 1,AW00020215,,BK-R93R-62,Australia,Australia,20180323,2018-04-02,20180330,1.0,3578.27,0.0,2171.2942,2171.2942,3578.27,3578.27,ERP_EXPORT_20240115
internet,SO44190,SO44190 - 1,AW00011061,,BK-M82B-38,Australia,Australia,"Aug 14, 2017",2017-08-24,08/21/2017,1.0,3374.99,0.0,1898.0944,1898.0944,3374.99,3374.99,ERP_EXPORT_20240115
Internet,SO44924,SO44924 - 1,AW00028830,,BK-R93R-62,Northwest,United States,2017-11-16 00:00:00,2017-11-26,2017-11-23,1.0,3578.27,0.0,2171.2942,2171.2942,3578.27,3578.27,ERP_EXPORT_20240115
Internet,SO46269,SO46269 - 1,AW00015638,,BK-R93R-48,UNITED KINGDOM,United Kingdom,20180421,2018-05-01,28-04-2018,1.0,3578.27,0.0,2171.2942,2171.2942,3578.27,3578.27,ERP_EXPORT_20240115
 Internet,SO46390,SO46390 - 1,AW00012440,,BK-R93R-52,Southwest ,United States,2018-05-01 00:00:00,2018-05-11,05/08/2018,1.0,3578.27,0.0,2171.2942,2171.2942,3578.27,3578.27,ERP_EXPORT_20240115
Internet,SO47779,SO47779 - 1,AW00016269,,BK-R89B-48,Germany,Germany,20180907,2018-09-17,"Sep 14, 2018",1.0,2181.5625,0.0,1320.6838,1320.6838,2181.5625,2181.5625,ERP_EXPORT_20240115
INTERNET,SO47615,SO47615 - 1,AW00015329,,BK-R50B-52,Southwest,United States,2018-08-24,2018-09-03,08/31/2018,1.0,782.99,0.0,486.7066,486.7066,782.99,782.99,ERP_EXPORT_20240115
Internet,SO44722,SO44722 - 1,AW00013774,,BK-R93R-62,Germany,Germany,20171028,2017-11-07,2017-11-04 00:00:00,1.0,3578.27,0.0,2171.2942,2171.2942,3578.27,3578.27,ERP_EXPORT_20240115
Internet,SO46556,SO46556 - 1,AW00025948,,BK-R50R-44,australia,Australia,"May 23, 2018",2018-06-02,2018-05-30 00:00:00,1.0,699.0982,0.0,413.1463,413.1463,699.0982,699.0982,ERP_EXPORT_20240115
Internet,SO48435,SO48435 - 1,,,BK-R89B-52,Australia,Australia,20181102,2018-11-12,09-11-2018,1.7,2181.5625,,1320.6838,1320.6838,-2181.5625,-2181.5625,ERP_EXPORT_20240115
Internet,SO43739,SO43739 - 1,AW00013563,,BK-R93R-62,United Kingdom,United Kingdom,"Jul 06, 2017",2017-07-16,07/13/2017,1.0,3578.27,0.0,2171.2942,2171.2942,3578.27,3578.27,ERP_EXPORT_20240115
Internet,SO46573,SO46573 - 1,AW00013555,,BK-R93R-56,France,France,05/26/2018,2018-06-05,"Jun 02, 2018",1.0,3578.27,0.0,2171.2942,2171.2942,3578.27,3578.27,ERP_EXPORT_20240115
Internet,SO43979,SO43979 - 1,AW00014576,,BK-R50R-60,Northwest,United States,23-07-2017,2017-08-02,2017-07-30 00:00:00,1.0,699.0982,0.0,413.1463,413.1463,699.0982,699.0982,ERP_EXPORT_20240115
 Internet,SO45681,SO45681 - 1,AW00019789,,BK-R93R-56,Australia ,Australia,2018-02-13,2018-02-23,20-02-2018,1.0,3578.27,0.0%,2171.2942,2171.2942,3578.27,3578.27,ERP_EXPORT_20240115
Internet,SO46497,SO46497 - 1,AW00013558,,BK-R93R-62,France,France,05/18/2018,2018-05-28,2018-05-25,1.0,3578.27,0.0,2171.2942,2171.2942,3578.27,3578.27,ERP_EXPORT_20240115
Internet,SO47200,SO47200 - 1,AW00013247,,BK-R89B-44,Southwest,United States,2018-07-16,2018-07-26,2018-07-23,1.0,2181.5625,0.0,1320.6838,1320.6838,2181.5625,2181.5625,ERP_EXPORT_20240115
INTERNET,SO43764,SO43764 - 1,AW00016612,,BK-R93R-62,Australia,Australia,07/09/2017,2017-07-19,2017-07-16,1.0,3578.27,0.0,2171.2942,2171.2942,3578.27,3578.27,ERP_EXPORT_20240115
Internet,SO46209,SO46209 - 1,AW00012849,,BK-R93R-48,France,France,04/13/2018,2018-04-23,2018-04-20,1.0,3578.27,0.0,2171.2942,2171.2942,3578.27,3578.27,ERP_EXPORT_20240115
INTERNET,SO47550,SO47550 - 1,AW00015290,,BK-R50B-62,northwest,United States,2018-08-14,2018-08-24,2018-08-21,1.0,782.99,0.0%,486.7066,486.7066,782.99,782.99,ERP_EXPORT_20240115
Internet,SO47866,SO47866 - 1,AW00012990,,BK-M68S-38,Australia ,Australia,20180918,2018-09-28,20180925,1.0,2071.4196,0.0,1117.8559,1117.8559,2071.4196,2071.4196,ERP_EXPORT_20240115
internet,SO46702,SO46702 - 1,AW00015116,,BK-R89R-48,Germany,Germany,03-06-2018,2018-06-13,"Jun 10, 2018",1.0,2443.35,0.0,1518.7864,1518.7864,2443.35,2443.35,ERP_EXPORT_20240115
Internet ,SO43829,SO43829 - 1,AW00027611,,BK-R93R-62,Southwest,United States,2017-07-16,2017-07-26,2017-07-23 00:00:00,1.0,3578.27,0.0,2171.2942,2171.2942,3578.27,3578.27,ERP_EXPORT_20240115
Internet,SO44818,SO44818 - 1,AW00028827,,BK-R93R-52,Southwest,United States,02-11-2017,2017-11-12,11/09/2017,1.0,3578.27,0.0,2171.2942,2171.2942,3578.27,3578.27,ERP_EXPORT_20240115
Internet,SO46578,SO46578 - 1,AW00012178,,BK-R93R-56,Northwest,United States,05/27/2018,2018-06-06,06/03/2018,1.0,3578.27,0.0,2171.2942,2171.2942,3578.27,3578.27,ERP_EXPORT_20240115
Internet,SO46526,SO46526 - 1,AW00012253,,BK-M82S-48,Australia,Australia,20-05-2018,2018-05-30,"May 27, 2018",1.0,3399.99,0.0,1912.1544,1912.1544,3399.99,3399.99,ERP_EXPORT_20240115
Internet,SO44721,SO44721 - 1,AW00026643,,BK-R50B-52,canada,Canada,2017-10-27 00:00:00,2017-11-06,"Nov 03, 2017",1.0,699.0982,0.0,413.1463,413.1463,699.0982,699.0982,ERP_EXPORT_20240115
Internet,SO44413,SO44413 - 1,AW00013606,,BK-R93R-62,Germany,Germany,2017-09-18,2017-09-28,2017-09-25 00:00:00,1.0,3578.27,0.0,2171.2942,2171.2942,3578.27,3578.27,ERP_EXPORT_20240115
Internet,SO45084,SO45084 - 1,AW00029143,,BK-R93R-62,Southwest,United States,12/02/2017,2017-12-12,2017-12-09 00:00:00,1.0,3578.27,0.0,2171.2942,2171.2942,3578.27,3578.27,ERP_EXPORT_20240115
Internet,SO47747,SO47747 - 1,AW00016253,,BK-R89R-58,Germany,Germany,2018-09-02 00:00:00,2018-09-12,20180909,1.0,2181.5625,0.0,1320.6838,1320.6838,2181.5625,2181.5625,ERP_EXPORT_20240115
Internet,SO43938,SO43938 - 1,AW00016686,,BK-R93R-62,Australia,Australia,20170719,2017-07-29,20170726,1.0,3578.27,0.0,2171.2942,2171.2942,3578.27,3578.27,ERP_EXPORT_20240115
Internet,SO44019,SO44019 - 1,AW00016701,,BK-R93R-62,Australia,Australia,2017-07-27,2017-08-06,"Aug 03, 2017",1.0,3578.27,0.0,2171.2942,2171.2942,3578.27,3578.27,ERP_EXPORT_20240115
Internet,SO45473,SO45473 - 1,AW00019592,,BK-R93R-62,australia,Australia,22-01-2018,2018-02-01,2018-01-29 00:00:00,1.0,3578.27,0.0,2171.2942,2171.2942,3578.27,3578.27,ERP_EXPORT_20240115
Internet,SO46415,SO46415 - 1,AW00020819,,BK-R93R-62,AUSTRALIA,Australia,2018-05-04 00:00:00,2018-05-14,20180511,1.0,3578.27,0.0,2171.2942,2171.2942,3578.27,3578.27,ERP_EXPORT_20240115
Internet,SO44279,SO44279 - 1,AW00017326,,BK-R93R-52,Australia,Australia,2017-08-31 00:00:00,2017-09-10,"Sep 07, 2017",1.0,3578.27,0.0,2171.2942,2171.2942,3578.27,3578.27,ERP_EXPORT_20240115
Internet,SO47091,SO47091 - 1,AW00028532,,BK-M68S-42,france,France,2018-07-04 00:00:00,2018-07-14,11-07-2018,1.0,2071.4196,0.0,1117.8559,1117.8559,2071.4196,2071.4196,ERP_EXPORT_20240115
Internet,SO47626,SO47626 - 1,AW00026150,,BK-R50R-58,Australia,Australia,08/25/2018,2018-09-04,"Sep 01, 2018",1.0,782.99,0.0,486.7066,486.7066,782.99,782.99,ERP_EXPORT_20240115
internet,SO45500,SO45500 - 1,AW00011189,,BK-R93R-48,Northwest,United States,01/26/2018,2018-02-05,2018-02-02,1.0,3578.27,0.0,2171.2942,2171.2942,3578.27,3578.27,ERP_EXPORT_20240115
Internet,SO47565,SO47565 - 1,AW00015697,,BK-R89B-52,Germany,Germany,20180817,2018-08-27,20180824,1.0,2181.5625,0.0,1320.6838,1320.6838,2181.5625,2181.5625,ERP_EXPORT_20240115
Internet,SO46543,SO46543 - 1,AW00011549,,BK-M82S-42,United Kingdom,United Kingdom,2018-05-23,2018-06-02,20180530,1.0,3399.99,0.0,1912.1544,1912.1544,3399.99,3399.99,ERP_EXPORT_20240115
internet,SO45475,SO45475 - 1,AW00019601,,BK-R93R-52,Australia ,Australia,2018-01-22 00:00:00,2018-02-01,29-01-2018,1.0,3578.27,0.0,2171.2942,2171.2942,3578.27,3578.27,ERP_EXPORT_20240115
Internet,SO44198,SO44198 - 1,,,BK-R93R-62,Southwest,United States,20170816,2017-08-26,"Aug 23, 2017",1.2,3578.27,,2171.2942,2171.2942,-3578.27,-3578.27,ERP_EXPORT_20240115
Internet,SO47507,SO47507 - 1,AW00015311,,BK-R50B-58,Northwest,United States,20180809,2018-08-19,08/16/2018,1.0,782.99,0.0,486.7066,486.7066,782.99,782.99,ERP_EXPORT_20240115
Internet,SO48880,SO48880 - 1,AW00013746,,BK-R89R-44,SOUTHWEST,United States,12/11/2018,2018-12-21,12/18/2018,1.0,2443.35,0.0,1518.7864,1518.7864,2443.35,2443.35,ERP_EXPORT_20240115
Internet,SO46548,SO46548 - 1,AW00012418,,BK-R93R-62,Northwest,United States,"May 23, 2018",2018-06-02,2018-05-30,1.0,3578.27,0.0,2171.2942,2171.2942,3578.27,3578.27,ERP_EXPORT_20240115
Internet,SO44266,SO44266 - 1,AW00025559,,BK-R50B-62,Australia,Australia,"Aug 28, 2017",2017-09-07,"Sep 04, 2017",1.0,699.0982,0.0,413.1463,413.1463,699.0982,699.0982,ERP_EXPORT_20240115
Internet,SO46518,SO46518 - 1,AW00020814,,BK-R93R-56,Australia,Australia,2018-05-19,2018-05-29,05/26/2018,1.0,3578.27,0.0,2171.2942,2171.2942,3578.27,3578.27,ERP_EXPORT_20240115
Internet,SO44448,SO44448 - 1,AW00028264,,BK-R93R-44,Northwest,United States,20170926,2017-10-06,20171003,1.0,3578.27,0.0,2171.2942,2171.2942,3578.27,3578.27,ERP_EXPORT_20240115
Internet ,SO47619,SO47619 - 1,AW00012689,,BK-M68S-46,Australia ,Australia,08/24/2018,2018-09-03,"Aug 31, 2018",1.0,2071.4196,0.0%,1117.8559,1117.8559,2071.4196,2071.4196,ERP_EXPORT_20240115
Internet,SO47881,SO47881 - 1,AW00016553,,BK-R89B-58,United Kingdom ,United Kingdom,20180920,2018-09-30,2018-09-27 00:00:00,1.0,2181.5625,0.0,1320.6838,1320.6838,2181.5625,2181.5625,ERP_EXPORT_20240115
Internet ,SO47760,SO47760 - 1,AW00013482,,BK-R89R-58,Southwest,United States,"Sep 03, 2018",2018-09-13,10-09-2018,1.0,2181.5625,0.0,1320.6838,1320.6838,2181.5625,2181.5625,ERP_EXPORT_20240115
Internet,SO48828,SO48828 - 1,AW00023120,,BK-R89R-48,Australia,Australia,2018-12-04,2018-12-14,2018-12-11,1.0,2443.35,0.0,1518.7864,1518.7864,2443.35,2443.35,ERP_EXPORT_20240115
 Internet,SO48597,SO48597 - 1,AW00026650,,BK-M68S-38,SOUTHWEST,United States,20181117,2018-11-27,11/24/2018,1.0,2071.4196,,1117.8559,1117.8559,2071.4196,2071.4196,ERP_EXPORT_20240115
INTERNET,SO46917,SO46917 - 1,AW00021202,,BK-R89R-58,Australia,Australia,20180629,2018-07-09,2018-07-06,1.0,2181.5625,0.0,1320.6838,1320.6838,2181.5625,2181.5625,ERP_EXPORT_20240115
Internet,SO46178,SO46178 - 1,AW00025937,,BK-R50B-60,Australia,Australia,2018-04-09,2018-04-19,2018-04-16,1.0,699.0982,0.0,413.1463,413.1463,699.0982,699.0982,ERP_EXPORT_20240115
Internet,SO44724,SO44724 - 1,AW00028665,,BK-R93R-56,Northwest,United States,10/28/2017,2017-11-07,04-11-2017,1.0,3578.27,0.0,2171.2942,2171.2942,3578.27,3578.27,ERP_EXPORT_20240115
Internet,SO44222,SO44222 - 1,AW00017258,,BK-R93R-44,australia,Australia,20170820,2017-08-30,2017-08-27,1.0,3578.27,0.0,2171.2942,2171.2942,3578.27,3578.27,ERP_EXPORT_20240115
Internet,SO44001,SO44001 - 1,AW00028044,,BK-R93R-52,Southwest,United States,20170726,2017-08-05,20170802,1.0,3578.27,0.0,2171.2942,2171.2942,3578.27,3578.27,ERP_EXPORT_20240115
INTERNET,SO48415,SO48415 - 1,AW00026634,,BK-M68S-46,Southwest,United States,2018-11-01 00:00:00,2018-11-11,11/08/2018,1.0,2071.4196,,1117.8559,1117.8559,2071.4196,2071.4196,ERP_EXPORT_20240115
 Internet,SO46314,SO46314 - 1,AW00012112,,BK-R93R-48,SOUTHWEST,United States,04/29/2018,2018-05-09,2018-05-06,1.0,3578.27,0.0,2171.2942,2171.2942,3578.27,3578.27,ERP_EXPORT_20240115
Internet,SO44036,SO44036 - 1,AW00017046,,BK-R93R-62,Australia,Australia,20170729,2017-08-08,05-08-2017,1.0,3578.27,0.0%,2171.2942,2171.2942,3578.27,3578.27,ERP_EXPORT_20240115
internet,SO44733,SO44733 - 1,AW00018214,,BK-R93R-52,Australia,Australia,"Oct 29, 2017",2017-11-08,"Nov 05, 2017",1.0,3578.27,0.0,2171.2942,2171.2942,3578.27,3578.27,ERP_EXPORT_20240115
Internet,SO46563,SO46563 - 1,AW00025945,,BK-R50R-58, Australia,Australia,20180524,2018-06-03,2018-05-31 00:00:00,1.0,699.0982,0.0,413.1463,413.1463,699.0982,699.0982,ERP_EXPORT_20240115
Internet,SO44269,SO44269 - 1,AW00014589,,BK-R50R-44,Southwest,United States,"Aug 30, 2017",2017-09-09,06-09-2017,1.0,699.0982,0.0,413.1463,413.1463,699.0982,699.0982,ERP_EXPORT_20240115
Internet,SO44635,SO44635 - 1,AW00018218,,BK-R93R-62,Australia,Australia,"Oct 11, 2017",2017-10-21,2017-10-18 00:00:00,1.0,3578.27,0.0,2171.2942,2171.2942,3578.27,3578.27,ERP_EXPORT_20240115
Internet,SO44021,SO44021 - 1,AW00011032,,BK-M82B-38,Australia,Australia,2017-07-27,2017-08-06,20170803,1.0,3374.99,0.0,1898.0944,1898.0944,3374.99,3374.99,ERP_EXPORT_20240115
Internet ,SO46598,SO46598 - 1,AW00015080,,BK-R93R-44,germany,Germany,20180530,2018-06-09,06-06-2018,1.0,3578.27,0.0,2171.2942,2171.2942,3578.27,3578.27,ERP_EXPORT_20240115
Internet,SO45819,SO45819 - 1,AW00020160,,BK-R93R-48,australia,Australia,03/01/2018,2018-03-11,08-03-2018,1.0,3578.27,0.0,2171.2942,2171.2942,3578.27,3578.27,ERP_EXPORT_20240115
Internet,SO46540,SO46540 - 1,AW00020822,,BK-R93R-56,Australia,Australia,20180522,2018-06-01,05/29/2018,1.0,3578.27,0.0,2171.2942,2171.2942,3578.27,3578.27,ERP_EXPORT_20240115
Internet ,SO46479,SO46479 - 1,AW00012768,,BK-R93R-62,Southwest,United States,2018-05-14 00:00:00,2018-05-24,"May 21, 2018",1.0,3578.27,0.0,2171.2942,2171.2942,3578.27,3578.27,ERP_EXPORT_20240115
Internet,SO48426,SO48426 - 1,AW00014253,,BK-R64Y-40,Southwest,United States,2018-11-02 00:00:00,2018-11-12,09-11-2018,1.0,1000.4375,0.0,605.6492,605.6492,1000.4375,1000.4375,ERP_EXPORT_20240115
Internet,SO48257,SO48257 - 1,AW00019282,,BK-R50R-58, France,France,2018-10-27 00:00:00,2018-11-06,20181103,1.0,782.99,0.0,486.7066,486.7066,782.99,782.99,ERP_EXPORT_20240115
Internet,SO48593,SO48593 - 1,AW00012394,,BK-M68B-46,United Kingdom,United Kingdom,"Nov 17, 2018",2018-11-27,2018-11-24,1.0,2049.0982,0.0,1105.81,1105.81,2049.0982,2049.0982,ERP_EXPORT_20240115
Internet,SO44322,SO44322 - 1,AW00017975,,BK-R50R-48,France,France,2017-09-01,2017-09-11,"Sep 08, 2017",1.0,699.0982,0.0,413.1463,413.1463,699.0982,699.0982,ERP_EXPORT_20240115
Internet,SO45675,SO45675 - 1,AW00025829,,BK-R50B-48,Australia,Australia,2018-02-12 00:00:00,2018-02-22,2018-02-19,1.0,699.0982,0.0,413.1463,413.1463,699.0982,699.0982,ERP_EXPORT_20240115
Internet,SO44678,SO44678 - 1,AW00022121,,BK-R93R-62,CANADA,Canada,"Oct 18, 2017",2017-10-28,2017-10-25,1.0,3578.27,0.0,2171.2942,2171.2942,3578.27,3578.27,ERP_EXPORT_20240115
Internet,SO47889,SO47889 - 1,AW00016541,,BK-R89B-52,United Kingdom,United Kingdom,2018-09-21 00:00:00,2018-10-01,28-09-2018,1.0,2181.5625,0.0,1320.6838,1320.6838,2181.5625,2181.5625,ERP_EXPORT_20240115
Internet,SO48429,SO48429 - 1,AW00012385,,BK-M68S-38, United Kingdom,United Kingdom,"Nov 02, 2018",2018-11-12,2018-11-09 00:00:00,1.0,2071.4196,0.0,1117.8559,1117.8559,2071.4196,2071.4196,ERP_EXPORT_20240115
INTERNET,SO46446,SO46446 - 1,AW00012777,,BK-R93R-48,Northwest,United States,2018-05-09,2018-05-19,05/16/2018,1.0,3578.27,0.0,2171.2942,2171.2942,3578.27,3578.27,ERP_EXPORT_20240115
Internet,SO46230,SO46230 - 1,AW00011493,,BK-M82S-38,United Kingdom,United Kingdom,2018-04-16,2018-04-26,"Apr 23, 2018",1.0,3399.99,0.0,1912.1544,1912.1544,3399.99,3399.99,ERP_EXPORT_20240115
Internet,SO48153,SO48153 - 1,AW00026575,,BK-M68B-46,SOUTHWEST,United States,10/11/2018,2018-10-21,20181018,1.0,2049.0982,0.0,1105.81,1105.81,2049.0982,2049.0982,ERP_EXPORT_20240115
Internet,SO45233,SO45233 - 1,AW00011472,,BK-M82S-38,australia,Australia,2017-12-26,2018-01-05,2018-01-02 00:00:00,1.0,3399.99,0.0,1912.1544,1912.1544,3399.99,3399.99,ERP_EXPORT_20240115
Internet ,SO43779,SO43779 - 1,AW00025252,,BK-R50R-44,AUSTRALIA,Australia,2017-07-10,2017-07-20,17-07-2017,1.0,699.0982,0.0,413.1463,413.1463,699.0982,699.0982,ERP_EXPORT_20240115
Internet,SO47921,SO47921 - 1,AW00014796,,BK-R89B-58,France,France,25-09-2018,2018-10-05,2018-10-02 00:00:00,1.0,2181.5625,0.0,1320.6838,1320.6838,2181.5625,2181.5625,ERP_EXPORT_20240115
Internet,SO47333,SO47333 - 1,AW00021229,,BK-R89R-44, Australia,Australia,20180730,2018-08-09,2018-08-06,1.0,2443.35,0.0,1518.7864,1518.7864,2443.35,2443.35,ERP_EXPORT_20240115
Internet,SO45672,SO45672 - 1,AW00019438,,BK-R50B-48,Germany,Germany,2018-02-12,2018-02-22,20180219,1.0,699.0982,0.0%,413.1463,413.1463,699.0982,699.0982,ERP_EXPORT_20240115
Internet,SO47538,SO47538 - 1,AW00013449,,BK-R89B-58,Northwest,United States,20180813,2018-08-23,2018-08-20 00:00:00,1.0,2181.5625,0.0,1320.6838,1320.6838,2181.5625,2181.5625,ERP_EXPORT_20240115
Internet,SO46222,SO46222 - 1,AW00014891,,BK-R50B-62,Southwest,United States,2018-04-15 00:00:00,2018-04-25,2018-04-22,1.0,699.0982,0.0,413.1463,413.1463,699.0982,699.0982,ERP_EXPORT_20240115
Internet,SO45913,SO45913 - 1,AW00026014,,BK-M82S-38,Southwest,United States,03/16/2018,2018-03-26,"Mar 23, 2018",1.0,3399.99,0.0,1912.1544,1912.1544,3399.99,3399.99,ERP_EXPORT_20240115
Internet,SO47476,SO47476 - 1,AW00012693,,BK-M68S-38,Australia,Australia,2018-08-03,2018-08-13,10-08-2018,1.0,2071.4196,0.0,1117.8559,1117.8559,2071.4196,2071.4196,ERP_EXPORT_20240115
Internet ,SO46397,SO46397 - 1,AW00027014,,BK-R50R-48,Canada,Canada,20180502,2018-05-12,20180509,1.0,699.0982,0.0%,413.1463,413.1463,699.0982,699.0982,ERP_EXPORT_20240115
Internet,SO44347,SO44347 - 1,AW00017911,,BK-R93R-48,Australia,Australia,20170907,2017-09-17,14-09-2017,1.0,3578.27,0.0,2171.2942,2171.2942,3578.27,3578.27,ERP_EXPORT_20240115
Internet,SO44390,SO44390 - 1,AW00017353,,BK-R93R-56,australia,Australia,12-09-2017,2017-09-22,20170919,1.0,3578.27,0.0,2171.2942,2171.2942,3578.27,3578.27,ERP_EXPORT_20240115
Internet,SO48280,SO48280 - 1,AW00013487,,BK-R89B-52,southwest,United States,2018-10-30 00:00:00,2018-11-09,06-11-2018,1.0,2181.5625,0.0,1320.6838,1320.6838,2181.5625,2181.5625,ERP_EXPORT_20240115
Internet ,SO44234,SO44234 - 1,AW00028184,,BK-R93R-48,Southwest,United States,"Aug 23, 2017",2017-09-02,2017-08-30 00:00:00,1.0,3578.27,0.0,2171.2942,2171.2942,3578.27,3578.27,ERP_EXPORT_20240115
Internet,SO44218,SO44218 - 1,AW00022109,,BK-R93R-44,canada,Canada,08/20/2017,2017-08-30,20170827,1.0,3578.27,0.0,2171.2942,2171.2942,3578.27,3578.27,ERP_EXPORT_20240115
Internet,SO47933,SO47933 - 1,AW00016270,,BK-R89B-44, Germany,Germany,20180927,2018-10-07,"Oct 04, 2018",1.0,2181.5625,0.0,1320.6838,1320.6838,2181.5625,2181.5625,ERP_EXPORT_20240115
Internet ,SO46550,SO46550 - 1,AW00026097,,BK-M82B-44,Southwest,United States,20180523,2018-06-02,2018-05-30 00:00:00,1.0,3374.99,0.0,1898.0944,1898.0944,3374.99,3374.99,ERP_EXPORT_20240115
INTERNET,SO45878,SO45878 - 1,AW00012750,,BK-R93R-62,France,France,"Mar 12, 2018",2018-03-22,03/19/2018,1.0,3578.27,0.0,2171.2942,2171.2942,3578.27,3578.27,ERP_EXPORT_20240115
Internet,SO48817,SO48817 - 1,AW00026049,,BK-R89B-44,CANADA,Canada,03-12-2018,2018-12-13,12/10/2018,1.0,2181.5625,0.0%,1320.6838,1320.6838,2181.5625,2181.5625,ERP_EXPORT_20240115
Internet,SO44650,SO44650 - 1,AW00011147,,BK-M82B-48,Australia,Australia,2017-10-13 00:00:00,2017-10-23,2017-10-20,1.0,3374.99,0.0,1898.0944,1898.0944,3374.99,3374.99,ERP_EXPORT_20240115
internet,SO47944,SO47944 - 1,AW00028690,,BK-M68B-46,France,France,29-09-2018,2018-10-09,10/06/2018,1.0,2049.0982,0.0,1105.81,1105.81,2049.0982,2049.0982,ERP_EXPORT_20240115
 Internet,SO47592,SO47592 - 1,AW00024614,,BK-R64Y-42,Australia ,Australia,"Aug 20, 2018",2018-08-30,2018-08-27,1.0,1000.4375,0.0,605.6492,605.6492,1000.4375,1000.4375,ERP_EXPORT_20240115
Internet,SO45383,SO45383 - 1,AW00014734,,BK-R50B-58,Northwest ,United States,2018-01-06 00:00:00,2018-01-16,13-01-2018,1.0,699.0982,0.0,413.1463,413.1463,699.0982,699.0982,ERP_EXPORT_20240115
Internet,SO43760,SO43760 - 1,AW00016352,,BK-R93R-56,AUSTRALIA,Australia,08-07-2017,2017-07-18,2017-07-15 00:00:00,1.0,3578.27,0.0,2171.2942,2171.2942,3578.27,3578.27,ERP_EXPORT_20240115
Internet,SO44876,SO44876 - 1,AW00029056,,BK-R93R-48,southwest,United States,11/10/2017,2017-11-20,2017-11-17,1.0,3578.27,0.0,2171.2942,2171.2942,3578.27,3578.27,ERP_EXPORT_20240115
INTERNET,SO48604,SO48604 - 1,AW00026609,,BK-M68S-42,Northwest,United States,2018-11-18,2018-11-28,2018-11-25,1.0,2071.4196,0.0,1117.8559,1117.8559,2071.4196,2071.4196,ERP_EXPORT_20240115
Internet,SO48126,SO48126 - 1,,,BK-R64Y-44,Northwest,United States,07-10-2018,2018-10-17,2018-10-14 00:00:00,1.9,1000.4375,,605.6492,605.6492,-1000.4375,-1000.4375,ERP_EXPORT_20240115
internet,SO45407,SO45407 - 1,AW00029285,,BK-R93R-56,Southwest,United States,"Jan 10, 2018",2018-01-20,01/17/2018,1.0,3578.27,0.0,2171.2942,2171.2942,3578.27,3578.27,ERP_EXPORT_20240115
 Internet,SO43996,SO43996 - 1,AW00027920,,BK-R93R-62,Southwest,United States,"Jul 25, 2017",2017-08-04,2017-08-01,1.0,3578.27,0.0,2171.2942,2171.2942,3578.27,3578.27,ERP_EXPORT_20240115
Internet,SO46590,SO46590 - 1,AW00024501,,BK-R93R-48,Canada,Canada,29-05-2018,2018-06-08,2018-06-05 00:00:00,1.0,3578.27,0.0,2171.2942,2171.2942,3578.27,3578.27,ERP_EXPORT_20240115
 Internet,SO44205,SO44205 - 1,AW00017285,,BK-R93R-48,Australia,Australia,17-08-2017,2017-08-27,24-08-2017,1.0,3578.27,0.0,2171.2942,2171.2942,3578.27,3578.27,ERP_EXPORT_20240115
Internet,SO46153,SO46153 - 1,AW00025928,,BK-R50R-62,Australia ,Australia,20180405,2018-04-15,12-04-2018,1.0,699.0982,0.0,413.1463,413.1463,699.0982,699.0982,ERP_EXPORT_20240115
Internet,SO48205,SO48205 - 1,AW00026509,,BK-M68B-46,Northwest,United States,2018-10-20,2018-10-30,2018-10-27 00:00:00,1.0,2049.0982,0.0,1105.81,1105.81,2049.0982,2049.0982,ERP_EXPORT_20240115
Internet,SO48830,SO48830 - 1,AW00017750,,BK-R89R-58,United Kingdom,United Kingdom,"Dec 05, 2018",2018-12-15,12-12-2018,1.0,2181.5625,0.0,1320.6838,1320.6838,2181.5625,2181.5625,ERP_EXPORT_20240115
Internet,SO48402,SO48402 - 1,AW00017627,,BK-R89B-58,United Kingdom,United Kingdom,10/31/2018,2018-11-10,20181107,1.0,2181.5625,0.0,1320.6838,1320.6838,2181.5625,2181.5625,ERP_EXPORT_20240115
Internet,SO48806,SO48806 - 1,AW00020885,,BK-R50B-48,United Kingdom,United Kingdom,02-12-2018,2018-12-12,2018-12-09,1.0,782.99,0.0,486.7066,486.7066,782.99,782.99,ERP_EXPORT_20240115
Internet ,SO47591,SO47591 - 1,AW00026313,,BK-M68B-42,Southwest,United States,2018-08-20 00:00:00,2018-08-30,2018-08-27 00:00:00,1.0,2049.0982,0.0%,1105.81,1105.81,2049.0982,2049.0982,ERP_EXPORT_20240115
Internet,SO43712,SO43712 - 1,AW00013513,,BK-R93R-44,germany,Germany,02-07-2017,2017-07-12,2017-07-09,1.0,3578.27,0.0,2171.2942,2171.2942,3578.27,3578.27,ERP_EXPORT_20240115
Internet,SO47104,SO47104 - 1,AW00013279,,BK-R89B-58,Southwest,United States,2018-07-05,2018-07-15,07/12/2018,1.0,2181.5625,0.0,1320.6838,1320.6838,2181.5625,2181.5625,ERP_EXPORT_20240115
Internet,SO46274,SO46274 - 1,AW00026070,,BK-M82B-44,Southwest,United States,2018-04-22,2018-05-02,04/29/2018,1.0,3374.99,0.0%,1898.0944,1898.0944,3374.99,3374.99,ERP_EXPORT_20240115
Internet ,SO46167,SO46167 - 1,AW00011997,,BK-M82S-48,Australia,Australia,"Apr 07, 2018",2018-04-17,14-04-2018,1.0,3399.99,0.0,1912.1544,1912.1544,3399.99,3399.99,ERP_EXPORT_20240115
Internet,SO44671,SO44671 - 1,AW00018268,,BK-R93R-44,Australia,Australia,2017-10-16,2017-10-26,10/23/2017,1.0,3578.27,0.0,2171.2942,2171.2942,3578.27,3578.27,ERP_EXPORT_20240115
Internet,SO44028,SO44028 - 1,AW00017048,,BK-R93R-48,Australia,Australia,07/28/2017,2017-08-07,"Aug 04, 2017",1.0,3578.27,0.0%,2171.2942,2171.2942,3578.27,3578.27,ERP_EXPORT_20240115
Internet,SO47650,SO47650 - 1,AW00016512,,BK-R89R-52,UNITED KINGDOM,United Kingdom,2018-08-30 00:00:00,2018-09-09,09/06/2018,1.0,2443.35,0.0,1518.7864,1518.7864,2443.35,2443.35,ERP_EXPORT_20240115
Internet,SO45862,SO45862 - 1,AW00014827,,BK-R93R-48,Germany,Germany,2018-03-09,2018-03-19,20180316,1.0,3578.27,0.0,2171.2942,2171.2942,3578.27,3578.27,ERP_EXPORT_20240115
Internet,SO44221,SO44221 - 1,AW00017255,,BK-R93R-56,Australia,Australia,2017-08-20 00:00:00,2017-08-30,08/27/2017,1.0,3578.27,0.0,2171.2942,2171.2942,3578.27,3578.27,ERP_EXPORT_20240115
Internet,SO45826,SO45826 - 1,AW00023858,,BK-R93R-62,Canada ,Canada,20180303,2018-03-13,10-03-2018,1.0,3578.27,0.0%,2171.2942,2171.2942,3578.27,3578.27,ERP_EXPORT_20240115
INTERNET,SO47750,SO47750 - 1,AW00021976,,BK-R89R-48,Australia,Australia,02-09-2018,2018-09-12,2018-09-09,1.0,2443.35,0.0,1518.7864,1518.7864,2443.35,2443.35,ERP_EXPORT_20240115
Internet,SO44949,SO44949 - 1,AW00029474,,BK-M82B-42,Germany,Germany,11/19/2017,2017-11-29,"Nov 26, 2017",1.0,3374.99,0.0,1898.0944,1898.0944,3374.99,3374.99,ERP_EXPORT_20240115
INTERNET,SO48636,SO48636 - 1,AW00015429,,BK-R50R-62,Southwest,United States,21-11-2018,2018-12-01,2018-11-28 00:00:00,1.0,782.99,0.0,486.7066,486.7066,782.99,782.99,ERP_EXPORT_20240115
Internet,SO48232,SO48232 - 1,AW00015396,,BK-R50R-52,Northwest,United States,10/24/2018,2018-11-03,20181031,1.0,782.99,0.0,486.7066,486.7066,782.99,782.99,ERP_EXPORT_20240115
Internet,SO47117,SO47117 - 1,AW00012586,,BK-M68S-42,Australia,Australia,2018-07-06 00:00:00,2018-07-16,"Jul 13, 2018",1.0,2071.4196,0.0,1117.8559,1117.8559,2071.4196,2071.4196,ERP_EXPORT_20240115
Internet ,SO46433,SO46433 - 1,AW00020991,,BK-R93R-48,Australia ,Australia,05/07/2018,2018-05-17,2018-05-14 00:00:00,1.0,3578.27,0.0,2171.2942,2171.2942,3578.27,3578.27,ERP_EXPORT_20240115
Internet,SO47896,SO47896 - 1,AW00017206,,BK-R64Y-48,France,France,"Sep 22, 2018",2018-10-02,2018-09-29 00:00:00,1.0,1000.4375,0.0,605.6492,605.6492,1000.4375,1000.4375,ERP_EXPORT_20240115
INTERNET,SO45368,SO45368 - 1,AW00014732,,BK-R50R-48,Northwest,United States,2018-01-04,2018-01-14,01/11/2018,1.0,699.0982,0.0%,413.1463,413.1463,699.0982,699.0982,ERP_EXPORT_20240115
internet,SO47800,SO47800 - 1,AW00014798,,BK-R89B-44,France ,France,"Sep 11, 2018",2018-09-21,"Sep 18, 2018",1.0,2181.5625,0.0,1320.6838,1320.6838,2181.5625,2181.5625,ERP_EXPORT_20240115
Internet,SO47158,SO47158 - 1,AW00026280,,BK-M68B-42,Southwest,United States,"Jul 12, 2018",2018-07-22,2018-07-19 00:00:00,1.0,2049.0982,0.0,1105.81,1105.81,2049.0982,2049.0982,ERP_EXPORT_20240115
Internet ,SO46275,SO46275 - 1,AW00020450,,BK-R93R-52,Australia,Australia,2018-04-22,2018-05-02,20180429,1.0,3578.27,0.0,2171.2942,2171.2942,3578.27,3578.27,ERP_EXPORT_20240115
Internet,SO44701,SO44701 - 1,AW00014636,,BK-R50B-62,Northwest,United States,10/23/2017,2017-11-02,"Oct 30, 2017",1.0,699.0982,0.0%,413.1463,413.1463,699.0982,699.0982,ERP_EXPORT_20240115
Internet,SO43738,SO43738 - 1,AW00011606,,BK-R93R-48,France ,France,07/06/2017,2017-07-16,2017-07-13 00:00:00,1.0,3578.27,0.0,2171.2942,2171.2942,3578.27,3578.27,ERP_EXPORT_20240115
Internet,SO44893,SO44893 - 1,AW00028856,,BK-R93R-56, Northwest,United States,2017-11-12 00:00:00,2017-11-22,2017-11-19,1.0,3578.27,0.0,2171.2942,2171.2942,3578.27,3578.27,ERP_EXPORT_20240115
Internet,SO47498,SO47498 - 1,AW00027071,,BK-R50R-62,Canada,Canada,"Aug 08, 2018",2018-08-18,2018-08-15,1.0,782.99,0.0,486.7066,486.7066,782.99,782.99,ERP_EXPORT_20240115
Internet,SO44410,SO44410 - 1,AW00028223,,BK-R93R-62,Southwest,United States,17-09-2017,2017-09-27,2017-09-24 00:00:00,1.0,3578.27,0.0,2171.2942,2171.2942,3578.27,3578.27,ERP_EXPORT_20240115
INTERNET,SO47465,SO47465 - 1,AW00015303,,BK-R50B-48,Southwest,United States,2018-08-02 00:00:00,2018-08-12,2018-08-09 00:00:00,1.0,782.99,0.0%,486.7066,486.7066,782.99,782.99,ERP_EXPORT_20240115
Internet,SO48173,SO48173 - 1,AW00013704,,BK-R89B-48,Northwest,United States,20181014,2018-10-24,20181021,1.0,2181.5625,0.0%,1320.6838,1320.6838,2181.5625,2181.5625,ERP_EXPORT_20240115
Internet,SO47329,SO47329 - 1,AW00013367,,BK-R89B-58,Northwest,United States,20180730,2018-08-09,20180806,1.0,2181.5625,0.0,1320.6838,1320.6838,2181.5625,2181.5625,ERP_EXPORT_20240115
Internet,SO45515,SO45515 - 1,AW00019557,,BK-R93R-62,AUSTRALIA,Australia,2018-01-28,2018-02-07,04-02-2018,1.0,3578.27,0.0,2171.2942,2171.2942,3578.27,3578.27,ERP_EXPORT_20240115
Internet,SO45209,SO45209 - 1,AW00029201,,BK-R93R-56,Southwest,United States,20171222,2018-01-01,12/29/2017,1.0,3578.27,0.0,2171.2942,2171.2942,3578.27,3578.27,ERP_EXPORT_20240115
Internet,SO45095,SO45095 - 1,AW00011394,,BK-M82S-38,United Kingdom,United Kingdom,2017-12-04,2017-12-14,20171211,1.0,3399.99,0.0,1912.1544,1912.1544,3399.99,3399.99,ERP_EXPORT_20240115
 Internet,SO44204,SO44204 - 1,AW00014580,,BK-R50B-62,Southwest,United States,"Aug 17, 2017",2017-08-27,2017-08-24,1.0,699.0982,0.0,413.1463,413.1463,699.0982,699.0982,ERP_EXPORT_20240115
Internet,SO44628,SO44628 - 1,AW00011356,,BK-M82B-38,Australia,Australia,10-10-2017,2017-10-20,17-10-2017,1.0,3374.99,0.0%,1898.0944,1898.0944,3374.99,3374.99,ERP_EXPORT_20240115
Internet,SO47811,SO47811 - 1,AW00012271,,BK-M68S-38,UNITED KINGDOM,United Kingdom,20180912,2018-09-22,"Sep 19, 2018",1.0,2071.4196,0.0,1117.8559,1117.8559,2071.4196,2071.4196,ERP_EXPORT_20240115
internet,SO44189,SO44189 - 1,AW00020054,,BK-R50R-60,United Kingdom,United Kingdom,08/14/2017,2017-08-24,"Aug 21, 2017",1.0,699.0982,0.0,413.1463,413.1463,699.0982,699.0982,ERP_EXPORT_20240115
Internet,SO44991,SO44991 - 1,AW00018698,,BK-R93R-56,Australia,Australia,11/24/2017,2017-12-04,01-12-2017,1.0,3578.27,0.0%,2171.2942,2171.2942,3578.27,3578.27,ERP_EXPORT_20240115
Internet,SO47554,SO47554 - 1,AW00012222,,BK-M68B-46,United Kingdom ,United Kingdom,14-08-2018,2018-08-24,21-08-2018,1.0,2049.0982,0.0,1105.81,1105.81,2049.0982,2049.0982,ERP_EXPORT_20240115
Internet,SO47502,SO47502 - 1,AW00019278,,BK-R64Y-40, United Kingdom,United Kingdom,08/09/2018,2018-08-19,08/16/2018,1.0,1000.4375,0.0,605.6492,605.6492,1000.4375,1000.4375,ERP_EXPORT_20240115
Internet,SO45497,SO45497 - 1,AW00028354,,BK-R93R-44,Canada,Canada,01/26/2018,2018-02-05,20180202,1.0,3578.27,0.0,2171.2942,2171.2942,3578.27,3578.27,ERP_EXPORT_20240115
Internet,SO45100,SO45100 - 1,AW00019428,,BK-R50R-44,Germany,Germany,12/05/2017,2017-12-15,12/12/2017,1.0,699.0982,0.0,413.1463,413.1463,699.0982,699.0982,ERP_EXPORT_20240115
Internet,SO47812,SO47812 - 1,AW00016252,,BK-R89B-52,Germany,Germany,2018-09-12 00:00:00,2018-09-22,2018-09-19,1.0,2181.5625,0.0,1320.6838,1320.6838,2181.5625,2181.5625,ERP_EXPORT_20240115
Internet,SO44341,SO44341 - 1,AW00025905,,BK-M82B-38,Southwest,United States,2017-09-06,2017-09-16,"Sep 13, 2017",1.0,3374.99,0.0,1898.0944,1898.0944,3374.99,3374.99,ERP_EXPORT_20240115
 Internet,SO48283,SO48283 - 1,AW00015389,,BK-R50R-60,Southwest,United States,30-10-2018,2018-11-09,06-11-2018,1.0,782.99,,486.7066,486.7066,782.99,782.99,ERP_EXPORT_20240115
Internet,SO45603,SO45603 - 1,AW00011296,,BK-R93R-48,Northwest ,United States,02/01/2018,2018-02-11,02/08/2018,1.0,3578.27,0.0%,2171.2942,2171.2942,3578.27,3578.27,ERP_EXPORT_20240115
Internet,SO48433,SO48433 - 1,AW00023102,,BK-R89B-58,australia,Australia,"Nov 02, 2018",2018-11-12,20181109,1.0,2181.5625,0.0,1320.6838,1320.6838,2181.5625,2181.5625,ERP_EXPORT_20240115
Internet,SO45757,SO45757 - 1,AW00012561,,BK-R93R-48,France ,France,20180225,2018-03-07,"Mar 04, 2018",1.0,3578.27,0.0%,2171.2942,2171.2942,3578.27,3578.27,ERP_EXPORT_20240115
internet,SO45400,SO45400 - 1,AW00014162,,BK-R93R-52,Germany ,Germany,2018-01-10,2018-01-20,"Jan 17, 2018",1.0,3578.27,0.0,2171.2942,2171.2942,3578.27,3578.27,ERP_EXPORT_20240115
Internet,SO46492,SO46492 - 1,AW00012198,,BK-R93R-48,Northwest,United States,2018-05-17 00:00:00,2018-05-27,"May 24, 2018",1.0,3578.27,0.0,2171.2942,2171.2942,3578.27,3578.27,ERP_EXPORT_20240115
INTERNET,SO45763,SO45763 - 1,AW00019959,,BK-R93R-56,Australia,Australia,02/25/2018,2018-03-07,"Mar 04, 2018",1.0,3578.27,0.0,2171.2942,2171.2942,3578.27,3578.27,ERP_EXPORT_20240115
internet,SO48276,SO48276 - 1,AW00026429,,BK-R50R-62,Australia,Australia,10/29/2018,2018-11-08,"Nov 05, 2018",1.0,782.99,0.0,486.7066,486.7066,782.99,782.99,ERP_EXPORT_20240115
Internet,SO45394,SO45394 - 1,AW00011468,,BK-M82B-38,United Kingdom,United Kingdom,"Jan 08, 2018",2018-01-18,2018-01-15,1.0,3374.99,0.0,1898.0944,1898.0944,3374.99,3374.99,ERP_EXPORT_20240115
INTERNET,SO45943,SO45943 - 1,AW00020221,,BK-R93R-62,Australia,Australia,20-03-2018,2018-03-30,03/27/2018,1.0,3578.27,0.0,2171.2942,2171.2942,3578.27,3578.27,ERP_EXPORT_20240115
Internet,SO45396,SO45396 - 1,AW00019594,,BK-R93R-48,Australia,Australia,20180108,2018-01-18,2018-01-15,1.0,3578.27,0.0,2171.2942,2171.2942,3578.27,3578.27,ERP_EXPORT_20240115
Internet ,SO48626,SO48626 - 1,AW00026570,,BK-R50B-60,Australia,Australia,2018-11-19 00:00:00,2018-11-29,20181126,1.0,782.99,0.0%,486.7066,486.7066,782.99,782.99,ERP_EXPORT_20240115
Internet,SO48648,SO48648 - 1,AW00026610,,BK-M68S-42,Southwest ,United States,20181122,2018-12-02,11/29/2018,1.0,2071.4196,0.0,1117.8559,1117.8559,2071.4196,2071.4196,ERP_EXPORT_20240115
Internet,SO47651,SO47651 - 1,AW00025911,,BK-R89B-52,Canada,Canada,20180830,2018-09-09,"Sep 06, 2018",1.0,2181.5625,0.0%,1320.6838,1320.6838,2181.5625,2181.5625,ERP_EXPORT_20240115
Internet ,SO43772,SO43772 - 1,AW00016524,,BK-R93R-48,Australia,Australia,"Jul 10, 2017",2017-07-20,2017-07-17,1.0,3578.27,0.0,2171.2942,2171.2942,3578.27,3578.27,ERP_EXPORT_20240115
Internet,SO45236,SO45236 - 1,AW00018731,,BK-R93R-48,Australia,Australia,12/27/2017,2018-01-06,03-01-2018,1.0,3578.27,0.0%,2171.2942,2171.2942,3578.27,3578.27,ERP_EXPORT_20240115
Internet,SO44839,SO44839 - 1,AW00028825,,BK-R93R-56,Northwest,United States,2017-11-05 00:00:00,2017-11-15,11/12/2017,1.0,3578.27,0.0%,2171.2942,2171.2942,3578.27,3578.27,ERP_EXPORT_20240115
Internet,SO46182,SO46182 - 1,AW00011995,,BK-M82S-44,Australia,Australia,"Apr 10, 2018",2018-04-20,"Apr 17, 2018",1.0,3399.99,0.0,1912.1544,1912.1544,3399.99,3399.99,ERP_EXPORT_20240115
Internet,SO46689,SO46689 - 1,AW00013032,,BK-R89R-48,Southwest,United States,02-06-2018,2018-06-12,06/09/2018,1.0,2443.35,0.0,1518.7864,1518.7864,2443.35,2443.35,ERP_EXPORT_20240115
Internet,SO47328,SO47328 - 1,AW00012681,,BK-M68B-42,australia,Australia,2018-07-29,2018-08-08,05-08-2018,1.0,2049.0982,0.0%,1105.81,1105.81,2049.0982,2049.0982,ERP_EXPORT_20240115
Internet,SO48441,SO48441 - 1,AW00026503,,BK-R64Y-48,Canada,Canada,04-11-2018,2018-11-14,11/11/2018,1.0,1000.4375,0.0,605.6492,605.6492,1000.4375,1000.4375,ERP_EXPORT_20240115
Internet,SO46498,SO46498 - 1,AW00012881,,BK-R93R-52,Southwest,United States,2018-05-18 00:00:00,2018-05-28,2018-05-25 00:00:00,1.0,3578.27,0.0,2171.2942,2171.2942,3578.27,3578.27,ERP_EXPORT_20240115
Internet,SO43833,SO43833 - 1,AW00021727,,BK-R93R-62,Canada,Canada,20170716,2017-07-26,2017-07-23,1.0,3578.27,0.0,2171.2942,2171.2942,3578.27,3578.27,ERP_EXPORT_20240115
Internet,SO45205,SO45205 - 1,AW00028420,,BK-M82S-38,France,France,"Dec 22, 2017",2018-01-01,"Dec 29, 2017",1.0,3399.99,0.0%,1912.1544,1912.1544,3399.99,3399.99,ERP_EXPORT_20240115
Internet,SO44957,SO44957 - 1,AW00022247,,BK-R93R-62,Canada,Canada,20171120,2017-11-30,11/27/2017,1.0,3578.27,0.0,2171.2942,2171.2942,3578.27,3578.27,ERP_EXPORT_20240115
internet,SO44951,SO44951 - 1,AW00028843,,BK-R93R-44,Southwest,United States,11/19/2017,2017-11-29,2017-11-26,1.0,3578.27,0.0,2171.2942,2171.2942,3578.27,3578.27,ERP_EXPORT_20240115
INTERNET,SO44848,SO44848 - 1,AW00028418,,BK-M82B-38,France,France,"Nov 07, 2017",2017-11-17,2017-11-14,1.0,3374.99,0.0,1898.0944,1898.0944,3374.99,3374.99,ERP_EXPORT_20240115
internet,SO45738,SO45738 - 1,AW00011900,,BK-M82S-44,Australia,Australia,20180221,2018-03-03,2018-02-28,1.0,3399.99,0.0,1912.1544,1912.1544,3399.99,3399.99,ERP_EXPORT_20240115
 Internet,SO45358,SO45358 - 1,AW00023172,,BK-R93R-48,canada,Canada,"Jan 03, 2018",2018-01-13,20180110,1.0,3578.27,0.0,2171.2942,2171.2942,3578.27,3578.27,ERP_EXPORT_20240115
Internet,SO44375,SO44375 - 1,AW00014183,,BK-R93R-62,United Kingdom,United Kingdom,2017-09-11,2017-09-21,20170918,1.0,3578.27,0.0,2171.2942,2171.2942,3578.27,3578.27,ERP_EXPORT_20240115
Internet,SO48951,SO48951 - 1,AW00029388,,BK-M68S-38,France,France,"Dec 20, 2018",2018-12-30,20181227,1.0,2071.4196,0.0,1117.8559,1117.8559,2071.4196,2071.4196,ERP_EXPORT_20240115
Internet,SO46863,SO46863 - 1,AW00011575,,BK-M68B-46,UNITED KINGDOM,United Kingdom,06/22/2018,2018-07-02,29-06-2018,1.0,2049.0982,0.0,1105.81,1105.81,2049.0982,2049.0982,ERP_EXPORT_20240115
Internet ,SO46394,SO46394 - 1,AW00015055,,BK-R93R-56,GERMANY,Germany,"May 02, 2018",2018-05-12,2018-05-09 00:00:00,1.0,3578.27,0.0,2171.2942,2171.2942,3578.27,3578.27,ERP_EXPORT_20240115
Internet,SO46904,SO46904 - 1,AW00017080,,BK-R64Y-44,FRANCE,France,"Jun 28, 2018",2018-07-08,2018-07-05,1.0,1000.4375,0.0,605.6492,605.6492,1000.4375,1000.4375,ERP_EXPORT_20240115
Internet,SO47867,SO47867 - 1,AW00012991,,BK-M68B-42,Australia,Australia,2018-09-18,2018-09-28,2018-09-25,1.0,2049.0982,0.0,1105.81,1105.81,2049.0982,2049.0982,ERP_EXPORT_20240115
Internet,SO46288,SO46288 - 1,AW00012059,,BK-R93R-44,Northwest,United States,2018-04-24,2018-05-04,2018-05-01 00:00:00,1.0,3578.27,0.0,2171.2942,2171.2942,3578.27,3578.27,ERP_EXPORT_20240115
Internet,SO45591,SO45591 - 1,AW00025831,,BK-R50R-44,AUSTRALIA,Australia,"Jan 30, 2018",2018-02-09,20180206,1.0,699.0982,0.0,413.1463,413.1463,699.0982,699.0982,ERP_EXPORT_20240115
Internet,SO44919,SO44919 - 1,AW00029017,,BK-R93R-62,Northwest,United States,11/15/2017,2017-11-25,22-11-2017,1.0,3578.27,0.0,2171.2942,2171.2942,3578.27,3578.27,ERP_EXPORT_20240115
Internet,SO44855,SO44855 - 1,AW00026692,,BK-R50R-58,Canada,Canada,11/07/2017,2017-11-17,14-11-2017,1.0,699.0982,0.0,413.1463,413.1463,699.0982,699.0982,ERP_EXPORT_20240115
internet,SO48892,SO48892 - 1,AW00017714,,BK-R64Y-48,France,France,2018-12-13 00:00:00,2018-12-23,"Dec 20, 2018",1.0,1000.4375,,605.6492,605.6492,1000.4375,1000.4375,ERP_EXPORT_20240115
Internet,SO47131,SO47131 - 1,AW00013243,,BK-R89R-58,Northwest ,United States,2018-07-08 00:00:00,2018-07-18,"Jul 15, 2018",1.0,2181.5625,0.0,1320.6838,1320.6838,2181.5625,2181.5625,ERP_EXPORT_20240115
Internet,SO45928,SO45928 - 1,AW00011813,,BK-R93R-52,northwest,United States,"Mar 18, 2018",2018-03-28,2018-03-25 00:00:00,1.0,3578.27,0.0,2171.2942,2171.2942,3578.27,3578.27,ERP_EXPORT_20240115
 Internet,SO48261,SO48261 - 1,AW00027101,,BK-R50R-48,Canada,Canada,20181027,2018-11-06,2018-11-03,1.0,782.99,0.0,486.7066,486.7066,782.99,782.99,ERP_EXPORT_20240115
Internet,SO48236,SO48236 - 1,AW00026423,,BK-R50B-44, Australia,Australia,"Oct 24, 2018",2018-11-03,2018-10-31 00:00:00,1.0,782.99,,486.7066,486.7066,782.99,782.99,ERP_EXPORT_20240115
Internet,SO48175,SO48175 - 1,AW00026545,,BK-M68S-42,Southwest,United States,2018-10-15,2018-10-25,2018-10-22,1.0,2071.4196,0.0,1117.8559,1117.8559,2071.4196,2071.4196,ERP_EXPORT_20240115
internet,SO44616,SO44616 - 1,AW00028655,,BK-R93R-56,Northwest,United States,10/08/2017,2017-10-18,2017-10-15,1.0,3578.27,0.0,2171.2942,2171.2942,3578.27,3578.27,ERP_EXPORT_20240115
 Internet,SO43943,SO43943 - 1,AW00014565,,BK-R50B-44,Southwest,United States,2017-07-20 00:00:00,2017-07-30,20170727,1.0,699.0982,0.0,413.1463,413.1463,699.0982,699.0982,ERP_EXPORT_20240115
internet,SO43732,SO43732 - 1,AW00011025,,BK-M82B-44,australia,Australia,"Jul 05, 2017",2017-07-15,20170712,1.0,3374.99,0.0,1898.0944,1898.0944,3374.99,3374.99,ERP_EXPORT_20240115
Internet,SO48820,SO48820 - 1,AW00013958,,BK-M68B-38,Australia,Australia,2018-12-03 00:00:00,2018-12-13,"Dec 10, 2018",1.0,2049.0982,0.0,1105.81,1105.81,2049.0982,2049.0982,ERP_EXPORT_20240115
 Internet,SO44676,SO44676 - 1,AW00018198,,BK-R93R-48,Australia,Australia,2017-10-17,2017-10-27,"Oct 24, 2017",1.0,3578.27,0.0,2171.2942,2171.2942,3578.27,3578.27,ERP_EXPORT_20240115
INTERNET,SO43788,SO43788 - 1,AW00011239,,BK-M82B-48,United Kingdom,United Kingdom,20170712,2017-07-22,19-07-2017,1.0,3374.99,0.0,1898.0944,1898.0944,3374.99,3374.99,ERP_EXPORT_20240115
Internet,SO48932,SO48932 - 1,AW00014297,,BK-R64Y-42,Southwest,United States,20181217,2018-12-27,"Dec 24, 2018",1.0,1000.4375,0.0,605.6492,605.6492,1000.4375,1000.4375,ERP_EXPORT_20240115
Internet,SO45350,SO45350 - 1,AW00019613,,BK-R93R-44,Australia,Australia,20180101,2018-01-11,2018-01-08 00:00:00,1.0,3578.27,0.0,2171.2942,2171.2942,3578.27,3578.27,ERP_EXPORT_20240115
Internet,SO47645,SO47645 - 1,AW00014555,,BK-R89B-48,France,France,08/29/2018,2018-09-08,2018-09-05 00:00:00,1.0,2181.5625,0.0,1320.6838,1320.6838,2181.5625,2181.5625,ERP_EXPORT_20240115
Internet,SO48123,SO48123 - 1,AW00013080,,BK-M68B-42,Australia,Australia,06-10-2018,2018-10-16,2018-10-13,1.0,2049.0982,0.0,1105.81,1105.81,2049.0982,2049.0982,ERP_EXPORT_20240115
Internet,SO48271,SO48271 - 1,AW00028727,,BK-M68S-46,France,France,10/29/2018,2018-11-08,11/05/2018,1.0,2071.4196,0.0,1117.8559,1117.8559,2071.4196,2071.4196,ERP_EXPORT_20240115
Internet,SO46157,SO46157 - 1,AW00026056,,BK-M82S-42,Southwest,United States,04/06/2018,2018-04-16,04/13/2018,1.0,3399.99,0.0%,1912.1544,1912.1544,3399.99,3399.99,ERP_EXPORT_20240115
Internet,SO45220,SO45220 - 1,AW00029207,,BK-R93R-48,Northwest,United States,2017-12-24 00:00:00,2018-01-03,2017-12-31 00:00:00,1.0,3578.27,0.0,2171.2942,2171.2942,3578.27,3578.27,ERP_EXPORT_20240115
Internet,SO45468,SO45468 - 1,AW00023164,,BK-R93R-44,Canada,Canada,"Jan 22, 2018",2018-02-01,2018-01-29,1.0,3578.27,0.0,2171.2942,2171.2942,3578.27,3578.27,ERP_EXPORT_20240115
Internet,SO43989,SO43989 - 1,AW00028083,,BK-R93R-48, Southwest,United States,24-07-2017,2017-08-03,07/31/2017,1.0,3578.27,0.0,2171.2942,2171.2942,3578.27,3578.27,ERP_EXPORT_20240115
Internet,SO44382,SO44382 - 1,AW00011341,,BK-M82S-48,United Kingdom,United Kingdom,09/12/2017,2017-09-22,"Sep 19, 2017",1.0,3399.99,0.0,1912.1544,1912.1544,3399.99,3399.99,ERP_EXPORT_20240115
Internet,SO45925,SO45925 - 1,AW00011942,,BK-M82S-48,Australia,Australia,"Mar 17, 2018",2018-03-27,24-03-2018,1.0,3399.99,0.0,1912.1544,1912.1544,3399.99,3399.99,ERP_EXPORT_20240115
Internet,SO44370,SO44370 - 1,AW00018193,,BK-R93R-52,Australia ,Australia,2017-09-10,2017-09-20,17-09-2017,1.0,3578.27,0.0%,2171.2942,2171.2942,3578.27,3578.27,ERP_EXPORT_20240115
Internet,SO48130,SO48130 - 1,AW00016829,,BK-R89R-44,United Kingdom,United Kingdom,2018-10-08,2018-10-18,2018-10-15,1.0,2443.35,0.0,1518.7864,1518.7864,2443.35,2443.35,ERP_EXPORT_20240115
Internet,SO46185,SO46185 - 1,AW00015632,,BK-R93R-56,United Kingdom,United Kingdom,"Apr 11, 2018",2018-04-21,2018-04-18,1.0,3578.27,0.0%,2171.2942,2171.2942,3578.27,3578.27,ERP_EXPORT_20240115
Internet,SO45598,SO45598 - 1,AW00014744,,BK-R50B-48,Northwest,United States,01/31/2018,2018-02-10,2018-02-07,1.0,699.0982,0.0,413.1463,413.1463,699.0982,699.0982,ERP_EXPORT_20240115
Internet,SO45727,SO45727 - 1,AW00011909,,BK-M82B-44,australia,Australia,20180220,2018-03-02,2018-02-27 00:00:00,1.0,3374.99,0.0,1898.0944,1898.0944,3374.99,3374.99,ERP_EXPORT_20240115
Internet,SO46857,SO46857 - 1,AW00013064,,BK-R89R-58,Northwest,United States,"Jun 21, 2018",2018-07-01,"Jun 28, 2018",1.0,2181.5625,0.0,1320.6838,1320.6838,2181.5625,2181.5625,ERP_EXPORT_20240115
 Internet,SO48572,SO48572 - 1,AW00028756,,BK-M68B-46,France,France,15-11-2018,2018-11-25,2018-11-22 00:00:00,1.0,2049.0982,0.0,1105.81,1105.81,2049.0982,2049.0982,ERP_EXPORT_20240115
INTERNET,SO46474,SO46474 - 1,AW00025944,,BK-R50B-52,AUSTRALIA,Australia,05/12/2018,2018-05-22,"May 19, 2018",1.0,699.0982,0.0,413.1463,413.1463,699.0982,699.0982,ERP_EXPORT_20240115
 Internet,SO45746,SO45746 - 1,AW00023376,,BK-R93R-48,canada,Canada,23-02-2018,2018-03-05,2018-03-02,1.0,3578.27,0.0,2171.2942,2171.2942,3578.27,3578.27,ERP_EXPORT_20240115
Internet,SO45359,SO45359 - 1,AW00011227,,BK-R93R-52,Southwest,United States,03-01-2018,2018-01-13,2018-01-10,1.0,3578.27,0.0,2171.2942,2171.2942,3578.27,3578.27,ERP_EXPORT_20240115
Internet,SO47290,SO47290 - 1,AW00021558,,BK-R89R-44,Australia,Australia,"Jul 25, 2018",2018-08-04,01-08-2018,1.0,2443.35,0.0,1518.7864,1518.7864,2443.35,2443.35,ERP_EXPORT_20240115
Internet,SO48827,SO48827 - 1,AW00026729,,BK-M68B-42,NORTHWEST,United States,04-12-2018,2018-12-14,11-12-2018,1.0,2049.0982,0.0%,1105.81,1105.81,2049.0982,2049.0982,ERP_EXPORT_20240115
Internet,SO47786,SO47786 - 1,AW00014719,,BK-R89R-52,France,France,08-09-2018,2018-09-18,2018-09-15,1.0,2443.35,0.0,1518.7864,1518.7864,2443.35,2443.35,ERP_EXPORT_20240115
 Internet,SO45623,SO45623 - 1,AW00014769,,BK-R93R-44,Germany,Germany,2018-02-04 00:00:00,2018-02-14,2018-02-11 00:00:00,1.0,3578.27,0.0,2171.2942,2171.2942,3578.27,3578.27,ERP_EXPORT_20240115
Internet,SO46687,SO46687 - 1,AW00015457,,BK-R89B-58, Germany,Germany,"Jun 02, 2018",2018-06-12,20180609,1.0,2181.5625,0.0,1320.6838,1320.6838,2181.5625,2181.5625,ERP_EXPORT_20240115
Internet,SO48183,SO48183 - 1,AW00022583,,BK-R89B-44,Australia,Australia,"Oct 16, 2018",2018-10-26,10/23/2018,1.0,2181.5625,0.0,1320.6838,1320.6838,2181.5625,2181.5625,ERP_EXPORT_20240115
Internet,SO45919,SO45919 - 1,AW00011780,,BK-R93R-48,Northwest,United States,20180317,2018-03-27,2018-03-24,1.0,3578.27,0.0,2171.2942,2171.2942,3578.27,3578.27,ERP_EXPORT_20240115
Internet,SO45263,SO45263 - 1,AW00014722,,BK-R50B-48,Northwest,United States,2017-12-31,2018-01-10,07-01-2018,1.0,699.0982,0.0%,413.1463,413.1463,699.0982,699.0982,ERP_EXPORT_20240115
internet,SO45747,SO45747 - 1,AW00011539,,BK-R93R-56,Southwest,United States,"Feb 23, 2018",2018-03-05,2018-03-02,1.0,3578.27,0.0,2171.2942,2171.2942,3578.27,3578.27,ERP_EXPORT_20240115
Internet,SO47753,SO47753 - 1,AW00013020,,BK-M68B-42,australia,Australia,09/02/2018,2018-09-12,09/09/2018,1.0,2049.0982,0.0,1105.81,1105.81,2049.0982,2049.0982,ERP_EXPORT_20240115
Internet,SO47148,SO47148 - 1,AW00021259,,BK-R89B-52,Australia,Australia,2018-07-10,2018-07-20,17-07-2018,1.0,2181.5625,0.0,1320.6838,1320.6838,2181.5625,2181.5625,ERP_EXPORT_20240115
Internet,SO44978,SO44978 - 1,AW00014652,,BK-R50R-60, Southwest,United States,22-11-2017,2017-12-02,11/29/2017,1.0,699.0982,0.0,413.1463,413.1463,699.0982,699.0982,ERP_EXPORT_20240115
Internet,SO47938,SO47938 - 1,AW00021969,,BK-R89R-58,australia,Australia,2018-09-28,2018-10-08,05-10-2018,1.0,2181.5625,0.0,1320.6838,1320.6838,2181.5625,2181.5625,ERP_EXPORT_20240115
Internet,SO47877,SO47877 - 1,AW00020851,,BK-R50R-60,United Kingdom ,United Kingdom,2018-09-19 00:00:00,2018-09-29,"Sep 26, 2018",1.0,782.99,0.0,486.7066,486.7066,782.99,782.99,ERP_EXPORT_20240115
Internet,SO47245,SO47245 - 1,AW00016420,,BK-R89B-48,United Kingdom,United Kingdom,2018-07-21 00:00:00,2018-07-31,2018-07-28 00:00:00,1.0,2181.5625,0.0,1320.6838,1320.6838,2181.5625,2181.5625,ERP_EXPORT_20240115
internet,SO44712,SO44712 - 1,AW00011112,,BK-M82B-38,australia,Australia,2017-10-25,2017-11-04,2017-11-01,1.0,3374.99,0.0%,1898.0944,1898.0944,3374.99,3374.99,ERP_EXPORT_20240115
Internet,SO47314,SO47314 - 1,AW00012673,,BK-M68B-46,Australia,Australia,2018-07-27,2018-08-06,"Aug 03, 2018",1.0,2049.0982,0.0,1105.81,1105.81,2049.0982,2049.0982,ERP_EXPORT_20240115
INTERNET,SO44004,SO44004 - 1,AW00028061,,BK-R93R-62,Southwest,United States,26-07-2017,2017-08-05,20170802,1.0,3578.27,0.0,2171.2942,2171.2942,3578.27,3578.27,ERP_EXPORT_20240115
INTERNET,SO44692,SO44692 - 1,AW00028670,,BK-R93R-44,Northwest,United States,"Oct 21, 2017",2017-10-31,2017-10-28,1.0,3578.27,0.0,2171.2942,2171.2942,3578.27,3578.27,ERP_EXPORT_20240115
Internet ,SO43709,SO43709 - 1,,,BK-R93R-52,Australia,Australia,"Jul 02, 2017",2017-07-12,"Jul 09, 2017",1.8,3578.27,,2171.2942,2171.2942,-3578.27,-3578.27,ERP_EXPORT_20240115
Internet,SO45218,SO45218 - 1,AW00025982,,BK-M82S-42,Northwest,United States,12/24/2017,2018-01-03,2017-12-31,1.0,3399.99,0.0,1912.1544,1912.1544,3399.99,3399.99,ERP_EXPORT_20240115
Internet,SO48260,SO48260 - 1,AW00027099,,BK-R50R-60,CANADA,Canada,27-10-2018,2018-11-06,"Nov 03, 2018",1.0,782.99,0.0,486.7066,486.7066,782.99,782.99,ERP_EXPORT_20240115
Internet,SO46916,SO46916 - 1,AW00015196,,BK-R50R-48,Southwest,United States,29-06-2018,2018-07-09,"Jul 06, 2018",1.0,782.99,0.0,486.7066,486.7066,782.99,782.99,ERP_EXPORT_20240115
Internet,SO47771,SO47771 - 1,AW00022181,,BK-R89B-52,Australia,Australia,2018-09-06 00:00:00,2018-09-16,09/13/2018,1.0,2181.5625,0.0,1320.6838,1320.6838,2181.5625,2181.5625,ERP_EXPORT_20240115
internet,SO45352,SO45352 - 1,AW00015081,,BK-R93R-52,United Kingdom,United Kingdom,20180102,2018-01-12,"Jan 09, 2018",1.0,3578.27,0.0,2171.2942,2171.2942,3578.27,3578.27,ERP_EXPORT_20240115
Internet ,SO45130,SO45130 - 1,AW00014975,,BK-R93R-52,United Kingdom,United Kingdom,20171211,2017-12-21,18-12-2017,1.0,3578.27,0.0,2171.2942,2171.2942,3578.27,3578.27,ERP_EXPORT_20240115
internet,SO46553,SO46553 - 1,AW00020985,,BK-R93R-48,Australia ,Australia,2018-05-23,2018-06-02,2018-05-30 00:00:00,1.0,3578.27,0.0%,2171.2942,2171.2942,3578.27,3578.27,ERP_EXPORT_20240115
Internet ,SO45127,SO45127 - 1,AW00029158,,BK-R93R-52,Northwest,United States,10-12-2017,2017-12-20,20171217,1.0,3578.27,0.0,2171.2942,2171.2942,3578.27,3578.27,ERP_EXPORT_20240115
Internet,SO47223,SO47223 - 1,AW00025875,,BK-R89R-52,Canada,Canada,20180719,2018-07-29,2018-07-26 00:00:00,1.0,2443.35,0.0,1518.7864,1518.7864,2443.35,2443.35,ERP_EXPORT_20240115
Internet,SO45232,SO45232 - 1,AW00018736,,BK-R93R-62,Australia,Australia,"Dec 26, 2017",2018-01-05,2018-01-02,1.0,3578.27,0.0,2171.2942,2171.2942,3578.27,3578.27,ERP_EXPORT_20240115
Internet,SO45702,SO45702 - 1,AW00018131,,BK-R50R-58,France,France,"Feb 16, 2018",2018-02-26,"Feb 23, 2018",1.0,699.0982,0.0%,413.1463,413.1463,699.0982,699.0982,ERP_EXPORT_20240115
Internet,SO47731,SO47731 - 1,AW00012283,,BK-M68B-46,United Kingdom,United Kingdom,31-08-2018,2018-09-10,20180907,1.0,2049.0982,0.0,1105.81,1105.81,2049.0982,2049.0982,ERP_EXPORT_20240115
Internet,SO47788,SO47788 - 1,AW00016546,,BK-R89B-58,United Kingdom,United Kingdom,09-09-2018,2018-09-19,09/16/2018,1.0,2181.5625,0.0,1320.6838,1320.6838,2181.5625,2181.5625,ERP_EXPORT_20240115
internet,SO47890,SO47890 - 1,AW00016263,,BK-R89R-52, Germany,Germany,20180921,2018-10-01,2018-09-28 00:00:00,1.0,2443.35,0.0,1518.7864,1518.7864,2443.35,2443.35,ERP_EXPORT_20240115
Internet,SO48124,SO48124 - 1,AW00026436,,BK-R50R-44,Australia,Australia,10/06/2018,2018-10-16,2018-10-13 00:00:00,1.0,782.99,0.0,486.7066,486.7066,782.99,782.99,ERP_EXPORT_20240115
Internet,SO48489,SO48489 - 1,AW00022954,,BK-R89R-48,Australia,Australia,2018-11-08 00:00:00,2018-11-18,20181115,1.0,2443.35,0.0,1518.7864,1518.7864,2443.35,2443.35,ERP_EXPORT_20240115
Internet,SO47932,SO47932 - 1,AW00016561,,BK-R89B-44,United Kingdom,United Kingdom,20180927,2018-10-07,2018-10-04,1.0,2181.5625,0.0,1320.6838,1320.6838,2181.5625,2181.5625,ERP_EXPORT_20240115
Internet,SO44912,SO44912 - 1,AW00028966,,BK-R93R-62,Southwest,United States,2017-11-14 00:00:00,2017-11-24,2017-11-21 00:00:00,1.0,3578.27,0.0,2171.2942,2171.2942,3578.27,3578.27,ERP_EXPORT_20240115
Internet,SO43841,SO43841 - 1,AW00013406,,BK-R93R-56,Germany,Germany,17-07-2017,2017-07-27,24-07-2017,1.0,3578.27,0.0,2171.2942,2171.2942,3578.27,3578.27,ERP_EXPORT_20240115
Internet,SO48922,SO48922 - 1,AW00015095,,BK-R89R-44,France,France,2018-12-16 00:00:00,2018-12-26,2018-12-23,1.0,2443.35,0.0,1518.7864,1518.7864,2443.35,2443.35,ERP_EXPORT_20240115
Internet,SO44878,SO44878 - 1,AW00028807,,BK-R93R-44, Northwest,United States,2017-11-10 00:00:00,2017-11-20,2017-11-17 00:00:00,1.0,3578.27,0.0,2171.2942,2171.2942,3578.27,3578.27,ERP_EXPORT_20240115
 Internet,SO47504,SO47504 - 1,AW00011605,,BK-M68B-42,Germany,Germany,09-08-2018,2018-08-19,16-08-2018,1.0,2049.0982,0.0,1105.81,1105.81,2049.0982,2049.0982,ERP_EXPORT_20240115
Internet,SO44679,SO44679 - 1,AW00011106,,BK-M82S-44,Australia,Australia,2017-10-18 00:00:00,2017-10-28,20171025,1.0,3399.99,0.0,1912.1544,1912.1544,3399.99,3399.99,ERP_EXPORT_20240115
Internet,SO48726,SO48726 - 1,AW00024915,,BK-R64Y-40,Australia,Australia,11/30/2018,2018-12-10,2018-12-07 00:00:00,1.0,1000.4375,0.0,605.6492,605.6492,1000.4375,1000.4375,ERP_EXPORT_20240115
Internet,SO47110,SO47110 - 1,AW00028850,,BK-R89R-52,Canada,Canada,"Jul 06, 2018",2018-07-16,13-07-2018,1.0,2443.35,0.0,1518.7864,1518.7864,2443.35,2443.35,ERP_EXPORT_20240115
Internet,SO44041,SO44041 - 1,AW00016742,,BK-R93R-52,Australia,Australia,2017-07-29,2017-08-08,20170805,1.0,3578.27,0.0%,2171.2942,2171.2942,3578.27,3578.27,ERP_EXPORT_20240115
INTERNET,SO43771,SO43771 - 1,AW00014559,,BK-R50R-52, Southwest,United States,20170710,2017-07-20,07/17/2017,1.0,699.0982,0.0,413.1463,413.1463,699.0982,699.0982,ERP_EXPORT_20240115
Internet,SO47100,SO47100 - 1,AW00011612,,BK-M68B-42,United Kingdom,United Kingdom,"Jul 05, 2018",2018-07-15,2018-07-12,1.0,2049.0982,0.0,1105.81,1105.81,2049.0982,2049.0982,ERP_EXPORT_20240115
Internet,SO44226,SO44226 - 1,AW00012255,,BK-R93R-52,France,France,20170822,2017-09-01,2017-08-29 00:00:00,1.0,3578.27,0.0,2171.2942,2171.2942,3578.27,3578.27,ERP_EXPORT_20240115
Internet,SO48219,SO48219 - 1,AW00026511,,BK-M68S-42,Southwest ,United States,10/22/2018,2018-11-01,29-10-2018,1.0,2071.4196,0.0,1117.8559,1117.8559,2071.4196,2071.4196,ERP_EXPORT_20240115
Internet,SO46693,SO46693 - 1,AW00013210,,BK-R89B-44,Southwest,United States,20180602,2018-06-12,2018-06-09,1.0,2181.5625,0.0,1320.6838,1320.6838,2181.5625,2181.5625,ERP_EXPORT_20240115
Internet ,SO47882,SO47882 - 1,AW00013464,,BK-R89B-48,southwest,United States,"Sep 20, 2018",2018-09-30,2018-09-27 00:00:00,1.0,2181.5625,0.0,1320.6838,1320.6838,2181.5625,2181.5625,ERP_EXPORT_20240115
Internet,SO48670,SO48670 - 1,AW00013715,,BK-R89B-52,southwest,United States,2018-11-24,2018-12-04,2018-12-01,1.0,2181.5625,0.0,1320.6838,1320.6838,2181.5625,2181.5625,ERP_EXPORT_20240115
Internet,SO44225,SO44225 - 1,AW00020060,,BK-R50R-60,United Kingdom,United Kingdom,20170822,2017-09-01,"Aug 29, 2017",1.0,699.0982,0.0,413.1463,413.1463,699.0982,699.0982,ERP_EXPORT_20240115
Internet,SO45509,SO45509 - 1,AW00014148,,BK-R93R-62,Germany,Germany,01/27/2018,2018-02-06,2018-02-03,1.0,3578.27,0.0%,2171.2942,2171.2942,3578.27,3578.27,ERP_EXPORT_20240115
Internet,SO48158,SO48158 - 1,AW00026433,,BK-R50R-48,Australia,Australia,2018-10-11,2018-10-21,10/18/2018,1.0,782.99,0.0,486.7066,486.7066,782.99,782.99,ERP_EXPORT_20240115
Internet,SO46234,SO46234 - 1,AW00012110,,BK-R93R-48,Southwest,United States,16-04-2018,2018-04-26,04/23/2018,1.0,3578.27,0.0,2171.2942,2171.2942,3578.27,3578.27,ERP_EXPORT_20240115
Internet,SO44470,SO44470 - 1,AW00017735,,BK-R93R-52,Australia,Australia,09/28/2017,2017-10-08,05-10-2017,1.0,3578.27,0.0,2171.2942,2171.2942,3578.27,3578.27,ERP_EXPORT_20240115
internet,SO46507,SO46507 - 1,AW00025941,,BK-R50R-58,AUSTRALIA,Australia,20180518,2018-05-28,25-05-2018,1.0,699.0982,0.0,413.1463,413.1463,699.0982,699.0982,ERP_EXPORT_20240115
INTERNET,SO45440,SO45440 - 1,AW00014198,,BK-R93R-48,Germany,Germany,"Jan 15, 2018",2018-01-25,2018-01-22,1.0,3578.27,0.0,2171.2942,2171.2942,3578.27,3578.27,ERP_EXPORT_20240115
Internet,SO46151,SO46151 - 1,AW00026082,,BK-M82B-48,Southwest ,United States,05-04-2018,2018-04-15,2018-04-12,1.0,3374.99,0.0,1898.0944,1898.0944,3374.99,3374.99,ERP_EXPORT_20240115
Internet,SO44895,SO44895 - 1,AW00025951,,BK-M82B-48, Southwest,United States,2017-11-12 00:00:00,2017-11-22,11/19/2017,1.0,3374.99,0.0,1898.0944,1898.0944,3374.99,3374.99,ERP_EXPORT_20240115
Internet,SO48281,SO48281 - 1,AW00013492,,BK-R89R-58,southwest,United States,"Oct 30, 2018",2018-11-09,"Nov 06, 2018",1.0,2181.5625,0.0,1320.6838,1320.6838,2181.5625,2181.5625,ERP_EXPORT_20240115
Internet,SO48882,SO48882 - 1,AW00026801,,BK-M68B-46,Southwest,United States,2018-12-11,2018-12-21,12/18/2018,1.0,2049.0982,0.0%,1105.81,1105.81,2049.0982,2049.0982,ERP_EXPORT_20240115
Internet,SO46796,SO46796 - 1,AW00026247,,BK-M68B-42,Southwest,United States,2018-06-13 00:00:00,2018-06-23,20180620,1.0,2049.0982,0.0,1105.81,1105.81,2049.0982,2049.0982,ERP_EXPORT_20240115
Internet ,SO45755,SO45755 - 1,AW00011536,,BK-R93R-56,Southwest,United States,20180224,2018-03-06,2018-03-03,1.0,3578.27,0.0,2171.2942,2171.2942,3578.27,3578.27,ERP_EXPORT_20240115
Internet ,SO43731,SO43731 - 1,AW00016629,,BK-R93R-56,Australia,Australia,2017-07-05 00:00:00,2017-07-15,12-07-2017,1.0,3578.27,0.0,2171.2942,2171.2942,3578.27,3578.27,ERP_EXPORT_20240115
internet,SO47316,SO47316 - 1,AW00013361,,BK-R89R-48,Northwest,United States,07/28/2018,2018-08-07,2018-08-04,1.0,2443.35,0.0,1518.7864,1518.7864,2443.35,2443.35,ERP_EXPORT_20240115
internet,SO48192,SO48192 - 1,AW00013702,,BK-R89B-52,SOUTHWEST,United States,"Oct 18, 2018",2018-10-28,2018-10-25 00:00:00,1.0,2181.5625,0.0,1320.6838,1320.6838,2181.5625,2181.5625,ERP_EXPORT_20240115
Internet,SO46541,SO46541 - 1,AW00020617,,BK-R93R-62,Australia,Australia,2018-05-22,2018-06-01,2018-05-29,1.0,3578.27,0.0,2171.2942,2171.2942,3578.27,3578.27,ERP_EXPORT_20240115
Internet,SO48231,SO48231 - 1,AW00026579,,BK-M68B-46,Southwest,United States,2018-10-24 00:00:00,2018-11-03,"Oct 31, 2018",1.0,2049.0982,0.0,1105.81,1105.81,2049.0982,2049.0982,ERP_EXPORT_20240115
Internet,SO45002,SO45002 - 1,AW00013844,,BK-R93R-48,Germany,Germany,20171126,2017-12-06,20171203,1.0,3578.27,0.0,2171.2942,2171.2942,3578.27,3578.27,ERP_EXPORT_20240115
Internet,SO45817,SO45817 - 1,AW00014801,,BK-R93R-44,GERMANY,Germany,2018-03-01,2018-03-11,08-03-2018,1.0,3578.27,0.0,2171.2942,2171.2942,3578.27,3578.27,ERP_EXPORT_20240115
INTERNET,SO45187,SO45187 - 1,AW00015047,,BK-R93R-62,UNITED KINGDOM,United Kingdom,19-12-2017,2017-12-29,2017-12-26 00:00:00,1.0,3578.27,0.0,2171.2942,2171.2942,3578.27,3578.27,ERP_EXPORT_20240115
Internet,SO47506,SO47506 - 1,AW00026324,,BK-M68S-42,Northwest,United States,2018-08-09,2018-08-19,16-08-2018,1.0,2071.4196,0.0,1117.8559,1117.8559,2071.4196,2071.4196,ERP_EXPORT_20240115
INTERNET,SO46712,SO46712 - 1,AW00013779,,BK-R89B-44, France,France,06/04/2018,2018-06-14,20180611,1.0,2181.5625,0.0%,1320.6838,1320.6838,2181.5625,2181.5625,ERP_EXPORT_20240115
internet,SO47754,SO47754 - 1,AW00014104,,BK-R64Y-48,Southwest,United States,"Sep 03, 2018",2018-09-13,10-09-2018,1.0,1000.4375,0.0,605.6492,605.6492,1000.4375,1000.4375,ERP_EXPORT_20240115
Internet,SO47112,SO47112 - 1,AW00020318,,BK-M68S-46,Canada,Canada,07/06/2018,2018-07-16,13-07-2018,1.0,2071.4196,0.0%,1117.8559,1117.8559,2071.4196,2071.4196,ERP_EXPORT_20240115
Internet,SO46221,SO46221 - 1,AW00023866,,BK-R93R-56,Canada,Canada,2018-04-15 00:00:00,2018-04-25,22-04-2018,1.0,3578.27,0.0,2171.2942,2171.2942,3578.27,3578.27,ERP_EXPORT_20240115
Internet,SO44637,SO44637 - 1,AW00028644,,BK-R93R-44,Northwest,United States,10/12/2017,2017-10-22,"Oct 19, 2017",1.0,3578.27,0.0,2171.2942,2171.2942,3578.27,3578.27,ERP_EXPORT_20240115
Internet,SO47528,SO47528 - 1,AW00011598,,BK-M68S-38,Germany,Germany,20180812,2018-08-22,2018-08-19,1.0,2071.4196,0.0,1117.8559,1117.8559,2071.4196,2071.4196,ERP_EXPORT_20240115
 Internet,SO47863,SO47863 - 1,AW00015351,,BK-R50R-60,Northwest,United States,"Sep 18, 2018",2018-09-28,09/25/2018,1.0,782.99,0.0,486.7066,486.7066,782.99,782.99,ERP_EXPORT_20240115
 Internet,SO44690,SO44690 - 1,AW00011111,,BK-M82S-38,Australia,Australia,2017-10-20,2017-10-30,"Oct 27, 2017",1.0,3399.99,0.0,1912.1544,1912.1544,3399.99,3399.99,ERP_EXPORT_20240115
INTERNET,SO44244,SO44244 - 1,AW00017329,,BK-R93R-48,Australia,Australia,08/24/2017,2017-09-03,08/31/2017,1.0,3578.27,0.0,2171.2942,2171.2942,3578.27,3578.27,ERP_EXPORT_20240115
Internet,SO47939,SO47939 - 1,AW00021987,,BK-R89R-58,AUSTRALIA,Australia,"Sep 28, 2018",2018-10-08,"Oct 05, 2018",1.0,2181.5625,0.0,1320.6838,1320.6838,2181.5625,2181.5625,ERP_EXPORT_20240115
 Internet,SO45726,SO45726 - 1,AW00012614,,BK-R93R-52,France,France,02/20/2018,2018-03-02,2018-02-27,1.0,3578.27,0.0,2171.2942,2171.2942,3578.27,3578.27,ERP_EXPORT_20240115
INTERNET,SO45896,SO45896 - 1,AW00012632,,BK-R93R-44,France,France,2018-03-14,2018-03-24,"Mar 21, 2018",1.0,3578.27,0.0%,2171.2942,2171.2942,3578.27,3578.27,ERP_EXPORT_20240115
Internet,SO44850,SO44850 - 1,AW00019417,,BK-R50B-62,Germany,Germany,2017-11-07,2017-11-17,2017-11-14 00:00:00,1.0,699.0982,0.0,413.1463,413.1463,699.0982,699.0982,ERP_EXPORT_20240115
INTERNET,SO44579,SO44579 - 1,AW00028662,,BK-R93R-48,southwest,United States,20171002,2017-10-12,09-10-2017,1.0,3578.27,0.0,2171.2942,2171.2942,3578.27,3578.27,ERP_EXPORT_20240115
Internet,SO43811,SO43811 - 1,AW00011026,,BK-M82S-44,australia,Australia,"Jul 14, 2017",2017-07-24,2017-07-21,1.0,3399.99,0.0,1912.1544,1912.1544,3399.99,3399.99,ERP_EXPORT_20240115
Internet,SO44249,SO44249 - 1,AW00013845,,BK-R93R-52,United Kingdom,United Kingdom,2017-08-26,2017-09-05,09/02/2017,1.0,3578.27,0.0,2171.2942,2171.2942,3578.27,3578.27,ERP_EXPORT_20240115
internet,SO47860,SO47860 - 1,AW00026339,,BK-M68S-38,Northwest,United States,09/18/2018,2018-09-28,25-09-2018,1.0,2071.4196,0.0,1117.8559,1117.8559,2071.4196,2071.4196,ERP_EXPORT_20240115
Internet,SO45870,SO45870 - 1,AW00026012,,BK-M82B-42,Southwest,United States,2018-03-10,2018-03-20,2018-03-17,1.0,3374.99,0.0,1898.0944,1898.0944,3374.99,3374.99,ERP_EXPORT_20240115
Internet ,SO47810,SO47810 - 1,AW00026204,,BK-R50B-58,Australia,Australia,20180911,2018-09-21,2018-09-18,1.0,782.99,0.0%,486.7066,486.7066,782.99,782.99,ERP_EXPORT_20240115
Internet,SO47258,SO47258 - 1,AW00013298,,BK-R89B-52,Southwest,United States,"Jul 22, 2018",2018-08-01,29-07-2018,1.0,2181.5625,0.0,1320.6838,1320.6838,2181.5625,2181.5625,ERP_EXPORT_20240115
Internet,SO48918,SO48918 - 1,AW00013638,,BK-M68B-46,Australia ,Australia,12/15/2018,2018-12-25,22-12-2018,1.0,2049.0982,0.0,1105.81,1105.81,2049.0982,2049.0982,ERP_EXPORT_20240115
Internet,SO43787,SO43787 - 1,AW00029385,,BK-M82S-38,Germany,Germany,20170712,2017-07-22,2017-07-19,1.0,3399.99,0.0%,1912.1544,1912.1544,3399.99,3399.99,ERP_EXPORT_20240115
Internet,SO47613,SO47613 - 1,AW00014037,,BK-R64Y-44,SOUTHWEST,United States,08/24/2018,2018-09-03,31-08-2018,1.0,1000.4375,0.0,605.6492,605.6492,1000.4375,1000.4375,ERP_EXPORT_20240115
Internet,SO48430,SO48430 - 1,AW00026633,,BK-M68B-42,Southwest,United States,20181102,2018-11-12,20181109,1.0,2049.0982,0.0,1105.81,1105.81,2049.0982,2049.0982,ERP_EXPORT_20240115
Internet,SO46480,SO46480 - 1,AW00026114,,BK-M82S-48,Southwest,United States,20180514,2018-05-24,2018-05-21 00:00:00,1.0,3399.99,0.0,1912.1544,1912.1544,3399.99,3399.99,ERP_EXPORT_20240115
Internet,SO44716,SO44716 - 1,AW00022230,,BK-R93R-56,Canada,Canada,"Oct 26, 2017",2017-11-05,"Nov 02, 2017",1.0,3578.27,0.0,2171.2942,2171.2942,3578.27,3578.27,ERP_EXPORT_20240115
Internet,SO47155,SO47155 - 1,AW00013801,,BK-R89R-52,France ,France,12-07-2018,2018-07-22,2018-07-19,1.0,2443.35,0.0,1518.7864,1518.7864,2443.35,2443.35,ERP_EXPORT_20240115
 Internet,SO45876,SO45876 - 1,AW00019975,,BK-R93R-56,Australia,Australia,11-03-2018,2018-03-21,"Mar 18, 2018",1.0,3578.27,0.0,2171.2942,2171.2942,3578.27,3578.27,ERP_EXPORT_20240115
Internet,SO43711,SO43711 - 1,AW00027606,,BK-R93R-56,Northwest,United States,20170702,2017-07-12,"Jul 09, 2017",1.0,3578.27,0.0,2171.2942,2171.2942,3578.27,3578.27,ERP_EXPORT_20240115
Internet,SO46915,SO46915 - 1,AW00026276,,BK-M68B-46,Northwest,United States,2018-06-29 00:00:00,2018-07-09,"Jul 06, 2018",1.0,2049.0982,0.0,1105.81,1105.81,2049.0982,2049.0982,ERP_EXPORT_20240115
Internet,SO44057,SO44057 - 1,AW00014577,,BK-R50B-44,Northwest,United States,"Jul 31, 2017",2017-08-10,20170807,1.0,699.0982,0.0,413.1463,413.1463,699.0982,699.0982,ERP_EXPORT_20240115
Internet,SO45134,SO45134 - 1,AW00022895,,BK-R93R-56,Canada,Canada,2017-12-11 00:00:00,2017-12-21,"Dec 18, 2017",1.0,3578.27,0.0,2171.2942,2171.2942,3578.27,3578.27,ERP_EXPORT_20240115
Internet ,SO45256,SO45256 - 1,AW00014664,,BK-R50B-62,SOUTHWEST,United States,2017-12-30,2018-01-09,2018-01-06 00:00:00,1.0,699.0982,0.0,413.1463,413.1463,699.0982,699.0982,ERP_EXPORT_20240115
Internet,SO45648,SO45648 - 1,AW00019791,,BK-R93R-48,Australia,Australia,08-02-2018,2018-02-18,20180215,1.0,3578.27,0.0%,2171.2942,2171.2942,3578.27,3578.27,ERP_EXPORT_20240115
Internet,SO48679,SO48679 - 1,AW00026608,,BK-M68S-38,Southwest ,United States,25-11-2018,2018-12-05,"Dec 02, 2018",1.0,2071.4196,0.0,1117.8559,1117.8559,2071.4196,2071.4196,ERP_EXPORT_20240115
Internet,SO48674,SO48674 - 1,AW00026548,,BK-R50B-60,Australia,Australia,11/24/2018,2018-12-04,2018-12-01,1.0,782.99,0.0%,486.7066,486.7066,782.99,782.99,ERP_EXPORT_20240115
Internet,SO47347,SO47347 - 1,AW00026025,,BK-R50R-58,Australia,Australia,"Jul 31, 2018",2018-08-10,20180807,1.0,782.99,0.0,486.7066,486.7066,782.99,782.99,ERP_EXPORT_20240115
Internet,SO48554,SO48554 - 1,AW00026622,,BK-M68B-46,Northwest,United States,2018-11-13,2018-11-23,11/20/2018,1.0,2049.0982,0.0,1105.81,1105.81,2049.0982,2049.0982,ERP_EXPORT_20240115
Internet,SO45776,SO45776 - 1,AW00023281,,BK-R93R-52,Canada,Canada,"Feb 28, 2018",2018-03-10,"Mar 07, 2018",1.0,3578.27,0.0,2171.2942,2171.2942,3578.27,3578.27,ERP_EXPORT_20240115
internet,SO46897,SO46897 - 1,AW00021179,,BK-R89R-44,Australia,Australia,26-06-2018,2018-07-06,2018-07-03,1.0,2443.35,0.0,1518.7864,1518.7864,2443.35,2443.35,ERP_EXPORT_20240115
Internet,SO47344,SO47344 - 1,AW00012686,,BK-M68S-42,Australia,Australia,2018-07-31 00:00:00,2018-08-10,2018-08-07 00:00:00,1.0,2071.4196,0.0,1117.8559,1117.8559,2071.4196,2071.4196,ERP_EXPORT_20240115
Internet,SO48263,SO48263 - 1,AW00026435,,BK-R50R-48,Australia,Australia,"Oct 27, 2018",2018-11-06,11/03/2018,1.0,782.99,0.0,486.7066,486.7066,782.99,782.99,ERP_EXPORT_20240115
 Internet,SO45932,SO45932 - 1,AW00020211,,BK-R93R-62,Australia,Australia,2018-03-18,2018-03-28,2018-03-25 00:00:00,1.0,3578.27,0.0,2171.2942,2171.2942,3578.27,3578.27,ERP_EXPORT_20240115
Internet,SO44879,SO44879 - 1,AW00028833,,BK-R93R-62,Northwest,United States,2017-11-10,2017-11-20,"Nov 17, 2017",1.0,3578.27,0.0,2171.2942,2171.2942,3578.27,3578.27,ERP_EXPORT_20240115
Internet,SO46676,SO46676 - 1,AW00018047,,BK-R64Y-42,GERMANY,Germany,2018-05-31 00:00:00,2018-06-10,07-06-2018,1.0,1000.4375,0.0%,605.6492,605.6492,1000.4375,1000.4375,ERP_EXPORT_20240115
Internet,SO44920,SO44920 - 1,AW00014648,,BK-R50B-44,southwest,United States,15-11-2017,2017-11-25,11/22/2017,1.0,699.0982,0.0,413.1463,413.1463,699.0982,699.0982,ERP_EXPORT_20240115
internet,SO44368,SO44368 - 1,AW00014150,,BK-R93R-56,United Kingdom,United Kingdom,2017-09-10,2017-09-20,"Sep 17, 2017",1.0,3578.27,0.0,2171.2942,2171.2942,3578.27,3578.27,ERP_EXPORT_20240115
Internet,SO46774,SO46774 - 1,AW00013225,,BK-R89B-48,Southwest,United States,20180611,2018-06-21,2018-06-18 00:00:00,1.0,2181.5625,0.0,1320.6838,1320.6838,2181.5625,2181.5625,ERP_EXPORT_20240115
INTERNET,SO46108,SO46108 - 1,AW00012018,,BK-R93R-62,Southwest,United States,20180331,2018-04-10,"Apr 07, 2018",1.0,3578.27,0.0,2171.2942,2171.2942,3578.27,3578.27,ERP_EXPORT_20240115
Internet,SO44167,SO44167 - 1,AW00017308,,BK-R93R-56,Australia,Australia,2017-08-08 00:00:00,2017-08-18,2017-08-15 00:00:00,1.0,3578.27,0.0%,2171.2942,2171.2942,3578.27,3578.27,ERP_EXPORT_20240115
Internet,SO47559,SO47559 - 1,AW00012699,,BK-M68B-46,Australia,Australia,15-08-2018,2018-08-25,20180822,1.0,2049.0982,0.0,1105.81,1105.81,2049.0982,2049.0982,ERP_EXPORT_20240115
Internet ,SO47879,SO47879 - 1,AW00018157,,BK-R64Y-44,Germany,Germany,2018-09-20,2018-09-30,2018-09-27,1.0,1000.4375,0.0,605.6492,605.6492,1000.4375,1000.4375,ERP_EXPORT_20240115
Internet,SO44389,SO44389 - 1,AW00017925,,BK-R93R-52,Australia,Australia,12-09-2017,2017-09-22,20170919,1.0,3578.27,0.0,2171.2942,2171.2942,3578.27,3578.27,ERP_EXPORT_20240115
Internet ,SO45491,SO45491 - 1,AW00027672,,BK-R93R-44,Canada,Canada,01/25/2018,2018-02-04,01-02-2018,1.0,3578.27,0.0,2171.2942,2171.2942,3578.27,3578.27,ERP_EXPORT_20240115
Internet,SO45080,SO45080 - 1,AW00014657,,BK-R50B-58,Northwest,United States,20171201,2017-12-11,"Dec 08, 2017",1.0,699.0982,0.0,413.1463,413.1463,699.0982,699.0982,ERP_EXPORT_20240115
Internet,SO47539,SO47539 - 1,AW00020824,,BK-R50R-48,United Kingdom,United Kingdom,"Aug 13, 2018",2018-08-23,2018-08-20,1.0,782.99,0.0,486.7066,486.7066,782.99,782.99,ERP_EXPORT_20240115
Internet,SO48685,SO48685 - 1,AW00013728,,BK-R89R-48,Southwest,United States,26-11-2018,2018-12-06,03-12-2018,1.0,2443.35,0.0,1518.7864,1518.7864,2443.35,2443.35,ERP_EXPORT_20240115
INTERNET,SO48681,SO48681 - 1,AW00013160,,BK-M68S-38,Australia,Australia,2018-11-25,2018-12-05,"Dec 02, 2018",1.0,2071.4196,0.0%,1117.8559,1117.8559,2071.4196,2071.4196,ERP_EXPORT_20240115
Internet,SO47531,SO47531 - 1,AW00015325,,BK-R50B-44,Northwest,United States,2018-08-12 00:00:00,2018-08-22,20180819,1.0,782.99,0.0,486.7066,486.7066,782.99,782.99,ERP_EXPORT_20240115
Internet,SO48177,SO48177 - 1,AW00017633,,BK-R64Y-42,france,France,2018-10-16,2018-10-26,2018-10-23,1.0,1000.4375,0.0,605.6492,605.6492,1000.4375,1000.4375,ERP_EXPORT_20240115
Internet,SO48255,SO48255 - 1,AW00026496,,BK-R64Y-42,canada,Canada,2018-10-27 00:00:00,2018-11-06,11/03/2018,1.0,1000.4375,0.0,605.6492,605.6492,1000.4375,1000.4375,ERP_EXPORT_20240115
Internet,SO47792,SO47792 - 1,,,BK-R89R-48,GERMANY,Germany,"Sep 10, 2018",2018-09-20,09/17/2018,1.6,2443.35,,1518.7864,1518.7864,-2443.35,-2443.35,ERP_EXPORT_20240115
Internet,SO46115,SO46115 - 1,AW00012104,,BK-R93R-48,Southwest,United States,31-03-2018,2018-04-10,07-04-2018,1.0,3578.27,0.0,2171.2942,2171.2942,3578.27,3578.27,ERP_EXPORT_20240115
Internet,SO47179,SO47179 - 1,AW00028848,,BK-R89B-52,canada,Canada,"Jul 14, 2018",2018-07-24,20180721,1.0,2181.5625,0.0,1320.6838,1320.6838,2181.5625,2181.5625,ERP_EXPORT_20240115
Internet,SO46110,SO46110 - 1,AW00012169,,BK-R93R-44,Southwest,United States,"Mar 31, 2018",2018-04-10,"Apr 07, 2018",1.0,3578.27,0.0,2171.2942,2171.2942,3578.27,3578.27,ERP_EXPORT_20240115
Internet,SO46466,SO46466 - 1,AW00012915,,BK-R93R-44,Northwest,United States,12-05-2018,2018-05-22,05/19/2018,1.0,3578.27,0.0,2171.2942,2171.2942,3578.27,3578.27,ERP_EXPORT_20240115
 Internet,SO44188,SO44188 - 1,AW00020052,,BK-R50B-60,United Kingdom,United Kingdom,2017-08-14,2017-08-24,08/21/2017,1.0,699.0982,0.0,413.1463,413.1463,699.0982,699.0982,ERP_EXPORT_20240115
Internet,SO48803,SO48803 - 1,AW00019416,,BK-R64Y-40,United Kingdom,United Kingdom,12/02/2018,2018-12-12,2018-12-09,1.0,1000.4375,0.0%,605.6492,605.6492,1000.4375,1000.4375,ERP_EXPORT_20240115
INTERNET,SO45456,SO45456 - 1,AW00023113,,BK-R93R-48,Canada,Canada,01/19/2018,2018-01-29,20180126,1.0,3578.27,0.0,2171.2942,2171.2942,3578.27,3578.27,ERP_EXPORT_20240115
Internet,SO45879,SO45879 - 1,AW00019443,,BK-R50B-44,Germany,Germany,2018-03-12,2018-03-22,"Mar 19, 2018",1.0,699.0982,0.0,413.1463,413.1463,699.0982,699.0982,ERP_EXPORT_20240115
Internet,SO44422,SO44422 - 1,AW00019353,,BK-R50R-44,Germany,Germany,19-09-2017,2017-09-29,09/26/2017,1.0,699.0982,0.0%,413.1463,413.1463,699.0982,699.0982,ERP_EXPORT_20240115
Internet,SO46856,SO46856 - 1,AW00012935,,BK-R89R-52,SOUTHWEST,United States,06/21/2018,2018-07-01,28-06-2018,1.0,2443.35,0.0,1518.7864,1518.7864,2443.35,2443.35,ERP_EXPORT_20240115
Internet,SO47089,SO47089 - 1,AW00015284,,BK-R50B-48,Southwest,United States,03-07-2018,2018-07-13,"Jul 10, 2018",1.0,782.99,0.0,486.7066,486.7066,782.99,782.99,ERP_EXPORT_20240115
Internet,SO47130,SO47130 - 1,AW00016406,,BK-R89B-48,United Kingdom,United Kingdom,08-07-2018,2018-07-18,"Jul 15, 2018",1.0,2181.5625,0.0,1320.6838,1320.6838,2181.5625,2181.5625,ERP_EXPORT_20240115
internet,SO46732,SO46732 - 1,AW00013992,,BK-R64Y-42,Southwest,United States,20180606,2018-06-16,2018-06-13,1.0,1000.4375,0.0%,605.6492,605.6492,1000.4375,1000.4375,ERP_EXPORT_20240115
Internet,SO47749,SO47749 - 1,AW00022172,,BK-R89R-58,Australia ,Australia,09/02/2018,2018-09-12,20180909,1.0,2181.5625,0.0,1320.6838,1320.6838,2181.5625,2181.5625,ERP_EXPORT_20240115
Internet,SO45372,SO45372 - 1,AW00028449,,BK-M82B-38,France,France,20180105,2018-01-15,01/12/2018,1.0,3374.99,0.0,1898.0944,1898.0944,3374.99,3374.99,ERP_EXPORT_20240115
Internet,SO48511,SO48511 - 1,AW00026635,,BK-M68B-46,Southwest,United States,10-11-2018,2018-11-20,11/17/2018,1.0,2049.0982,0.0,1105.81,1105.81,2049.0982,2049.0982,ERP_EXPORT_20240115
 Internet,SO47853,SO47853 - 1,AW00026487,,BK-M68B-46,NORTHWEST,United States,09/17/2018,2018-09-27,"Sep 24, 2018",1.0,2049.0982,0.0,1105.81,1105.81,2049.0982,2049.0982,ERP_EXPORT_20240115
Internet,SO44983,SO44983 - 1,AW00022252,,BK-R93R-62,Canada,Canada,2017-11-23 00:00:00,2017-12-03,"Nov 30, 2017",1.0,3578.27,0.0,2171.2942,2171.2942,3578.27,3578.27,ERP_EXPORT_20240115
Internet,SO46017,SO46017 - 1,AW00011886,,BK-R93R-56,Southwest,United States,"Mar 30, 2018",2018-04-09,04/06/2018,1.0,3578.27,0.0,2171.2942,2171.2942,3578.27,3578.27,ERP_EXPORT_20240115
Internet,SO46539,SO46539 - 1,AW00012200,,BK-R93R-56,Southwest,United States,2018-05-22,2018-06-01,29-05-2018,1.0,3578.27,0.0%,2171.2942,2171.2942,3578.27,3578.27,ERP_EXPORT_20240115
Internet,SO45034,SO45034 - 1,AW00028822,,BK-R93R-62,Northwest,United States,2017-11-30,2017-12-10,2017-12-07 00:00:00,1.0,3578.27,0.0,2171.2942,2171.2942,3578.27,3578.27,ERP_EXPORT_20240115
Internet,SO47909,SO47909 - 1,AW00012999,,BK-M68S-46,Australia,Australia,2018-09-23,2018-10-03,2018-09-30,1.0,2071.4196,0.0,1117.8559,1117.8559,2071.4196,2071.4196,ERP_EXPORT_20240115
Internet,SO45157,SO45157 - 1,AW00011750,,BK-M82S-38,Australia,Australia,12/14/2017,2017-12-24,2017-12-21 00:00:00,1.0,3399.99,0.0,1912.1544,1912.1544,3399.99,3399.99,ERP_EXPORT_20240115
 Internet,SO48505,SO48505 - 1,AW00015071,,BK-R89R-58,France,France,11/10/2018,2018-11-20,"Nov 17, 2018",1.0,2181.5625,0.0,1320.6838,1320.6838,2181.5625,2181.5625,ERP_EXPORT_20240115
Internet,SO47464,SO47464 - 1,AW00016461,,BK-R89R-52,United Kingdom,United Kingdom,02-08-2018,2018-08-12,08/09/2018,1.0,2443.35,0.0,1518.7864,1518.7864,2443.35,2443.35,ERP_EXPORT_20240115
Internet ,SO48800,SO48800 - 1,AW00015491,,BK-R50B-52,Southeast,United States,01-12-2018,2018-12-11,2018-12-08 00:00:00,1.0,782.99,0.0,486.7066,486.7066,782.99,782.99,ERP_EXPORT_20240115
Internet,SO45019,SO45019 - 1,AW00018691,,BK-R93R-52,Australia,Australia,28-11-2017,2017-12-08,20171205,1.0,3578.27,0.0%,2171.2942,2171.2942,3578.27,3578.27,ERP_EXPORT_20240115
Internet,SO45923,SO45923 - 1,AW00011811,,BK-R93R-52,Southwest,United States,20180317,2018-03-27,"Mar 24, 2018",1.0,3578.27,0.0,2171.2942,2171.2942,3578.27,3578.27,ERP_EXPORT_20240115
 Internet,SO43928,SO43928 - 1,AW00016740,,BK-R93R-52,Australia,Australia,2017-07-18 00:00:00,2017-07-28,07/25/2017,1.0,3578.27,0.0,2171.2942,2171.2942,3578.27,3578.27,ERP_EXPORT_20240115
Internet,SO47941,SO47941 - 1,AW00013010,,BK-M68S-46,AUSTRALIA,Australia,09/28/2018,2018-10-08,10/05/2018,1.0,2071.4196,0.0,1117.8559,1117.8559,2071.4196,2071.4196,ERP_EXPORT_20240115
Internet,SO48650,SO48650 - 1,AW00022986,,BK-R89B-44,Australia,Australia,20181122,2018-12-02,20181129,1.0,2181.5625,,1320.6838,1320.6838,2181.5625,2181.5625,ERP_EXPORT_20240115
 Internet,SO47634,SO47634 - 1,AW00011570,,BK-M68S-46,Germany,Germany,20180826,2018-09-05,2018-09-02 00:00:00,1.0,2071.4196,0.0,1117.8559,1117.8559,2071.4196,2071.4196,ERP_EXPORT_20240115
Internet,SO47558,SO47558 - 1,AW00025981,,BK-R89R-52,CANADA,Canada,"Aug 15, 2018",2018-08-25,20180822,1.0,2443.35,0.0,1518.7864,1518.7864,2443.35,2443.35,ERP_EXPORT_20240115
 Internet,SO44450,SO44450 - 1,AW00028294,,BK-R93R-62,Southwest,United States,26-09-2017,2017-10-06,03-10-2017,1.0,3578.27,0.0,2171.2942,2171.2942,3578.27,3578.27,ERP_EXPORT_20240115
Internet ,SO45680,SO45680 - 1,AW00023283,,BK-R93R-62,CANADA,Canada,13-02-2018,2018-02-23,"Feb 20, 2018",1.0,3578.27,0.0,2171.2942,2171.2942,3578.27,3578.27,ERP_EXPORT_20240115
Internet,SO44665,SO44665 - 1,AW00025564,,BK-R50B-60,Australia,Australia,2017-10-15 00:00:00,2017-10-25,22-10-2017,1.0,699.0982,0.0,413.1463,413.1463,699.0982,699.0982,ERP_EXPORT_20240115
Internet,SO45356,SO45356 - 1,AW00019096,,BK-R93R-52,Australia,Australia,01/02/2018,2018-01-12,01/09/2018,1.0,3578.27,0.0,2171.2942,2171.2942,3578.27,3578.27,ERP_EXPORT_20240115
Internet,SO44922,SO44922 - 1,AW00018277,,BK-R93R-56,Australia,Australia,15-11-2017,2017-11-25,22-11-2017,1.0,3578.27,0.0,2171.2942,2171.2942,3578.27,3578.27,ERP_EXPORT_20240115
Internet,SO48234,SO48234 - 1,AW00022203,,BK-R89B-44,Australia,Australia,10/24/2018,2018-11-03,10/31/2018,1.0,2181.5625,0.0,1320.6838,1320.6838,2181.5625,2181.5625,ERP_EXPORT_20240115
Internet,SO44361,SO44361 - 1,AW00013686,,BK-R93R-62,Germany,Germany,20170909,2017-09-19,2017-09-16 00:00:00,1.0,3578.27,0.0,2171.2942,2171.2942,3578.27,3578.27,ERP_EXPORT_20240115
Internet,SO44431,SO44431 - 1,AW00017725,,BK-R93R-48,Australia,Australia,20170920,2017-09-30,27-09-2017,1.0,3578.27,0.0,2171.2942,2171.2942,3578.27,3578.27,ERP_EXPORT_20240115
Internet,SO45206,SO45206 - 1,AW00012474,,BK-R93R-52,France,France,22-12-2017,2018-01-01,2017-12-29,1.0,3578.27,0.0,2171.2942,2171.2942,3578.27,3578.27,ERP_EXPORT_20240115
Internet,SO45183,SO45183 - 1,AW00025711,,BK-R50B-60,Australia,Australia,"Dec 18, 2017",2017-12-28,2017-12-25,1.0,699.0982,0.0,413.1463,413.1463,699.0982,699.0982,ERP_EXPORT_20240115
Internet,SO47566,SO47566 - 1,AW00024613,,BK-R64Y-48,Australia,Australia,2018-08-17 00:00:00,2018-08-27,2018-08-24,1.0,1000.4375,0.0,605.6492,605.6492,1000.4375,1000.4375,ERP_EXPORT_20240115
Internet,SO44383,SO44383 - 1,AW00028268,,BK-R93R-62,Southwest,United States,12-09-2017,2017-09-22,2017-09-19 00:00:00,1.0,3578.27,0.0,2171.2942,2171.2942,3578.27,3578.27,ERP_EXPORT_20240115
INTERNET,SO44594,SO44594 - 1,AW00018250,,BK-R93R-62,Australia,Australia,"Oct 05, 2017",2017-10-15,2017-10-12,1.0,3578.27,0.0,2171.2942,2171.2942,3578.27,3578.27,ERP_EXPORT_20240115
internet,SO48270,SO48270 - 1,AW00013081,,BK-M68B-42,Australia,Australia,10/28/2018,2018-11-07,2018-11-04 00:00:00,1.0,2049.0982,0.0,1105.81,1105.81,2049.0982,2049.0982,ERP_EXPORT_20240115
 Internet,SO45908,SO45908 - 1,AW00011918,,BK-M82S-48,Australia,Australia,2018-03-15,2018-03-25,03/22/2018,1.0,3399.99,0.0,1912.1544,1912.1544,3399.99,3399.99,ERP_EXPORT_20240115
Internet,SO45037,SO45037 - 1,AW00025704,,BK-R50B-58,Australia,Australia,2017-11-30,2017-12-10,20171207,1.0,699.0982,0.0,413.1463,413.1463,699.0982,699.0982,ERP_EXPORT_20240115
 Internet,SO46260,SO46260 - 1,AW00012108,,BK-R93R-62,Northwest,United States,2018-04-20 00:00:00,2018-04-30,20180427,1.0,3578.27,0.0,2171.2942,2171.2942,3578.27,3578.27,ERP_EXPORT_20240115
Internet,SO45215,SO45215 - 1,AW00029208,,BK-R93R-48,Northwest,United States,23-12-2017,2018-01-02,12/30/2017,1.0,3578.27,0.0,2171.2942,2171.2942,3578.27,3578.27,ERP_EXPORT_20240115
Internet,SO47557,SO47557 - 1,AW00013431,,BK-R89B-52,Northwest ,United States,15-08-2018,2018-08-25,22-08-2018,1.0,2181.5625,0.0,1320.6838,1320.6838,2181.5625,2181.5625,ERP_EXPORT_20240115
Internet,SO48683,SO48683 - 1,AW00017648,,BK-R64Y-42,France,France,11/26/2018,2018-12-06,2018-12-03 00:00:00,1.0,1000.4375,0.0%,605.6492,605.6492,1000.4375,1000.4375,ERP_EXPORT_20240115
Internet,SO43823,SO43823 - 1,AW00019942,,BK-R50B-52,United Kingdom,United Kingdom,07/15/2017,2017-07-25,2017-07-22 00:00:00,1.0,699.0982,0.0,413.1463,413.1463,699.0982,699.0982,ERP_EXPORT_20240115
internet,SO44702,SO44702 - 1,AW00018260,,BK-R93R-56,Australia,Australia,20171023,2017-11-02,10/30/2017,1.0,3578.27,0.0%,2171.2942,2171.2942,3578.27,3578.27,ERP_EXPORT_20240115
Internet,SO48637,SO48637 - 1,AW00015474,,BK-R50B-62,Southwest,United States,21-11-2018,2018-12-01,"Nov 28, 2018",1.0,782.99,0.0,486.7066,486.7066,782.99,782.99,ERP_EXPORT_20240115
 Internet,SO46304,SO46304 - 1,AW00012002,,BK-M82B-44,Australia,Australia,26-04-2018,2018-05-06,2018-05-03,1.0,3374.99,0.0%,1898.0944,1898.0944,3374.99,3374.99,ERP_EXPORT_20240115
Internet,SO45146,SO45146 - 1,AW00014950,,BK-R93R-62,United Kingdom,United Kingdom,2017-12-13 00:00:00,2017-12-23,12/20/2017,1.0,3578.27,0.0%,2171.2942,2171.2942,3578.27,3578.27,ERP_EXPORT_20240115
Internet,SO46139,SO46139 - 1,AW00011977,,BK-M82S-48,Australia,Australia,20180403,2018-04-13,2018-04-10 00:00:00,1.0,3399.99,0.0,1912.1544,1912.1544,3399.99,3399.99,ERP_EXPORT_20240115
Internet,SO44852,SO44852 - 1,AW00029128,,BK-R93R-44,Southwest,United States,07-11-2017,2017-11-17,20171114,1.0,3578.27,0.0,2171.2942,2171.2942,3578.27,3578.27,ERP_EXPORT_20240115
Internet,SO43812,SO43812 - 1,AW00027662,,BK-R93R-48,Southwest,United States,2017-07-15,2017-07-25,2017-07-22 00:00:00,1.0,3578.27,0.0,2171.2942,2171.2942,3578.27,3578.27,ERP_EXPORT_20240115
 Internet,SO44618,SO44618 - 1,AW00018205,,BK-R93R-56,Australia,Australia,20171008,2017-10-18,2017-10-15 00:00:00,1.0,3578.27,0.0,2171.2942,2171.2942,3578.27,3578.27,ERP_EXPORT_20240115
 Internet,SO48582,SO48582 - 1,AW00015428,,BK-R50B-52,Southwest,United States,16-11-2018,2018-11-26,23-11-2018,1.0,782.99,0.0,486.7066,486.7066,782.99,782.99,ERP_EXPORT_20240115
Internet,SO48528,SO48528 - 1,AW00022908,,BK-R89B-58,AUSTRALIA,Australia,"Nov 11, 2018",2018-11-21,11/18/2018,1.0,2181.5625,0.0,1320.6838,1320.6838,2181.5625,2181.5625,ERP_EXPORT_20240115
Internet,SO48905,SO48905 - 1,AW00026814,,BK-M68B-46,Northwest,United States,"Dec 14, 2018",2018-12-24,21-12-2018,1.0,2049.0982,0.0,1105.81,1105.81,2049.0982,2049.0982,ERP_EXPORT_20240115
Internet ,SO44597,SO44597 - 1,AW00012290,,BK-R93R-62,France,France,20171006,2017-10-16,2017-10-13 00:00:00,1.0,3578.27,0.0,2171.2942,2171.2942,3578.27,3578.27,ERP_EXPORT_20240115
Internet ,SO44201,SO44201 - 1,AW00012254,,BK-R93R-52,France,France,20170817,2017-08-27,2017-08-24 00:00:00,1.0,3578.27,0.0,2171.2942,2171.2942,3578.27,3578.27,ERP_EXPORT_20240115
Internet,SO44040,SO44040 - 1,AW00011057,,BK-M82B-48,Australia,Australia,2017-07-29,2017-08-08,2017-08-05 00:00:00,1.0,3374.99,0.0%,1898.0944,1898.0944,3374.99,3374.99,ERP_EXPORT_20240115
 Internet,SO47309,SO47309 - 1,AW00013316,,BK-R89B-52,Southwest,United States,"Jul 27, 2018",2018-08-06,"Aug 03, 2018",1.0,2181.5625,0.0,1320.6838,1320.6838,2181.5625,2181.5625,ERP_EXPORT_20240115
Internet,SO47776,SO47776 - 1,AW00013007,,BK-M68S-38,Australia,Australia,06-09-2018,2018-09-16,13-09-2018,1.0,2071.4196,0.0,1117.8559,1117.8559,2071.4196,2071.4196,ERP_EXPORT_20240115
Internet,SO47590,SO47590 - 1,AW00026312,,BK-M68S-46,Northwest,United States,2018-08-20 00:00:00,2018-08-30,"Aug 27, 2018",1.0,2071.4196,0.0%,1117.8559,1117.8559,2071.4196,2071.4196,ERP_EXPORT_20240115
Internet,SO47631,SO47631 - 1,AW00026325,,BK-M68S-38,Northwest,United States,08/26/2018,2018-09-05,2018-09-02,1.0,2071.4196,0.0%,1117.8559,1117.8559,2071.4196,2071.4196,ERP_EXPORT_20240115
Internet,SO43740,SO43740 - 1,AW00016527,,BK-R93R-48,Australia,Australia,06-07-2017,2017-07-16,07/13/2017,1.0,3578.27,0.0,2171.2942,2171.2942,3578.27,3578.27,ERP_EXPORT_20240115
Internet,SO48642,SO48642 - 1,,,BK-R89R-58,France,France,11/22/2018,2018-12-02,11/29/2018,1.8,2181.5625,,1320.6838,1320.6838,-2181.5625,-2181.5625,ERP_EXPORT_20240115
 Internet,SO45023,SO45023 - 1,AW00013807,,BK-R93R-62,Germany,Germany,28-11-2017,2017-12-08,"Dec 05, 2017",1.0,3578.27,0.0%,2171.2942,2171.2942,3578.27,3578.27,ERP_EXPORT_20240115
Internet,SO44902,SO44902 - 1,AW00013829,,BK-R93R-56,Germany,Germany,11/13/2017,2017-11-23,20171120,1.0,3578.27,0.0,2171.2942,2171.2942,3578.27,3578.27,ERP_EXPORT_20240115
Internet,SO44736,SO44736 - 1,AW00014634,,BK-R50R-48,Northwest,United States,20171030,2017-11-09,11/06/2017,1.0,699.0982,0.0,413.1463,413.1463,699.0982,699.0982,ERP_EXPORT_20240115
Internet,SO45363,SO45363 - 1,AW00019565,,BK-R93R-48,Australia,Australia,20180103,2018-01-13,"Jan 10, 2018",1.0,3578.27,0.0%,2171.2942,2171.2942,3578.27,3578.27,ERP_EXPORT_20240115
Internet,SO45190,SO45190 - 1,AW00018931,,BK-R93R-52,Australia,Australia,12/19/2017,2017-12-29,20171226,1.0,3578.27,0.0,2171.2942,2171.2942,3578.27,3578.27,ERP_EXPORT_20240115
Internet,SO43700,SO43700 - 1,AW00014501,,BK-R50B-62,Southwest,United States,"Jul 01, 2017",2017-07-11,2017-07-08,1.0,699.0982,0.0,413.1463,413.1463,699.0982,699.0982,ERP_EXPORT_20240115
 Internet,SO47844,SO47844 - 1,AW00021996,,BK-R89R-58,Australia,Australia,20180915,2018-09-25,2018-09-22 00:00:00,1.0,2181.5625,0.0,1320.6838,1320.6838,2181.5625,2181.5625,ERP_EXPORT_20240115
Internet,SO45841,SO45841 - 1,AW00012804,,BK-R93R-44,france,France,03/05/2018,2018-03-15,"Mar 12, 2018",1.0,3578.27,0.0,2171.2942,2171.2942,3578.27,3578.27,ERP_EXPORT_20240115
Internet,SO47917,SO47917 - 1,AW00013001,,BK-M68B-38, Australia,Australia,"Sep 24, 2018",2018-10-04,2018-10-01,1.0,2049.0982,0.0,1105.81,1105.81,2049.0982,2049.0982,ERP_EXPORT_20240115
internet,SO46781,SO46781 - 1,AW00012949,,BK-R89B-58,Northwest,United States,12-06-2018,2018-06-22,20180619,1.0,2181.5625,0.0,1320.6838,1320.6838,2181.5625,2181.5625,ERP_EXPORT_20240115
Internet,SO47833,SO47833 - 1,AW00022031,,BK-R89B-44,Australia,Australia,2018-09-14,2018-09-24,21-09-2018,1.0,2181.5625,0.0,1320.6838,1320.6838,2181.5625,2181.5625,ERP_EXPORT_20240115
Internet,SO48834,SO48834 - 1,AW00026695,,BK-M68S-38,Southwest,United States,20181205,2018-12-15,20181212,1.0,2071.4196,0.0%,1117.8559,1117.8559,2071.4196,2071.4196,ERP_EXPORT_20240115
Internet,SO47101,SO47101 - 1,AW00016260,,BK-R89R-58,United Kingdom,United Kingdom,20180705,2018-07-15,20180712,1.0,2181.5625,0.0,1320.6838,1320.6838,2181.5625,2181.5625,ERP_EXPORT_20240115
internet,SO47841,SO47841 - 1,AW00026490,,BK-M68B-46,Southwest,United States,2018-09-15 00:00:00,2018-09-25,22-09-2018,1.0,2049.0982,0.0%,1105.81,1105.81,2049.0982,2049.0982,ERP_EXPORT_20240115
Internet,SO45141,SO45141 - 1,AW00029222,,BK-R93R-48,Southwest,United States,"Dec 12, 2017",2017-12-22,12/19/2017,1.0,3578.27,0.0,2171.2942,2171.2942,3578.27,3578.27,ERP_EXPORT_20240115
Internet,SO44860,SO44860 - 1,AW00018693,,BK-R93R-62, Australia,Australia,2017-11-07 00:00:00,2017-11-17,2017-11-14,1.0,3578.27,0.0%,2171.2942,2171.2942,3578.27,3578.27,ERP_EXPORT_20240115
Internet,SO44643,SO44643 - 1,AW00012280,,BK-R93R-56,France ,France,2017-10-13 00:00:00,2017-10-23,2017-10-20 00:00:00,1.0,3578.27,0.0%,2171.2942,2171.2942,3578.27,3578.27,ERP_EXPORT_20240115
Internet,SO45959,SO45959 - 1,AW00011872,,BK-R93R-44,Southwest,United States,2018-03-23,2018-04-02,30-03-2018,1.0,3578.27,0.0,2171.2942,2171.2942,3578.27,3578.27,ERP_EXPORT_20240115
Internet,SO46822,SO46822 - 1,AW00015155,,BK-R50R-62,Southwest,United States,2018-06-17,2018-06-27,2018-06-24 00:00:00,1.0,782.99,0.0,486.7066,486.7066,782.99,782.99,ERP_EXPORT_20240115
 Internet,SO47227,SO47227 - 1,AW00025288,,BK-R89B-48,Canada,Canada,19-07-2018,2018-07-29,2018-07-26,1.0,2181.5625,0.0,1320.6838,1320.6838,2181.5625,2181.5625,ERP_EXPORT_20240115
Internet,SO46831,SO46831 - 1,AW00013066,,BK-R89R-48,northwest,United States,18-06-2018,2018-06-28,25-06-2018,1.0,2443.35,0.0,1518.7864,1518.7864,2443.35,2443.35,ERP_EXPORT_20240115
Internet ,SO46594,SO46594 - 1,AW00020818,,BK-R93R-56,Australia,Australia,29-05-2018,2018-06-08,20180605,1.0,3578.27,0.0,2171.2942,2171.2942,3578.27,3578.27,ERP_EXPORT_20240115
Internet ,SO45213,SO45213 - 1,AW00011464,,BK-M82B-42,Australia ,Australia,12/22/2017,2018-01-01,12/29/2017,1.0,3374.99,0.0,1898.0944,1898.0944,3374.99,3374.99,ERP_EXPORT_20240115
Internet,SO48185,SO48185 - 1,AW00012286,,BK-M68B-42,United Kingdom,United Kingdom,2018-10-17,2018-10-27,10/24/2018,1.0,2049.0982,0.0,1105.81,1105.81,2049.0982,2049.0982,ERP_EXPORT_20240115
Internet,SO44445,SO44445 - 1,AW00017478,,BK-R93R-56,Australia,Australia,09/25/2017,2017-10-05,2017-10-02 00:00:00,1.0,3578.27,0.0,2171.2942,2171.2942,3578.27,3578.27,ERP_EXPORT_20240115
Internet,SO43752,SO43752 - 1,AW00013265,,BK-R93R-44,Germany,Germany,2017-07-07 00:00:00,2017-07-17,07/14/2017,1.0,3578.27,0.0,2171.2942,2171.2942,3578.27,3578.27,ERP_EXPORT_20240115
Internet,SO44875,SO44875 - 1,AW00029048,,BK-R93R-52,Southwest ,United States,2017-11-10 00:00:00,2017-11-20,11/17/2017,1.0,3578.27,0.0,2171.2942,2171.2942,3578.27,3578.27,ERP_EXPORT_20240115
Internet,SO46313,SO46313 - 1,AW00012078,,BK-R93R-52,Northwest,United States,2018-04-29,2018-05-09,05/06/2018,1.0,3578.27,0.0,2171.2942,2171.2942,3578.27,3578.27,ERP_EXPORT_20240115
Internet,SO47497,SO47497 - 1,AW00014170,,BK-R89R-52,France,France,2018-08-08 00:00:00,2018-08-18,08/15/2018,1.0,2443.35,0.0,1518.7864,1518.7864,2443.35,2443.35,ERP_EXPORT_20240115
Internet,SO46154,SO46154 - 1,AW00011989,,BK-M82B-42, Australia,Australia,05-04-2018,2018-04-15,2018-04-12,1.0,3374.99,0.0,1898.0944,1898.0944,3374.99,3374.99,ERP_EXPORT_20240115
Internet,SO44861,SO44861 - 1,AW00018288,,BK-R93R-56,Australia,Australia,11/07/2017,2017-11-17,20171114,1.0,3578.27,0.0,2171.2942,2171.2942,3578.27,3578.27,ERP_EXPORT_20240115
Internet,SO45180,SO45180 - 1,AW00015046,,BK-R93R-44,United Kingdom,United Kingdom,"Dec 18, 2017",2017-12-28,2017-12-25,1.0,3578.27,0.0,2171.2942,2171.2942,3578.27,3578.27,ERP_EXPORT_20240115
Internet,SO45231,SO45231 - 1,AW00018908,,BK-R93R-56,Australia,Australia,26-12-2017,2018-01-05,2018-01-02,1.0,3578.27,0.0,2171.2942,2171.2942,3578.27,3578.27,ERP_EXPORT_20240115
Internet,SO47128,SO47128 - 1,AW00021556,,BK-R89R-44,Australia,Australia,07-07-2018,2018-07-17,2018-07-14 00:00:00,1.0,2443.35,0.0%,1518.7864,1518.7864,2443.35,2443.35,ERP_EXPORT_20240115
Internet,SO46232,SO46232 - 1,AW00012058,,BK-R93R-44,southwest,United States,04/16/2018,2018-04-26,"Apr 23, 2018",1.0,3578.27,0.0,2171.2942,2171.2942,3578.27,3578.27,ERP_EXPORT_20240115
Internet,SO44995,SO44995 - 1,AW00028841,,BK-R93R-52,Southwest,United States,2017-11-25,2017-12-05,2017-12-02,1.0,3578.27,0.0,2171.2942,2171.2942,3578.27,3578.27,ERP_EXPORT_20240115
Internet,SO47312,SO47312 - 1,AW00015280,,BK-R50B-58,Southwest,United States,"Jul 27, 2018",2018-08-06,03-08-2018,1.0,782.99,0.0,486.7066,486.7066,782.99,782.99,ERP_EXPORT_20240115
Internet,SO44230,SO44230 - 1,AW00017241,,BK-R93R-48,Australia,Australia,"Aug 22, 2017",2017-09-01,29-08-2017,1.0,3578.27,0.0,2171.2942,2171.2942,3578.27,3578.27,ERP_EXPORT_20240115
Internet,SO47167,SO47167 - 1,AW00013419,,BK-R89B-48,Northwest,United States,"Jul 13, 2018",2018-07-23,2018-07-20,1.0,2181.5625,0.0,1320.6838,1320.6838,2181.5625,2181.5625,ERP_EXPORT_20240115
Internet,SO46841,SO46841 - 1,AW00013174,,BK-R89R-58,Northwest ,United States,2018-06-19,2018-06-29,2018-06-26 00:00:00,1.0,2181.5625,0.0,1320.6838,1320.6838,2181.5625,2181.5625,ERP_EXPORT_20240115
Internet ,SO43718,SO43718 - 1,AW00027668,,BK-R93R-44,Northwest,United States,07/03/2017,2017-07-13,10-07-2017,1.0,3578.27,0.0,2171.2942,2171.2942,3578.27,3578.27,ERP_EXPORT_20240115
Internet,SO44645,SO44645 - 1,AW00011344,,BK-M82S-38,United Kingdom,United Kingdom,20171013,2017-10-23,20171020,1.0,3399.99,0.0,1912.1544,1912.1544,3399.99,3399.99,ERP_EXPORT_20240115
Internet,SO43730,SO43730 - 1,AW00025861,,BK-M82S-44,Southwest ,United States,07/05/2017,2017-07-15,20170712,1.0,3399.99,0.0,1912.1544,1912.1544,3399.99,3399.99,ERP_EXPORT_20240115
Internet,SO47743,SO47743 - 1,AW00012988,,BK-M68B-46,Australia,Australia,2018-09-01,2018-09-11,"Sep 08, 2018",1.0,2049.0982,0.0,1105.81,1105.81,2049.0982,2049.0982,ERP_EXPORT_20240115
Internet,SO48714,SO48714 - 1,AW00023104,,BK-R89B-52,Australia,Australia,2018-11-28 00:00:00,2018-12-08,12/05/2018,1.0,2181.5625,0.0,1320.6838,1320.6838,2181.5625,2181.5625,ERP_EXPORT_20240115
Internet,SO47595,SO47595 - 1,AW00014186,,BK-R89R-48,France,France,"Aug 21, 2018",2018-08-31,20180828,1.0,2443.35,0.0,1518.7864,1518.7864,2443.35,2443.35,ERP_EXPORT_20240115
Internet,SO44396,SO44396 - 1,AW00025901,,BK-M82S-42,Southwest,United States,13-09-2017,2017-09-23,"Sep 20, 2017",1.0,3399.99,0.0,1912.1544,1912.1544,3399.99,3399.99,ERP_EXPORT_20240115
Internet,SO46925,SO46925 - 1,AW00021165,,BK-R89B-44,AUSTRALIA,Australia,2018-06-30,2018-07-10,2018-07-07,1.0,2181.5625,0.0%,1320.6838,1320.6838,2181.5625,2181.5625,ERP_EXPORT_20240115
 Internet,SO44943,SO44943 - 1,AW00025568,,BK-R50R-52,Australia,Australia,11/18/2017,2017-11-28,2017-11-25 00:00:00,1.0,699.0982,0.0,413.1463,413.1463,699.0982,699.0982,ERP_EXPORT_20240115
Internet,SO46172,SO46172 - 1,AW00012030,,BK-R93R-62,Northwest,United States,"Apr 08, 2018",2018-04-18,2018-04-15,1.0,3578.27,0.0,2171.2942,2171.2942,3578.27,3578.27,ERP_EXPORT_20240115
internet,SO46219,SO46219 - 1,AW00024332,,BK-R93R-52,Canada,Canada,"Apr 15, 2018",2018-04-25,2018-04-22,1.0,3578.27,0.0,2171.2942,2171.2942,3578.27,3578.27,ERP_EXPORT_20240115
Internet,SO44409,SO44409 - 1,AW00025563,,BK-R50R-58,Australia,Australia,20170916,2017-09-26,09/23/2017,1.0,699.0982,0.0,413.1463,413.1463,699.0982,699.0982,ERP_EXPORT_20240115
Internet,SO47524,SO47524 - 1,AW00021567,,BK-R89R-52,australia,Australia,2018-08-11 00:00:00,2018-08-21,08/18/2018,1.0,2443.35,0.0,1518.7864,1518.7864,2443.35,2443.35,ERP_EXPORT_20240115
Internet,SO45949,SO45949 - 1,AW00019970,,BK-R93R-62,Australia,Australia,03/21/2018,2018-03-31,20180328,1.0,3578.27,0.0%,2171.2942,2171.2942,3578.27,3578.27,ERP_EXPORT_20240115
Internet,SO48904,SO48904 - 1,AW00012492,,BK-M68B-46, United Kingdom,United Kingdom,"Dec 14, 2018",2018-12-24,2018-12-21 00:00:00,1.0,2049.0982,0.0,1105.81,1105.81,2049.0982,2049.0982,ERP_EXPORT_20240115
Internet,SO47903,SO47903 - 1,AW00014714,,BK-R89R-44,France,France,"Sep 23, 2018",2018-10-03,2018-09-30,1.0,2443.35,0.0,1518.7864,1518.7864,2443.35,2443.35,ERP_EXPORT_20240115
Internet,SO48172,SO48172 - 1,AW00013658,,BK-R89R-48, Northwest,United States,14-10-2018,2018-10-24,21-10-2018,1.0,2443.35,0.0%,1518.7864,1518.7864,2443.35,2443.35,ERP_EXPORT_20240115
Internet,SO44018,SO44018 - 1,AW00025876,,BK-M82B-44,Northwest ,United States,20170727,2017-08-06,08/03/2017,1.0,3374.99,0.0,1898.0944,1898.0944,3374.99,3374.99,ERP_EXPORT_20240115
Internet,SO48101,SO48101 - 1,AW00022575,,BK-R89R-48,Australia,Australia,10/02/2018,2018-10-12,10/09/2018,1.0,2443.35,0.0,1518.7864,1518.7864,2443.35,2443.35,ERP_EXPORT_20240115
Internet,SO44809,SO44809 - 1,AW00020552,,BK-R50B-52, United Kingdom,United Kingdom,20171101,2017-11-11,2017-11-08 00:00:00,1.0,699.0982,0.0,413.1463,413.1463,699.0982,699.0982,ERP_EXPORT_20240115
Internet,SO45614,SO45614 - 1,AW00023385,,BK-R93R-48,Canada ,Canada,20180203,2018-02-13,2018-02-10 00:00:00,1.0,3578.27,0.0%,2171.2942,2171.2942,3578.27,3578.27,ERP_EXPORT_20240115
Internet,SO47146,SO47146 - 1,AW00018133,,BK-R64Y-48,Germany,Germany,10-07-2018,2018-07-20,07/17/2018,1.0,1000.4375,0.0,605.6492,605.6492,1000.4375,1000.4375,ERP_EXPORT_20240115
 Internet,SO43925,SO43925 - 1,AW00016661,,BK-R93R-56,Australia,Australia,2017-07-18,2017-07-28,2017-07-25,1.0,3578.27,0.0,2171.2942,2171.2942,3578.27,3578.27,ERP_EXPORT_20240115
internet,SO47802,SO47802 - 1,AW00020850,,BK-R50B-48,United Kingdom,United Kingdom,"Sep 11, 2018",2018-09-21,2018-09-18 00:00:00,1.0,782.99,0.0,486.7066,486.7066,782.99,782.99,ERP_EXPORT_20240115
Internet,SO45931,SO45931 - 1,AW00020249,,BK-R93R-62,Australia,Australia,2018-03-18,2018-03-28,"Mar 25, 2018",1.0,3578.27,0.0%,2171.2942,2171.2942,3578.27,3578.27,ERP_EXPORT_20240115
INTERNET,SO47622,SO47622 - 1,AW00020837,,BK-R50B-44,United Kingdom,United Kingdom,2018-08-25,2018-09-04,09/01/2018,1.0,782.99,0.0,486.7066,486.7066,782.99,782.99,ERP_EXPORT_20240115
Internet,SO48284,SO48284 - 1,AW00022577,,BK-R89B-52,Australia,Australia,30-10-2018,2018-11-09,20181106,1.0,2181.5625,0.0,1320.6838,1320.6838,2181.5625,2181.5625,ERP_EXPORT_20240115
INTERNET,SO44586,SO44586 - 1,AW00028794,,BK-R93R-56, Northwest,United States,2017-10-04 00:00:00,2017-10-14,2017-10-11 00:00:00,1.0,3578.27,0.0,2171.2942,2171.2942,3578.27,3578.27,ERP_EXPORT_20240115
Internet,SO47340,SO47340 - 1,AW00013401,,BK-R89R-48,Southwest,United States,"Jul 31, 2018",2018-08-10,"Aug 07, 2018",1.0,2443.35,0.0,1518.7864,1518.7864,2443.35,2443.35,ERP_EXPORT_20240115
Internet,SO48838,SO48838 - 1,AW00023409,,BK-R89B-44, Australia,Australia,06-12-2018,2018-12-16,"Dec 13, 2018",1.0,2181.5625,0.0,1320.6838,1320.6838,2181.5625,2181.5625,ERP_EXPORT_20240115
Internet,SO45489,SO45489 - 1,AW00019602,,BK-R93R-62,Australia,Australia,01/24/2018,2018-02-03,2018-01-31,1.0,3578.27,0.0,2171.2942,2171.2942,3578.27,3578.27,ERP_EXPORT_20240115
Internet,SO44441,SO44441 - 1,AW00022118,,BK-R93R-48,Canada,Canada,20170923,2017-10-03,30-09-2017,1.0,3578.27,0.0,2171.2942,2171.2942,3578.27,3578.27,ERP_EXPORT_20240115
Internet,SO48907,SO48907 - 1,AW00026727,,BK-M68B-46,Northwest,United States,14-12-2018,2018-12-24,2018-12-21 00:00:00,1.0,2049.0982,,1105.81,1105.81,2049.0982,2049.0982,ERP_EXPORT_20240115
 Internet,SO46003,SO46003 - 1,AW00011831,,BK-R93R-48,Southwest,United States,20180329,2018-04-08,2018-04-05,1.0,3578.27,0.0,2171.2942,2171.2942,3578.27,3578.27,ERP_EXPORT_20240115
Internet ,SO46146,SO46146 - 1,AW00011421,,BK-M82S-42,Germany,Germany,2018-04-05 00:00:00,2018-04-15,04/12/2018,1.0,3399.99,0.0,1912.1544,1912.1544,3399.99,3399.99,ERP_EXPORT_20240115
Internet ,SO46469,SO46469 - 1,AW00019033,,BK-R50B-58,France,France,12-05-2018,2018-05-22,"May 19, 2018",1.0,699.0982,0.0,413.1463,413.1463,699.0982,699.0982,ERP_EXPORT_20240115
Internet,SO43817,SO43817 - 1,AW00016519,,BK-R93R-62,Australia,Australia,07/15/2017,2017-07-25,2017-07-22,1.0,3578.27,0.0,2171.2942,2171.2942,3578.27,3578.27,ERP_EXPORT_20240115
Internet,SO48434,SO48434 - 1,AW00022912,,BK-R89B-52,australia,Australia,02-11-2018,2018-11-12,11/09/2018,1.0,2181.5625,0.0,1320.6838,1320.6838,2181.5625,2181.5625,ERP_EXPORT_20240115
Internet,SO48258,SO48258 - 1,AW00019287,,BK-R50R-62,France,France,2018-10-27,2018-11-06,"Nov 03, 2018",1.0,782.99,0.0,486.7066,486.7066,782.99,782.99,ERP_EXPORT_20240115
Internet,SO46890,SO46890 - 1,,,BK-R89R-44, Southwest,United States,26-06-2018,2018-07-06,20180703,1.3,2443.35,,1518.7864,1518.7864,-2443.35,-2443.35,ERP_EXPORT_20240115
INTERNET,SO46401,SO46401 - 1,AW00020993,,BK-R93R-62,australia,Australia,"May 02, 2018",2018-05-12,05/09/2018,1.0,3578.27,0.0,2171.2942,2171.2942,3578.27,3578.27,ERP_EXPORT_20240115
Internet,SO47769,SO47769 - 1,AW00012703,,BK-M68B-42,Australia,Australia,"Sep 05, 2018",2018-09-15,12-09-2018,1.0,2049.0982,0.0,1105.81,1105.81,2049.0982,2049.0982,ERP_EXPORT_20240115
INTERNET,SO45004,SO45004 - 1,AW00029106,,BK-R93R-56,Southwest,United States,2017-11-26,2017-12-06,20171203,1.0,3578.27,0.0,2171.2942,2171.2942,3578.27,3578.27,ERP_EXPORT_20240115
INTERNET,SO48963,SO48963 - 1,AW00025011,,BK-R64Y-40,Australia,Australia,2018-12-21 00:00:00,2018-12-31,28-12-2018,1.0,1000.4375,0.0,605.6492,605.6492,1000.4375,1000.4375,ERP_EXPORT_20240115
Internet,SO43962,SO43962 - 1,AW00028076,,BK-R93R-48,Southwest,United States,22-07-2017,2017-08-01,2017-07-29 00:00:00,1.0,3578.27,0.0,2171.2942,2171.2942,3578.27,3578.27,ERP_EXPORT_20240115
Internet,SO45204,SO45204 - 1,AW00011460,,BK-M82S-42,Australia,Australia,2017-12-21 00:00:00,2017-12-31,"Dec 28, 2017",1.0,3399.99,0.0,1912.1544,1912.1544,3399.99,3399.99,ERP_EXPORT_20240115
Internet,SO45016,SO45016 - 1,AW00014770,,BK-R93R-62,United Kingdom,United Kingdom,2017-11-28 00:00:00,2017-12-08,2017-12-05,1.0,3578.27,0.0%,2171.2942,2171.2942,3578.27,3578.27,ERP_EXPORT_20240115
Internet ,SO44661,SO44661 - 1,AW00014639,,BK-R50B-62,Southwest,United States,15-10-2017,2017-10-25,2017-10-22,1.0,699.0982,0.0,413.1463,413.1463,699.0982,699.0982,ERP_EXPORT_20240115
Internet,SO48579,SO48579 - 1,AW00013741,,BK-R89B-58, Southwest,United States,16-11-2018,2018-11-26,"Nov 23, 2018",1.0,2181.5625,0.0,1320.6838,1320.6838,2181.5625,2181.5625,ERP_EXPORT_20240115
Internet ,SO44475,SO44475 - 1,AW00011101,,BK-M82S-42, Australia,Australia,2017-09-29 00:00:00,2017-10-09,20171006,1.0,3399.99,0.0,1912.1544,1912.1544,3399.99,3399.99,ERP_EXPORT_20240115
Internet,SO43948,SO43948 - 1,AW00011047,,BK-M82S-42,AUSTRALIA,Australia,2017-07-20 00:00:00,2017-07-30,"Jul 27, 2017",1.0,3399.99,0.0,1912.1544,1912.1544,3399.99,3399.99,ERP_EXPORT_20240115
Internet,SO44073,SO44073 - 1,AW00011044,,BK-M82B-48, Australia,Australia,02-08-2017,2017-08-12,"Aug 09, 2017",1.0,3374.99,0.0,1898.0944,1898.0944,3374.99,3374.99,ERP_EXPORT_20240115
Internet,SO47153,SO47153 - 1,AW00026024,,BK-R50R-58,Australia,Australia,20180711,2018-07-21,20180718,1.0,782.99,0.0,486.7066,486.7066,782.99,782.99,ERP_EXPORT_20240115
Internet,SO48629,SO48629 - 1,AW00024916,,BK-R64Y-48,Australia,Australia,11/20/2018,2018-11-30,2018-11-27,1.0,1000.4375,0.0,605.6492,605.6492,1000.4375,1000.4375,ERP_EXPORT_20240115
Internet,SO48643,SO48643 - 1,AW00020869,,BK-R50B-52,United Kingdom,United Kingdom,20181122,2018-12-02,29-11-2018,1.0,782.99,0.0,486.7066,486.7066,782.99,782.99,ERP_EXPORT_20240115
Internet,SO45125,SO45125 - 1,AW00018708,,BK-R93R-48,australia,Australia,09-12-2017,2017-12-19,"Dec 16, 2017",1.0,3578.27,0.0%,2171.2942,2171.2942,3578.27,3578.27,ERP_EXPORT_20240115
Internet ,SO48701,SO48701 - 1,AW00013103,,BK-M68B-42,Australia,Australia,27-11-2018,2018-12-07,"Dec 04, 2018",1.0,2049.0982,,1105.81,1105.81,2049.0982,2049.0982,ERP_EXPORT_20240115
Internet ,SO48841,SO48841 - 1,AW00017716,,BK-R64Y-38,France,France,12/07/2018,2018-12-17,14-12-2018,1.0,1000.4375,0.0,605.6492,605.6492,1000.4375,1000.4375,ERP_EXPORT_20240115
Internet,SO47173,SO47173 - 1,AW00012675,,BK-M68S-46,Australia,Australia,20180713,2018-07-23,20180720,1.0,2071.4196,0.0,1117.8559,1117.8559,2071.4196,2071.4196,ERP_EXPORT_20240115
Internet,SO47486,SO47486 - 1,,,BK-R89B-52,France ,France,2018-08-05 00:00:00,2018-08-15,2018-08-12 00:00:00,1.1,2181.5625,,1320.6838,1320.6838,-2181.5625,-2181.5625,ERP_EXPORT_20240115
Internet,SO45135,SO45135 - 1,AW00029264,,BK-R93R-62,Southwest,United States,12/11/2017,2017-12-21,12/18/2017,1.0,3578.27,0.0,2171.2942,2171.2942,3578.27,3578.27,ERP_EXPORT_20240115
Internet,SO47132,SO47132 - 1,AW00013283,,BK-R89B-48, Northwest,United States,"Jul 08, 2018",2018-07-18,07/15/2018,1.0,2181.5625,0.0%,1320.6838,1320.6838,2181.5625,2181.5625,ERP_EXPORT_20240115
INTERNET,SO46603,SO46603 - 1,AW00012240,,BK-M82S-42,Australia ,Australia,05/30/2018,2018-06-09,20180606,1.0,3399.99,0.0,1912.1544,1912.1544,3399.99,3399.99,ERP_EXPORT_20240115
 Internet,SO45387,SO45387 - 1,AW00011224,,BK-R93R-62,Northwest,United States,2018-01-07 00:00:00,2018-01-17,2018-01-14 00:00:00,1.0,3578.27,0.0,2171.2942,2171.2942,3578.27,3578.27,ERP_EXPORT_20240115
Internet,SO48171,SO48171 - 1,AW00016313,,BK-R89R-52,GERMANY,Germany,2018-10-14 00:00:00,2018-10-24,20181021,1.0,2443.35,0.0,1518.7864,1518.7864,2443.35,2443.35,ERP_EXPORT_20240115
Internet,SO43720,SO43720 - 1,AW00013264,,BK-R93R-44,GERMANY,Germany,2017-07-03,2017-07-13,"Jul 10, 2017",1.0,3578.27,0.0,2171.2942,2171.2942,3578.27,3578.27,ERP_EXPORT_20240115
Internet,SO47914,SO47914 - 1,AW00020556,,BK-R50B-60,Germany,Germany,"Sep 24, 2018",2018-10-04,01-10-2018,1.0,782.99,0.0,486.7066,486.7066,782.99,782.99,ERP_EXPORT_20240115
Internet,SO44974,SO44974 - 1,,,BK-R93R-48,United Kingdom,United Kingdom,20171122,2017-12-02,2017-11-29,1.3,3578.27,,2171.2942,2171.2942,-3578.27,-3578.27,ERP_EXPORT_20240115
 Internet,SO44420,SO44420 - 1,AW00017512,,BK-R93R-44,Australia,Australia,18-09-2017,2017-09-28,2017-09-25 00:00:00,1.0,3578.27,0.0,2171.2942,2171.2942,3578.27,3578.27,ERP_EXPORT_20240115
Internet,SO44622,SO44622 - 1,AW00013771,,BK-R93R-44,Germany,Germany,2017-10-09,2017-10-19,2017-10-16 00:00:00,1.0,3578.27,0.0,2171.2942,2171.2942,3578.27,3578.27,ERP_EXPORT_20240115
Internet,SO48543,SO48543 - 1,AW00024918,,BK-R64Y-44,Australia,Australia,2018-11-12,2018-11-22,"Nov 19, 2018",1.0,1000.4375,0.0,605.6492,605.6492,1000.4375,1000.4375,ERP_EXPORT_20240115
Internet,SO47861,SO47861 - 1,AW00020470,,BK-M68S-46,Canada,Canada,18-09-2018,2018-09-28,2018-09-25,1.0,2071.4196,0.0,1117.8559,1117.8559,2071.4196,2071.4196,ERP_EXPORT_20240115
Internet ,SO48585,SO48585 - 1,AW00024919,,BK-R64Y-48,Australia,Australia,"Nov 16, 2018",2018-11-26,2018-11-23,1.0,1000.4375,0.0,605.6492,605.6492,1000.4375,1000.4375,ERP_EXPORT_20240115
Internet,SO45712,SO45712 - 1,AW00011767,,BK-M82S-44,Australia,Australia,2018-02-17 00:00:00,2018-02-27,2018-02-24 00:00:00,1.0,3399.99,0.0,1912.1544,1912.1544,3399.99,3399.99,ERP_EXPORT_20240115
 Internet,SO44984,SO44984 - 1,AW00029008,,BK-R93R-56,Southwest,United States,2017-11-23,2017-12-03,2017-11-30,1.0,3578.27,0.0,2171.2942,2171.2942,3578.27,3578.27,ERP_EXPORT_20240115
Internet,SO47648,SO47648 - 1,AW00012263,,BK-M68S-46,United Kingdom ,United Kingdom,08/29/2018,2018-09-08,"Sep 05, 2018",1.0,2071.4196,0.0,1117.8559,1117.8559,2071.4196,2071.4196,ERP_EXPORT_20240115
Internet,SO46802,SO46802 - 1,AW00015188,,BK-R50B-62,NORTHWEST,United States,14-06-2018,2018-06-24,2018-06-21,1.0,782.99,0.0,486.7066,486.7066,782.99,782.99,ERP_EXPORT_20240115
Internet,SO44822,SO44822 - 1,AW00018486,,BK-R93R-44,Australia,Australia,2017-11-02 00:00:00,2017-11-12,11/09/2017,1.0,3578.27,0.0,2171.2942,2171.2942,3578.27,3578.27,ERP_EXPORT_20240115
Internet,SO48274,SO48274 - 1,AW00022404,,BK-R89R-52,australia,Australia,10/29/2018,2018-11-08,"Nov 05, 2018",1.0,2443.35,0.0,1518.7864,1518.7864,2443.35,2443.35,ERP_EXPORT_20240115
Internet,SO43994,SO43994 - 1,AW00027681,,BK-R93R-56,Southwest,United States,"Jul 25, 2017",2017-08-04,20170801,1.0,3578.27,0.0%,2171.2942,2171.2942,3578.27,3578.27,ERP_EXPORT_20240115
Internet,SO46465,SO46465 - 1,AW00012898,,BK-R93R-44,southwest,United States,"May 12, 2018",2018-05-22,"May 19, 2018",1.0,3578.27,0.0,2171.2942,2171.2942,3578.27,3578.27,ERP_EXPORT_20240115
INTERNET,SO48279,SO48279 - 1,AW00014121,,BK-R64Y-38,Northwest,United States,2018-10-30,2018-11-09,06-11-2018,1.0,1000.4375,0.0,605.6492,605.6492,1000.4375,1000.4375,ERP_EXPORT_20240115
Internet ,SO46129,SO46129 - 1,AW00020420,,BK-R93R-52,Australia,Australia,02-04-2018,2018-04-12,09-04-2018,1.0,3578.27,0.0,2171.2942,2171.2942,3578.27,3578.27,ERP_EXPORT_20240115
INTERNET,SO47095,SO47095 - 1,AW00025095,,BK-R89R-52,Canada,Canada,2018-07-04 00:00:00,2018-07-14,"Jul 11, 2018",1.0,2443.35,0.0,1518.7864,1518.7864,2443.35,2443.35,ERP_EXPORT_20240115
Internet,SO48946,SO48946 - 1,AW00026725,,BK-M68B-38,Northwest,United States,2018-12-19 00:00:00,2018-12-29,2018-12-26,1.0,2049.0982,0.0,1105.81,1105.81,2049.0982,2049.0982,ERP_EXPORT_20240115
Internet,SO48476,SO48476 - 1,AW00026512,,BK-R64Y-42,Canada,Canada,"Nov 07, 2018",2018-11-17,14-11-2018,1.0,1000.4375,0.0,605.6492,605.6492,1000.4375,1000.4375,ERP_EXPORT_20240115
Internet,SO46746,SO46746 - 1,AW00013057,,BK-R89R-44,SOUTHWEST,United States,06/08/2018,2018-06-18,"Jun 15, 2018",1.0,2443.35,0.0,1518.7864,1518.7864,2443.35,2443.35,ERP_EXPORT_20240115
 Internet,SO46486,SO46486 - 1,AW00019901,,BK-R50B-58,Germany,Germany,2018-05-15,2018-05-25,"May 22, 2018",1.0,699.0982,0.0%,413.1463,413.1463,699.0982,699.0982,ERP_EXPORT_20240115
internet,SO45938,SO45938 - 1,AW00011654,,BK-R93R-44,Southwest,United States,2018-03-20 00:00:00,2018-03-30,27-03-2018,1.0,3578.27,0.0,2171.2942,2171.2942,3578.27,3578.27,ERP_EXPORT_20240115
Internet,SO47516,SO47516 - 1,AW00026309,,BK-M68B-46,Southwest,United States,2018-08-10,2018-08-20,17-08-2018,1.0,2049.0982,0.0,1105.81,1105.81,2049.0982,2049.0982,ERP_EXPORT_20240115
Internet,SO45112,SO45112 - 1,AW00020558,,BK-R50R-62,United Kingdom,United Kingdom,"Dec 07, 2017",2017-12-17,14-12-2017,1.0,699.0982,0.0%,413.1463,413.1463,699.0982,699.0982,ERP_EXPORT_20240115
internet,SO48487,SO48487 - 1,AW00020808,,BK-R50B-60,Germany,Germany,"Nov 08, 2018",2018-11-18,"Nov 15, 2018",1.0,782.99,0.0,486.7066,486.7066,782.99,782.99,ERP_EXPORT_20240115
Internet,SO44342,SO44342 - 1,AW00014610,,BK-R50R-58,Northwest,United States,2017-09-06,2017-09-16,20170913,1.0,699.0982,0.0,413.1463,413.1463,699.0982,699.0982,ERP_EXPORT_20240115
Internet,SO44979,SO44979 - 1,AW00018469,,BK-R93R-62,Australia,Australia,2017-11-22 00:00:00,2017-12-02,20171129,1.0,3578.27,0.0,2171.2942,2171.2942,3578.27,3578.27,ERP_EXPORT_20240115
Internet,SO47275,SO47275 - 1,,,BK-R50B-44,France ,France,"Jul 24, 2018",2018-08-03,2018-07-31,1.8,782.99,,486.7066,486.7066,-782.99,-782.99,ERP_EXPORT_20240115
internet,SO47346,SO47346 - 1,AW00012585,,BK-M68B-42,Australia,Australia,20180731,2018-08-10,07-08-2018,1.0,2049.0982,0.0,1105.81,1105.81,2049.0982,2049.0982,ERP_EXPORT_20240115
Internet,SO48845,SO48845 - 1,AW00013620,,BK-M68B-46,Australia,Australia,2018-12-07,2018-12-17,20181214,1.0,2049.0982,0.0,1105.81,1105.81,2049.0982,2049.0982,ERP_EXPORT_20240115
Internet,SO44601,SO44601 - 1,AW00011117,,BK-M82S-42,Australia,Australia,06-10-2017,2017-10-16,20171013,1.0,3399.99,0.0,1912.1544,1912.1544,3399.99,3399.99,ERP_EXPORT_20240115
Internet,SO48645,SO48645 - 1,AW00014283,,BK-R64Y-44,Northwest,United States,2018-11-22,2018-12-02,2018-11-29,1.0,1000.4375,,605.6492,605.6492,1000.4375,1000.4375,ERP_EXPORT_20240115
Internet,SO45362,SO45362 - 1,AW00019271,,BK-R93R-52,Australia,Australia,20180103,2018-01-13,01/10/2018,1.0,3578.27,0.0,2171.2942,2171.2942,3578.27,3578.27,ERP_EXPORT_20240115
internet,SO45224,SO45224 - 1,AW00018723,,BK-R93R-44,Australia,Australia,24-12-2017,2018-01-03,20171231,1.0,3578.27,0.0,2171.2942,2171.2942,3578.27,3578.27,ERP_EXPORT_20240115
Internet,SO45627,SO45627 - 1,AW00018039,,BK-R50R-62,France,France,2018-02-04 00:00:00,2018-02-14,02/11/2018,1.0,699.0982,0.0,413.1463,413.1463,699.0982,699.0982,ERP_EXPORT_20240115
Internet,SO48557,SO48557 - 1,AW00022958,,BK-R89R-52,Australia,Australia,2018-11-13 00:00:00,2018-11-23,20-11-2018,1.0,2443.35,0.0,1518.7864,1518.7864,2443.35,2443.35,ERP_EXPORT_20240115
Internet,SO45737,SO45737 - 1,AW00019965,,BK-R93R-44,Australia,Australia,21-02-2018,2018-03-03,02/28/2018,1.0,3578.27,0.0,2171.2942,2171.2942,3578.27,3578.27,ERP_EXPORT_20240115
INTERNET,SO48894,SO48894 - 1,AW00019034,,BK-R64Y-40,Germany ,Germany,13-12-2018,2018-12-23,20-12-2018,1.0,1000.4375,0.0,605.6492,605.6492,1000.4375,1000.4375,ERP_EXPORT_20240115
Internet,SO45444,SO45444 - 1,AW00019102,,BK-R93R-62,Australia,Australia,01/15/2018,2018-01-25,2018-01-22 00:00:00,1.0,3578.27,0.0,2171.2942,2171.2942,3578.27,3578.27,ERP_EXPORT_20240115
internet,SO48826,SO48826 - 1,AW00023421,,BK-R89R-48,AUSTRALIA,Australia,2018-12-04 00:00:00,2018-12-14,20181211,1.0,2443.35,0.0,1518.7864,1518.7864,2443.35,2443.35,ERP_EXPORT_20240115
Internet,SO47569,SO47569 - 1,AW00021959,,BK-R89B-58,Australia,Australia,08/17/2018,2018-08-27,2018-08-24 00:00:00,1.0,2181.5625,0.0,1320.6838,1320.6838,2181.5625,2181.5625,ERP_EXPORT_20240115
internet,SO45848,SO45848 - 1,AW00014852,,BK-R50B-48,Southwest,United States,06-03-2018,2018-03-16,20180313,1.0,699.0982,0.0,413.1463,413.1463,699.0982,699.0982,ERP_EXPORT_20240115
 Internet,SO43930,SO43930 - 1,AW00028038,,BK-R93R-48,Southwest,United States,19-07-2017,2017-07-29,2017-07-26,1.0,3578.27,0.0,2171.2942,2171.2942,3578.27,3578.27,ERP_EXPORT_20240115
Internet,SO45950,SO45950 - 1,AW00019974,,BK-R93R-48,Australia,Australia,2018-03-21 00:00:00,2018-03-31,03/28/2018,1.0,3578.27,0.0,2171.2942,2171.2942,3578.27,3578.27,ERP_EXPORT_20240115
Internet,SO44981,SO44981 - 1,AW00018462,,BK-R93R-62,Australia,Australia,11/22/2017,2017-12-02,2017-11-29,1.0,3578.27,0.0,2171.2942,2171.2942,3578.27,3578.27,ERP_EXPORT_20240115
Internet,SO48161,SO48161 - 1,AW00016938,,BK-R89R-58,United Kingdom,United Kingdom,10/12/2018,2018-10-22,20181019,1.0,2181.5625,0.0%,1320.6838,1320.6838,2181.5625,2181.5625,ERP_EXPORT_20240115
Internet,SO47589,SO47589 - 1,AW00014036,,BK-R64Y-40,Northwest,United States,"Aug 20, 2018",2018-08-30,2018-08-27 00:00:00,1.0,1000.4375,0.0,605.6492,605.6492,1000.4375,1000.4375,ERP_EXPORT_20240115
 Internet,SO48885,SO48885 - 1,AW00017755,,BK-R89R-58,United Kingdom,United Kingdom,12-12-2018,2018-12-22,2018-12-19,1.0,2181.5625,0.0,1320.6838,1320.6838,2181.5625,2181.5625,ERP_EXPORT_20240115
Internet,SO44900,SO44900 - 1,AW00014778,,BK-R93R-56,United Kingdom,United Kingdom,"Nov 13, 2017",2017-11-23,2017-11-20,1.0,3578.27,0.0,2171.2942,2171.2942,3578.27,3578.27,ERP_EXPORT_20240115
Internet ,SO46248,SO46248 - 1,AW00014896,,BK-R50R-62, Southwest,United States,18-04-2018,2018-04-28,2018-04-25 00:00:00,1.0,699.0982,0.0%,413.1463,413.1463,699.0982,699.0982,ERP_EXPORT_20240115
Internet,SO47755,SO47755 - 1,AW00017195,,BK-R64Y-44,France,France,09/03/2018,2018-09-13,10-09-2018,1.0,1000.4375,0.0,605.6492,605.6492,1000.4375,1000.4375,ERP_EXPORT_20240115
Internet,SO46213,SO46213 - 1,AW00012050,,BK-R93R-56,Southwest,United States,14-04-2018,2018-04-24,04/21/2018,1.0,3578.27,0.0,2171.2942,2171.2942,3578.27,3578.27,ERP_EXPORT_20240115
Internet,SO46600,SO46600 - 1,AW00019027,,BK-R50B-60, France,France,2018-05-30 00:00:00,2018-06-09,20180606,1.0,699.0982,0.0,413.1463,413.1463,699.0982,699.0982,ERP_EXPORT_20240115
Internet ,SO43796,SO43796 - 1,AW00017956,,BK-R50B-52,France,France,2017-07-13,2017-07-23,"Jul 20, 2017",1.0,699.0982,0.0%,413.1463,413.1463,699.0982,699.0982,ERP_EXPORT_20240115
Internet,SO48713,SO48713 - 1,AW00027253,,BK-R50B-60,Canada,Canada,20181128,2018-12-08,12/05/2018,1.0,782.99,,486.7066,486.7066,782.99,782.99,ERP_EXPORT_20240115
Internet,SO47166,SO47166 - 1,AW00015656,,BK-R89R-44,germany,Germany,2018-07-13,2018-07-23,2018-07-20,1.0,2443.35,0.0,1518.7864,1518.7864,2443.35,2443.35,ERP_EXPORT_20240115
Internet,SO48109,SO48109 - 1,AW00013489,,BK-R89R-48,Northwest,United States,"Oct 04, 2018",2018-10-14,11-10-2018,1.0,2443.35,0.0,1518.7864,1518.7864,2443.35,2443.35,ERP_EXPORT_20240115
internet,SO48223,SO48223 - 1,AW00014120,,BK-R64Y-40,Southwest,United States,23-10-2018,2018-11-02,2018-10-30 00:00:00,1.0,1000.4375,0.0,605.6492,605.6492,1000.4375,1000.4375,ERP_EXPORT_20240115
Internet,SO44024,SO44024 - 1,AW00016663,,BK-R93R-56,Australia ,Australia,2017-07-28 00:00:00,2017-08-07,"Aug 04, 2017",1.0,3578.27,0.0,2171.2942,2171.2942,3578.27,3578.27,ERP_EXPORT_20240115
Internet,SO43797,SO43797 - 1,AW00016345,,BK-R93R-48,Australia,Australia,2017-07-13 00:00:00,2017-07-23,20170720,1.0,3578.27,0.0,2171.2942,2171.2942,3578.27,3578.27,ERP_EXPORT_20240115
Internet,SO45652,SO45652 - 1,AW00025826,,BK-R50B-60,Australia,Australia,"Feb 09, 2018",2018-02-19,2018-02-16,1.0,699.0982,0.0,413.1463,413.1463,699.0982,699.0982,ERP_EXPORT_20240115
Internet,SO45651,SO45651 - 1,AW00019771,,BK-R93R-44,Australia,Australia,20180209,2018-02-19,2018-02-16,1.0,3578.27,0.0,2171.2942,2171.2942,3578.27,3578.27,ERP_EXPORT_20240115
Internet,SO45892,SO45892 - 1,AW00020226,,BK-R93R-48,Australia,Australia,20180313,2018-03-23,20-03-2018,1.0,3578.27,0.0,2171.2942,2171.2942,3578.27,3578.27,ERP_EXPORT_20240115
Internet ,SO44457,SO44457 - 1,AW00028196,,BK-R93R-44,Northwest,United States,09/27/2017,2017-10-07,04-10-2017,1.0,3578.27,0.0,2171.2942,2171.2942,3578.27,3578.27,ERP_EXPORT_20240115
Internet,SO44589,SO44589 - 1,AW00011104,,BK-M82S-44, Australia,Australia,10/04/2017,2017-10-14,"Oct 11, 2017",1.0,3399.99,0.0,1912.1544,1912.1544,3399.99,3399.99,ERP_EXPORT_20240115
Internet,SO45942,SO45942 - 1,AW00020219,,BK-R93R-48,AUSTRALIA,Australia,"Mar 20, 2018",2018-03-30,2018-03-27,1.0,3578.27,0.0,2171.2942,2171.2942,3578.27,3578.27,ERP_EXPORT_20240115
Internet,SO48119,SO48119 - 1,AW00014851,,BK-R89R-58,france,France,10/06/2018,2018-10-16,20181013,1.0,2181.5625,0.0,1320.6838,1320.6838,2181.5625,2181.5625,ERP_EXPORT_20240115
Internet,SO46501,SO46501 - 1,AW00019518,,BK-R50R-48, Germany,Germany,05/18/2018,2018-05-28,2018-05-25 00:00:00,1.0,699.0982,0.0,413.1463,413.1463,699.0982,699.0982,ERP_EXPORT_20240115
Internet,SO46597,SO46597 - 1,AW00012039,,BK-M82B-38,Australia,Australia,2018-05-29 00:00:00,2018-06-08,2018-06-05,1.0,3374.99,0.0,1898.0944,1898.0944,3374.99,3374.99,ERP_EXPORT_20240115
 Internet,SO44236,SO44236 - 1,AW00028191,,BK-R93R-48, Northwest,United States,23-08-2017,2017-09-02,"Aug 30, 2017",1.0,3578.27,0.0,2171.2942,2171.2942,3578.27,3578.27,ERP_EXPORT_20240115
INTERNET,SO45217,SO45217 - 1,AW00029144,,BK-R93R-56,northwest,United States,20171224,2018-01-03,20171231,1.0,3578.27,0.0,2171.2942,2171.2942,3578.27,3578.27,ERP_EXPORT_20240115
Internet,SO46725,SO46725 - 1,AW00021191,,BK-R89R-48, Australia,Australia,2018-06-05 00:00:00,2018-06-15,2018-06-12,1.0,2443.35,0.0,1518.7864,1518.7864,2443.35,2443.35,ERP_EXPORT_20240115
INTERNET,SO47586,SO47586 - 1,AW00015322,,BK-R50R-44,Northwest ,United States,08/19/2018,2018-08-29,2018-08-26 00:00:00,1.0,782.99,0.0,486.7066,486.7066,782.99,782.99,ERP_EXPORT_20240115
Internet,SO45926,SO45926 - 1,AW00023486,,BK-R93R-44,Canada,Canada,"Mar 18, 2018",2018-03-28,20180325,1.0,3578.27,0.0,2171.2942,2171.2942,3578.27,3578.27,ERP_EXPORT_20240115
Internet,SO48096,SO48096 - 1,AW00015398,,BK-R50R-48,southwest,United States,01-10-2018,2018-10-11,2018-10-08,1.0,782.99,0.0,486.7066,486.7066,782.99,782.99,ERP_EXPORT_20240115
 Internet,SO48842,SO48842 - 1,AW00012463,,BK-M68S-38,United Kingdom,United Kingdom,2018-12-07 00:00:00,2018-12-17,20181214,1.0,2071.4196,,1117.8559,1117.8559,2071.4196,2071.4196,ERP_EXPORT_20240115
Internet,SO46453,SO46453 - 1,AW00020626,,BK-R93R-52,Australia ,Australia,2018-05-10,2018-05-20,2018-05-17,1.0,3578.27,0.0,2171.2942,2171.2942,3578.27,3578.27,ERP_EXPORT_20240115
Internet,SO47856,SO47856 - 1,AW00012995,,BK-M68B-46, Australia,Australia,09/17/2018,2018-09-27,2018-09-24,1.0,2049.0982,0.0%,1105.81,1105.81,2049.0982,2049.0982,ERP_EXPORT_20240115
INTERNET,SO48801,SO48801 - 1,AW00015493,,BK-R50R-44,Northwest,United States,2018-12-01,2018-12-11,20181208,1.0,782.99,0.0,486.7066,486.7066,782.99,782.99,ERP_EXPORT_20240115
Internet,SO47899,SO47899 - 1,AW00012996,,BK-M68B-38,AUSTRALIA,Australia,2018-09-22 00:00:00,2018-10-02,29-09-2018,1.0,2049.0982,0.0,1105.81,1105.81,2049.0982,2049.0982,ERP_EXPORT_20240115
Internet,SO44324,SO44324 - 1,AW00012267,,BK-R93R-44,France,France,02-09-2017,2017-09-12,09-09-2017,1.0,3578.27,0.0,2171.2942,2171.2942,3578.27,3578.27,ERP_EXPORT_20240115
Internet,SO46772,SO46772 - 1,AW00013161,,BK-R89B-48,Northwest,United States,20180611,2018-06-21,20180618,1.0,2181.5625,0.0,1320.6838,1320.6838,2181.5625,2181.5625,ERP_EXPORT_20240115
Internet,SO45471,SO45471 - 1,AW00029280,,BK-R93R-52,Northwest,United States,20180122,2018-02-01,2018-01-29,1.0,3578.27,0.0,2171.2942,2171.2942,3578.27,3578.27,ERP_EXPORT_20240115
Internet,SO47737,SO47737 - 1,AW00013018,,BK-M68S-46,Australia,Australia,"Aug 31, 2018",2018-09-10,09/07/2018,1.0,2071.4196,0.0,1117.8559,1117.8559,2071.4196,2071.4196,ERP_EXPORT_20240115
Internet,SO46447,SO46447 - 1,AW00020984,,BK-R93R-48,Australia ,Australia,09-05-2018,2018-05-19,"May 16, 2018",1.0,3578.27,0.0,2171.2942,2171.2942,3578.27,3578.27,ERP_EXPORT_20240115
Internet,SO44905,SO44905 - 1,AW00013822,,BK-R93R-48,Germany,Germany,2017-11-14 00:00:00,2017-11-24,2017-11-21,1.0,3578.27,0.0%,2171.2942,2171.2942,3578.27,3578.27,ERP_EXPORT_20240115
Internet,SO48889,SO48889 - 1,AW00026711,,BK-M68B-46,Southwest,United States,2018-12-12 00:00:00,2018-12-22,19-12-2018,1.0,2049.0982,0.0,1105.81,1105.81,2049.0982,2049.0982,ERP_EXPORT_20240115
internet,SO44584,SO44584 - 1,AW00028671,,BK-R93R-52,Northwest,United States,20171004,2017-10-14,10/11/2017,1.0,3578.27,0.0%,2171.2942,2171.2942,3578.27,3578.27,ERP_EXPORT_20240115
Internet,SO46864,SO46864 - 1,AW00016045,,BK-R89B-44,United Kingdom ,United Kingdom,06/22/2018,2018-07-02,2018-06-29 00:00:00,1.0,2181.5625,0.0,1320.6838,1320.6838,2181.5625,2181.5625,ERP_EXPORT_20240115
Internet,SO48630,SO48630 - 1,AW00026623,,BK-M68B-38,Northwest,United States,"Nov 21, 2018",2018-12-01,2018-11-28 00:00:00,1.0,2049.0982,0.0,1105.81,1105.81,2049.0982,2049.0982,ERP_EXPORT_20240115
INTERNET,SO46118,SO46118 - 1,AW00020611,,BK-R93R-56,Australia,Australia,31-03-2018,2018-04-10,04/07/2018,1.0,3578.27,0.0%,2171.2942,2171.2942,3578.27,3578.27,ERP_EXPORT_20240115
Internet,SO44038,SO44038 - 1,AW00025868,,BK-M82S-38,Southwest,United States,07/29/2017,2017-08-08,20170805,1.0,3399.99,0.0,1912.1544,1912.1544,3399.99,3399.99,ERP_EXPORT_20240115
Internet,SO45885,SO45885 - 1,AW00012655,,BK-R93R-52,FRANCE,France,12-03-2018,2018-03-22,2018-03-19,1.0,3578.27,0.0,2171.2942,2171.2942,3578.27,3578.27,ERP_EXPORT_20240115
Internet,SO48407,SO48407 - 1,AW00022913,,BK-R89B-48,Australia,Australia,"Oct 31, 2018",2018-11-10,2018-11-07,1.0,2181.5625,0.0,1320.6838,1320.6838,2181.5625,2181.5625,ERP_EXPORT_20240115
INTERNET,SO45646,SO45646 - 1,AW00011289,,BK-R93R-48,Southwest,United States,2018-02-08 00:00:00,2018-02-18,15-02-2018,1.0,3578.27,0.0,2171.2942,2171.2942,3578.27,3578.27,ERP_EXPORT_20240115
Internet,SO46596,SO46596 - 1,AW00012037,,BK-M82B-42,Australia ,Australia,05/29/2018,2018-06-08,20180605,1.0,3374.99,0.0,1898.0944,1898.0944,3374.99,3374.99,ERP_EXPORT_20240115
Internet,SO46299,SO46299 - 1,AW00020264,,BK-R93R-56,Australia,Australia,04/25/2018,2018-05-05,2018-05-02 00:00:00,1.0,3578.27,0.0,2171.2942,2171.2942,3578.27,3578.27,ERP_EXPORT_20240115
Internet,SO47129,SO47129 - 1,AW00012677,,BK-M68S-38,Australia ,Australia,2018-07-07 00:00:00,2018-07-17,2018-07-14,1.0,2071.4196,0.0,1117.8559,1117.8559,2071.4196,2071.4196,ERP_EXPORT_20240115
Internet,SO46131,SO46131 - 1,AW00011954,,BK-R93R-48,Southwest,United States,2018-04-03 00:00:00,2018-04-13,"Apr 10, 2018",1.0,3578.27,0.0%,2171.2942,2171.2942,3578.27,3578.27,ERP_EXPORT_20240115
Internet,SO44604,SO44604 - 1,AW00019364,,BK-R50R-60,Germany,Germany,2017-10-07 00:00:00,2017-10-17,10/14/2017,1.0,699.0982,0.0,413.1463,413.1463,699.0982,699.0982,ERP_EXPORT_20240115
Internet,SO48927,SO48927 - 1,,,BK-M68B-46,Northwest,United States,16-12-2018,2018-12-26,2018-12-23,1.8,2049.0982,,1105.81,1105.81,-2049.0982,-2049.0982,ERP_EXPORT_20240115
Internet,SO46855,SO46855 - 1,AW00015117,,BK-R89B-58,Germany ,Germany,"Jun 21, 2018",2018-07-01,2018-06-28 00:00:00,1.0,2181.5625,0.0,1320.6838,1320.6838,2181.5625,2181.5625,ERP_EXPORT_20240115
Internet,SO47205,SO47205 - 1,AW00026301,,BK-M68S-38, Southwest,United States,2018-07-17 00:00:00,2018-07-27,20180724,1.0,2071.4196,0.0,1117.8559,1117.8559,2071.4196,2071.4196,ERP_EXPORT_20240115
Internet,SO48715,SO48715 - 1,,,BK-R89B-48,AUSTRALIA,Australia,2018-11-28,2018-12-08,12/05/2018,1.8,2181.5625,,1320.6838,1320.6838,-2181.5625,-2181.5625,ERP_EXPORT_20240115
internet,SO46289,SO46289 - 1,AW00012075,,BK-R93R-52,Northwest,United States,20180424,2018-05-04,01-05-2018,1.0,3578.27,0.0,2171.2942,2171.2942,3578.27,3578.27,ERP_EXPORT_20240115
INTERNET,SO47770,SO47770 - 1,AW00026375,,BK-R50B-52,Australia,Australia,2018-09-05 00:00:00,2018-09-15,20180912,1.0,782.99,0.0,486.7066,486.7066,782.99,782.99,ERP_EXPORT_20240115
Internet,SO44359,SO44359 - 1,AW00014525,,BK-R93R-44,UNITED KINGDOM,United Kingdom,09-09-2017,2017-09-19,09/16/2017,1.0,3578.27,0.0,2171.2942,2171.2942,3578.27,3578.27,ERP_EXPORT_20240115
INTERNET,SO46173,SO46173 - 1,AW00020283,,BK-R93R-44,Australia,Australia,20180408,2018-04-18,20180415,1.0,3578.27,0.0,2171.2942,2171.2942,3578.27,3578.27,ERP_EXPORT_20240115
Internet ,SO45981,SO45981 - 1,AW00012805,,BK-R93R-62,France,France,2018-03-26 00:00:00,2018-04-05,02-04-2018,1.0,3578.27,0.0,2171.2942,2171.2942,3578.27,3578.27,ERP_EXPORT_20240115
Internet,SO47635,SO47635 - 1,AW00012216,,BK-M68S-42,United Kingdom,United Kingdom,2018-08-26 00:00:00,2018-09-05,"Sep 02, 2018",1.0,2071.4196,0.0,1117.8559,1117.8559,2071.4196,2071.4196,ERP_EXPORT_20240115
internet,SO48145,SO48145 - 1,AW00026491,,BK-M68B-46,Northwest,United States,20181010,2018-10-20,17-10-2018,1.0,2049.0982,0.0,1105.81,1105.81,2049.0982,2049.0982,ERP_EXPORT_20240115
Internet ,SO43839,SO43839 - 1,AW00027673,,BK-R93R-44,Northwest ,United States,20170717,2017-07-27,"Jul 24, 2017",1.0,3578.27,0.0,2171.2942,2171.2942,3578.27,3578.27,ERP_EXPORT_20240115
Internet,SO45741,SO45741 - 1,AW00019788,,BK-R93R-56,australia,Australia,2018-02-22 00:00:00,2018-03-04,2018-03-01,1.0,3578.27,0.0,2171.2942,2171.2942,3578.27,3578.27,ERP_EXPORT_20240115
Internet,SO46316,SO46316 - 1,AW00026083,,BK-M82B-48,Southwest ,United States,2018-04-29,2018-05-09,05/06/2018,1.0,3374.99,0.0,1898.0944,1898.0944,3374.99,3374.99,ERP_EXPORT_20240115
Internet,SO45512,SO45512 - 1,AW00011175,,BK-R93R-48,SOUTHWEST,United States,20180128,2018-02-07,2018-02-04,1.0,3578.27,0.0,2171.2942,2171.2942,3578.27,3578.27,ERP_EXPORT_20240115
Internet,SO46921,SO46921 - 1,AW00015454,,BK-R89R-58,Germany,Germany,"Jun 30, 2018",2018-07-10,20180707,1.0,2181.5625,0.0%,1320.6838,1320.6838,2181.5625,2181.5625,ERP_EXPORT_20240115
Internet,SO48911,SO48911 - 1,AW00020880,,BK-R50B-60,United Kingdom,United Kingdom,2018-12-15 00:00:00,2018-12-25,2018-12-22,1.0,782.99,0.0,486.7066,486.7066,782.99,782.99,ERP_EXPORT_20240115
Internet,SO47795,SO47795 - 1,AW00022004,,BK-R89B-58,australia,Australia,"Sep 10, 2018",2018-09-20,17-09-2018,1.0,2181.5625,0.0,1320.6838,1320.6838,2181.5625,2181.5625,ERP_EXPORT_20240115
Internet,SO47529,SO47529 - 1,AW00013429,,BK-R89B-52,Southwest,United States,2018-08-12 00:00:00,2018-08-22,"Aug 19, 2018",1.0,2181.5625,0.0,1320.6838,1320.6838,2181.5625,2181.5625,ERP_EXPORT_20240115
INTERNET,SO44621,SO44621 - 1,AW00018217,,BK-R93R-52, Australia,Australia,10/09/2017,2017-10-19,2017-10-16 00:00:00,1.0,3578.27,0.0,2171.2942,2171.2942,3578.27,3578.27,ERP_EXPORT_20240115
Internet ,SO46124,SO46124 - 1,AW00020447,,BK-R93R-44,Australia,Australia,"Apr 01, 2018",2018-04-11,08-04-2018,1.0,3578.27,0.0,2171.2942,2171.2942,3578.27,3578.27,ERP_EXPORT_20240115
 Internet,SO48462,SO48462 - 1,AW00020828,,BK-R50R-48, Germany,Germany,"Nov 06, 2018",2018-11-16,20181113,1.0,782.99,0.0,486.7066,486.7066,782.99,782.99,ERP_EXPORT_20240115
Internet,SO47121,SO47121 - 1,AW00028832,,BK-R89B-48,Canada,Canada,"Jul 07, 2018",2018-07-17,2018-07-14 00:00:00,1.0,2181.5625,0.0,1320.6838,1320.6838,2181.5625,2181.5625,ERP_EXPORT_20240115
Internet,SO48437,SO48437 - 1,AW00015466,,BK-R50R-62,Southwest,United States,2018-11-03,2018-11-13,11/10/2018,1.0,782.99,0.0,486.7066,486.7066,782.99,782.99,ERP_EXPORT_20240115
 Internet,SO43959,SO43959 - 1,AW00011035,,BK-M82B-38,Australia,Australia,07/21/2017,2017-07-31,2017-07-28,1.0,3374.99,0.0,1898.0944,1898.0944,3374.99,3374.99,ERP_EXPORT_20240115
Internet,SO45212,SO45212 - 1,AW00018729,,BK-R93R-56,Australia,Australia,12/22/2017,2018-01-01,2017-12-29,1.0,3578.27,0.0,2171.2942,2171.2942,3578.27,3578.27,ERP_EXPORT_20240115
Internet,SO48198,SO48198 - 1,AW00018164,,BK-R64Y-48,Germany,Germany,2018-10-19 00:00:00,2018-10-29,10/26/2018,1.0,1000.4375,0.0,605.6492,605.6492,1000.4375,1000.4375,ERP_EXPORT_20240115
Internet,SO44480,SO44480 - 1,AW00025891,,BK-M82B-44,Southwest ,United States,2017-09-30,2017-10-10,2017-10-07 00:00:00,1.0,3374.99,0.0,1898.0944,1898.0944,3374.99,3374.99,ERP_EXPORT_20240115
Internet,SO46589,SO46589 - 1,AW00025946,,BK-R50R-44,Australia,Australia,05/28/2018,2018-06-07,"Jun 04, 2018",1.0,699.0982,0.0,413.1463,413.1463,699.0982,699.0982,ERP_EXPORT_20240115
Internet,SO47519,SO47519 - 1,AW00026153,,BK-R50B-62,Australia,Australia,08/10/2018,2018-08-20,2018-08-17 00:00:00,1.0,782.99,0.0,486.7066,486.7066,782.99,782.99,ERP_EXPORT_20240115
Internet,SO48621,SO48621 - 1,AW00013129,,BK-M68B-42,Australia,Australia,19-11-2018,2018-11-29,"Nov 26, 2018",1.0,2049.0982,0.0,1105.81,1105.81,2049.0982,2049.0982,ERP_EXPORT_20240115
Internet,SO46259,SO46259 - 1,AW00012025,,BK-R93R-52,Northwest,United States,2018-04-20 00:00:00,2018-04-30,2018-04-27,1.0,3578.27,0.0,2171.2942,2171.2942,3578.27,3578.27,ERP_EXPORT_20240115
internet,SO47822,SO47822 - 1,AW00013051,,BK-M68S-42,Australia ,Australia,"Sep 12, 2018",2018-09-22,09/19/2018,1.0,2071.4196,0.0,1117.8559,1117.8559,2071.4196,2071.4196,ERP_EXPORT_20240115
 Internet,SO43964,SO43964 - 1,AW00016745,,BK-R93R-48, Australia,Australia,22-07-2017,2017-08-01,29-07-2017,1.0,3578.27,0.0,2171.2942,2171.2942,3578.27,3578.27,ERP_EXPORT_20240115
Internet,SO47649,SO47649 - 1,AW00016447,,BK-R89B-52,United Kingdom,United Kingdom,2018-08-30 00:00:00,2018-09-09,2018-09-06,1.0,2181.5625,0.0,1320.6838,1320.6838,2181.5625,2181.5625,ERP_EXPORT_20240115
Internet,SO46798,SO46798 - 1,AW00021201,,BK-R89R-44,Australia,Australia,2018-06-13 00:00:00,2018-06-23,2018-06-20 00:00:00,1.0,2443.35,0.0,1518.7864,1518.7864,2443.35,2443.35,ERP_EXPORT_20240115
 Internet,SO44065,SO44065 - 1,AW00028062,,BK-R93R-62,southwest,United States,20170801,2017-08-11,08/08/2017,1.0,3578.27,0.0,2171.2942,2171.2942,3578.27,3578.27,ERP_EXPORT_20240115
Internet,SO44728,SO44728 - 1,AW00011126,,BK-M82S-38,Australia,Australia,2017-10-28 00:00:00,2017-11-07,04-11-2017,1.0,3399.99,0.0,1912.1544,1912.1544,3399.99,3399.99,ERP_EXPORT_20240115
Internet,SO44232,SO44232 - 1,AW00017334,,BK-R93R-48,Australia,Australia,20170822,2017-09-01,29-08-2017,1.0,3578.27,0.0,2171.2942,2171.2942,3578.27,3578.27,ERP_EXPORT_20240115
Internet,SO43822,SO43822 - 1,AW00027669,,BK-R93R-52,Southwest,United States,07/15/2017,2017-07-25,07/22/2017,1.0,3578.27,0.0,2171.2942,2171.2942,3578.27,3578.27,ERP_EXPORT_20240115
Internet,SO48181,SO48181 - 1,AW00013705,,BK-R89R-52,NORTHWEST,United States,16-10-2018,2018-10-26,"Oct 23, 2018",1.0,2443.35,0.0,1518.7864,1518.7864,2443.35,2443.35,ERP_EXPORT_20240115
Internet,SO43972,SO43972 - 1,AW00021939,,BK-R93R-56,Canada,Canada,2017-07-23 00:00:00,2017-08-02,2017-07-30,1.0,3578.27,0.0,2171.2942,2171.2942,3578.27,3578.27,ERP_EXPORT_20240115
 Internet,SO48547,SO48547 - 1,AW00019029,,BK-R64Y-42, Germany,Germany,11/13/2018,2018-11-23,20181120,1.0,1000.4375,0.0,605.6492,605.6492,1000.4375,1000.4375,ERP_EXPORT_20240115
INTERNET,SO44857,SO44857 - 1,AW00018484,,BK-R93R-62,AUSTRALIA,Australia,"Nov 07, 2017",2017-11-17,2017-11-14 00:00:00,1.0,3578.27,0.0,2171.2942,2171.2942,3578.27,3578.27,ERP_EXPORT_20240115
Internet,SO46763,SO46763 - 1,AW00013202,,BK-R89B-48,southwest,United States,"Jun 10, 2018",2018-06-20,"Jun 17, 2018",1.0,2181.5625,0.0,1320.6838,1320.6838,2181.5625,2181.5625,ERP_EXPORT_20240115
Internet,SO45647,SO45647 - 1,AW00025997,,BK-M82S-48,Southwest,United States,2018-02-08,2018-02-18,2018-02-15,1.0,3399.99,0.0,1912.1544,1912.1544,3399.99,3399.99,ERP_EXPORT_20240115
Internet,SO45978,SO45978 - 1,AW00011967,,BK-M82B-44,AUSTRALIA,Australia,"Mar 25, 2018",2018-04-04,04/01/2018,1.0,3374.99,0.0,1898.0944,1898.0944,3374.99,3374.99,ERP_EXPORT_20240115
Internet ,SO45940,SO45940 - 1,AW00020244,,BK-R93R-52, Australia,Australia,"Mar 20, 2018",2018-03-30,2018-03-27,1.0,3578.27,0.0%,2171.2942,2171.2942,3578.27,3578.27,ERP_EXPORT_20240115
Internet,SO48902,SO48902 - 1,AW00013966,,BK-M68B-38,Australia,Australia,"Dec 13, 2018",2018-12-23,2018-12-20,1.0,2049.0982,0.0,1105.81,1105.81,2049.0982,2049.0982,ERP_EXPORT_20240115
internet,SO45952,SO45952 - 1,AW00011969,,BK-M82S-48,Australia,Australia,2018-03-21,2018-03-31,2018-03-28 00:00:00,1.0,3399.99,0.0,1912.1544,1912.1544,3399.99,3399.99,ERP_EXPORT_20240115
Internet,SO48883,SO48883 - 1,AW00013528,,BK-M68S-46,Australia,Australia,11-12-2018,2018-12-21,20181218,1.0,2071.4196,0.0%,1117.8559,1117.8559,2071.4196,2071.4196,ERP_EXPORT_20240115
Internet,SO45221,SO45221 - 1,AW00022903,,BK-R93R-56,Canada,Canada,2017-12-24 00:00:00,2018-01-03,2017-12-31,1.0,3578.27,0.0%,2171.2942,2171.2942,3578.27,3578.27,ERP_EXPORT_20240115
Internet,SO45906,SO45906 - 1,AW00020159,,BK-R93R-48,Australia,Australia,15-03-2018,2018-03-25,"Mar 22, 2018",1.0,3578.27,0.0,2171.2942,2171.2942,3578.27,3578.27,ERP_EXPORT_20240115
Internet,SO48508,SO48508 - 1,AW00013736,,BK-R89B-52,Southwest,United States,"Nov 10, 2018",2018-11-20,2018-11-17,1.0,2181.5625,0.0%,1320.6838,1320.6838,2181.5625,2181.5625,ERP_EXPORT_20240115
Internet,SO46902,SO46902 - 1,AW00021000,,BK-R89B-48,AUSTRALIA,Australia,2018-06-27,2018-07-07,04-07-2018,1.0,2181.5625,0.0,1320.6838,1320.6838,2181.5625,2181.5625,ERP_EXPORT_20240115
Internet,SO48694,SO48694 - 1,AW00012315,,BK-M68B-46,United Kingdom,United Kingdom,20181127,2018-12-07,2018-12-04 00:00:00,1.0,2049.0982,0.0,1105.81,1105.81,2049.0982,2049.0982,ERP_EXPORT_20240115
Internet,SO46002,SO46002 - 1,AW00011826,,BK-R93R-62,Southwest,United States,"Mar 29, 2018",2018-04-08,20180405,1.0,3578.27,0.0%,2171.2942,2171.2942,3578.27,3578.27,ERP_EXPORT_20240115
Internet,SO44877,SO44877 - 1,AW00029136,,BK-R93R-44,southwest,United States,"Nov 10, 2017",2017-11-20,20171117,1.0,3578.27,0.0,2171.2942,2171.2942,3578.27,3578.27,ERP_EXPORT_20240115
Internet,SO45833,SO45833 - 1,AW00011815,,BK-R93R-52,NORTHWEST,United States,20180304,2018-03-14,2018-03-11,1.0,3578.27,0.0%,2171.2942,2171.2942,3578.27,3578.27,ERP_EXPORT_20240115
INTERNET,SO46736,SO46736 - 1,AW00012341,,BK-M68B-42, Australia,Australia,2018-06-06,2018-06-16,13-06-2018,1.0,2049.0982,0.0,1105.81,1105.81,2049.0982,2049.0982,ERP_EXPORT_20240115
Internet,SO44602,SO44602 - 1,AW00014702,,BK-R93R-56,United Kingdom,United Kingdom,"Oct 07, 2017",2017-10-17,2017-10-14 00:00:00,1.0,3578.27,0.0,2171.2942,2171.2942,3578.27,3578.27,ERP_EXPORT_20240115
Internet,SO43697,SO43697 - 1,AW00021768,,BK-R93R-62,Canada,Canada,01-07-2017,2017-07-11,07/08/2017,1.0,3578.27,0.0,2171.2942,2171.2942,3578.27,3578.27,ERP_EXPORT_20240115
Internet,SO46558,SO46558 - 1,AW00012184,,BK-R93R-56,Northwest,United States,24-05-2018,2018-06-03,2018-05-31,1.0,3578.27,0.0,2171.2942,2171.2942,3578.27,3578.27,ERP_EXPORT_20240115
Internet,SO44660,SO44660 - 1,AW00028775,,BK-R93R-62,Southwest,United States,2017-10-15 00:00:00,2017-10-25,20171022,1.0,3578.27,0.0,2171.2942,2171.2942,3578.27,3578.27,ERP_EXPORT_20240115
INTERNET,SO48914,SO48914 - 1,AW00026735,,BK-M68S-46,northwest,United States,20181215,2018-12-25,22-12-2018,1.0,2071.4196,0.0%,1117.8559,1117.8559,2071.4196,2071.4196,ERP_EXPORT_20240115
Internet,SO47793,SO47793 - 1,AW00014716,,BK-R89R-44,FRANCE,France,2018-09-10 00:00:00,2018-09-20,20180917,1.0,2443.35,0.0,1518.7864,1518.7864,2443.35,2443.35,ERP_EXPORT_20240115
Internet ,SO45881,SO45881 - 1,AW00023397,,BK-R93R-62,Canada,Canada,"Mar 12, 2018",2018-03-22,2018-03-19 00:00:00,1.0,3578.27,0.0,2171.2942,2171.2942,3578.27,3578.27,ERP_EXPORT_20240115
Internet,SO48110,SO48110 - 1,AW00016307,,BK-R89R-58,Germany,Germany,05-10-2018,2018-10-15,12-10-2018,1.0,2181.5625,0.0,1320.6838,1320.6838,2181.5625,2181.5625,ERP_EXPORT_20240115
Internet,SO48496,SO48496 - 1,AW00026603,,BK-M68B-46,Southwest,United States,"Nov 09, 2018",2018-11-19,16-11-2018,1.0,2049.0982,0.0,1105.81,1105.81,2049.0982,2049.0982,ERP_EXPORT_20240115
INTERNET,SO48495,SO48495 - 1,AW00026602,,BK-M68B-42,Southwest ,United States,09-11-2018,2018-11-19,16-11-2018,1.0,2049.0982,0.0,1105.81,1105.81,2049.0982,2049.0982,ERP_EXPORT_20240115
Internet,SO48624,SO48624 - 1,AW00013109,,BK-M68B-46,australia,Australia,19-11-2018,2018-11-29,20181126,1.0,2049.0982,0.0,1105.81,1105.81,2049.0982,2049.0982,ERP_EXPORT_20240115
Internet,SO45436,SO45436 - 1,AW00028130,,BK-R93R-48,Canada,Canada,"Jan 14, 2018",2018-01-24,21-01-2018,1.0,3578.27,0.0,2171.2942,2171.2942,3578.27,3578.27,ERP_EXPORT_20240115
internet,SO48813,SO48813 - 1,AW00013631,,BK-M68B-46,Australia,Australia,2018-12-02,2018-12-12,2018-12-09 00:00:00,1.0,2049.0982,0.0,1105.81,1105.81,2049.0982,2049.0982,ERP_EXPORT_20240115
internet,SO47098,SO47098 - 1,AW00012667,,BK-M68B-42,Australia,Australia,2018-07-04,2018-07-14,07/11/2018,1.0,2049.0982,0.0,1105.81,1105.81,2049.0982,2049.0982,ERP_EXPORT_20240115
Internet,SO45730,SO45730 - 1,AW00028471,,BK-M82B-44,France,France,"Feb 21, 2018",2018-03-03,2018-02-28 00:00:00,1.0,3374.99,0.0,1898.0944,1898.0944,3374.99,3374.99,ERP_EXPORT_20240115
Internet,SO46183,SO46183 - 1,AW00028492,,BK-M82B-48,France,France,"Apr 11, 2018",2018-04-21,18-04-2018,1.0,3374.99,0.0,1898.0944,1898.0944,3374.99,3374.99,ERP_EXPORT_20240115
Internet,SO45200,SO45200 - 1,AW00029148,,BK-R93R-44,Southwest,United States,21-12-2017,2017-12-31,20171228,1.0,3578.27,0.0,2171.2942,2171.2942,3578.27,3578.27,ERP_EXPORT_20240115
Internet,SO48235,SO48235 - 1,AW00015367,,BK-R50R-58,Northwest,United States,2018-10-24,2018-11-03,"Oct 31, 2018",1.0,782.99,0.0,486.7066,486.7066,782.99,782.99,ERP_EXPORT_20240115
Internet,SO48868,SO48868 - 1,AW00019320,,BK-R50B-44,France,France,2018-12-10 00:00:00,2018-12-20,2018-12-17,1.0,782.99,0.0,486.7066,486.7066,782.99,782.99,ERP_EXPORT_20240115
Internet,SO45875,SO45875 - 1,AW00020242,,BK-R93R-62,Australia,Australia,03/11/2018,2018-03-21,2018-03-18 00:00:00,1.0,3578.27,0.0,2171.2942,2171.2942,3578.27,3578.27,ERP_EXPORT_20240115
Internet ,SO48483,SO48483 - 1,AW00024917,,BK-R64Y-38,australia,Australia,11/07/2018,2018-11-17,14-11-2018,1.0,1000.4375,0.0,605.6492,605.6492,1000.4375,1000.4375,ERP_EXPORT_20240115
Internet ,SO46404,SO46404 - 1,AW00015692,,BK-R93R-48,United Kingdom,United Kingdom,2018-05-02 00:00:00,2018-05-12,"May 09, 2018",1.0,3578.27,0.0,2171.2942,2171.2942,3578.27,3578.27,ERP_EXPORT_20240115
Internet,SO44625,SO44625 - 1,AW00028658,,BK-R93R-56,Southwest,United States,2017-10-10,2017-10-20,2017-10-17 00:00:00,1.0,3578.27,0.0,2171.2942,2171.2942,3578.27,3578.27,ERP_EXPORT_20240115
INTERNET,SO44646,SO44646 - 1,AW00029449,,BK-M82S-38, Germany,Germany,2017-10-13 00:00:00,2017-10-23,"Oct 20, 2017",1.0,3399.99,0.0,1912.1544,1912.1544,3399.99,3399.99,ERP_EXPORT_20240115
 Internet,SO45401,SO45401 - 1,AW00015058,,BK-R93R-62,United Kingdom,United Kingdom,01/10/2018,2018-01-20,2018-01-17 00:00:00,1.0,3578.27,0.0,2171.2942,2171.2942,3578.27,3578.27,ERP_EXPORT_20240115
Internet,SO48706,SO48706 - 1,AW00019359,,BK-R64Y-44,United Kingdom,United Kingdom,2018-11-28 00:00:00,2018-12-08,12/05/2018,1.0,1000.4375,0.0,605.6492,605.6492,1000.4375,1000.4375,ERP_EXPORT_20240115
Internet,SO44149,SO44149 - 1,AW00017242,,BK-R93R-48,Australia ,Australia,05-08-2017,2017-08-15,08/12/2017,1.0,3578.27,0.0,2171.2942,2171.2942,3578.27,3578.27,ERP_EXPORT_20240115
Internet,SO44610,SO44610 - 1,AW00018241,,BK-R93R-52,Australia,Australia,"Oct 07, 2017",2017-10-17,14-10-2017,1.0,3578.27,0.0,2171.2942,2171.2942,3578.27,3578.27,ERP_EXPORT_20240115
INTERNET,SO45642,SO45642 - 1,AW00011623,,BK-R93R-52,Southwest,United States,2018-02-07,2018-02-17,"Feb 14, 2018",1.0,3578.27,0.0,2171.2942,2171.2942,3578.27,3578.27,ERP_EXPORT_20240115
 Internet,SO45687,SO45687 - 1,AW00026005,,BK-M82S-38,Northwest,United States,02/14/2018,2018-02-24,02/21/2018,1.0,3399.99,0.0,1912.1544,1912.1544,3399.99,3399.99,ERP_EXPORT_20240115
Internet,SO44670,SO44670 - 1,AW00018245,,BK-R93R-52,AUSTRALIA,Australia,2017-10-16 00:00:00,2017-10-26,2017-10-23,1.0,3578.27,0.0,2171.2942,2171.2942,3578.27,3578.27,ERP_EXPORT_20240115
Internet,SO48469,SO48469 - 1,AW00022961,,BK-R89B-52,AUSTRALIA,Australia,11/06/2018,2018-11-16,2018-11-13,1.0,2181.5625,0.0,1320.6838,1320.6838,2181.5625,2181.5625,ERP_EXPORT_20240115
Internet,SO45427,SO45427 - 1,AW00029481,,BK-M82B-42,Germany,Germany,2018-01-13 00:00:00,2018-01-23,"Jan 20, 2018",1.0,3374.99,0.0,1898.0944,1898.0944,3374.99,3374.99,ERP_EXPORT_20240115
Internet,SO46014,SO46014 - 1,AW00023396,,BK-R93R-52,Canada,Canada,2018-03-30 00:00:00,2018-04-09,"Apr 06, 2018",1.0,3578.27,0.0,2171.2942,2171.2942,3578.27,3578.27,ERP_EXPORT_20240115
Internet,SO44994,SO44994 - 1,AW00028805,,BK-R93R-44, Southwest,United States,11/25/2017,2017-12-05,02-12-2017,1.0,3578.27,0.0%,2171.2942,2171.2942,3578.27,3578.27,ERP_EXPORT_20240115
Internet,SO47282,SO47282 - 1,AW00019258,,BK-R64Y-38,United Kingdom,United Kingdom,2018-07-25,2018-08-04,20180801,1.0,1000.4375,0.0,605.6492,605.6492,1000.4375,1000.4375,ERP_EXPORT_20240115
Internet,SO47284,SO47284 - 1,AW00013402,,BK-R89R-44,Southwest,United States,25-07-2018,2018-08-04,"Aug 01, 2018",1.0,2443.35,0.0,1518.7864,1518.7864,2443.35,2443.35,ERP_EXPORT_20240115
Internet,SO45450,SO45450 - 1,AW00028624,,BK-R93R-48,Canada,Canada,"Jan 17, 2018",2018-01-27,2018-01-24 00:00:00,1.0,3578.27,0.0,2171.2942,2171.2942,3578.27,3578.27,ERP_EXPORT_20240115
INTERNET,SO45608,SO45608 - 1,AW00011896,,BK-M82B-42,Australia,Australia,"Feb 01, 2018",2018-02-11,"Feb 08, 2018",1.0,3374.99,0.0,1898.0944,1898.0944,3374.99,3374.99,ERP_EXPORT_20240115
Internet,SO45617,SO45617 - 1,AW00015354,,BK-R93R-44,United Kingdom,United Kingdom,2018-02-03 00:00:00,2018-02-13,2018-02-10 00:00:00,1.0,3578.27,0.0%,2171.2942,2171.2942,3578.27,3578.27,ERP_EXPORT_20240115
Internet,SO48222,SO48222 - 1,AW00014116,,BK-R64Y-38,northwest,United States,2018-10-23 00:00:00,2018-11-02,20181030,1.0,1000.4375,0.0,605.6492,605.6492,1000.4375,1000.4375,ERP_EXPORT_20240115
Internet,SO46704,SO46704 - 1,AW00013059,,BK-R89R-52, Southwest,United States,06/03/2018,2018-06-13,2018-06-10 00:00:00,1.0,2443.35,0.0,1518.7864,1518.7864,2443.35,2443.35,ERP_EXPORT_20240115
Internet,SO48228,SO48228 - 1,AW00016598,,BK-R89R-44,United Kingdom ,United Kingdom,2018-10-24,2018-11-03,31-10-2018,1.0,2443.35,0.0,1518.7864,1518.7864,2443.35,2443.35,ERP_EXPORT_20240115
internet,SO45704,SO45704 - 1,AW00014772,,BK-R93R-48, Germany,Germany,20180217,2018-02-27,20180224,1.0,3578.27,0.0,2171.2942,2171.2942,3578.27,3578.27,ERP_EXPORT_20240115
Internet ,SO48461,SO48461 - 1,AW00018167,,BK-R64Y-48,Germany,Germany,20181106,2018-11-16,2018-11-13,1.0,1000.4375,0.0,605.6492,605.6492,1000.4375,1000.4375,ERP_EXPORT_20240115
Internet,SO46436,SO46436 - 1,AW00012337,,BK-M82S-48,Australia,Australia,2018-05-07 00:00:00,2018-05-17,20180514,1.0,3399.99,0.0,1912.1544,1912.1544,3399.99,3399.99,ERP_EXPORT_20240115
Internet,SO45736,SO45736 - 1,AW00019960,,BK-R93R-62,australia,Australia,20180221,2018-03-03,28-02-2018,1.0,3578.27,0.0,2171.2942,2171.2942,3578.27,3578.27,ERP_EXPORT_20240115
Internet,SO45909,SO45909 - 1,AW00011947,,BK-M82B-42,Australia,Australia,20180315,2018-03-25,20180322,1.0,3374.99,0.0,1898.0944,1898.0944,3374.99,3374.99,ERP_EXPORT_20240115
Internet,SO45498,SO45498 - 1,AW00028574,,BK-R93R-48, Canada,Canada,01/26/2018,2018-02-05,2018-02-02 00:00:00,1.0,3578.27,0.0%,2171.2942,2171.2942,3578.27,3578.27,ERP_EXPORT_20240115
INTERNET,SO48895,SO48895 - 1,AW00019418,,BK-R64Y-40,United Kingdom,United Kingdom,13-12-2018,2018-12-23,20-12-2018,1.0,1000.4375,0.0,605.6492,605.6492,1000.4375,1000.4375,ERP_EXPORT_20240115
Internet,SO48921,SO48921 - 1,AW00012560,,BK-M68B-42,United Kingdom,United Kingdom,2018-12-16,2018-12-26,2018-12-23 00:00:00,1.0,2049.0982,0.0,1105.81,1105.81,2049.0982,2049.0982,ERP_EXPORT_20240115
Internet,SO48669,SO48669 - 1,AW00019293,,BK-R50R-48,France,France,2018-11-24,2018-12-04,2018-12-01 00:00:00,1.0,782.99,0.0,486.7066,486.7066,782.99,782.99,ERP_EXPORT_20240115
Internet,SO45888,SO45888 - 1,AW00020217,,BK-R93R-62,Australia,Australia,03/12/2018,2018-03-22,2018-03-19,1.0,3578.27,0.0,2171.2942,2171.2942,3578.27,3578.27,ERP_EXPORT_20240115
Internet,SO45113,SO45113 - 1,AW00029141,,BK-R93R-52,Southwest,United States,08-12-2017,2017-12-18,12/15/2017,1.0,3578.27,0.0,2171.2942,2171.2942,3578.27,3578.27,ERP_EXPORT_20240115
Internet,SO44821,SO44821 - 1,AW00025975,,BK-M82S-42,Northwest,United States,"Nov 02, 2017",2017-11-12,20171109,1.0,3399.99,0.0,1912.1544,1912.1544,3399.99,3399.99,ERP_EXPORT_20240115
Internet,SO47302,SO47302 - 1,AW00012670,,BK-M68B-42,australia,Australia,26-07-2018,2018-08-05,02-08-2018,1.0,2049.0982,0.0,1105.81,1105.81,2049.0982,2049.0982,ERP_EXPORT_20240115
Internet,SO47854,SO47854 - 1,AW00015341,,BK-R50R-58,Southwest,United States,"Sep 17, 2018",2018-09-27,2018-09-24 00:00:00,1.0,782.99,0.0,486.7066,486.7066,782.99,782.99,ERP_EXPORT_20240115
Internet,SO45844,SO45844 - 1,AW00011812,,BK-R93R-48,Northwest,United States,2018-03-05 00:00:00,2018-03-15,2018-03-12 00:00:00,1.0,3578.27,0.0,2171.2942,2171.2942,3578.27,3578.27,ERP_EXPORT_20240115
 Internet,SO47213,SO47213 - 1,AW00016287,,BK-R89B-52,united kingdom,United Kingdom,2018-07-18 00:00:00,2018-07-28,2018-07-25 00:00:00,1.0,2181.5625,0.0%,1320.6838,1320.6838,2181.5625,2181.5625,ERP_EXPORT_20240115
Internet,SO47339,SO47339 - 1,AW00015626,,BK-R89R-58,Germany,Germany,31-07-2018,2018-08-10,2018-08-07,1.0,2181.5625,0.0,1320.6838,1320.6838,2181.5625,2181.5625,ERP_EXPORT_20240115
Internet,SO47238,SO47238 - 1,AW00016405,,BK-R89R-52,United Kingdom,United Kingdom,07/20/2018,2018-07-30,27-07-2018,1.0,2443.35,0.0,1518.7864,1518.7864,2443.35,2443.35,ERP_EXPORT_20240115
Internet,SO46149,SO46149 - 1,AW00012120,,BK-R93R-44,northwest,United States,2018-04-05 00:00:00,2018-04-15,20180412,1.0,3578.27,0.0,2171.2942,2171.2942,3578.27,3578.27,ERP_EXPORT_20240115
Internet,SO47947,SO47947 - 1,AW00014109,,BK-R64Y-44,Southwest,United States,"Sep 29, 2018",2018-10-09,2018-10-06 00:00:00,1.0,1000.4375,0.0,605.6492,605.6492,1000.4375,1000.4375,ERP_EXPORT_20240115
internet,SO48241,SO48241 - 1,AW00026520,,BK-M68B-42,northwest,United States,2018-10-25 00:00:00,2018-11-04,2018-11-01,1.0,2049.0982,0.0,1105.81,1105.81,2049.0982,2049.0982,ERP_EXPORT_20240115
Internet,SO45967,SO45967 - 1,AW00019454,,BK-R50R-44,Germany,Germany,2018-03-24,2018-04-03,2018-03-31 00:00:00,1.0,699.0982,0.0,413.1463,413.1463,699.0982,699.0982,ERP_EXPORT_20240115
Internet,SO45247,SO45247 - 1,AW00025716,,BK-R50B-60,Australia,Australia,2017-12-29,2018-01-08,"Jan 05, 2018",1.0,699.0982,0.0,413.1463,413.1463,699.0982,699.0982,ERP_EXPORT_20240115
internet,SO47182,SO47182 - 1,AW00026298,,BK-M68S-42,Northwest,United States,2018-07-14,2018-07-24,07/21/2018,1.0,2071.4196,0.0,1117.8559,1117.8559,2071.4196,2071.4196,ERP_EXPORT_20240115
 Internet,SO45124,SO45124 - 1,AW00018725,,BK-R93R-52,Australia,Australia,09-12-2017,2017-12-19,2017-12-16,1.0,3578.27,0.0,2171.2942,2171.2942,3578.27,3578.27,ERP_EXPORT_20240115
internet,SO44412,SO44412 - 1,AW00011100,,BK-M82B-42, Australia,Australia,17-09-2017,2017-09-27,24-09-2017,1.0,3374.99,0.0%,1898.0944,1898.0944,3374.99,3374.99,ERP_EXPORT_20240115
Internet,SO48168,SO48168 - 1,AW00022904,,BK-R89B-44,AUSTRALIA,Australia,10/13/2018,2018-10-23,20181020,1.0,2181.5625,0.0,1320.6838,1320.6838,2181.5625,2181.5625,ERP_EXPORT_20240115
Internet,SO45918,SO45918 - 1,AW00011741,,BK-R93R-52,Southwest,United States,03/17/2018,2018-03-27,"Mar 24, 2018",1.0,3578.27,0.0,2171.2942,2171.2942,3578.27,3578.27,ERP_EXPORT_20240115
Internet,SO47517,SO47517 - 1,AW00015308,,BK-R50B-52,Southwest,United States,2018-08-10 00:00:00,2018-08-20,20180817,1.0,782.99,0.0,486.7066,486.7066,782.99,782.99,ERP_EXPORT_20240115
Internet ,SO48854,SO48854 - 1,AW00013643,,BK-M68S-42,Australia,Australia,20181208,2018-12-18,12/15/2018,1.0,2071.4196,0.0,1117.8559,1117.8559,2071.4196,2071.4196,ERP_EXPORT_20240115
Internet,SO48522,SO48522 - 1,AW00015064,,BK-R89R-52,France ,France,2018-11-11 00:00:00,2018-11-21,2018-11-18 00:00:00,1.0,2443.35,0.0,1518.7864,1518.7864,2443.35,2443.35,ERP_EXPORT_20240115
Internet,SO47142,SO47142 - 1,AW00021230,,BK-R89R-48,Australia,Australia,2018-07-09,2018-07-19,07/16/2018,1.0,2443.35,0.0,1518.7864,1518.7864,2443.35,2443.35,ERP_EXPORT_20240115
Internet,SO46000,SO46000 - 1,AW00011778,,BK-R93R-62,northwest,United States,"Mar 29, 2018",2018-04-08,20180405,1.0,3578.27,0.0,2171.2942,2171.2942,3578.27,3578.27,ERP_EXPORT_20240115
Internet,SO46256,SO46256 - 1,AW00015652,,BK-R93R-56,united kingdom,United Kingdom,"Apr 19, 2018",2018-04-29,04/26/2018,1.0,3578.27,0.0,2171.2942,2171.2942,3578.27,3578.27,ERP_EXPORT_20240115
Internet,SO43792,SO43792 - 1,AW00016623,,BK-R93R-48,Australia,Australia,2017-07-12,2017-07-22,2017-07-19,1.0,3578.27,0.0,2171.2942,2171.2942,3578.27,3578.27,ERP_EXPORT_20240115
Internet,SO45086,SO45086 - 1,AW00018747,,BK-R93R-56,Australia,Australia,02-12-2017,2017-12-12,20171209,1.0,3578.27,0.0,2171.2942,2171.2942,3578.27,3578.27,ERP_EXPORT_20240115
Internet,SO44436,SO44436 - 1,AW00026630,,BK-R50R-60,Canada,Canada,09/22/2017,2017-10-02,09/29/2017,1.0,699.0982,0.0,413.1463,413.1463,699.0982,699.0982,ERP_EXPORT_20240115
Internet,SO48238,SO48238 - 1,AW00016831,,BK-R89R-44,United Kingdom ,United Kingdom,10/25/2018,2018-11-04,20181101,1.0,2443.35,0.0%,1518.7864,1518.7864,2443.35,2443.35,ERP_EXPORT_20240115
Internet,SO47510,SO47510 - 1,AW00012688,,BK-M68S-38,Australia,Australia,20180809,2018-08-19,16-08-2018,1.0,2071.4196,0.0%,1117.8559,1117.8559,2071.4196,2071.4196,ERP_EXPORT_20240115
Internet ,SO44886,SO44886 - 1,AW00029108,,BK-R93R-56,Southwest,United States,"Nov 11, 2017",2017-11-21,2017-11-18 00:00:00,1.0,3578.27,0.0,2171.2942,2171.2942,3578.27,3578.27,ERP_EXPORT_20240115
Internet,SO48686,SO48686 - 1,AW00025999,,BK-R89R-58,canada,Canada,20181126,2018-12-06,03-12-2018,1.0,2181.5625,0.0,1320.6838,1320.6838,2181.5625,2181.5625,ERP_EXPORT_20240115
Internet,SO45692,SO45692 - 1,AW00014425,,BK-R93R-52,Germany,Germany,15-02-2018,2018-02-25,2018-02-22,1.0,3578.27,0.0,2171.2942,2171.2942,3578.27,3578.27,ERP_EXPORT_20240115
Internet,SO47735,SO47735 - 1,AW00027084,,BK-R50B-52,Canada ,Canada,20180831,2018-09-10,09/07/2018,1.0,782.99,0.0%,486.7066,486.7066,782.99,782.99,ERP_EXPORT_20240115
Internet,SO48666,SO48666 - 1,AW00013090,,BK-M68B-42,Australia,Australia,"Nov 23, 2018",2018-12-03,11/30/2018,1.0,2049.0982,0.0,1105.81,1105.81,2049.0982,2049.0982,ERP_EXPORT_20240115
Internet,SO46211,SO46211 - 1,AW00018163,,BK-R50R-48,France,France,2018-04-14 00:00:00,2018-04-24,04/21/2018,1.0,699.0982,0.0,413.1463,413.1463,699.0982,699.0982,ERP_EXPORT_20240115
Internet,SO45105,SO45105 - 1,AW00022765,,BK-R93R-48,CANADA,Canada,2017-12-06,2017-12-16,2017-12-13,1.0,3578.27,0.0,2171.2942,2171.2942,3578.27,3578.27,ERP_EXPORT_20240115
Internet,SO43976,SO43976 - 1,AW00028063,,BK-R93R-62,Southwest,United States,20170723,2017-08-02,2017-07-30 00:00:00,1.0,3578.27,0.0,2171.2942,2171.2942,3578.27,3578.27,ERP_EXPORT_20240115
Internet,SO44224,SO44224 - 1,AW00028166,,BK-R93R-56,southwest,United States,2017-08-21 00:00:00,2017-08-31,20170828,1.0,3578.27,0.0,2171.2942,2171.2942,3578.27,3578.27,ERP_EXPORT_20240115
Internet ,SO47561,SO47561 - 1,AW00015328,,BK-R50R-58,Southwest,United States,08/16/2018,2018-08-26,23-08-2018,1.0,782.99,0.0%,486.7066,486.7066,782.99,782.99,ERP_EXPORT_20240115
Internet,SO44891,SO44891 - 1,AW00028847,,BK-R93R-62,Southwest,United States,"Nov 12, 2017",2017-11-22,2017-11-19,1.0,3578.27,0.0,2171.2942,2171.2942,3578.27,3578.27,ERP_EXPORT_20240115
Internet,SO44228,SO44228 - 1,AW00011333,,BK-M82S-38,United Kingdom,United Kingdom,2017-08-22 00:00:00,2017-09-01,"Aug 29, 2017",1.0,3399.99,0.0,1912.1544,1912.1544,3399.99,3399.99,ERP_EXPORT_20240115
Internet,SO47532,SO47532 - 1,AW00024888,,BK-R64Y-40,Australia,Australia,08/12/2018,2018-08-22,19-08-2018,1.0,1000.4375,0.0%,605.6492,605.6492,1000.4375,1000.4375,ERP_EXPORT_20240115
Internet,SO48844,SO48844 - 1,AW00015492,,BK-R50B-44,Northwest,United States,07-12-2018,2018-12-17,2018-12-14 00:00:00,1.0,782.99,0.0,486.7066,486.7066,782.99,782.99,ERP_EXPORT_20240115
 Internet,SO48213,SO48213 - 1,AW00012292,,BK-M68B-38, United Kingdom,United Kingdom,21-10-2018,2018-10-31,2018-10-28 00:00:00,1.0,2049.0982,0.0,1105.81,1105.81,2049.0982,2049.0982,ERP_EXPORT_20240115
Internet ,SO45091,SO45091 - 1,AW00018909,,BK-R93R-56,Australia,Australia,2017-12-03 00:00:00,2017-12-13,"Dec 10, 2017",1.0,3578.27,0.0%,2171.2942,2171.2942,3578.27,3578.27,ERP_EXPORT_20240115
INTERNET,SO47301,SO47301 - 1,AW00026292,,BK-M68B-38,Northwest,United States,07/26/2018,2018-08-05,02-08-2018,1.0,2049.0982,0.0,1105.81,1105.81,2049.0982,2049.0982,ERP_EXPORT_20240115
Internet,SO45693,SO45693 - 1,AW00015083,,BK-R93R-52,United Kingdom,United Kingdom,20180215,2018-02-25,"Feb 22, 2018",1.0,3578.27,0.0,2171.2942,2171.2942,3578.27,3578.27,ERP_EXPORT_20240115
Internet,SO47269,SO47269 - 1,AW00028512,,BK-M68B-46,France,France,20180724,2018-08-03,20180731,1.0,2049.0982,0.0,1105.81,1105.81,2049.0982,2049.0982,ERP_EXPORT_20240115
Internet,SO44985,SO44985 - 1,AW00018692,,BK-R93R-44,Australia,Australia,23-11-2017,2017-12-03,2017-11-30,1.0,3578.27,0.0,2171.2942,2171.2942,3578.27,3578.27,ERP_EXPORT_20240115
Internet,SO45777,SO45777 - 1,AW00011907,,BK-M82S-44,Australia,Australia,02/28/2018,2018-03-10,20180307,1.0,3399.99,0.0,1912.1544,1912.1544,3399.99,3399.99,ERP_EXPORT_20240115
Internet,SO47493,SO47493 - 1,AW00028569,,BK-M68B-38,France,France,08/08/2018,2018-08-18,2018-08-15 00:00:00,1.0,2049.0982,0.0,1105.81,1105.81,2049.0982,2049.0982,ERP_EXPORT_20240115
Internet,SO46224,SO46224 - 1,AW00014902,,BK-R50R-48,Southwest,United States,"Apr 15, 2018",2018-04-25,04/22/2018,1.0,699.0982,0.0,413.1463,413.1463,699.0982,699.0982,ERP_EXPORT_20240115
Internet,SO47341,SO47341 - 1,AW00025104,,BK-R89R-44,Canada,Canada,07/31/2018,2018-08-10,07-08-2018,1.0,2443.35,0.0%,1518.7864,1518.7864,2443.35,2443.35,ERP_EXPORT_20240115
internet,SO46545,SO46545 - 1,AW00024646,,BK-R93R-62,canada,Canada,2018-05-23,2018-06-02,2018-05-30,1.0,3578.27,0.0,2171.2942,2171.2942,3578.27,3578.27,ERP_EXPORT_20240115
Internet,SO44828,SO44828 - 1,AW00028997,,BK-R93R-48,Southwest,United States,2017-11-03 00:00:00,2017-11-13,20171110,1.0,3578.27,0.0,2171.2942,2171.2942,3578.27,3578.27,ERP_EXPORT_20240115
Internet,SO45994,SO45994 - 1,AW00011774,,BK-R93R-44,Southwest,United States,03/28/2018,2018-04-07,2018-04-04 00:00:00,1.0,3578.27,0.0,2171.2942,2171.2942,3578.27,3578.27,ERP_EXPORT_20240115
Internet,SO48687,SO48687 - 1,AW00012317,,BK-M68S-38,United Kingdom,United Kingdom,26-11-2018,2018-12-06,03-12-2018,1.0,2071.4196,0.0,1117.8559,1117.8559,2071.4196,2071.4196,ERP_EXPORT_20240115
Internet,SO46923,SO46923 - 1,AW00013176,,BK-R89R-48,Southwest,United States,"Jun 30, 2018",2018-07-10,20180707,1.0,2443.35,0.0,1518.7864,1518.7864,2443.35,2443.35,ERP_EXPORT_20240115
Internet,SO44376,SO44376 - 1,AW00029399,,BK-M82B-42,Germany,Germany,2017-09-11,2017-09-21,2017-09-18 00:00:00,1.0,3374.99,0.0,1898.0944,1898.0944,3374.99,3374.99,ERP_EXPORT_20240115
Internet ,SO47912,SO47912 - 1,AW00028724,,BK-M68B-42,France,France,"Sep 24, 2018",2018-10-04,"Oct 01, 2018",1.0,2049.0982,0.0,1105.81,1105.81,2049.0982,2049.0982,ERP_EXPORT_20240115
 Internet,SO47898,SO47898 - 1,AW00019276,,BK-R50R-60,France,France,09/22/2018,2018-10-02,09/29/2018,1.0,782.99,0.0,486.7066,486.7066,782.99,782.99,ERP_EXPORT_20240115
internet,SO47767,SO47767 - 1,AW00024902,,BK-R64Y-38,Australia,Australia,09/05/2018,2018-09-15,09/12/2018,1.0,1000.4375,0.0,605.6492,605.6492,1000.4375,1000.4375,ERP_EXPORT_20240115
Internet,SO44804,SO44804 - 1,AW00028829,,BK-R93R-62,Southwest,United States,10/31/2017,2017-11-10,20171107,1.0,3578.27,0.0,2171.2942,2171.2942,3578.27,3578.27,ERP_EXPORT_20240115
 Internet,SO46192,SO46192 - 1,AW00012830,,BK-R93R-56,France,France,"Apr 12, 2018",2018-04-22,2018-04-19,1.0,3578.27,0.0,2171.2942,2171.2942,3578.27,3578.27,ERP_EXPORT_20240115
Internet,SO43975,SO43975 - 1,AW00013540,,BK-R93R-48,Germany,Germany,2017-07-23 00:00:00,2017-08-02,2017-07-30,1.0,3578.27,0.0,2171.2942,2171.2942,3578.27,3578.27,ERP_EXPORT_20240115
Internet,SO46580,SO46580 - 1,AW00012187,,BK-R93R-62,Southwest,United States,2018-05-27 00:00:00,2018-06-06,"Jun 03, 2018",1.0,3578.27,0.0,2171.2942,2171.2942,3578.27,3578.27,ERP_EXPORT_20240115
Internet,SO47892,SO47892 - 1,AW00026373,,BK-R64Y-48,CANADA,Canada,2018-09-21 00:00:00,2018-10-01,2018-09-28 00:00:00,1.0,1000.4375,0.0,605.6492,605.6492,1000.4375,1000.4375,ERP_EXPORT_20240115
Internet,SO46485,SO46485 - 1,AW00012755,,BK-R93R-52,Southwest,United States,05/15/2018,2018-05-25,2018-05-22,1.0,3578.27,0.0,2171.2942,2171.2942,3578.27,3578.27,ERP_EXPORT_20240115
Internet,SO47859,SO47859 - 1,AW00028713,,BK-M68B-38,France,France,2018-09-18 00:00:00,2018-09-28,2018-09-25 00:00:00,1.0,2049.0982,0.0,1105.81,1105.81,2049.0982,2049.0982,ERP_EXPORT_20240115
Internet,SO46748,SO46748 - 1,AW00026252,,BK-M68B-42, Southwest,United States,08-06-2018,2018-06-18,20180615,1.0,2049.0982,0.0,1105.81,1105.81,2049.0982,2049.0982,ERP_EXPORT_20240115
Internet ,SO48599,SO48599 - 1,AW00015002,,BK-R89B-52,France,France,20181118,2018-11-28,"Nov 25, 2018",1.0,2181.5625,0.0,1320.6838,1320.6838,2181.5625,2181.5625,ERP_EXPORT_20240115
INTERNET,SO46125,SO46125 - 1,AW00011956,,BK-R93R-62,Southwest,United States,02-04-2018,2018-04-12,09-04-2018,1.0,3578.27,0.0,2171.2942,2171.2942,3578.27,3578.27,ERP_EXPORT_20240115
Internet,SO44210,SO44210 - 1,AW00013783,,BK-R93R-62,United Kingdom,United Kingdom,20170819,2017-08-29,"Aug 26, 2017",1.0,3578.27,0.0,2171.2942,2171.2942,3578.27,3578.27,ERP_EXPORT_20240115
Internet,SO46806,SO46806 - 1,AW00021195,,BK-R89R-52,Australia,Australia,"Jun 15, 2018",2018-06-25,2018-06-22 00:00:00,1.0,2443.35,0.0,1518.7864,1518.7864,2443.35,2443.35,ERP_EXPORT_20240115
 Internet,SO44250,SO44250 - 1,AW00028167,,BK-R93R-48,Southwest ,United States,2017-08-26 00:00:00,2017-09-05,09/02/2017,1.0,3578.27,0.0,2171.2942,2171.2942,3578.27,3578.27,ERP_EXPORT_20240115
Internet,SO45941,SO45941 - 1,AW00019978,,BK-R93R-62,Australia,Australia,2018-03-20,2018-03-30,2018-03-27 00:00:00,1.0,3578.27,0.0,2171.2942,2171.2942,3578.27,3578.27,ERP_EXPORT_20240115
INTERNET,SO44223,SO44223 - 1,AW00013847,,BK-R93R-62,United Kingdom,United Kingdom,2017-08-21,2017-08-31,08/28/2017,1.0,3578.27,0.0,2171.2942,2171.2942,3578.27,3578.27,ERP_EXPORT_20240115
Internet,SO47248,SO47248 - 1,AW00013340,,BK-R89B-48, Southwest,United States,20180721,2018-07-31,28-07-2018,1.0,2181.5625,0.0,1320.6838,1320.6838,2181.5625,2181.5625,ERP_EXPORT_20240115
 Internet,SO45729,SO45729 - 1,AW00015087,,BK-R93R-52,United Kingdom,United Kingdom,2018-02-21,2018-03-03,02/28/2018,1.0,3578.27,0.0,2171.2942,2171.2942,3578.27,3578.27,ERP_EXPORT_20240115
Internet,SO45226,SO45226 - 1,AW00014662,,BK-R50B-52,southwest,United States,12/25/2017,2018-01-04,"Jan 01, 2018",1.0,699.0982,0.0,413.1463,413.1463,699.0982,699.0982,ERP_EXPORT_20240115
Internet,SO47925,SO47925 - 1,AW00024900,,BK-R64Y-42, Australia,Australia,20180925,2018-10-05,"Oct 02, 2018",1.0,1000.4375,0.0,605.6492,605.6492,1000.4375,1000.4375,ERP_EXPORT_20240115
Internet,SO45703,SO45703 - 1,AW00019947,,BK-R93R-62,Australia,Australia,16-02-2018,2018-02-26,23-02-2018,1.0,3578.27,0.0,2171.2942,2171.2942,3578.27,3578.27,ERP_EXPORT_20240115
Internet,SO47304,SO47304 - 1,AW00016272,,BK-R89B-58,United Kingdom,United Kingdom,07/27/2018,2018-08-06,"Aug 03, 2018",1.0,2181.5625,0.0,1320.6838,1320.6838,2181.5625,2181.5625,ERP_EXPORT_20240115
Internet,SO46423,SO46423 - 1,AW00012362,,BK-R93R-52,Southwest,United States,05/06/2018,2018-05-16,20180513,1.0,3578.27,0.0,2171.2942,2171.2942,3578.27,3578.27,ERP_EXPORT_20240115
 Internet,SO45219,SO45219 - 1,AW00022893,,BK-R93R-52,Canada,Canada,"Dec 24, 2017",2018-01-03,"Dec 31, 2017",1.0,3578.27,0.0%,2171.2942,2171.2942,3578.27,3578.27,ERP_EXPORT_20240115
INTERNET,SO45511,SO45511 - 1,AW00012523,,BK-R93R-44,FRANCE,France,2018-01-28 00:00:00,2018-02-07,20180204,1.0,3578.27,0.0,2171.2942,2171.2942,3578.27,3578.27,ERP_EXPORT_20240115
Internet,SO47185,SO47185 - 1,AW00012133,,BK-M68S-46,United Kingdom,United Kingdom,14-07-2018,2018-07-24,2018-07-21,1.0,2071.4196,0.0,1117.8559,1117.8559,2071.4196,2071.4196,ERP_EXPORT_20240115
INTERNET,SO43757,SO43757 - 1,AW00011017,,BK-M82B-44,Australia,Australia,20170708,2017-07-18,15-07-2017,1.0,3374.99,0.0%,1898.0944,1898.0944,3374.99,3374.99,ERP_EXPORT_20240115
Internet ,SO46459,SO46459 - 1,AW00012190,,BK-R93R-52,Southwest,United States,05/11/2018,2018-05-21,20180518,1.0,3578.27,0.0,2171.2942,2171.2942,3578.27,3578.27,ERP_EXPORT_20240115
Internet,SO45245,SO45245 - 1,AW00018928,,BK-R93R-62,australia,Australia,12/29/2017,2018-01-08,05-01-2018,1.0,3578.27,0.0,2171.2942,2171.2942,3578.27,3578.27,ERP_EXPORT_20240115
Internet,SO47905,SO47905 - 1,AW00029336,,BK-R89B-44,Canada,Canada,23-09-2018,2018-10-03,20180930,1.0,2181.5625,0.0,1320.6838,1320.6838,2181.5625,2181.5625,ERP_EXPORT_20240115
Internet,SO44365,SO44365 - 1,AW00017912,,BK-R93R-52,Australia ,Australia,"Sep 09, 2017",2017-09-19,16-09-2017,1.0,3578.27,0.0,2171.2942,2171.2942,3578.27,3578.27,ERP_EXPORT_20240115
Internet,SO44212,SO44212 - 1,AW00028170,,BK-R93R-48,Southwest,United States,2017-08-19,2017-08-29,2017-08-26,1.0,3578.27,0.0,2171.2942,2171.2942,3578.27,3578.27,ERP_EXPORT_20240115
Internet,SO46705,SO46705 - 1,AW00013085,,BK-R89R-52,Northwest,United States,"Jun 03, 2018",2018-06-13,2018-06-10 00:00:00,1.0,2443.35,0.0%,1518.7864,1518.7864,2443.35,2443.35,ERP_EXPORT_20240115
Internet,SO44725,SO44725 - 1,AW00025910,,BK-M82S-42,Southwest,United States,2017-10-28,2017-11-07,"Nov 04, 2017",1.0,3399.99,0.0,1912.1544,1912.1544,3399.99,3399.99,ERP_EXPORT_20240115
Internet,SO46734,SO46734 - 1,AW00013060,,BK-R89B-48,Southwest ,United States,06-06-2018,2018-06-16,2018-06-13 00:00:00,1.0,2181.5625,0.0,1320.6838,1320.6838,2181.5625,2181.5625,ERP_EXPORT_20240115
Internet,SO44816,SO44816 - 1,AW00012321,,BK-R93R-48,France ,France,2017-11-02,2017-11-12,"Nov 09, 2017",1.0,3578.27,0.0,2171.2942,2171.2942,3578.27,3578.27,ERP_EXPORT_20240115
Internet,SO45142,SO45142 - 1,AW00022901,,BK-R93R-44,Canada ,Canada,12-12-2017,2017-12-22,20171219,1.0,3578.27,0.0,2171.2942,2171.2942,3578.27,3578.27,ERP_EXPORT_20240115
Internet,SO44903,SO44903 - 1,AW00018284,,BK-R93R-52,AUSTRALIA,Australia,2017-11-13,2017-11-23,2017-11-20,1.0,3578.27,0.0,2171.2942,2171.2942,3578.27,3578.27,ERP_EXPORT_20240115
INTERNET,SO44169,SO44169 - 1,AW00028179,,BK-R93R-44,Northwest,United States,20170809,2017-08-19,20170816,1.0,3578.27,0.0,2171.2942,2171.2942,3578.27,3578.27,ERP_EXPORT_20240115
Internet,SO47487,SO47487 - 1,AW00016427,,BK-R89B-52,UNITED KINGDOM,United Kingdom,08/06/2018,2018-08-16,08/13/2018,1.0,2181.5625,0.0%,1320.6838,1320.6838,2181.5625,2181.5625,ERP_EXPORT_20240115
Internet,SO46811,SO46811 - 1,AW00012941,,BK-R89R-48,Northwest,United States,06/16/2018,2018-06-26,23-06-2018,1.0,2443.35,0.0,1518.7864,1518.7864,2443.35,2443.35,ERP_EXPORT_20240115
Internet,SO48878,SO48878 - 1,AW00017715,,BK-R89B-48,UNITED KINGDOM,United Kingdom,11-12-2018,2018-12-21,"Dec 18, 2018",1.0,2181.5625,0.0%,1320.6838,1320.6838,2181.5625,2181.5625,ERP_EXPORT_20240115
Internet,SO45079,SO45079 - 1,AW00029255,,BK-R93R-48,Southwest,United States,"Dec 01, 2017",2017-12-11,20171208,1.0,3578.27,0.0,2171.2942,2171.2942,3578.27,3578.27,ERP_EXPORT_20240115
internet,SO45420,SO45420 - 1,AW00019561,,BK-R93R-52,Australia,Australia,20180111,2018-01-21,2018-01-18,1.0,3578.27,0.0,2171.2942,2171.2942,3578.27,3578.27,ERP_EXPORT_20240115
 Internet,SO48574,SO48574 - 1,AW00015422,,BK-R50R-58,Northwest,United States,2018-11-15,2018-11-25,"Nov 22, 2018",1.0,782.99,0.0,486.7066,486.7066,782.99,782.99,ERP_EXPORT_20240115
Internet,SO44330,SO44330 - 1,AW00028199,,BK-R93R-48,Southwest,United States,20170903,2017-09-13,20170910,1.0,3578.27,0.0,2171.2942,2171.2942,3578.27,3578.27,ERP_EXPORT_20240115
Internet,SO48266,SO48266 - 1,AW00013713,,BK-R89R-52,Northwest,United States,28-10-2018,2018-11-07,11/04/2018,1.0,2443.35,0.0,1518.7864,1518.7864,2443.35,2443.35,ERP_EXPORT_20240115
Internet,SO44840,SO44840 - 1,AW00028857,,BK-R93R-56,Southwest,United States,11/05/2017,2017-11-15,12-11-2017,1.0,3578.27,0.0,2171.2942,2171.2942,3578.27,3578.27,ERP_EXPORT_20240115
Internet,SO46785,SO46785 - 1,AW00013190,,BK-R89B-44,Southwest,United States,2018-06-12 00:00:00,2018-06-22,"Jun 19, 2018",1.0,2181.5625,0.0,1320.6838,1320.6838,2181.5625,2181.5625,ERP_EXPORT_20240115
Internet,SO45018,SO45018 - 1,AW00018494,,BK-R93R-52,Australia,Australia,2017-11-28 00:00:00,2017-12-08,2017-12-05,1.0,3578.27,0.0,2171.2942,2171.2942,3578.27,3578.27,ERP_EXPORT_20240115
Internet,SO46311,SO46311 - 1,AW00012841,,BK-R93R-56,France,France,04/28/2018,2018-05-08,20180505,1.0,3578.27,0.0,2171.2942,2171.2942,3578.27,3578.27,ERP_EXPORT_20240115
Internet,SO43974,SO43974 - 1,AW00013687,,BK-R93R-48,United Kingdom,United Kingdom,2017-07-23,2017-08-02,2017-07-30 00:00:00,1.0,3578.27,0.0,2171.2942,2171.2942,3578.27,3578.27,ERP_EXPORT_20240115
Internet,SO43936,SO43936 - 1,AW00028065,,BK-R93R-44,Southwest,United States,20170719,2017-07-29,07/26/2017,1.0,3578.27,0.0,2171.2942,2171.2942,3578.27,3578.27,ERP_EXPORT_20240115
INTERNET,SO45827,SO45827 - 1,AW00015440,,BK-R93R-48,United Kingdom,United Kingdom,20180303,2018-03-13,03/10/2018,1.0,3578.27,0.0,2171.2942,2171.2942,3578.27,3578.27,ERP_EXPORT_20240115
Internet,SO47496,SO47496 - 1,AW00016470,,BK-R89R-58,United Kingdom,United Kingdom,"Aug 08, 2018",2018-08-18,"Aug 15, 2018",1.0,2181.5625,0.0,1320.6838,1320.6838,2181.5625,2181.5625,ERP_EXPORT_20240115
Internet,SO46918,SO46918 - 1,AW00026022,,BK-R50B-52,Australia,Australia,06/29/2018,2018-07-09,20180706,1.0,782.99,0.0,486.7066,486.7066,782.99,782.99,ERP_EXPORT_20240115
Internet,SO44662,SO44662 - 1,AW00011151,,BK-M82B-42,Australia,Australia,2017-10-15,2017-10-25,10/22/2017,1.0,3374.99,0.0,1898.0944,1898.0944,3374.99,3374.99,ERP_EXPORT_20240115
Internet,SO45709,SO45709 - 1,AW00019793,,BK-R93R-52,Australia,Australia,2018-02-17 00:00:00,2018-02-27,02/24/2018,1.0,3578.27,0.0,2171.2942,2171.2942,3578.27,3578.27,ERP_EXPORT_20240115
Internet ,SO45194,SO45194 - 1,AW00029221,,BK-R93R-52,Southwest,United States,12/20/2017,2017-12-30,2017-12-27,1.0,3578.27,0.0,2171.2942,2171.2942,3578.27,3578.27,ERP_EXPORT_20240115
Internet,SO47224,SO47224 - 1,AW00015659,,BK-R89R-48,Germany,Germany,2018-07-19,2018-07-29,26-07-2018,1.0,2443.35,0.0,1518.7864,1518.7864,2443.35,2443.35,ERP_EXPORT_20240115
Internet,SO48502,SO48502 - 1,AW00026566,,BK-R50B-60,AUSTRALIA,Australia,20181109,2018-11-19,16-11-2018,1.0,782.99,0.0,486.7066,486.7066,782.99,782.99,ERP_EXPORT_20240115
Internet,SO45085,SO45085 - 1,AW00018746,,BK-R93R-48,Australia,Australia,12/02/2017,2017-12-12,20171209,1.0,3578.27,0.0,2171.2942,2171.2942,3578.27,3578.27,ERP_EXPORT_20240115
Internet,SO47865,SO47865 - 1,AW00012701,,BK-M68S-38,Australia,Australia,18-09-2018,2018-09-28,20180925,1.0,2071.4196,0.0,1117.8559,1117.8559,2071.4196,2071.4196,ERP_EXPORT_20240115
Internet,SO48499,SO48499 - 1,AW00013132,,BK-M68B-38,Australia,Australia,20181109,2018-11-19,"Nov 16, 2018",1.0,2049.0982,0.0,1105.81,1105.81,2049.0982,2049.0982,ERP_EXPORT_20240115
Internet,SO45830,SO45830 - 1,AW00020151,,BK-R93R-56,Australia,Australia,2018-03-03,2018-03-13,20180310,1.0,3578.27,0.0,2171.2942,2171.2942,3578.27,3578.27,ERP_EXPORT_20240115
Internet,SO46285,SO46285 - 1,AW00012005,,BK-M82S-44,Australia,Australia,20180423,2018-05-03,"Apr 30, 2018",1.0,3399.99,0.0,1912.1544,1912.1544,3399.99,3399.99,ERP_EXPORT_20240115
INTERNET,SO47945,SO47945 - 1,AW00014791,,BK-R89R-52,France,France,20180929,2018-10-09,20181006,1.0,2443.35,0.0,1518.7864,1518.7864,2443.35,2443.35,ERP_EXPORT_20240115
Internet,SO46724,SO46724 - 1,AW00028663,,BK-R89R-44,Canada,Canada,20180605,2018-06-15,12-06-2018,1.0,2443.35,0.0,1518.7864,1518.7864,2443.35,2443.35,ERP_EXPORT_20240115
Internet,SO43728,SO43728 - 1,AW00027666,,BK-R93R-52,SOUTHWEST,United States,05-07-2017,2017-07-15,12-07-2017,1.0,3578.27,0.0%,2171.2942,2171.2942,3578.27,3578.27,ERP_EXPORT_20240115
INTERNET,SO44738,SO44738 - 1,AW00018252,,BK-R93R-52,Australia,Australia,2017-10-30 00:00:00,2017-11-09,11/06/2017,1.0,3578.27,0.0,2171.2942,2171.2942,3578.27,3578.27,ERP_EXPORT_20240115
Internet ,SO47165,SO47165 - 1,AW00015649,,BK-R89R-52,GERMANY,Germany,20180713,2018-07-23,07/20/2018,1.0,2443.35,0.0,1518.7864,1518.7864,2443.35,2443.35,ERP_EXPORT_20240115
Internet,SO48542,SO48542 - 1,AW00026676,,BK-M68B-42,SOUTHWEST,United States,11/12/2018,2018-11-22,11/19/2018,1.0,2049.0982,0.0,1105.81,1105.81,2049.0982,2049.0982,ERP_EXPORT_20240115
Internet,SO45686,SO45686 - 1,AW00025998,,BK-M82S-44,Northwest,United States,20180214,2018-02-24,20180221,1.0,3399.99,0.0%,1912.1544,1912.1544,3399.99,3399.99,ERP_EXPORT_20240115
internet,SO47796,SO47796 - 1,AW00021979,,BK-R89R-58,AUSTRALIA,Australia,2018-09-10 00:00:00,2018-09-20,20180917,1.0,2181.5625,0.0%,1320.6838,1320.6838,2181.5625,2181.5625,ERP_EXPORT_20240115
Internet,SO45597,SO45597 - 1,AW00014740,,BK-R50R-48,Southwest,United States,"Jan 31, 2018",2018-02-10,"Feb 07, 2018",1.0,699.0982,0.0,413.1463,413.1463,699.0982,699.0982,ERP_EXPORT_20240115
 Internet,SO46537,SO46537 - 1,AW00011427,,BK-M82S-38,Germany,Germany,05/22/2018,2018-06-01,20180529,1.0,3399.99,0.0,1912.1544,1912.1544,3399.99,3399.99,ERP_EXPORT_20240115
Internet,SO45507,SO45507 - 1,AW00019616,,BK-R93R-56,AUSTRALIA,Australia,26-01-2018,2018-02-05,02-02-2018,1.0,3578.27,0.0,2171.2942,2171.2942,3578.27,3578.27,ERP_EXPORT_20240115
Internet,SO47738,SO47738 - 1,AW00026165,,BK-R50R-44,Australia,Australia,"Aug 31, 2018",2018-09-10,09/07/2018,1.0,782.99,0.0,486.7066,486.7066,782.99,782.99,ERP_EXPORT_20240115
INTERNET,SO47221,SO47221 - 1,AW00013823,,BK-R89R-52,France,France,20180719,2018-07-29,"Jul 26, 2018",1.0,2443.35,0.0,1518.7864,1518.7864,2443.35,2443.35,ERP_EXPORT_20240115
Internet,SO48457,SO48457 - 1,AW00013110,,BK-M68B-46,Australia,Australia,20181105,2018-11-15,12-11-2018,1.0,2049.0982,0.0,1105.81,1105.81,2049.0982,2049.0982,ERP_EXPORT_20240115
Internet,SO47543,SO47543 - 1,AW00021956,,BK-R89B-52,Australia,Australia,"Aug 13, 2018",2018-08-23,20-08-2018,1.0,2181.5625,0.0,1320.6838,1320.6838,2181.5625,2181.5625,ERP_EXPORT_20240115
Internet,SO46441,SO46441 - 1,AW00015661,,BK-R93R-48,United Kingdom,United Kingdom,05/08/2018,2018-05-18,15-05-2018,1.0,3578.27,0.0,2171.2942,2171.2942,3578.27,3578.27,ERP_EXPORT_20240115
Internet,SO44007,SO44007 - 1,AW00025555,,BK-R50R-58,Australia,Australia,2017-07-26 00:00:00,2017-08-05,08/02/2017,1.0,699.0982,0.0,413.1463,413.1463,699.0982,699.0982,ERP_EXPORT_20240115
Internet,SO46458,SO46458 - 1,AW00012771,,BK-R93R-62,Southwest,United States,2018-05-11,2018-05-21,05/18/2018,1.0,3578.27,0.0,2171.2942,2171.2942,3578.27,3578.27,ERP_EXPORT_20240115
Internet,SO46834,SO46834 - 1,AW00012923,,BK-R89B-58,Southwest,United States,2018-06-18,2018-06-28,2018-06-25,1.0,2181.5625,0.0,1320.6838,1320.6838,2181.5625,2181.5625,ERP_EXPORT_20240115
Internet,SO44472,SO44472 - 1,AW00013685,,BK-R93R-48,Germany,Germany,20170929,2017-10-09,06-10-2017,1.0,3578.27,0.0,2171.2942,2171.2942,3578.27,3578.27,ERP_EXPORT_20240115
Internet,SO46905,SO46905 - 1,AW00016053,,BK-R89B-48,United Kingdom,United Kingdom,20180628,2018-07-08,07/05/2018,1.0,2181.5625,0.0,1320.6838,1320.6838,2181.5625,2181.5625,ERP_EXPORT_20240115
INTERNET,SO45441,SO45441 - 1,AW00011216,,BK-R93R-48,Northwest ,United States,01/15/2018,2018-01-25,22-01-2018,1.0,3578.27,0.0,2171.2942,2171.2942,3578.27,3578.27,ERP_EXPORT_20240115
Internet ,SO46684,SO46684 - 1,AW00018125,,BK-R64Y-38,Germany,Germany,06/01/2018,2018-06-11,2018-06-08 00:00:00,1.0,1000.4375,0.0,605.6492,605.6492,1000.4375,1000.4375,ERP_EXPORT_20240115
Internet,SO47608,SO47608 - 1,AW00026322,,BK-M68S-38,Northwest,United States,08/23/2018,2018-09-02,08/30/2018,1.0,2071.4196,0.0,1117.8559,1117.8559,2071.4196,2071.4196,ERP_EXPORT_20240115
INTERNET,SO46463,SO46463 - 1,AW00011423,,BK-M82B-38,Germany,Germany,2018-05-12,2018-05-22,19-05-2018,1.0,3374.99,0.0,1898.0944,1898.0944,3374.99,3374.99,ERP_EXPORT_20240115
Internet,SO44609,SO44609 - 1,AW00018220,,BK-R93R-44,Australia,Australia,10/07/2017,2017-10-17,2017-10-14,1.0,3578.27,0.0,2171.2942,2171.2942,3578.27,3578.27,ERP_EXPORT_20240115
Internet,SO48595,SO48595 - 1,AW00023097,,BK-R89B-48,Australia,Australia,"Nov 17, 2018",2018-11-27,2018-11-24,1.0,2181.5625,0.0,1320.6838,1320.6838,2181.5625,2181.5625,ERP_EXPORT_20240115
Internet,SO48125,SO48125 - 1,AW00014239,,BK-R64Y-48,Southwest,United States,20181007,2018-10-17,"Oct 14, 2018",1.0,1000.4375,0.0,605.6492,605.6492,1000.4375,1000.4375,ERP_EXPORT_20240115
Internet,SO45735,SO45735 - 1,AW00019792,,BK-R93R-56,australia,Australia,"Feb 21, 2018",2018-03-03,02/28/2018,1.0,3578.27,0.0,2171.2942,2171.2942,3578.27,3578.27,ERP_EXPORT_20240115
Internet,SO47599,SO47599 - 1,AW00026327,,BK-M68B-46,southwest,United States,"Aug 21, 2018",2018-08-31,2018-08-28,1.0,2049.0982,0.0,1105.81,1105.81,2049.0982,2049.0982,ERP_EXPORT_20240115
Internet,SO45410,SO45410 - 1,AW00014149,,BK-R93R-62,GERMANY,Germany,2018-01-11,2018-01-21,"Jan 18, 2018",1.0,3578.27,0.0,2171.2942,2171.2942,3578.27,3578.27,ERP_EXPORT_20240115
Internet,SO48676,SO48676 - 1,AW00013729,,BK-R89R-52,NORTHWEST,United States,"Nov 25, 2018",2018-12-05,02-12-2018,1.0,2443.35,0.0,1518.7864,1518.7864,2443.35,2443.35,ERP_EXPORT_20240115
Internet,SO46237,SO46237 - 1,AW00012843,,BK-R93R-48,France,France,"Apr 16, 2018",2018-04-26,"Apr 23, 2018",1.0,3578.27,0.0,2171.2942,2171.2942,3578.27,3578.27,ERP_EXPORT_20240115
Internet,SO44434,SO44434 - 1,AW00028580,,BK-R93R-62,Southwest ,United States,09/21/2017,2017-10-01,09/28/2017,1.0,3578.27,0.0,2171.2942,2171.2942,3578.27,3578.27,ERP_EXPORT_20240115
Internet,SO48949,SO48949 - 1,AW00026591,,BK-R50B-60,Australia,Australia,"Dec 19, 2018",2018-12-29,20181226,1.0,782.99,0.0,486.7066,486.7066,782.99,782.99,ERP_EXPORT_20240115
Internet,SO47343,SO47343 - 1,AW00021553,,BK-R89B-58,australia,Australia,20180731,2018-08-10,2018-08-07,1.0,2181.5625,0.0,1320.6838,1320.6838,2181.5625,2181.5625,ERP_EXPORT_20240115
Internet,SO47798,SO47798 - 1,AW00013000,,BK-M68S-42,Australia,Australia,2018-09-10 00:00:00,2018-09-20,2018-09-17 00:00:00,1.0,2071.4196,0.0%,1117.8559,1117.8559,2071.4196,2071.4196,ERP_EXPORT_20240115
Internet,SO43967,SO43967 - 1,AW00028040,,BK-R93R-52,Northwest,United States,22-07-2017,2017-08-01,2017-07-29 00:00:00,1.0,3578.27,0.0%,2171.2942,2171.2942,3578.27,3578.27,ERP_EXPORT_20240115
Internet,SO46137,SO46137 - 1,AW00020600,,BK-R93R-52,Australia,Australia,03-04-2018,2018-04-13,2018-04-10,1.0,3578.27,0.0,2171.2942,2171.2942,3578.27,3578.27,ERP_EXPORT_20240115
Internet,SO45000,SO45000 - 1,AW00018297,,BK-R93R-48,Australia,Australia,2017-11-25 00:00:00,2017-12-05,12/02/2017,1.0,3578.27,0.0,2171.2942,2171.2942,3578.27,3578.27,ERP_EXPORT_20240115
Internet,SO47468,SO47468 - 1,AW00026152,,BK-R50R-48,Australia,Australia,2018-08-02 00:00:00,2018-08-12,08/09/2018,1.0,782.99,0.0,486.7066,486.7066,782.99,782.99,ERP_EXPORT_20240115
Internet,SO48588,SO48588 - 1,AW00026569,,BK-R50B-44,Australia,Australia,2018-11-16 00:00:00,2018-11-26,2018-11-23 00:00:00,1.0,782.99,0.0,486.7066,486.7066,782.99,782.99,ERP_EXPORT_20240115
Internet,SO46445,SO46445 - 1,AW00012772,,BK-R93R-48,Northwest,United States,2018-05-09 00:00:00,2018-05-19,16-05-2018,1.0,3578.27,0.0,2171.2942,2171.2942,3578.27,3578.27,ERP_EXPORT_20240115
Internet,SO48858,SO48858 - 1,AW00015455,,BK-R89R-44,France,France,12/09/2018,2018-12-19,"Dec 16, 2018",1.0,2443.35,0.0,1518.7864,1518.7864,2443.35,2443.35,ERP_EXPORT_20240115
Internet ,SO47164,SO47164 - 1,AW00012123,,BK-M68B-42,United Kingdom,United Kingdom,20180713,2018-07-23,2018-07-20 00:00:00,1.0,2049.0982,0.0,1105.81,1105.81,2049.0982,2049.0982,ERP_EXPORT_20240115
Internet,SO45148,SO45148 - 1,AW00014656,,BK-R50B-52,Northwest,United States,20171213,2017-12-23,2017-12-20 00:00:00,1.0,699.0982,0.0,413.1463,413.1463,699.0982,699.0982,ERP_EXPORT_20240115
Internet,SO44346,SO44346 - 1,AW00014602,,BK-R50B-62,Southwest,United States,2017-09-07,2017-09-17,14-09-2017,1.0,699.0982,0.0,413.1463,413.1463,699.0982,699.0982,ERP_EXPORT_20240115
Internet,SO48672,SO48672 - 1,AW00022950,,BK-R89B-58,Australia,Australia,2018-11-24 00:00:00,2018-12-04,12/01/2018,1.0,2181.5625,0.0%,1320.6838,1320.6838,2181.5625,2181.5625,ERP_EXPORT_20240115
Internet,SO47625,SO47625 - 1,AW00021958,,BK-R89B-52,australia,Australia,2018-08-25,2018-09-04,2018-09-01 00:00:00,1.0,2181.5625,0.0,1320.6838,1320.6838,2181.5625,2181.5625,ERP_EXPORT_20240115
Internet ,SO44709,SO44709 - 1,AW00018240,,BK-R93R-44, Australia,Australia,24-10-2017,2017-11-03,10/31/2017,1.0,3578.27,0.0%,2171.2942,2171.2942,3578.27,3578.27,ERP_EXPORT_20240115
INTERNET,SO46769,SO46769 - 1,AW00015702,,BK-R89B-52,United Kingdom,United Kingdom,20180611,2018-06-21,2018-06-18,1.0,2181.5625,0.0,1320.6838,1320.6838,2181.5625,2181.5625,ERP_EXPORT_20240115
Internet,SO43713,SO43713 - 1,AW00027601,,BK-R93R-62,Southwest,United States,2017-07-03,2017-07-13,07/10/2017,1.0,3578.27,0.0,2171.2942,2171.2942,3578.27,3578.27,ERP_EXPORT_20240115
Internet,SO48421,SO48421 - 1,AW00019361,,BK-R64Y-44,united kingdom,United Kingdom,20181102,2018-11-12,"Nov 09, 2018",1.0,1000.4375,0.0,605.6492,605.6492,1000.4375,1000.4375,ERP_EXPORT_20240115
Internet,SO44331,SO44331 - 1,AW00028257,,BK-R93R-44,Northwest,United States,2017-09-04,2017-09-14,11-09-2017,1.0,3578.27,0.0,2171.2942,2171.2942,3578.27,3578.27,ERP_EXPORT_20240115
Internet,SO45250,SO45250 - 1,AW00014147,,BK-R93R-62,Germany,Germany,20171230,2018-01-09,01/06/2018,1.0,3578.27,0.0,2171.2942,2171.2942,3578.27,3578.27,ERP_EXPORT_20240115
Internet,SO46791,SO46791 - 1,AW00013016,,BK-R89R-48,Northwest,United States,06/13/2018,2018-06-23,20180620,1.0,2443.35,0.0,1518.7864,1518.7864,2443.35,2443.35,ERP_EXPORT_20240115
Internet,SO44980,SO44980 - 1,AW00018699,,BK-R93R-62,AUSTRALIA,Australia,2017-11-22,2017-12-02,11/29/2017,1.0,3578.27,0.0,2171.2942,2171.2942,3578.27,3578.27,ERP_EXPORT_20240115
Internet,SO45360,SO45360 - 1,AW00028036,,BK-R93R-52,Canada,Canada,"Jan 03, 2018",2018-01-13,10-01-2018,1.0,3578.27,0.0,2171.2942,2171.2942,3578.27,3578.27,ERP_EXPORT_20240115
Internet,SO46903,SO46903 - 1,AW00012353,,BK-M68S-42,Australia,Australia,27-06-2018,2018-07-07,"Jul 04, 2018",1.0,2071.4196,0.0,1117.8559,1117.8559,2071.4196,2071.4196,ERP_EXPORT_20240115
Internet,SO47572,SO47572 - 1,AW00029149,,BK-R89R-44,Canada,Canada,2018-08-18 00:00:00,2018-08-28,"Aug 25, 2018",1.0,2443.35,0.0,1518.7864,1518.7864,2443.35,2443.35,ERP_EXPORT_20240115
Internet,SO48529,SO48529 - 1,AW00026638,,BK-M68B-42,northwest,United States,20181111,2018-11-21,2018-11-18,1.0,2049.0982,0.0,1105.81,1105.81,2049.0982,2049.0982,ERP_EXPORT_20240115
Internet,SO45724,SO45724 - 1,AW00012620,,BK-R93R-48,France,France,20180220,2018-03-02,02/27/2018,1.0,3578.27,0.0%,2171.2942,2171.2942,3578.27,3578.27,ERP_EXPORT_20240115
Internet,SO46860,SO46860 - 1,AW00021180,,BK-R89R-58,Australia,Australia,06/21/2018,2018-07-01,20180628,1.0,2181.5625,0.0%,1320.6838,1320.6838,2181.5625,2181.5625,ERP_EXPORT_20240115
INTERNET,SO44731,SO44731 - 1,AW00028661,,BK-R93R-48,Northwest,United States,20171029,2017-11-08,11/05/2017,1.0,3578.27,0.0%,2171.2942,2171.2942,3578.27,3578.27,ERP_EXPORT_20240115
Internet,SO48423,SO48423 - 1,AW00019297,,BK-R50B-48,France,France,20181102,2018-11-12,2018-11-09 00:00:00,1.0,782.99,0.0%,486.7066,486.7066,782.99,782.99,ERP_EXPORT_20240115
Internet,SO45929,SO45929 - 1,AW00011825,,BK-R93R-62,southwest,United States,2018-03-18 00:00:00,2018-03-28,03/25/2018,1.0,3578.27,0.0%,2171.2942,2171.2942,3578.27,3578.27,ERP_EXPORT_20240115
Internet,SO43827,SO43827 - 1,AW00025250,,BK-R50B-44,Australia,Australia,07/15/2017,2017-07-25,"Jul 22, 2017",1.0,699.0982,0.0,413.1463,413.1463,699.0982,699.0982,ERP_EXPORT_20240115
Internet,SO48839,SO48839 - 1,AW00016567,,BK-R89R-44,Germany,Germany,2018-12-07 00:00:00,2018-12-17,2018-12-14,1.0,2443.35,0.0,1518.7864,1518.7864,2443.35,2443.35,ERP_EXPORT_20240115
Internet,SO47637,SO47637 - 1,AW00013447,,BK-R89R-58,Southwest,United States,2018-08-27,2018-09-06,03-09-2018,1.0,2181.5625,0.0,1320.6838,1320.6838,2181.5625,2181.5625,ERP_EXPORT_20240115
internet,SO48097,SO48097 - 1,AW00022412,,BK-R89R-48,Australia ,Australia,2018-10-01 00:00:00,2018-10-11,20181008,1.0,2443.35,0.0,1518.7864,1518.7864,2443.35,2443.35,ERP_EXPORT_20240115
Internet,SO48482,SO48482 - 1,AW00024912,,BK-R64Y-44,Australia,Australia,11/07/2018,2018-11-17,20181114,1.0,1000.4375,0.0,605.6492,605.6492,1000.4375,1000.4375,ERP_EXPORT_20240115
Internet,SO46531,SO46531 - 1,AW00012423,,BK-R93R-62,Northwest,United States,21-05-2018,2018-05-31,28-05-2018,1.0,3578.27,0.0,2171.2942,2171.2942,3578.27,3578.27,ERP_EXPORT_20240115
Internet,SO45690,SO45690 - 1,AW00019958,,BK-R93R-62,Australia,Australia,2018-02-14,2018-02-24,2018-02-21,1.0,3578.27,0.0,2171.2942,2171.2942,3578.27,3578.27,ERP_EXPORT_20240115
Internet,SO44166,SO44166 - 1,AW00014581,,BK-R50B-44,Northwest,United States,2017-08-08,2017-08-18,08/15/2017,1.0,699.0982,0.0,413.1463,413.1463,699.0982,699.0982,ERP_EXPORT_20240115
 Internet,SO45384,SO45384 - 1,AW00026789,,BK-R50B-44,Canada,Canada,2018-01-06 00:00:00,2018-01-16,"Jan 13, 2018",1.0,699.0982,0.0,413.1463,413.1463,699.0982,699.0982,ERP_EXPORT_20240115
 Internet,SO44338,SO44338 - 1,AW00018188,,BK-R93R-56,Australia,Australia,"Sep 05, 2017",2017-09-15,"Sep 12, 2017",1.0,3578.27,0.0,2171.2942,2171.2942,3578.27,3578.27,ERP_EXPORT_20240115
Internet,SO46568,SO46568 - 1,AW00012761,,BK-R93R-48,Northwest,United States,"May 25, 2018",2018-06-04,2018-06-01 00:00:00,1.0,3578.27,0.0%,2171.2942,2171.2942,3578.27,3578.27,ERP_EXPORT_20240115
INTERNET,SO45883,SO45883 - 1,AW00011799,,BK-R93R-52, Northwest,United States,12-03-2018,2018-03-22,2018-03-19,1.0,3578.27,0.0,2171.2942,2171.2942,3578.27,3578.27,ERP_EXPORT_20240115
Internet,SO47886,SO47886 - 1,AW00013011,,BK-M68B-38,Australia ,Australia,09/20/2018,2018-09-30,"Sep 27, 2018",1.0,2049.0982,0.0,1105.81,1105.81,2049.0982,2049.0982,ERP_EXPORT_20240115
internet,SO48875,SO48875 - 1,AW00024922,,BK-R64Y-38,australia,Australia,20181210,2018-12-20,2018-12-17,1.0,1000.4375,0.0,605.6492,605.6492,1000.4375,1000.4375,ERP_EXPORT_20240115
 Internet,SO45159,SO45159 - 1,AW00011400,,BK-M82B-42,United Kingdom,United Kingdom,20171215,2017-12-25,2017-12-22 00:00:00,1.0,3374.99,0.0,1898.0944,1898.0944,3374.99,3374.99,ERP_EXPORT_20240115
Internet,SO45196,SO45196 - 1,AW00018739,,BK-R93R-44,Australia,Australia,20-12-2017,2017-12-30,12/27/2017,1.0,3578.27,0.0,2171.2942,2171.2942,3578.27,3578.27,ERP_EXPORT_20240115
INTERNET,SO45434,SO45434 - 1,AW00011252,,BK-R93R-44,Southwest,United States,2018-01-14,2018-01-24,01/21/2018,1.0,3578.27,0.0%,2171.2942,2171.2942,3578.27,3578.27,ERP_EXPORT_20240115
Internet,SO44885,SO44885 - 1,AW00014833,,BK-R93R-62,United Kingdom,United Kingdom,2017-11-11 00:00:00,2017-11-21,20171118,1.0,3578.27,0.0%,2171.2942,2171.2942,3578.27,3578.27,ERP_EXPORT_20240115
Internet,SO48546,SO48546 - 1,AW00014960,,BK-R89B-52,France,France,"Nov 13, 2018",2018-11-23,2018-11-20 00:00:00,1.0,2181.5625,0.0,1320.6838,1320.6838,2181.5625,2181.5625,ERP_EXPORT_20240115
 Internet,SO48100,SO48100 - 1,AW00026546,,BK-M68S-46,Southwest,United States,20181002,2018-10-12,2018-10-09,1.0,2071.4196,0.0,1117.8559,1117.8559,2071.4196,2071.4196,ERP_EXPORT_20240115
