UNIT_NO,LAST_FUEL_DATE,LAST_WORKORDER_OPEN_DATE,M5_LIFE_KM_USAGE(KM),M5_LIFE_HRS_USAGE(Hrs),M5_YTD_KM_USAGE(KM),M5_YTD_HRS_USAGE(Hrs),AVAILABLE HOURS (Hrs),DOWNTIME(Hrs),EXPECT_USAGE(KM),EXPECT_USAGE(Hrs),VEU
347027,44594.5203935185,0.0,15.0,0.0,0.0,WINTERMAIN,2.0,WM-BLOW,4301-1,61 TORYORK DR,WINTER-MAIN-SNOW BLOWER
206084,45138.4859606481,45119.2890046296,123429.0,3925.0,21703.0,649.0,1160.0,44.3088888888889,400000.0,10000.0,5.0
080046,44862.4332638889,44838.2739583333,116264.0,0.0,0.0,0.0,152.0,4.0,5500.0,5381-1,TRUCK- UTILI
001064,45112.5943981481,44910.2665625,17646.0,435.0,2321.0,0.0,1160.0,,0.0,5381-1,SEDAN-PASS
065175,45126.3836574074,,6248.0,32.0,6248.0,32.0,1048.0,85.6558333333333,220000.0,0.0,1.5
112309,,45138.262962963,66661.0,2796.0,4517.0,7.0,1160.0,265.291944444444,220000.0,0.0,1.5
294078,44877.314212963,44959.7777893519,0.0,781.0,0.0,1.0,1160.0,189.788333333333,0.0,6300.0,1.0
095194,45132.5784259259,44984.3243865741,8528.0,53.0,4160.0,1.0,1160.0,17.7744444444444,160000.0,0.0,1.5
378288,,43224.3561574074,0.0,758.0,0.0,259.0,1160.0,1.0,2100.0,,GM-UT-CART
329019,0.0,0.0,0.0,0.0,LIFTING,15.0,LIFT-FRKLFT,,,,329CATEPR07
045029,45114.3187962963,45075.5064814815,56031.0,0.0,2426.0,0.0,1160.0,83.7386111111111,180000.0,0.0,1.5
003201,45131.5863310185,44943.650462963,74288.0,329.0,3300.0,1.0,1160.0,78.4041666666667,160000.0,0.0,1.0
020013,45133.27125,44839.6308680556,57276.0,2149.0,8484.0,320.0,1160.0,1.0,0.0,005581,SEDAN-PASS
187008,,44897.3184953704,47564.0,1317.0,0.0,0.0,152.0,5.0,6250.0,003892,TRUCK-DUMP
319252,45113.2945138889,0.0,2.0,0.0,2.0,GROUND,136.624722222222,0.5,7000.0,10010,GM-TRACT
111057,45138.2300925926,44988.4504050926,109550.0,2961.0,12130.0,323.0,1160.0,0.112777777777778,180000.0,0.0,1.5
043268,45055.6366435185,45048.3840277778,48899.0,3532.0,4989.0,301.0,1160.0,126.373333333333,180000.0,0.0,1.5
043282,45112.4066550926,44798.9054050926,1349.0,2.0,1187.0,0.0,,1.5,4500.0,0582-1,PICKU-1/2T
067013,44984.2909606481,44991.6067708333,40713.0,1533.0,1.0,1.0,1160.0,82.2563888888889,220000.0,0.0,1.5
020023,45092.5185532407,45092.6074074074,23620.0,1826.0,2352.0,165.0,1160.0,17.8913888888889,160000.0,0.0,1.0
156079,45037.5555555556,45091.5378819444,101206.0,0.0,2908.0,0.0,960.0,193.424166666667,220000.0,0.0,4.0
080062,45134.576087963,45119.5438541667,231450.0,6731.0,2872.0,204.0,1160.0,342.725277777778,220000.0,5500.0,6.0
064124,45118.4175462963,45050.4711458333,31811.0,1372.0,1.0,27.0,1160.0,31.3944444444444,220000.0,0.0,1.5
154062,45070.338287037,45047.3991435185,39134.0,1788.0,80.0,5.0,1160.0,242.697777777778,220000.0,,6.0
003207,45120.5400578704,44888.3753125,59633.0,336.0,6448.0,0.0,1160.0,,0.0,005940,SEDAN-PASS
043265,45124.4813773148,44988.5985648148,64153.0,2572.0,10.0,1.0,1160.0,8.02,180000.0,0.0,1.5
080098,45135.5899884259,45079.6425925926,108375.0,3224.0,4290.0,346.0,1160.0,420.686944444444,220000.0,5500.0,4.0
045135,45138.4795833333,45041.3740162037,35716.0,1497.0,9057.0,2.0,1160.0,21.0413888888889,180000.0,0.0,1.5
080093,45105.5070833333,45092.3867824074,86630.0,6353.0,5479.0,484.0,1160.0,145.982777777778,220000.0,5500.0,4.0
112396,45134.4349421296,44987.4847569444,48786.0,759.0,5765.0,89.0,1160.0,68.9166666666667,220000.0,0.0,1.5
112405,45138.503587963,45128.2950578704,45604.0,457.0,3840.0,1.0,1160.0,0.0,220000.0,0.0,1.5
250054,45119.2928125,0.0,0.0,0.0,0.0,TRAILER,102.368055555556,0.5,0.0,51020,TRL-VAN/TANK
269038,44293.5507986111,0.0,0.0,0.0,0.0,APPARATUS,0.5,APP-ARR-BD,000582,7 LESLIE ST,APPARUTUS ARROW BOARD
067073,45126.5566550926,45104.4268865741,13989.0,1308.0,796.0,1.0,1160.0,16.0319444444444,220000.0,0.0,1.5
048003,43350.3269328704,43355.5417592593,0.0,0.0,0.0,0.0,1160.0,1.5,4500.0,,
112402,45128.5486458333,45121.5325347222,45290.0,3682.0,715.0,304.0,1160.0,247.334166666667,220000.0,,1.5
378216,43515.4171412037,8.0,11.0,0.0,0.0,GROUND,1.0,GM-UT-CART,000525,1116 KING ST W,
318042,45127.414837963,44986.3481712963,0.0,708.0,0.0,138.0,1160.0,6.26611111111111,0.0,,
050115,45082.4022106481,45075.4044675926,31260.0,2310.0,4393.0,,1160.0,6.83138888888889,180000.0,,1.5
094062,45083.6779282407,45084.4428240741,105403.0,1259.0,39.0,9.0,1160.0,37.9369444444444,160000.0,4000.0,1.0
001083,45130.6372106482,45006.2648263889,32815.0,1848.0,3.0,2.0,1160.0,31.0347222222222,160000.0,0.0,1.0
237145,43830.0,44625.2642939815,25965.0,4966.0,0.0,0.0,152.0,8.0,6250.0,004869,TRUCK-SLOAD
267124,44351.3844328704,0.0,0.0,0.0,0.0,TRAILER,0.5,TRL-UTILITY,0520-1,50 BOOTH AVE,
330146,45098.2727662037,45089.5296875,0.0,3818.0,0.0,196.0,1160.0,96.9963888888889,0.0,2100.0,4.0
049010,45121.4482986111,45079.3097337963,7822.0,465.0,5401.0,331.0,1160.0,209.058333333333,180000.0,4500.0,1.5
323100,45137.493125,45055.512337963,0.0,3612.0,0.0,629.0,1160.0,81.8797222222222,0.0,9800.0,8.0
112415,,44860.5409375,,202.0,3212.0,0.0,1160.0,1.5,0.0,003377,VAN-3/4T
194011,45131.4013194444,45135.3161689815,46778.0,2194.0,5067.0,602.0,1160.0,22.1375,250000.0,10000.0,3.0
112362,43853.3092939815,43888.402037037,0.0,0.0,0.0,0.0,1160.0,1.5,0.0,,VAN-3/4T
237070,40668.4444444444,40669.5468865741,0.0,0.0,0.0,0.0,1160.0,8.0,6250.0,,TRUCK-SLOAD
319130,45132.5344328704,45044.7923958333,0.0,1531.0,0.0,19.0,1160.0,88.0,0.0,,0.5
396565,45019.3452199074,44608.2698842593,0.0,302.0,0.0,234.0,1160.0,0.5,3500.0,003893,GM-MOWER
324030,44715.4445601852,44942.6886805556,0.0,166.0,0.0,2.0,1160.0,94.2875,0.0,7000.0,4.0
378284,45136.4980902778,44747.9446064815,0.0,311.0,0.0,152.0,1160.0,1.0,2100.0,,GM-UT-CART
076059,45138.5778125,44986.3908333333,37249.0,2649.0,4078.0,2.0,1160.0,,220000.0,0.0,1.5
095094,45135.5212384259,45071.3459027778,64316.0,0.0,3296.0,0.0,1160.0,130.991944444444,160000.0,0.0,1.5
003226,,10189.0,0.0,2.0,0.0,CLASS1,238.569722222222,1.0,0.0,001045,SEDAN-PASS
237199,43830.0,45128.2932523148,77862.0,7428.0,5010.0,309.0,1160.0,368.635,250000.0,6250.0,8.0
112507,45138.6253819444,45070.6093518519,28716.0,7.0,15929.0,1.0,1160.0,24.8763888888889,220000.0,0.0,1.5
003257,45105.5342361111,45048.4216782407,1263.0,8.0,785.0,3.0,1160.0,133.48,160000.0,0.0,1.0
329018,45033.5361458333,0.0,885.0,0.0,2.0,LIFTING,20.7877777777778,2.0,4200.0,5464-1,LIFT-FRKLFT
095172,45131.5872800926,45131.3150810185,18089.0,523.0,5008.0,10.0,1160.0,25.2161111111111,160000.0,,1.5
250066,0.0,0.0,0.0,TRAILER,10.0,FLEET MAINTENANCE HAULAGE,250TITANA23,2022 TRAILER VAN/TANKER ALUMINUM OPEN TOP 145-155 CUYD AND KEITH WALKING FLOOR,,,STANDARD
4-97-44,38343.6878587963,5000.0,0.0,0.0,0.0,CLASS2,1.5,PICKU-1TON,,,PICKUP - 1 TON
330202,0.0,0.0,0.0,ROADMAIN,6.0,YONGE GARAGE,330MADVDI23,2023 MADVAC ROAD MAINTENANCE LITTER VACUUM 21-30HP 4X2 6 YEAR DIESEL,,,STANDARD
269016,43601.3138888889,0.0,0.0,0.0,0.0,APPARATUS,0.5,APP-ARR-BD,4301-1,,APPARUTUS ARROW BOARD
267090,45092.3077430556,0.0,0.0,0.0,0.0,TRAILER,66.6244444444444,0.5,0.0,004847,TRL-UTILITY
319145,45121.3440509259,45016.3445949074,0.0,2230.0,0.0,191.0,1160.0,93.1066666666667,0.0,4900.0,0.5
067085,,45084.3499537037,28879.0,2191.0,6620.0,536.0,1160.0,128.803333333333,220000.0,0.0,1.5
159033,44936.5742939815,45079.6262268519,44516.0,2816.0,482.0,28.0,1160.0,231.876111111111,250000.0,0.0,5.0
112404,45107.573287037,44946.5352777778,18082.0,594.0,2444.0,89.0,1160.0,8.32527777777778,220000.0,0.0,1.5
194040,45135.3890856481,45131.408912037,43890.0,1852.0,7060.0,311.0,1160.0,181.959722222222,250000.0,0.0,3.0
267234,45135.4168171296,0.0,0.0,0.0,0.0,TRAILER,43.7930555555556,0.5,0.0,002426,TRL-UTILITY
050092,45134.4794444444,45099.3374537037,13960.0,698.0,3.0,1.0,1160.0,26.3344444444444,180000.0,0.0,1.5
064190,45128.3470949074,45005.3448148148,5463.0,11.0,2956.0,1.0,1160.0,0.110277777777778,220000.0,8000.0,1.5
067012,44936.4024074074,45014.4576736111,81041.0,1261.0,5.0,5.0,1160.0,133.050833333333,220000.0,0.0,1.5
041282,45127.3193171296,44587.4455439815,10599.0,556.0,3317.0,203.0,1160.0,-1,4000.0,002990,SEDAN-PASS
191010,45054.9614467593,45071.8141898148,54071.0,2298.0,8073.0,452.0,1160.0,459.646666666667,250000.0,0.0,4.0
188064,45135.5297569444,45064.7475231482,31986.0,2428.0,4161.0,551.0,1160.0,296.3475,250000.0,,5.0
376015,42072.549537037,115.0,115.0,0.0,0.0,ICEMAIN,3.0,ICE-RESURF,0520-1,50 BOOTH AVE,ICE-MAIN-RESURFACER
379042,43773.3659722222,0.0,0.0,0.0,0.0,GROUND,1.0,GM-UT-CART,002979,4200 YONGE ST,
222027,43830.0,45079.4106944444,11524.0,,165.0,32.0,1160.0,68.0216666666667,250000.0,10000.0,8.0
319194,44992.3740509259,45126.3902546296,0.0,330.0,0.0,305.0,1160.0,208.39,0.0,3500.0,2.0
111107,45125.7385532407,45133.3961921296,12363.0,7.0,3073.0,0.0,1160.0,2.63083333333333,180000.0,0.0,1.5
095167,45134.3164467593,44935.5291435185,8599.0,969.0,10.0,1.0,1160.0,0.163333333333333,160000.0,0.0,1.5
050118,45127.5901273148,45093.3358101852,17686.0,1049.0,50.0,3.0,1160.0,7.94055555555556,180000.0,0.0,1.5
267200,45138.365150463,0.0,0.0,0.0,0.0,TRAILER,59.3666666666667,0.5,0.0,004847,TRL-UTILITY
269061,43634.4569212963,0.0,0.0,0.0,0.0,APPARATUS,0.5,,,,APPARUTUS ARROW BOARD
296012,45056.5641782407,0.0,86.0,0.0,7.0,APPARATUS,2.0,,003763,101 RIDGETOP RD,APPARUTUS-STUMP CUTTER
154061,45137.325,45085.6423726852,34322.0,1860.0,3829.0,404.0,1160.0,71.5158333333333,220000.0,5500.0,6.0
378351,45042.5297222222,44907.4905787037,0.0,126.0,0.0,122.0,1160.0,496.0,0.0,2100.0,1.0
378347,45136.4567824074,44833.2890625,0.0,280.0,0.0,279.0,1160.0,1.0,2100.0,001772,GM-UT-CART
001107,45117.4933449074,45084.4088888889,13439.0,1362.0,1193.0,85.0,1160.0,1.255,160000.0,0.0,1.0
236263,43830.0,45127.4215046296,89098.0,11679.0,9145.0,1212.0,1160.0,245.518888888889,250000.0,10000.0,8.0
006026,45113.4510069444,44991.3168402778,34057.0,115.0,4315.0,1.0,1160.0,0.441944444444444,160000.0,0.0,1.0
154056,45138.4996527778,45021.4559837963,63724.0,2332.0,2475.0,119.0,1160.0,131.920277777778,220000.0,5500.0,6.0
323091,45133.3151041667,45135.3262037037,0.0,1475.0,0.0,157.0,1160.0,40.0530555555556,0.0,9800.0,8.0
112251,45071.5937152778,45131.3333101852,77476.0,1707.0,2771.0,304.0,1160.0,358.88,220000.0,0.0,1.5
156193,45120.5086342593,45097.2995138889,33813.0,2349.0,5841.0,302.0,1160.0,446.969444444444,220000.0,5500.0,5.0
319223,44997.9640509259,45058.2850810185,0.0,,0.0,149.0,1160.0,125.897222222222,0.0,3500.0,2.0
041284,45132.5563310185,45117.3473726852,14608.0,446.0,1254.0,1.0,1160.0,183.426944444444,160000.0,4000.0,1.5
WORK1166,40371.5431481482,0.0,0.0,0.0,0.0,ATTACHMENT,0.5,ATT-SPRD,,,ATTACHMENT-SPREADER
315079,45138.5247222222,45121.5204861111,0.0,2713.0,0.0,364.0,1160.0,682.435277777778,250000.0,,8.0
156140,45120.3085532407,45097.3144560185,102971.0,7814.0,1161.0,167.0,1160.0,163.58,220000.0,5500.0,6.0
237263,45131.2800462963,9892.0,194.0,9892.0,194.0,CLASS8,123.820833333333,8.0,6250.0,004869,TRUCK-SLOAD
062091,45135.3931712963,44930.4270138889,112174.0,664.0,3542.0,1.0,1160.0,93.7516666666667,220000.0,0.0,1.5
204017,44413.4288657407,44988.5059027778,29488.0,2539.0,1.0,1.0,648.0,,250000.0,10000.0,8.25
094138,45112.837025463,44984.4240046296,869.0,31.0,869.0,31.0,720.0,61.8238888888889,160000.0,4000.0,1.0
050164,45134.5840393519,45084.3829398148,,911.0,12480.0,578.0,1160.0,0.0966666666666667,180000.0,4500.0,1.5
064135,45104.2703935185,44930.3584259259,85463.0,3575.0,2475.0,152.0,1160.0,154.099166666667,220000.0,0.0,1.5
112096,43298.3749189815,43410.2782986111,0.0,0.0,0.0,0.0,1160.0,1.5,0.0,,VAN-3/4T
050141,45138.3137731481,44620.5000810185,8552.0,388.0,10.0,1.0,1160.0,1.5,4500.0,4426-1,PICKU-1/2T
318021,45132.506412037,45007.6073263889,0.0,700.0,0.0,72.0,1160.0,26.3408333333333,0.0,3500.0,0.5
319211,44991.3281597222,45093.2974189815,0.0,502.0,0.0,182.0,1160.0,507.886388888889,0.0,3500.0,2.0
041303,45009.586724537,44938.4272916667,4123.0,305.0,487.0,28.0,1160.0,1.39888888888889,160000.0,4000.0,1.5
396418,44144.3499768519,43988.4326388889,0.0,1005.0,0.0,0.0,1160.0,0.5,2100.0,003893,GM-MOWER
074018,45083.2821643519,44883.54,49604.0,3986.0,3124.0,338.0,1160.0,0.656111111111111,220000.0,0.0,1.5
045073,45005.2848726852,45009.3720601852,89238.0,1516.0,3238.0,0.0,1160.0,652.108611111111,180000.0,0.0,
135121,45118.4093518518,44946.2524537037,120617.0,3552.0,2603.0,116.0,1160.0,36.9227777777778,220000.0,0.0,1.5
095111,45134.3756828704,44999.3625115741,26673.0,1840.0,1398.0,110.0,1160.0,0.0133333333333333,160000.0,0.0,1.5
061156,45135.5444791667,44971.3155555556,32759.0,1931.0,2252.0,150.0,1160.0,6.71833333333333,220000.0,0.0,1.5
065083,44872.3341435185,44799.5286805556,94734.0,4220.0,0.0,0.0,152.0,1.5,0.0,000525,PICKU-3/4T
064185,45135.8613657407,45077.3076041667,20450.0,155.0,11923.0,82.0,1160.0,12.6275,220000.0,8000.0,1.5
378208,43181.4533449074,2033.0,307.0,0.0,0.0,GROUND,1.0,GM-UT-CART,003893,451 BRIMLEY RD,
050128,45134.5801736111,45029.3573263889,18400.0,1513.0,4474.0,427.0,1160.0,5.62277777777778,,4500.0,1.5
045115,45137.4170138889,44936.5806828704,32180.0,935.0,7525.0,1.0,1160.0,0.00444444444444444,180000.0,4500.0,1.5
237257,45134.8144907407,32566.0,777.0,5022.0,22.0,CLASS8,166.314722222222,8.0,6250.0,3892-2,TRUCK-SLOAD
204027,45138.6709953704,45107.5819791667,86152.0,751.0,9293.0,309.0,1160.0,355.206666666667,250000.0,10000.0,8.25
112447,45124.5540740741,44981.5182175926,18215.0,501.0,2.0,2.0,1160.0,103.729722222222,220000.0,0.0,1.5
205019,45083.4780208333,45055.427349537,14794.0,2481.0,456.0,43.0,1160.0,55.4847222222222,250000.0,6250.0,6.0
050149,45132.5568402778,44973.4394675926,8315.0,91.0,8240.0,89.0,1160.0,31.6066666666667,180000.0,4500.0,1.5
041297,45132.0712731481,45084.59,115034.0,1618.0,7114.0,371.0,1160.0,224.751388888889,160000.0,4000.0,1.5
045072,45135.5186342593,45091.4837615741,88221.0,3339.0,3822.0,5.0,1160.0,126.305,,0.0,1.5
073062,45118.3014814815,,73051.0,3292.0,871.0,3.0,,308.515277777778,220000.0,0.0,1.5
396371,45138.3687962963,45077.3953125,0.0,1589.0,0.0,87.0,1160.0,7.90861111111111,0.0,2800.0,0.5
396397,45063.3060185185,,0.0,1242.0,0.0,80.0,1160.0,0.5,7000.0,003893,GM-MOWER
208003,45104.2984259259,45107.5051388889,92313.0,1397.0,1504.0,1.0,,250.396944444444,220000.0,5500.0,4.0
318023,45133.3094675926,45133.4078240741,0.0,1335.0,0.0,224.0,1160.0,175.860277777778,0.0,3500.0,0.5
003126,45098.5936921296,44943.5549189815,61241.0,484.0,1032.0,2.0,1160.0,85.1736111111111,160000.0,0.0,1.0
095113,45138.3935416667,45077.4729166667,29175.0,1072.0,3894.0,156.0,1160.0,84.0705555555556,160000.0,0.0,1.5
135190,0.0,0.0,0.0,CLASS3,10.0,EASTERN GARAGE,,PLAN SPEC: Pick Up 1 Ton Standard Cab Long Box Class3 4X2 10Y Diesel With Power Liftgate,,,STANDARD
384003,0.0,0.0,0.0,0.0,GROUND,8.0,GM-BIKE,GROUNT-CARGO-BIKE,433 EASTERN AVE,,384GTNA04
248005,45105.2647453704,0.0,0.0,0.0,0.0,TRAILER,83.9033333333333,0.5,0.0,4869-2,TRL-DMP-VTA
376024,39695.5996875,0.0,0.0,0.0,0.0,ICEMAIN,0.0,3.0,4900.0,005181,ICE-RESURF
299003,41892.3825578704,45113.5689699074,0.0,312.0,0.0,0.0,1160.0,106.344722222222,0.0,1400.0,1.0
250043,45117.5300231481,0.0,0.0,0.0,0.0,TRAILER,48.4419444444444,0.5,0.0,4869-2,TRL-VAN/TANK
050030,45135.5194791667,45070.5971412037,93518.0,3476.0,1700.0,2.0,1160.0,68.6088888888889,180000.0,0.0,1.5
137003,45118.5533449074,45135.7337847222,,1290.0,2492.0,90.0,1160.0,71.4280555555556,250000.0,0.0,3.0
041449,45118.3428356481,45037.4196412037,2662.0,104.0,2661.0,103.0,1144.0,1.98166666666667,160000.0,4000.0,1.5
378222,43635.3911111111,7.0,7.0,0.0,0.0,GROUND,1.0,GM-UT-CART,006249,231 IAN MACDONALD BLVD,
294077,45077.3299652778,44924.5482523148,0.0,750.0,0.0,8.0,1160.0,8.0,0.0,6300.0,1.0
296011A,44887.8700462963,0.0,0.0,0.0,0.0,TRAILER,0.5,TRL-UTILITY,003896,70 NASHDENE RD,
112481,45133.3334375,44840.5779398148,26441.0,317.0,5648.0,0.0,1160.0,1.5,0.0,005680,VAN-3/4T
061162,45135.5194560185,45119.572662037,131749.0,0.0,10201.0,0.0,1160.0,55.7077777777778,220000.0,0.0,1.5
318061,45042.3496412037,44979.4506828704,0.0,14.0,0.0,14.0,576.0,55.2247222222222,0.0,3500.0,3.0
319139,45051.3008333333,,0.0,1535.0,0.0,89.0,1160.0,57.3861111111111,0.0,2800.0,0.5
267026,45054.3790046296,0.0,0.0,0.0,0.0,TRAILER,93.1075,0.5,0.0,005848,
041344,45137.000787037,45077.4595138889,40706.0,1850.0,6061.0,216.0,1160.0,88.7536111111111,,4000.0,1.5
347019,,44861.2889236111,0.0,22.0,0.0,0.0,1160.0,2.0,21000.0,000520,WM-BLOW
065149,45127.3208449074,45104.5462962963,45879.0,2271.0,12055.0,617.0,1160.0,19.3588888888889,220000.0,0.0,1.5
041328,45138.3640162037,45111.3055555556,50393.0,2033.0,7719.0,1.0,1160.0,51.985,160000.0,,1.5
067046,45135.4285416667,44957.5397800926,94237.0,5628.0,3931.0,255.0,1160.0,54.3138888888889,220000.0,0.0,1.5
007020,45105.4240509259,44719.5930555556,155527.0,7764.0,1296.0,0.0,1160.0,1.5,0.0,,SEDAN-PASS
154067,45128.2940856482,45072.2917476852,7603.0,437.0,4861.0,307.0,1160.0,72.2580555555556,220000.0,0.0,4.0
112543,45119.3702430556,45076.309224537,147.0,2.0,147.0,2.0,128.0,,220000.0,0.0,1.5
315099,45131.0938773148,45131.4549074074,0.0,3428.0,0.0,482.0,1160.0,945.201666666667,250000.0,9000.0,8.0
064159,45128.4333101852,45036.383900463,62131.0,3174.0,2083.0,3.0,1160.0,115.791111111111,220000.0,0.0,1.5
003116,44978.5450925926,44999.3497916667,101570.0,658.0,934.0,4.0,648.0,99.9294444444444,160000.0,0.0,
396383,43619.4064814815,0.0,0.0,0.0,0.0,GROUND,0.5,GM-MOWER,001984,30 NORTHLINE RD,GROUND-MOWER
076054,45117.5001388889,45124.5173148148,35901.0,1773.0,4388.0,5.0,1160.0,294.37,220000.0,0.0,1.5
112442,45127.3443634259,45012.5067361111,25523.0,20.0,3864.0,1.0,1160.0,11.8383333333333,220000.0,0.0,1.5
067049,45103.6777893519,44949.6889699074,33423.0,2174.0,500.0,2.0,1160.0,4.42166666666667,220000.0,0.0,1.5
396504,45134.3433101852,,0.0,1316.0,0.0,163.0,1160.0,1.33333333333333,0.0,3500.0,0.5
319250,0.0,0.0,0.0,0.0,GROUND,12.0,GM-TRACT,GROUNT-TRACTOR,1401 CASTLEFIELD AVE,,319KUBODI23
045157,45124.5306597222,44929.2870833333,6800.0,402.0,9.0,1.0,1160.0,1.11111111111111,180000.0,0.0,1.5
051014,45113.3051736111,45126.4046412037,46819.0,2094.0,5000.0,0.0,1160.0,51.2341666666667,180000.0,4500.0,1.5
267228,45125.2998842593,0.0,,0.0,0.0,TRAILER,1.02,0.5,0.0,004301,TRL-UTILITY
075016,45135.451412037,45041.4343171296,18763.0,891.0,3365.0,261.0,1160.0,109.123333333333,220000.0,0.0,1.5
380002,42760.0,43537.366724537,3241.0,842.0,0.0,0.0,1160.0,8.0,21000.0,004793,WM-GROOM
001097,45127.6167939815,45113.2445138889,47189.0,2413.0,6714.0,1.0,1160.0,5.77472222222222,160000.0,0.0,1.0
267198,45111.3339467593,0.0,0.0,0.0,0.0,TRAILER,259.606388888889,0.5,,005848,TRL-UTILITY
301011,45006.6777893519,45135.5719444444,,758.0,0.0,745.0,1160.0,10.2733333333333,0.0,1400.0,0.5
001162,44690.5529861111,44670.4917592593,12065.0,430.0,0.0,0.0,,1.0,0.0,005581,SEDAN-PASS
396368,45121.5377662037,0.0,552.0,0.0,28.0,GROUND,0.5,GM-MOWER,005513,1132 LESLIE ST,GROUND-MOWER
237245,45138.2596875,19334.0,1763.0,7523.0,1110.0,CLASS8,202.613055555556,8.0,6250.0,3892-2,TRUCK-SLOAD
378053,39714.5666666667,41094.3604166667,18.0,0.0,0.0,0.0,1160.0,,2100.0,005649,GM-UT-CART
112492,45105.5058564815,45040.3313194444,6925.0,9.0,2146.0,2.0,1160.0,19.2991666666667,220000.0,0.0,1.5
065135,44984.5584606481,44987.5841435185,47724.0,2747.0,1600.0,0.0,1160.0,801.2075,220000.0,0.0,1.5
112421,45134.3452662037,45021.4001851852,52853.0,2631.0,5556.0,1.0,1160.0,9.85361111111111,220000.0,0.0,1.5
318011,39727.5700925926,0.0,508.0,0.0,0.0,GROUND,0.5,GM-TRACT,005513,1132 LESLIE ST,GROUNT-TRACTOR
158085,45126.467974537,45132.3475810185,11347.0,595.0,2098.0,142.0,1160.0,86.9080555555555,250000.0,6250.0,5.0
270016,45013.330462963,0.0,0.0,0.0,0.0,TRAILER,1.69555555555556,0.5,0.0,004426,TRL-UTILITY
395049,45138.4331597222,0.0,889.0,0.0,356.0,GROUND,0.5,GM-MOWER,002979,4200 YONGE ST,GROUND-MOWER
045196,45118.6986458333,45028.4259490741,11706.0,,6219.0,286.0,1160.0,0.148333333333333,180000.0,0.0,1.5
135152,44954.5311226852,44936.4575462963,179919.0,3476.0,1831.0,67.0,304.0,2.47027777777778,220000.0,5500.0,3.0
045142,45114.4687268519,45124.4371527778,42841.0,3525.0,4342.0,219.0,1160.0,113.874722222222,180000.0,0.0,1.5
223096,45138.546400463,45125.4261226852,94272.0,9074.0,10529.0,1538.0,1160.0,729.669444444444,250000.0,6250.0,8.0
112490,44714.529224537,45118.4061805556,13509.0,1358.0,0.0,0.0,1160.0,101.113611111111,220000.0,0.0,1.5
112292,44708.4627199074,44726.3337615741,116150.0,4044.0,0.0,0.0,1160.0,1.5,0.0,004426,
007039,45135.4153587963,45069.4824537037,137171.0,6572.0,11881.0,7.0,1160.0,232.668888888889,160000.0,0.0,1.5
094130,45134.4486458333,45061.4023842593,10015.0,384.0,16.0,1.0,1160.0,29.9094444444444,160000.0,4000.0,1.0
050184,45135.3077314815,45007.4054050926,2837.0,2.0,2837.0,2.0,648.0,54.2702777777778,180000.0,4500.0,1.5
045110,45120.0718287037,45118.3308564815,78473.0,5188.0,2726.0,2.0,1160.0,,180000.0,0.0,1.5
192010,45138.3281365741,45132.5929861111,90049.0,4126.0,4066.0,310.0,1160.0,92.375,250000.0,10000.0,6.0
319190,44912.6180671296,45042.4458912037,0.0,231.0,0.0,10.0,1160.0,184.372777777778,0.0,3500.0,2.0
003206,45133.4568518518,45043.3163194444,104259.0,236.0,5370.0,1.0,1160.0,13.7580555555556,160000.0,0.0,1.0
111097,45133.4651273148,44636.3784953704,10963.0,495.0,2096.0,105.0,1160.0,1.5,0.0,,VAN-1/2T
319137,44593.3667592593,44963.737662037,0.0,1553.0,0.0,31.0,1160.0,45.3825,0.0,4900.0,0.5
065102,44732.4628935185,44858.5701157407,102123.0,2839.0,0.0,0.0,152.0,1.5,0.0,002990,PICKU-3/4T
001118,45127.5435648148,45015.3857523148,17665.0,491.0,11.0,2.0,1160.0,11.7419444444444,160000.0,0.0,1.0
047067,,44609.4566319444,106544.0,0.0,2124.0,0.0,960.0,1.5,4500.0,0520-1,PICKU-COMP
041217,45131.5306712963,45001.5829050926,57737.0,1214.0,7812.0,300.0,1160.0,18.0102777777778,160000.0,4000.0,1.5
065095,44900.5282638889,44924.4427430556,102403.0,3562.0,0.0,0.0,464.0,179.205555555556,220000.0,0.0,1.5
323125,45124.2903356481,45099.561412037,0.0,425.0,0.0,283.0,1160.0,,0.0,12600.0,8.0
080051,44910.7814814815,44825.4078356481,176011.0,2475.0,0.0,0.0,,4.0,5500.0,004426,TRUCK- UTILI
005022,45137.2385532407,45126.337662037,54872.0,1153.0,5002.0,302.0,1160.0,55.5641666666667,160000.0,4000.0,1.5
237190,43830.0,45128.6146643519,74508.0,9553.0,7492.0,872.0,1160.0,174.843055555556,250000.0,6250.0,8.0
347021,,45099.4425,0.0,379.0,0.0,15.0,1160.0,180.105277777778,0.0,21000.0,2.0
111066,45135.385150463,44832.3618055556,41669.0,1435.0,3910.0,0.0,1160.0,1.5,0.0,000902,VAN-1/2T
001044,44935.4941435185,45084.9287615741,69039.0,3.0,145.0,3.0,960.0,442.421388888889,160000.0,0.0,1.0
396478,45132.4906481481,43115.5960648148,0.0,875.0,0.0,97.0,1160.0,0.5,4200.0,005109,
065100,44917.4781018519,45034.4347222222,83719.0,2810.0,1.0,1.0,800.0,5.56666666666667,220000.0,0.0,1.5
047086,45132.4469212963,45014.4797916667,20276.0,1872.0,3237.0,527.0,1160.0,3.92416666666667,180000.0,4500.0,1.5
003394,45030.4502662037,5.0,0.0,1.0,0.0,,1.79638888888889,1.0,0.0,005331,SEDAN-PASS
045133,45134.6035648148,45019.4168055556,25287.0,1101.0,1.0,,1160.0,26.6166666666667,180000.0,0.0,1.5
267245,44824.3883680556,0.0,0.0,0.0,0.0,TRAILER,,TRL-UTILITY,001984,30 NORTHLINE RD,
396476,45093.2943518519,0.0,4.0,0.0,1.0,GROUND,7.80666666666667,0.5,2100.0,000591,GM-MOWER
112500,45138.3162152778,44986.3011111111,31547.0,2487.0,7989.0,738.0,1160.0,15.4722222222222,220000.0,0.0,1.5
065165,45133.3287615741,44903.3036805556,7691.0,505.0,7689.0,503.0,1160.0,1.5,0.0,000525,PICKU-3/4T
396423,43370.3802314815,,583.0,0.0,0.0,GROUND,0.5,GM-MOWER,001984,30 NORTHLINE RD,GROUND-MOWER
158055,44812.2975231481,44942.4269444444,46604.0,1893.0,2.0,2.0,1160.0,61.7533333333333,250000.0,0.0,5.0
007013,44970.4511226852,44973.4851041667,178969.0,5741.0,640.0,2.0,464.0,60.3575,160000.0,0.0,1.5
378180,42104.3841782407,2.0,1.0,0.0,0.0,GROUND,1.0,,005988,150 BEECROFT RD,
347025,44991.6955902778,0.0,67.0,0.0,1.0,WINTERMAIN,0.0,2.0,21000.0,000520,WM-BLOW
205016,45121.4044675926,45113.5910763889,50570.0,2423.0,3867.0,232.0,1160.0,137.814166666667,250000.0,6250.0,6.0
346011,36839.4369212963,0.0,0.0,0.0,0.0,ATTACHMENT,0.5,ATT-SPRD,,,ATTACHMENT-SPREADER
001054,45135.4278819444,44957.5830555556,29636.0,1156.0,1.0,1.0,1160.0,3.64305555555556,160000.0,0.0,1.0
041366,45121.3412268519,44993.5673726852,29010.0,897.0,6186.0,189.0,1160.0,20.3111111111111,160000.0,4000.0,1.5
347015,44678.3779976852,0.0,963.0,0.0,0.0,WINTERMAIN,2.0,WM-BLOW,4847-1,251 ESTHER SHINER BLVD,WINTER-MAIN-SNOW BLOWER
050026,42079.5666666667,42067.4553472222,0.0,0.0,0.0,0.0,1160.0,1.5,4500.0,006723,PICKU-1/2T
270005,42720.3347569444,0.0,0.0,0.0,0.0,TRAILER,0.5,TRL-OFFICE,005154,545 COMMISSIONERS ST,TRAILER-OFFICE
050131,45125.4834490741,44973.4779513889,19673.0,927.0,6439.0,277.0,1160.0,0.00444444444444444,180000.0,4500.0,1.5
095204,45134.517650463,44960.5693981481,11741.0,74.0,11732.0,70.0,1160.0,49.1038888888889,160000.0,0.0,1.5
334009,45044.859837963,0.0,308.0,0.0,3.0,LIFTING,367.871666666667,2.0,1400.0,5464-1,
095122,45138.4277083333,45113.3499305556,115238.0,5801.0,5000.0,198.0,1160.0,,160000.0,0.0,1.5
378341,,0.0,6.0,0.0,6.0,GROUND,4.1175,1.0,2100.0,10010,GM-UT-CART
267155,45085.3343287037,0.0,0.0,0.0,0.0,TRAILER,112.453611111111,0.5,0.0,003896,TRL-UTILITY
250041,45119.2987847222,0.0,0.0,0.0,0.0,TRAILER,24.0,0.5,0.0,005449,TRL-VAN/TANK
267257,45090.4513078704,0.0,0.0,0.0,0.0,TRAILER,1.55111111111111,0.5,0.0,003688,TRL-UTILITY
050029,45138.4567939815,45072.4371643519,24436.0,1650.0,6175.0,445.0,1160.0,34.0672222222222,180000.0,0.0,1.5
161017,45127.442974537,45132.5533796296,67140.0,2789.0,100.0,311.0,1160.0,218.051944444444,250000.0,0.0,3.0
323110,45069.5968402778,44881.3839583333,0.0,793.0,0.0,300.0,1160.0,8.0,12600.0,004426,CON-ART-LOAD
318026,44996.4403356481,44964.4603703704,0.0,1003.0,0.0,85.0,1160.0,54.6769444444444,0.0,3500.0,0.5
045092,45127.4049768519,44981.5752083333,47982.0,974.0,3450.0,2.0,1160.0,72.5777777777778,180000.0,0.0,
204021,,45089.6719675926,26139.0,992.0,291.0,33.0,1160.0,477.69,220000.0,9000.0,4.0
379057,0.0,0.0,0.0,0.0,GROUND,8.0,GM-UT-CART,,,,379CLUBEL14
305010,0.0,0.0,0.0,0.0,ATTACHMENT,10.0,ATT-SPRD,ATTACHMENT-SPREADER,235 EDENBRIDGE DR,,305REDEXNA08
112456,45138.2872685185,45036.4109953704,42215.0,2230.0,11347.0,5.0,1160.0,49.7069444444444,220000.0,0.0,1.5
294054,45050.3516319444,45113.3579861111,0.0,851.0,0.0,14.0,1160.0,13.5213888888889,0.0,,1.0
396493,45138.5711921296,45104.2639467593,0.0,1851.0,0.0,237.0,1160.0,22.0727777777778,0.0,4200.0,0.5
330191,45126.5579513889,45132.3520138889,0.0,487.0,0.0,170.0,1160.0,120.577777777778,0.0,2100.0,4.0
001135,45127.7201273148,44953.322037037,29937.0,1355.0,3414.0,149.0,1160.0,2.19194444444444,160000.0,0.0,1.0
114036,45119.4568981481,45076.4531944444,53052.0,3719.0,5000.0,240.0,1160.0,31.9586111111111,220000.0,,1.5
135185,45134.4059027778,45079.476412037,28070.0,1627.0,5004.0,304.0,1160.0,53.0644444444444,220000.0,5500.0,3.0
396362,45135.4158449074,43445.3381597222,0.0,1145.0,0.0,95.0,1160.0,0.5,7000.0,005109,GM-MOWER
074012,44924.3119907407,44937.592037037,72545.0,1210.0,165.0,16.0,1160.0,1105.79111111111,220000.0,0.0,1.5
1173-511,44692.4000810185,,0.0,0.0,0.0,TRAILER,0.0,0.5,0.0,005495,TRL-UTILITY
001115,45119.3510532407,45124.4874189815,28136.0,913.0,4789.0,1.0,1160.0,33.7736111111111,160000.0,0.0,1.0
396457,45093.2832175926,43650.3884143519,0.0,1736.0,0.0,0.0,1160.0,0.5,5600.0,003763,GM-MOWER
204026,45128.3515972222,45132.5446990741,75831.0,3655.0,10502.0,726.0,1160.0,100.0775,250000.0,10000.0,8.25
396261,44767.5499652778,,0.0,1153.0,0.0,1.0,1160.0,21.1316666666667,0.0,2100.0,0.5
001114,45137.5431944444,45111.5147800926,96065.0,739.0,6888.0,2.0,1160.0,66.3811111111111,160000.0,0.0,1.0
042013,45132.3308217593,45117.329837963,22223.0,1887.0,1625.0,123.0,1160.0,31.0797222222222,180000.0,4500.0,1.5
095210,45133.3650462963,45076.4852777778,2606.0,8.0,2318.0,2.0,1160.0,40.8255555555556,160000.0,0.0,1.5
063058,45126.2844444444,45127.3165162037,69884.0,2841.0,2843.0,263.0,1160.0,34.6425,220000.0,0.0,1.5
250059,0.0,0.0,0.0,0.0,TRAILER,10.0,TRL-VAN/TANK,TRAILER-VAN/TANKER ALUMINUM,FLEET MAINTENANCE HAULAGE,,250TITANA23A
323096,45134.5340277778,45036.5894560185,0.0,10895.0,0.0,994.0,1160.0,20.0794444444444,0.0,17400.0,8.0
003346,45036.5436111111,2.0,0.0,2.0,0.0,CLASS1,7.87888888888889,1.0,0.0,005763,SEDAN-PASS
396482,45112.3099652778,44788.7551851852,0.0,935.0,0.0,204.0,1160.0,0.5,2100.0,,
288004,41312.5726273148,45037.2743981481,0.0,10.0,0.0,1.0,1160.0,64.2988888888889,0.0,700.0,0.75
395038,45138.4284837963,0.0,2138.0,0.0,172.0,GROUND,0.5,GM-MOWER,006155,2481 BIRCHMOUNT RD,GROUND-MOWER
067022,44973.5645138889,44930.8298032407,83984.0,3709.0,2186.0,88.0,648.0,0.0,220000.0,0.0,1.5
274020,0.0,0.0,0.0,0.0,APPARATUS,12.0,APP-ARR-BD,APPARUTUS ARROW BOARD,,,274VERMNA19
080047,45091.4060416667,45042.3124189815,206826.0,0.0,5818.0,0.0,1160.0,131.03,220000.0,5500.0,4.0
067109,45133.4275347222,44986.4602777778,1609.0,420.0,1590.0,401.0,880.0,,220000.0,0.0,1.5
318015,,45048.428587963,0.0,1075.0,0.0,71.0,1160.0,217.542222222222,0.0,2100.0,0.5
396492,,44670.4023032407,0.0,1798.0,0.0,,1160.0,0.5,4200.0,004847,GM-MOWER
378206,43781.5182407407,43118.4530208333,1338.0,405.0,0.0,0.0,1160.0,1.0,2100.0,003698,GM-UT-CART
045027,45111.2999189815,44960.5599074074,86168.0,3543.0,3207.0,1.0,1160.0,50.9844444444444,180000.0,0.0,1.5
269014,44799.3953819444,,0.0,0.0,0.0,APPARATUS,0.5,APP-ARR-BD,005495,1401 CASTLEFIELD AVE,APPARUTUS ARROW BOARD
041248,45134.3781018518,45051.4932291667,60464.0,32.0,7989.0,5.0,1160.0,11.5394444444444,160000.0,4000.0,1.5
396427,45072.4614351852,42278.2846875,0.0,824.0,0.0,300.0,1160.0,0.5,2100.0,001984,GM-MOWER
041221,45137.6616550926,45005.3367013889,110635.0,5316.0,9935.0,49.0,1160.0,20.855,160000.0,4000.0,1.5
396321,44826.5705787037,44683.4764467593,0.0,2568.0,0.0,0.0,1160.0,0.5,7000.0,004847,GM-MOWER
267253,45135.7139467593,0.0,0.0,0.0,0.0,TRAILER,8.0,0.5,0.0,004426,TRL-UTILITY
041288,45138.3778587963,45042.3457407407,54801.0,337.0,5553.0,2.0,1160.0,24.8730555555556,160000.0,4000.0,1.5
127010,45127.2523958333,44978.5428009259,66736.0,3367.0,5063.0,283.0,1160.0,35.8369444444444,220000.0,0.0,1.5
051022,45137.2661921296,45104.3213657407,36989.0,4220.0,6.0,1099.0,1160.0,61.0230555555556,180000.0,4500.0,1.5
045200,45118.4409606481,45104.5549189815,6965.0,302.0,3088.0,133.0,1160.0,0.00222222222222222,180000.0,0.0,1.5
322339,36872.4167824074,0.0,0.0,0.0,0.0,TRAILER,0.5,TRL-VAN/TANK,,,TRAILER-VAN/TANKER ALUMINUM
396380,45138.3934490741,44119.3037731481,0.0,4150.0,0.0,350.0,1160.0,0.5,7000.0,004847,GM-MOWER
206074,44859.0071064815,44866.2753240741,358226.0,2511.0,0.0,0.0,1160.0,5.0,10000.0,005449,TRUCK-TRACT
236278,43830.0,45103.5857060185,76295.0,8408.0,8143.0,861.0,1160.0,154.101388888889,250000.0,10000.0,8.0
095135,44883.4466203704,45098.3328703704,88895.0,4530.0,3.0,3.0,1160.0,266.070555555556,160000.0,0.0,1.5
267003,,0.0,0.0,0.0,0.0,TRAILER,0.5,TRL-UTILITY,003681,891 MORNINGSIDE AVE,
208012,45132.5908912037,45131.5209375,24887.0,2076.0,4469.0,304.0,1160.0,140.208055555556,220000.0,5500.0,4.0
236308,43830.0,45135.3320486111,73399.0,9782.0,9329.0,1202.0,1160.0,55.0033333333333,250000.0,10000.0,8.0
319237,44985.176875,45062.4438888889,0.0,190.0,0.0,184.0,1160.0,184.831666666667,0.0,3500.0,2.0
045097,45113.3205208333,45125.35625,83165.0,1772.0,4625.0,1.0,1160.0,43.3186111111111,180000.0,0.0,1.5
156105,45134.4615625,45104.3425231481,114984.0,4467.0,4149.0,478.0,1160.0,143.898333333333,,0.0,4.0
041388,45118.2552430556,45118.5556018519,28735.0,2933.0,1584.0,492.0,1160.0,98.2977777777778,160000.0,4000.0,1.5
299001,43245.451875,0.0,124.0,0.0,0.0,APPARATUS,1.0,APP-VAC-EXC,,,APPARUTUS-TRAILER MOUNTED VACC
045046,45119.6009259259,45127.3307523148,75330.0,1645.0,6200.0,7.0,1160.0,330.68,180000.0,0.0,1.5
041258,45138.405787037,45040.4806712963,29085.0,1140.0,3657.0,1.0,1160.0,1.92416666666667,160000.0,4000.0,1.5
378355,44862.2846064815,0.0,14.0,0.0,8.0,GROUND,1.0,GM-UT-CART,005154,545 COMMISSIONERS ST,GROUND-UTILITY CARTS
319066,45036.4308101852,45036.4604166667,0.0,2149.0,0.0,20.0,1160.0,147.807222222222,0.0,3500.0,0.5
236320,,20708.0,1259.0,5007.0,307.0,CLASS8,215.650833333333,8.0,10000.0,3892-2,TRUCK-RLOAD
065093,45065.3499652778,45112.3936689815,92996.0,1364.0,5300.0,2.0,1160.0,115.434166666667,220000.0,0.0,1.5
041399,45137.7606828704,45093.7410185185,115445.0,7879.0,25203.0,1455.0,1160.0,220.351111111111,160000.0,,1.5
112381,45132.2786574074,45132.2680555556,207627.0,411.0,7079.0,5.0,1160.0,300.657777777778,220000.0,0.0,1.5
378183,43434.6222222222,43776.3215393519,2134.0,993.0,0.0,0.0,1160.0,1.0,2800.0,005043,GM-UT-CART
077010,44662.3272916667,11795.0,0.0,0.0,0.0,CLASS5,4.0,TRUCK- UTILI,,,
041432,45133.5221296296,45054.4648842593,3808.0,,3664.0,144.0,1160.0,69.9147222222222,160000.0,4000.0,1.5
330154,44005.3905902778,44356.3619444444,0.0,44.0,0.0,0.0,1160.0,4.0,2100.0,005513,ROAD-LIT-VAC
333027,0.0,0.0,,0.0,CONSTRUCT,12.0,,CONSTRUCT-CRAWLER LOADER,1901 TESTON RD,,333CATDI23
391332,38356.3663888889,0.0,0.0,0.0,0.0,TRAILER,0.5,TRL-UTILITY,,,
154063,45133.3403009259,45098.5709606481,80996.0,3930.0,7232.0,2.0,1160.0,124.628888888889,,5500.0,6.0
007017,44439.0959606481,44439.9630208333,102919.0,2159.0,0.0,0.0,1160.0,1.5,,,SEDAN-PASS
290002,42109.5678240741,45093.5894675926,0.0,749.0,0.0,0.0,1160.0,17.8527777777778,0.0,1400.0,1.0
319193,44578.2482407407,45092.3928935185,0.0,88.0,0.0,4.0,1160.0,391.358055555556,0.0,3500.0,2.0
205020,45138.4248263889,45138.6046064815,349192.0,3682.0,15980.0,613.0,1160.0,-1,250000.0,6250.0,6.0
250053,45114.2500462963,,0.0,0.0,0.0,TRAILER,49.0411111111111,0.5,0.0,51020,TRL-VAN/TANK
378243,43781.5064583333,44946.4136574074,6065.0,553.0,1.0,1.0,1160.0,544.887777777778,0.0,2100.0,1.0
067057,45117.5472222222,45121.5191435185,33915.0,2078.0,5139.0,6.0,1160.0,290.939166666667,220000.0,0.0,1.5
206083,45135.0777893519,,202886.0,6997.0,14687.0,636.0,1160.0,104.0,400000.0,10000.0,5.0
267158,,0.0,0.0,0.0,0.0,TRAILER,0.5,TRL-UTILITY,004426,1026 FINCH AVE W,
322057,45106.6887731481,0.0,478.0,0.0,2.0,CONSTRUCT,39.8147222222222,4.0,6300.0,005154,CON-SKD-STR
045083,45131.7458680556,45114.5489699074,113629.0,4325.0,1280.0,304.0,1160.0,93.9347222222222,180000.0,0.0,1.5
064123,45111.4570486111,45048.3988078704,58279.0,2012.0,1303.0,102.0,1160.0,5.74527777777778,220000.0,0.0,1.5
270003,44593.5153587963,0.0,0.0,0.0,0.0,TRAILER,0.5,TRL-OFFICE,005671,21 FISHLEIGH DR,TRAILER-OFFICE
112466,45100.322962963,45099.313587963,29048.0,1973.0,3677.0,240.0,1160.0,62.1758333333333,220000.0,0.0,1.5
076046,,45071.2664699074,50875.0,4071.0,2017.0,2.0,1160.0,95.8277777777778,220000.0,0.0,1.5
378301,44930.419525463,12.0,12.0,2.0,2.0,GROUND,5.18138888888889,1.0,2100.0,0582-1,GM-UT-CART
250065,0.0,0.0,0.0,0.0,TRAILER,10.0,TRL-VAN/TANK,TRAILER-VAN/TANKER ALUMINUM,FLEET MAINTENANCE HAULAGE,,250TITANA23
379050,0.0,0.0,0.0,0.0,GROUND,8.0,GM-UT-CART,,,,379CLUBEL11
330144,45138.5410416667,45002.4864699074,0.0,1817.0,0.0,17.0,1160.0,8.72694444444445,0.0,2100.0,4.0
045190,45131.3412152778,45114.4612847222,16176.0,1980.0,4370.0,690.0,1160.0,29.2244444444444,180000.0,0.0,1.5
075017,45135.3596990741,45075.3488657407,21113.0,1191.0,5436.0,343.0,1160.0,214.942777777778,220000.0,0.0,1.5
396576,45114.7643171296,0.0,0.0,0.0,0.0,GROUND,26.4213888888889,0.5,2100.0,10010,GM-MOWER
189018,45138.3990393519,45135.4638773148,31898.0,1579.0,1060.0,54.0,1160.0,111.539444444444,250000.0,10000.0,5.5
004129,,0.0,32.0,0.0,1.0,APPARATUS,123.153333333333,1.0,700.0,,APP-COMPRRESS
078013,45107.3266435185,45086.3764583333,26474.0,531.0,3035.0,99.0,1160.0,82.4305555555556,220000.0,5500.0,4.0
074021,45000.6568634259,45005.4656597222,19381.0,1785.0,3721.0,302.0,1160.0,30.0944444444444,220000.0,0.0,1.5
267235,45064.343125,0.0,0.0,0.0,0.0,TRAILER,28.9769444444444,0.5,0.0,002426,TRL-UTILITY
049002,,44949.4245949074,86094.0,2872.0,1.0,1.0,1160.0,-1,180000.0,0.0,1.5
065192,45132.3098842593,45021.287037037,5093.0,18.0,4199.0,6.0,1160.0,9.75138888888889,220000.0,0.0,1.5
329052,45138.6027083333,0.0,307.0,0.0,3.0,LIFTING,200.0225,2.0,4900.0,004426,LIFT-FRKLFT
379065,0.0,0.0,0.0,0.0,GROUND,8.0,GM-BIKE,GROUNT-CARGO-BIKE,,,379CUSHEL13
396442,42935.4174768518,0.0,21.0,0.0,0.0,GROUND,0.5,GM-MOWER,002522,919 SCARLETT RD,GROUND-MOWER
378285,43039.2851851852,0.0,3.0,0.0,0.0,GROUND,1.0,GM-UT-CART,003893,451 BRIMLEY RD,
267020,44845.4299305556,0.0,0.0,0.0,0.0,TRAILER,0.5,TRL-UTILITY,000829,131 RIVER ST,
812017,44249.3340509259,0.0,0.0,0.0,0.0,GROUND,0.5,GM-TRACT,,,GROUNT-TRACTOR
270008,41955.7169791667,0.0,0.0,0.0,0.0,TRAILER,0.5,TRL-OFFICE,005154,545 COMMISSIONERS ST,TRAILER-OFFICE
155023,45138.525474537,45085.5651736111,21633.0,1659.0,3522.0,301.0,1160.0,,,0.0,4.0
156115,45138.4452662037,45055.3404861111,88500.0,1309.0,5218.0,5.0,1160.0,173.556388888889,220000.0,5500.0,6.0
322090,45054.3845949074,44838.514837963,0.0,1862.0,0.0,327.0,1160.0,0.0,,7000.0,8.0
111084,45138.2964467593,45077.3796990741,41312.0,1429.0,6263.0,213.0,1160.0,84.5361111111111,180000.0,0.0,1.5
080102,45134.3254513889,45048.3299652778,63347.0,4189.0,6320.0,442.0,1160.0,339.933055555556,220000.0,5500.0,4.0
076070,45126.5015393519,,74654.0,1643.0,11240.0,710.0,1160.0,94.1566666666667,220000.0,0.0,1.5
020029,45131.5611111111,45056.6077083333,25108.0,1483.0,2382.0,113.0,1160.0,0.5275,160000.0,,1.0
041145,45135.6686921296,44992.3477662037,77411.0,1286.0,2.0,2.0,1160.0,7.42138888888889,160000.0,4000.0,1.5
041238,45128.3881712963,44713.3489699074,26262.0,3048.0,3244.0,,1160.0,1.5,4000.0,005154,SEDAN-PASS
156204,45121.3075115741,45058.4095949074,15767.0,1095.0,3353.0,301.0,1160.0,161.567222222222,220000.0,0.0,4.0
285023,40664.317349537,0.0,0.0,0.0,0.0,APPARATUS,1.0,APP-COMPRRESS,,,APPARUTUS-COMPRESSOR
156192,45131.3513541667,45106.3740277778,18888.0,1287.0,3200.0,1.0,1160.0,159.834444444444,220000.0,5500.0,4.0
396475,45106.3045486111,44393.2859953704,0.0,756.0,0.0,10.0,1160.0,0.5,3500.0,004190,GM-MOWER
395043,45138.4953125,0.0,1865.0,0.0,154.0,GROUND,0.5,GM-MOWER,005043,781 VICTORIA PARK AVE,GROUND-MOWER
067041,,43404.2906134259,0.0,0.0,0.0,0.0,1160.0,1.5,0.0,,PICKU-3/4T
323059,45001.3439351852,44909.5842824074,0.0,1580.0,0.0,25.0,1160.0,8.0,9800.0,004447,CON-ART-LOAD
044089,45138.4460416667,45091.327650463,36032.0,1755.0,1040.0,3.0,1160.0,97.3025,180000.0,0.0,1.5
206087,45126.4518634259,45131.2657175926,78867.0,1620.0,16483.0,502.0,1160.0,68.0227777777778,400000.0,10000.0,5.0
041266,45133.7674537037,44890.4289236111,38544.0,1186.0,5918.0,0.0,1160.0,1.5,4000.0,004793,SEDAN-PASS
324024,45128.3256828704,45112.4365509259,0.0,2633.0,0.0,208.0,1160.0,123.524444444444,0.0,7000.0,4.0
267262,44893.4361689815,0.0,0.0,0.0,0.0,TRAILER,0.5,TRL-UTILITY,000520,433 EASTERN AVE,
050120,45133.6059490741,,18524.0,1436.0,5002.0,302.0,1160.0,,180000.0,0.0,1.5
158031,43861.5247106481,44221.3840972222,37078.0,0.0,0.0,0.0,1160.0,5.0,6250.0,4847-1,TRUCK-DUMP
112491,45133.6231134259,45118.4233449074,18794.0,1156.0,5.0,1.0,1160.0,45.5077777777778,220000.0,0.0,1.5
223045,45137.3127893519,44963.392025463,33288.0,2822.0,1294.0,1.0,1160.0,150.591388888889,220000.0,5500.0,8.0
043267,45107.496400463,45014.4828472222,43062.0,2660.0,4.0,1.0,1160.0,10.0027777777778,180000.0,0.0,
267005,45012.3296990741,0.0,0.0,0.0,0.0,TRAILER,88.0,0.5,0.0,005154,TRL-UTILITY
315106,45121.5439583333,45125.8563078704,0.0,1899.0,0.0,316.0,1160.0,490.332222222222,220000.0,12000.0,8.0
094101,45100.4082291667,45041.6067361111,9965.0,340.0,1.0,1.0,1160.0,0.0025,160000.0,4000.0,1.0
156194,45134.4479282407,45119.8458912037,28910.0,1613.0,4239.0,62.0,1160.0,354.286388888889,220000.0,5500.0,5.0
041056,45029.7514236111,44964.4761805556,95992.0,0.0,3605.0,0.0,800.0,12.5716666666667,160000.0,4000.0,1.5
156186,,45113.4909490741,30530.0,3333.0,4604.0,567.0,1160.0,115.713611111111,220000.0,0.0,4.0
378339,45049.2637037037,0.0,9.0,0.0,7.0,GROUND,2.68833333333333,1.0,2100.0,003896,GM-UT-CART
067052,45135.4836342593,45104.3976388889,90995.0,6004.0,8648.0,534.0,1160.0,,220000.0,0.0,
113083,0.0,0.0,,0.0,CLASS2,10.0,VAN-3/4T,VAN - 3/4 TON,18 DYAS RD,,112FORDUN23B
065098,45126.4066550926,44938.415462963,79572.0,812.0,4100.0,390.0,1160.0,102.028888888889,220000.0,0.0,1.5
194024,45138.3038773148,45064.2853935185,30439.0,1217.0,5975.0,16.0,1160.0,37.1508333333333,250000.0,10000.0,3.0
065151,45076.450625,44988.5075810185,6797.0,362.0,2237.0,135.0,1160.0,23.8819444444444,220000.0,0.0,1.5
044053,45108.4290972222,,101727.0,4268.0,5141.0,413.0,1160.0,203.183055555556,180000.0,0.0,1.5
382012,0.0,0.0,0.0,GROUND,8.0,EASTERN GARAGE,382ARGOUN23,"2023 ARGO AURORA 800, 8X8 AMPHIBIOUS XTV",,,STANDARD
111046,45093.5309722222,44812.5301041667,84572.0,0.0,2455.0,0.0,1160.0,1.5,0.0,005907,VAN-1/2T
267160,45076.4769097222,0.0,0.0,0.0,0.0,TRAILER,40.5958333333333,,,,TRL-UTILITY
237197,43830.0,45127.8799652778,75505.0,7537.0,4040.0,493.0,1160.0,512.725555555556,250000.0,6250.0,8.0
376065,0.0,0.0,0.0,0.0,ICEMAIN,10.0,ICE-RESURF,ICE-MAIN-RESURFACER,,,376ZAMBUN10
050106,45120.4509143519,45104.5581481481,27053.0,1596.0,4036.0,216.0,1160.0,,180000.0,0.0,1.5
157037,45131.2966203704,45082.3736342593,52053.0,3412.0,2137.0,180.0,1160.0,53.2180555555556,,5500.0,6.0
378360,45082.3584490741,44973.5468287037,0.0,56.0,0.0,56.0,800.0,58.8761111111111,0.0,2100.0,1.0
074029,45000.2256018519,45085.5678240741,13109.0,767.0,612.0,76.0,1160.0,118.502777777778,220000.0,0.0,1.5
161020,41922.4211574074,41362.4822337963,0.0,0.0,0.0,0.0,1160.0,3.0,0.0,,
065138,45135.4028819444,44894.5379976852,56034.0,3687.0,8942.0,301.0,1160.0,1.5,8000.0,006217,PICKU-3/4T
077024,45134.3645717593,45134.6337615741,27191.0,1373.0,2608.0,115.0,1160.0,65.8005555555556,220000.0,0.0,1.5
045077,45120.6560300926,45112.7642824074,102136.0,4690.0,4696.0,358.0,1160.0,,180000.0,0.0,1.5
319150,44986.3725231482,43892.9826041667,0.0,1556.0,0.0,256.0,1160.0,0.5,9800.0,,GM-TRACT
077022,45097.6535763889,45107.3426041667,59940.0,2885.0,3712.0,2.0,1160.0,137.364722222222,220000.0,0.0,1.5
268011,44866.3104861111,852.0,0.0,0.0,0.0,TRAILER,0.5,TRL-DMP-VTA,005154,545 COMMISSIONERS ST,
324032,45117.3422106481,45006.3671180556,0.0,306.0,0.0,131.0,1160.0,86.3269444444445,0.0,7000.0,4.0
001102,44966.5473726852,44953.3064699074,29100.0,1341.0,1.0,1.0,1160.0,3.9775,160000.0,0.0,1.0
114041,45107.5279282407,45111.3256018519,127063.0,4533.0,4542.0,353.0,1160.0,711.054444444444,220000.0,0.0,1.5
329057,45008.368912037,0.0,210.0,0.0,80.0,LIFTING,4.00833333333333,2.0,700.0,005386,LIFT-FRKLFT
285053,44104.3771412037,0.0,0.0,0.0,0.0,APPARATUS,1.0,APP-COMPRRESS,003892,1050 ELLESMERE RD,
003139,45127.3729861111,45106.5899652778,39594.0,84.0,2152.0,3.0,1160.0,80.4280555555556,160000.0,0.0,1.0
237149,44936.6210763889,45125.5553356481,29228.0,4529.0,198.0,49.0,1160.0,210.243611111111,250000.0,6250.0,8.0
001108,45134.4706481481,44734.4966898148,31283.0,1467.0,5.0,1.0,1160.0,1.0,0.0,003892,SEDAN-PASS
317019,0.0,0.0,0.0,0.0,FACILITY,14.0,FM-FL-SCR,FACILITY-FLOOR SCRUBBER,,,317ADVAEL16
194037,45138.3950462963,45118.477337963,46280.0,,8174.0,579.0,1160.0,257.110555555556,250000.0,0.0,3.0
041198,45133.5660300926,44945.3413657407,45579.0,2710.0,,520.0,1160.0,24.2122222222222,160000.0,4000.0,1.5
187027,45093.5162962963,45086.5231828704,31453.0,1939.0,934.0,201.0,1160.0,330.061111111111,250000.0,6250.0,5.0
067105,45123.7561111111,44979.3511574074,6000.0,228.0,6000.0,228.0,976.0,25.9186111111111,220000.0,0.0,1.5
003199,44910.5454861111,,79406.0,247.0,3.0,3.0,1160.0,117.879166666667,160000.0,0.0,1.0
041244,45138.3452199074,45029.6399305556,46059.0,662.0,9065.0,301.0,1160.0,121.785833333333,160000.0,4000.0,1.5
293008,45117.3892592593,0.0,0.0,0.0,0.0,APPARATUS,32.9263888888889,2.0,3500.0,006217,APP-THAW-MACH
050130,45114.5515625,45064.3151967593,41263.0,1988.0,4048.0,335.0,1160.0,99.6513888888889,180000.0,4500.0,1.5
076027,45134.4590277778,45128.4559259259,80094.0,3226.0,7367.0,83.0,1160.0,6.09666666666667,220000.0,0.0,1.5
159037,44985.5546643519,45084.5572106481,35518.0,2738.0,400.0,40.0,1160.0,219.863611111111,250000.0,0.0,5.0
188042,45134.5807407407,45133.2803587963,96287.0,2304.0,1211.0,172.0,1160.0,755.040555555556,250000.0,6250.0,5.0
050013,45131.3225231481,45118.3343287037,138927.0,7567.0,4730.0,4.0,1160.0,137.895,180000.0,4500.0,1.5
223093,,45131.395775463,108050.0,6418.0,10429.0,,1160.0,803.828611111111,250000.0,6250.0,8.0
041215,45135.5001851852,45057.7634606482,57513.0,1063.0,3639.0,2.0,1160.0,46.3538888888889,160000.0,4000.0,1.5
045169,45132.5681018519,45096.2937731482,36761.0,2477.0,5436.0,373.0,1160.0,,180000.0,0.0,1.5
322100,45100.2897800926,44938.443125,0.0,47.0,0.0,47.0,992.0,101.365,0.0,7000.0,8.0
112287,45133.5689351852,44993.3312152778,81999.0,3197.0,4295.0,153.0,1160.0,16.7922222222222,220000.0,0.0,1.5
041229,45125.7120138889,45040.4485648148,25495.0,317.0,2586.0,301.0,1160.0,2.69638888888889,160000.0,4000.0,1.5
051011,45129.6286226852,45097.3678009259,46114.0,4203.0,511.0,1.0,1160.0,6.40833333333333,180000.0,4500.0,1.5
073094,44560.5914930556,44568.5766550926,62345.0,3814.0,0.0,0.0,1160.0,1.5,0.0,000520,PICKU-1TON
041261,45135.5443402778,45135.3638194444,50791.0,690.0,5969.0,626.0,1160.0,6.82972222222222,160000.0,4000.0,1.5
376004,40577.5,41544.4630324074,1330.0,0.0,0.0,0.0,1160.0,3.0,4900.0,005381,ICE-RESURF
323130,,0.0,13.0,0.0,13.0,CONSTRUCT,57.1247222222222,8.0,4200.0,5381-1,CON-ART-LOAD
396530,45124.2961111111,44036.6068981482,0.0,414.0,0.0,148.0,1160.0,0.5,2100.0,003688,GM-MOWER
327006,,45138.3087615741,0.0,81.0,0.0,37.0,1160.0,8.0,0.0,2100.0,4.0
156107,45125.5518171296,45092.5645138889,36872.0,1118.0,1318.0,35.0,1160.0,23.2677777777778,220000.0,0.0,4.0
396379,45134.2836458333,44622.389537037,0.0,3374.0,0.0,141.0,1160.0,0.5,7000.0,005513,GM-MOWER
CLAW29,44963.4145023148,0.0,0.0,0.0,0.0,ATTACHMENT,78.0519444444444,0.5,0.0,002990,ATT-CLW-BUC
112282,44865.4453240741,45064.348275463,55040.0,1482.0,4.0,4.0,1160.0,45.0758333333333,220000.0,0.0,1.5
041342,45131.7911226852,,32478.0,1545.0,3400.0,241.0,1160.0,6.88805555555556,160000.0,4000.0,1.5
001062,45138.4800231481,45106.8558449074,80916.0,3036.0,12194.0,302.0,1160.0,71.4152777777778,160000.0,0.0,1.0
146006,42429.5275694444,26217.0,1.0,0.0,0.0,CLASS4,4.0,,,,BUS - PASSENGER
378234,45082.5511111111,43844.444212963,1040.0,5.0,69.0,0.0,1160.0,1.0,2100.0,005043,GM-UT-CART
267210,45014.465625,0.0,0.0,0.0,0.0,TRAILER,135.844722222222,0.5,0.0,004447,TRL-UTILITY
111094,45103.3539583333,45076.509837963,22957.0,307.0,2908.0,0.0,1160.0,27.7638888888889,180000.0,0.0,1.5
064083,44903.5040972222,44993.3430208333,102381.0,3377.0,1.0,1.0,464.0,103.7675,220000.0,0.0,1.5
378055,40829.3093171296,44788.4551273148,1060.0,386.0,0.0,0.0,1160.0,1.0,2100.0,004190,GM-UT-CART
323060,45131.8216087963,45055.5749421296,0.0,3974.0,0.0,253.0,1160.0,0.0761111111111111,0.0,12600.0,8.0
158064,45134.5436342593,45092.3460532407,26933.0,976.0,1571.0,75.0,1160.0,10.4475,250000.0,6250.0,5.5
379018,0.0,0.0,0.0,0.0,GROUND,8.0,GM-UT-CART,,,,379CLUBEL06
321005,45136.5736458333,45042.6579861111,0.0,434.0,0.0,380.0,1160.0,45.9841666666667,0.0,4900.0,8.0
294052,44853.3534143519,44882.5844791667,0.0,485.0,0.0,0.0,304.0,1.0,6300.0,004301,APP-BRUSH-CH
267089,45047.3184722222,0.0,0.0,0.0,0.0,TRAILER,144.007777777778,0.5,0.0,004847,TRL-UTILITY
076071,44357.305625,44361.4411805556,30112.0,1954.0,0.0,0.0,1160.0,1.5,0.0,,PICKU-1TON
318043,45027.3298958333,45015.3031712963,0.0,459.0,0.0,310.0,1160.0,8.21055555555555,0.0,3500.0,0.5
204032,44956.2843634259,45135.4108217593,12367.0,811.0,249.0,1.0,1160.0,7.9525,250000.0,6250.0,8.0
314006,43776.3025231482,44687.201412037,0.0,439.0,0.0,0.0,1160.0,4.0,2100.0,003681,CON-ASPH-RLR
376014,41526.3142476852,13.0,3.0,0.0,0.0,ICEMAIN,3.0,ICE-RESURF,0520-1,50 BOOTH AVE,ICE-MAIN-RESURFACER
156130,45131.5541435185,45138.5680902778,169883.0,6958.0,15420.0,3.0,,132.28,220000.0,0.0,4.0
188073,45135.4971643519,45071.5073842593,25946.0,2562.0,4520.0,630.0,1160.0,107.360833333333,250000.0,6250.0,
041181,45116.8522222222,45090.4697222222,26716.0,1136.0,718.0,49.0,1160.0,2.72666666666667,160000.0,4000.0,1.5
378218,43602.3606828704,44678.384212963,5387.0,39.0,0.0,0.0,1160.0,,700.0,0520-1,GM-UT-CART
095074,44232.5527199074,1.0,1.0,0.0,0.0,CLASS1,1.5,VAN-PASS,,,VAN - PASSENGER
296012A,44866.7456018518,0.0,0.0,0.0,0.0,TRAILER,0.5,TRL-UTILITY,003763,101 RIDGETOP RD,
111027,45034.7650115741,,128841.0,312.0,1443.0,0.0,1160.0,1.5,0.0,0520-1,VAN-1/2T
075014,44995.2338773148,45000.4371180556,23156.0,1477.0,3434.0,309.0,1160.0,38.7333333333333,220000.0,0.0,1.5
329053,45128.6140046296,0.0,3.0,0.0,0.0,LIFTING,1.26388888888889,2.0,7000.0,000579,
294024,40714.538125,45000.4018402778,0.0,112.0,0.0,1.0,1160.0,,0.0,6300.0,1.0
267237,45126.3936574074,0.0,0.0,0.0,0.0,TRAILER,73.9322222222222,0.5,0.0,002426,TRL-UTILITY
236322,,23915.0,964.0,6742.0,483.0,CLASS8,270.845555555556,8.0,10000.0,004869,TRUCK-RLOAD
050203,45121.3738888889,0.0,0.0,0.0,0.0,CLASS2,19.4427777777778,1.5,4500.0,003681,PICKU-1/2T
324023,42760.0,44805.405462963,0.0,394.0,0.0,0.0,1160.0,4.0,4900.0,005154,CON-SKD-STR
396488,43725.4638425926,43237.7035185185,0.0,299.0,0.0,0.0,1160.0,0.5,3500.0,005109,GM-MOWER
077027,45135.262337963,45089.5545717593,14050.0,357.0,9304.0,229.0,1160.0,187.779166666667,220000.0,0.0,1.5
396542,45096.2872685185,44616.4345023148,0.0,57.0,0.0,57.0,,0.5,2100.0,,GM-MOWER
323128,45133.4115162037,45048.8280324074,0.0,921.0,0.0,415.0,1160.0,76.5111111111111,0.0,12600.0,8.0
237226,43830.0,45134.7834259259,55182.0,7094.0,10611.0,959.0,1160.0,163.760833333333,250000.0,6250.0,8.0
067110,45085.3821875,45090.326875,12267.0,849.0,7718.0,515.0,1160.0,3.43083333333333,220000.0,0.0,1.5
112546,45114.4640856481,45076.342349537,0.0,0.0,0.0,0.0,136.0,0.0336111111111111,220000.0,0.0,1.5
001058,45134.5964930556,44993.2027777778,34975.0,1480.0,,1.0,1160.0,4.75083333333333,160000.0,0.0,1.0
250026,45112.2469560185,0.0,0.0,0.0,0.0,TRAILER,73.4427777777778,0.5,0.0,005603,TRL-VAN/TANK
396267,43066.5688657407,41835.4734837963,0.0,,0.0,0.0,1160.0,0.5,2800.0,,GM-MOWER
007044,45138.6915046296,45030.583900463,16318.0,660.0,15.0,7.0,1160.0,106.459444444444,160000.0,0.0,1.5
202044,45138.321875,45099.3013541667,2983.0,283.0,2983.0,283.0,944.0,313.475833333333,250000.0,10000.0,6.25
006334,43783.3768171296,5.0,0.0,0.0,0.0,ATTACHMENT,0.5,ATT-SNW-PLW,005559,320 BERING AVE,ATTACHMENT-SNOW PLOW
156157,45127.5563194444,44931.2992824074,31828.0,1998.0,3767.0,1.0,1160.0,12.0,220000.0,5500.0,6.0
065167,45130.5310185185,44939.3913541667,8608.0,603.0,8608.0,603.0,1088.0,86.6075,220000.0,0.0,1.5
067054,45120.3311805556,45135.3598148148,45685.0,1958.0,7522.0,3.0,1160.0,272.629444444444,220000.0,0.0,1.5
347028,44855.2690393518,0.0,30.0,0.0,0.0,WINTERMAIN,2.0,WM-BLOW,005559,320 BERING AVE,WINTER-MAIN-SNOW BLOWER
236316,43830.0,45124.4713425926,67772.0,6939.0,4446.0,723.0,1160.0,104.747777777778,250000.0,10000.0,8.0
347029,,44957.3383217593,0.0,365.0,0.0,2.0,1160.0,73.1,0.0,21000.0,2.0
294075,45040.5333217593,45006.3561226852,0.0,690.0,0.0,309.0,1160.0,40.5944444444444,0.0,6300.0,1.0
041430,45049.4961921296,45043.5379861111,1247.0,48.0,1133.0,44.0,1160.0,0.774166666666667,160000.0,4000.0,1.5
050097,45133.4378356481,45120.5232291667,12476.0,565.0,12340.0,550.0,1160.0,112.711111111111,180000.0,0.0,1.5
315086,45134.5212037037,45126.6242013889,0.0,2058.0,0.0,318.0,1160.0,451.886111111111,250000.0,9000.0,8.0
003241,45113.4590277778,45079.2918634259,41896.0,30.0,6507.0,2.0,1160.0,66.5219444444444,160000.0,0.0,
112267,45128.348900463,45126.4443518519,61885.0,2025.0,4464.0,258.0,1160.0,72.0519444444444,220000.0,0.0,1.5
378299,43312.2609027778,0.0,5.0,0.0,0.0,GROUND,1.0,GM-UT-CART,000579,130 THE QUEENSWAY,
003259,45034.480625,45076.4732175926,7208.0,326.0,2414.0,166.0,1160.0,60.5805555555556,160000.0,0.0,1.0
266043,44862.3872569444,0.0,0.0,0.0,0.0,TRAILER,0.5,TRL-UTILITY,005381,441 KIPLING AVE,
329056,45050.4987615741,0.0,75.0,0.0,0.0,LIFTING,0.0441666666666667,2.0,700.0,005386,LIFT-FRKLFT
041326,45133.5431018519,45100.5131018519,70204.0,3287.0,7827.0,364.0,1160.0,38.9008333333333,160000.0,4000.0,1.5
064102,45136.406712963,45044.4935300926,76881.0,1456.0,5159.0,155.0,1160.0,,220000.0,0.0,1.5
188037,45138.3238425926,45105.4902546296,61851.0,5576.0,1949.0,73.0,1160.0,83.8347222222222,250000.0,6250.0,5.0
067015,45086.5083796296,45076.4957291667,109728.0,4386.0,1550.0,74.0,1160.0,412.7725,220000.0,0.0,1.5
294049,44998.349849537,45090.4137962963,0.0,1372.0,0.0,179.0,1160.0,141.985555555556,0.0,9800.0,1.0
270019,45113.4396412037,0.0,0.0,0.0,0.0,TRAILER,228.465833333333,0.5,0.0,,TRL-OFFICE
065172,45138.4262037037,44945.5029976852,7879.0,36.0,7878.0,35.0,1112.0,10.0275,220000.0,0.0,1.5
003088,44895.4235185185,44946.571875,66809.0,0.0,1.0,0.0,304.0,26.275,160000.0,0.0,1.0
156117,45124.5036458333,45085.2973611111,98320.0,,7178.0,216.0,1160.0,40.8041666666667,220000.0,0.0,4.0
378207,44852.3640740741,44748.3215046296,8438.0,441.0,0.0,0.0,464.0,1.0,2100.0,000937,GM-UT-CART
064113,45118.5525115741,45076.3739814815,106853.0,2667.0,2304.0,112.0,1160.0,234.735,220000.0,0.0,1.5
323121,45134.5340277778,45133.2858101852,0.0,2973.0,0.0,,1160.0,527.551666666667,0.0,17400.0,8.0
156196,45131.5271296296,45070.2982523148,35323.0,2554.0,4301.0,301.0,1160.0,437.363611111111,220000.0,5500.0,5.0
041218,45126.5662847222,45034.5374768519,62738.0,3070.0,3236.0,301.0,1160.0,41.1830555555556,160000.0,4000.0,1.5
378336,45029.3151967593,44965.3299652778,0.0,9.0,0.0,9.0,920.0,32.0,0.0,2100.0,1.0
202037,45138.3195138889,45077.3466203704,18867.0,1021.0,1958.0,2.0,1160.0,356.221388888889,250000.0,10000.0,6.25
001110,44807.5945138889,44838.6029282407,15197.0,568.0,0.0,0.0,1160.0,1.0,0.0,006075,SEDAN-PASS
501001,42713.5948958333,44739.600775463,0.0,0.0,0.0,0.0,1160.0,0.5,1400.0,004426,ATT-GEN
378343,44833.2772337963,0.0,2.0,0.0,0.0,GROUND,1.0,GM-UT-CART,004793,149 ELMCREST RD,GROUND-UTILITY CARTS
330122,41102.5443865741,43763.5296064815,0.0,157.0,0.0,0.0,1160.0,4.0,2100.0,,ROAD-LIT-VAC
319175,45090.4455092593,45138.4381828704,0.0,1240.0,0.0,184.0,1160.0,123.224444444444,0.0,3500.0,2.0
285052,41908.4704513889,44232.4018634259,0.0,618.0,0.0,0.0,1160.0,1.0,4200.0,4301-1,APP-COMPRRESS
188047,45134.6903009259,45127.2541666667,95605.0,7882.0,5825.0,466.0,1160.0,272.068611111111,250000.0,6250.0,5.0
396096,43728.3365625,44950.5130439815,0.0,578.0,0.0,2.0,304.0,22.7847222222222,0.0,2800.0,0.5
396389,45126.3248611111,45037.4985069444,0.0,1947.0,0.0,237.0,1160.0,0.0727777777777778,0.0,7000.0,
373001,44831.5013888889,44770.4437268519,0.0,276.0,0.0,0.0,1160.0,8.0,21000.0,005495,WM-MELTER
250023,45127.4836342593,0.0,0.0,0.0,0.0,TRAILER,137.274444444444,0.5,0.0,005387,TRL-VAN/TANK
067064,45124.5591087963,45124.5243865741,61334.0,4159.0,6953.0,306.0,1160.0,205.043888888889,220000.0,0.0,1.5
007008,45104.4046875,44956.4965972222,99102.0,2160.0,1547.0,1.0,1160.0,44.0816666666667,160000.0,0.0,1.5
LF0040,,0.0,0.0,0.0,ATTACHMENT,10.0,ATT-LEAF-BOX,ATTACHMENT-LEAF BOX,61 TORYORK DR,,LEAFBOX
223065,44930.4004513889,44866.3211805556,138186.0,8718.0,85.0,0.0,304.0,,5500.0,,TRUCK-SLOAD
112332,45124.3361574074,44945.3856481481,83751.0,3269.0,1100.0,300.0,1160.0,767.722222222222,220000.0,0.0,1.5
396328,45134.2976967593,,0.0,2572.0,,246.0,1160.0,1.5,0.0,4200.0,0.5
064122,45009.4636226852,45056.7264236111,79110.0,2293.0,7408.0,4.0,800.0,100.516666666667,220000.0,0.0,1.5
317018,44225.5224652778,0.0,0.0,0.0,0.0,FACILITY,3.0,FM-FL-SCR,,,FACILITY-FLOOR SCRUBBER
048032,45049.3166782407,44875.3143981481,132935.0,0.0,3341.0,0.0,960.0,1.5,0.0,002426,PICKU-1/2T
075005,45127.5028356481,45040.2866203704,51970.0,4680.0,3599.0,398.0,1160.0,81.3983333333333,220000.0,0.0,1.5
112465,45120.3294675926,45127.3103703704,58722.0,3601.0,8233.0,550.0,1160.0,70.5594444444444,220000.0,0.0,1.5
376117,0.0,0.0,0.0,0.0,ICEMAIN,10.0,ICE-RESURF,ICE-MAIN-RESURFACER,230 GOSFORD BLVD,,376ZAMBNG18A
001085,45133.6190393519,45135.4662268519,43634.0,1446.0,7.0,0.0,1160.0,36.1513888888889,160000.0,0.0,1.0
009610,38758.5591435185,1.0,0.0,0.0,0.0,ATTACHMENT,0.5,ATT-CLW-BUC,,,ATTACHMENT-CLAW BUCKET
095207,45055.4166550926,45093.532037037,5319.0,6.0,5044.0,0.0,1160.0,100.691111111111,160000.0,0.0,1.5
074008,44939.3444328704,44991.486412037,61311.0,2846.0,191.0,30.0,800.0,104.834722222222,220000.0,0.0,1.5
195001,45125.4479976852,45132.7475,35121.0,1584.0,1726.0,105.0,1160.0,60.1769444444444,250000.0,6250.0,5.0
236261,45134.3000462963,45128.7408101852,88171.0,7033.0,1319.0,147.0,1160.0,,250000.0,10000.0,8.0
298016,41956.6754166667,44722.3261111111,0.0,259.0,0.0,0.0,1160.0,4.25,6300.0,4301-1,APP-LEAF-LD
111089,45118.5080439815,44981.4866319444,32648.0,504.0,5002.0,301.0,,6.82166666666667,180000.0,0.0,1.5
305002,42325.2910648148,0.0,0.0,0.0,0.0,ATTACHMENT,,ATT-SPRD,004447,140 BENTWORTH AVE,ATTACHMENT-SPREADER
LF0010,0.0,0.0,0.0,0.0,ATTACHMENT,10.0,ATT-LEAF-BOX,ATTACHMENT-LEAF BOX,61 TORYORK DR,,LEAFBOX
396511,45058.5917939815,43798.4433796296,0.0,223.0,0.0,221.0,1160.0,0.5,2100.0,004793,GM-MOWER
063094,45051.4756365741,,114197.0,6294.0,10463.0,5.0,1160.0,,220000.0,5500.0,1.5
156139,45085.3244791667,45097.304525463,104720.0,7104.0,1208.0,359.0,1160.0,,220000.0,5500.0,
045055,45134.8341203704,45112.3462152778,130747.0,793.0,11019.0,90.0,1160.0,60.0605555555556,180000.0,0.0,1.5
064182,44999.5726967593,45118.333900463,7047.0,249.0,618.0,21.0,1160.0,99.1738888888889,220000.0,0.0,1.5
378251,45044.3791550926,0.0,766.0,0.0,3.0,GROUND,696.228888888889,1.0,4200.0,0582-1,GM-UT-CART
305005,0.0,0.0,0.0,0.0,ATTACHMENT,10.0,ATT-SPRD,ATTACHMENT-SPREADER,140 BENTWORTH AVE,,305REDEXNA08
063089,45138.2672453704,45117.2717939815,123605.0,6906.0,17920.0,2.0,1160.0,78.0291666666667,220000.0,5500.0,1.5
050041,45127.6857523148,45055.4597800926,26695.0,1865.0,2745.0,212.0,1160.0,19.7491666666667,180000.0,,1.5
396494,45117.4626851852,43668.5306134259,0.0,408.0,0.0,405.0,1160.0,0.5,4200.0,004793,GM-MOWER
223083,45136.2435416667,45124.270462963,111114.0,9890.0,9182.0,853.0,,308.528333333333,250000.0,6250.0,8.0
222010,45098.3634490741,,0.0,152.0,0.0,CLASS8,8.0,TRUCK-RLOAD,,,TRUCK - REAR LOADER
396509,44393.3669791667,44538.3053819444,0.0,150.0,0.0,0.0,1160.0,0.5,2100.0,004847,
236305,43830.0,45132.3461921296,56375.0,8576.0,5444.0,836.0,1160.0,161.726111111111,250000.0,10000.0,8.0
319187,45083.5426041667,45015.3045717593,0.0,169.0,0.0,110.0,1160.0,-1,0.0,7000.0,0.5
266037,45076.561400463,0.0,0.0,0.0,0.0,TRAILER,58.5263888888889,0.5,0.0,000534,TRL-UTILITY
274028,0.0,0.0,0.0,0.0,APPARATUS,12.0,APP-ARR-BD,APPARUTUS ARROW BOARD,,,274VERMNA19
188030,45138.5693287037,45126.3454398148,80839.0,5823.0,3282.0,290.0,1160.0,338.863611111111,250000.0,6250.0,
157032,45048.5801388889,45072.460787037,38999.0,2438.0,168.0,3.0,1160.0,291.280277777778,250000.0,10000.0,5.5
322052,44953.3168518519,44932.3945601852,0.0,4736.0,0.0,11.0,304.0,37.6647222222222,0.0,7000.0,8.0
274013,44391.5602314815,0.0,0.0,0.0,0.0,APPARATUS,0.5,APP-ARR-BD,005559,320 BERING AVE,
135169,45133.3228125,45105.3276273148,32135.0,0.0,3643.0,0.0,1160.0,93.1561111111111,220000.0,0.0,1.5
250024,45071.4813773148,0.0,0.0,0.0,0.0,TRAILER,22.2908333333333,0.5,0.0,005449,TRL-VAN/TANK
379031,0.0,0.0,0.0,0.0,GROUND,8.0,,,,,379CLUBEL10
379052,0.0,0.0,0.0,0.0,GROUND,8.0,GM-UT-CART,,,,379CLUBEL13
003352,45036.5658564815,,0.0,2.0,0.0,CLASS1,5.44972222222222,,0.0,005763,SEDAN-PASS
077006,44006.3165972222,44910.5241203704,0.0,0.0,0.0,0.0,152.0,1.5,0.0,004426,PICKU-1TON
319240,45033.3881712963,0.0,3.0,0.0,3.0,GROUND,51.8063888888889,,7000.0,000579,GM-TRACT
003335,44851.2964467593,2.0,0.0,0.0,0.0,CLASS1,1.0,SEDAN-PASS,005649,51 BEECHGROVE DR,SEDAN - PASSENGER
080035,40232.3513888889,40651.3465393518,0.0,0.0,0.0,0.0,1160.0,4.0,5500.0,,TRUCK- UTILI
237211,43830.0,45135.758587963,57301.0,5941.0,5027.0,30.0,1160.0,330.073055555556,250000.0,6250.0,8.0
267209,44956.4699074074,0.0,0.0,0.0,0.0,TRAILER,8.91694444444444,0.5,0.0,001984,TRL-UTILITY
267095,45138.3073842593,0.0,0.0,0.0,0.0,TRAILER,148.423611111111,0.5,0.0,003896,TRL-UTILITY
319170,45138.456712963,45138.4115856482,0.0,925.0,0.0,59.0,1160.0,30.1219444444444,0.0,7000.0,0.5
223091,45138.2337384259,45126.2502546296,123463.0,11023.0,13101.0,1221.0,1160.0,516.355277777778,250000.0,6250.0,8.0
395050,,0.0,312.0,0.0,91.0,GROUND,0.5,GM-MOWER,002979,4200 YONGE ST,GROUND-MOWER
248007,0.0,0.0,0.0,TRAILER,10.0,FLEET MAINTENANCE HAULAGE,248TITANA23,2023 TRAILER DUMP VAN/TANKER ALUMINUM OPEN TOP 45-60 CUYD HEAVY FOUR AXLE WITH LIFT 10 YEAR,,,STANDARD
156170,45133.2959953704,45105.3758449074,41726.0,2746.0,3982.0,1.0,1160.0,107.708611111111,220000.0,0.0,4.0
202026,45103.3325810185,45107.3612847222,58180.0,7520.0,626.0,101.0,1160.0,220.616666666667,250000.0,10000.0,6.25
378316,43822.6045023148,0.0,3.0,0.0,0.0,GROUND,1.0,GM-UT-CART,005649,51 BEECHGROVE DR,
095087,45138.2978125,45089.294375,74446.0,1087.0,4497.0,1.0,1160.0,0.0,160000.0,0.0,1.5
293007,45133.2518634259,0.0,0.0,0.0,0.0,APPARATUS,8.20638888888889,2.0,3500.0,002426,APP-THAW-MACH
267006,45128.3845023148,0.0,0.0,0.0,0.0,TRAILER,24.695,0.5,0.0,4301-1,TRL-UTILITY
001111,45124.5437962963,45131.3605671296,13796.0,736.0,1930.0,0.0,1160.0,40.785,160000.0,0.0,1.0
322074,45133.4983333333,45119.3951388889,0.0,5686.0,,259.0,1160.0,427.018611111111,,7000.0,8.0
003106,44903.5291087963,44936.5997685185,52968.0,551.0,2.0,2.0,152.0,9.86444444444444,160000.0,0.0,1.0
396552,45134.5491087963,45065.2782986111,0.0,111.0,0.0,111.0,1160.0,8.0,0.0,2100.0,0.5
076074,,45119.320150463,19375.0,991.0,1558.0,81.0,1160.0,45.3686111111111,220000.0,0.0,1.5
045150,45131.4074189815,,33116.0,,4369.0,65.0,1160.0,71.8461111111111,180000.0,0.0,1.5
041224,45103.3943518518,,33387.0,655.0,4486.0,2.0,1160.0,17.7894444444444,160000.0,4000.0,1.5
045093,45135.4978703704,44897.4825231481,48366.0,923.0,1.0,1.0,1160.0,0.0,180000.0,0.0,1.5
329063,45100.5001273148,0.0,323.0,0.0,323.0,LIFTING,254.419722222222,2.0,700.0,004869,LIFT-FRKLFT
378197,,42398.3371527778,717.0,16.0,0.0,0.0,1160.0,1.0,2100.0,004301,GM-UT-CART
041352,45133.6382060185,45117.4422569444,18721.0,2009.0,2843.0,381.0,1160.0,14.6147222222222,160000.0,4000.0,1.5
095120,45134.5607986111,44917.2021296296,81726.0,23.0,9653.0,1.0,1160.0,1.09722222222222,160000.0,0.0,1.5
274006,44278.3375231481,0.0,0.0,0.0,0.0,APPARATUS,0.5,APP-ARR-BD,005559,320 BERING AVE,APPARUTUS ARROW BOARD
237244,45133.3861458333,29181.0,2833.0,5807.0,912.0,CLASS8,156.895,8.0,6250.0,3892-2,TRUCK-SLOAD
095159,45126.4286342593,45058.3769907407,28237.0,906.0,2162.0,36.0,1160.0,13.0888888888889,160000.0,4000.0,1.0
237268,45119.4365856481,10000.0,225.0,10000.0,225.0,CLASS8,60.3769444444444,8.0,6250.0,004869,TRUCK-SLOAD
077016,45125.3506018519,45135.4553703704,43436.0,0.0,1902.0,0.0,1160.0,62.0833333333333,220000.0,5500.0,1.5
041333,45125.5797453704,45056.2916782407,22619.0,1022.0,3699.0,240.0,1160.0,10.5466666666667,160000.0,4000.0,1.5
396515,43802.5482986111,0.0,2.0,0.0,0.0,GROUND,0.5,GM-MOWER,004847,247 ESTHER SHINER BLVD,GROUND-MOWER
095182,45121.4659259259,45103.6046527778,6508.0,329.0,1515.0,72.0,1160.0,104.064444444444,160000.0,0.0,1.5
041073,45135.2574768519,45047.3895833333,100332.0,0.0,6724.0,0.0,1160.0,6.34583333333333,160000.0,4000.0,1.5
WORK3183,39274.4673611111,39356.2784375,0.0,3452.0,0.0,0.0,1160.0,4.0,2100.0,,ROAD-LIT-VAC
020030,45126.4431597222,45097.5573032407,24323.0,2244.0,2044.0,277.0,1160.0,5.38055555555556,160000.0,0.0,
020027,45124.4519212963,45127.6133217593,43352.0,2481.0,3089.0,229.0,1160.0,1.94694444444444,160000.0,0.0,
294088,45028.4418402778,0.0,5.0,0.0,1.0,APPARATUS,8.21305555555556,1.0,9800.0,5109-1,APP-BRUSH-CH
047068,45135.3752083333,44810.4271064815,80201.0,,3636.0,1.0,1160.0,1.5,4500.0,005486,
330060,40410.5486111111,40416.2182291667,0.0,0.0,0.0,0.0,1160.0,4.0,2100.0,,ROAD-LIT-VAC
202035,45134.5265856481,45106.4113310185,24621.0,2246.0,1990.0,252.0,1160.0,,250000.0,10000.0,6.25
319232,44985.5466898148,45093.4437037037,0.0,202.0,0.0,92.0,1160.0,340.221111111111,0.0,3500.0,
378356,44973.3863541667,0.0,5.0,0.0,5.0,GROUND,5.83055555555556,1.0,2100.0,10010,GM-UT-CART
267082,44377.3309375,0.0,0.0,0.0,0.0,TRAILER,0.5,TRL-UTILITY,,4801 DUFFERIN ST,
176025,45096.3104513889,45079.4024768519,142659.0,3556.0,1769.0,2.0,1160.0,82.2152777777778,250000.0,6250.0,6.0
191009,45064.6261574074,45061.2851273148,54708.0,1132.0,6415.0,454.0,1160.0,208.466666666667,250000.0,0.0,4.0
267130,45119.5197916667,0.0,0.0,0.0,0.0,TRAILER,74.6925,0.5,0.0,004847,TRL-UTILITY
112318,45126.5956481481,45021.4992361111,101234.0,2250.0,3608.0,1.0,1160.0,25.3483333333333,220000.0,0.0,1.5
329058,0.0,0.0,0.0,0.0,LIFTING,15.0,LIFT-FRKLFT,,,,FORK010198
045005,44904.4007523148,45043.3386226852,134857.0,0.0,1.0,0.0,944.0,51.5163888888889,180000.0,4500.0,1.5
112504,45138.3305439815,45111.542662037,24259.0,1681.0,2791.0,210.0,1160.0,,220000.0,0.0,1.5
050082,45124.5186689815,45021.4623263889,26176.0,790.0,4916.0,148.0,1160.0,30.2008333333333,180000.0,0.0,1.5
376078,44880.8477430556,,615.0,0.0,0.0,ICEMAIN,3.0,ICE-RESURF,003985,30 SEWELLS RD,ICE-MAIN-RESURFACER
274026,0.0,0.0,0.0,0.0,APPARATUS,12.0,APP-ARR-BD,APPARUTUS ARROW BOARD,,,274VERMNA19
396145,43438.48,0.0,775.0,0.0,0.0,GROUND,0.5,GM-MOWER,003681,891 MORNINGSIDE AVE,GROUND-MOWER
396407,44063.4448842593,42531.3974884259,0.0,945.0,0.0,85.0,1160.0,0.5,2100.0,003975,GM-MOWER
041162,45105.558287037,44979.505474537,50889.0,1708.0,1651.0,88.0,1160.0,34.1263888888889,160000.0,4000.0,1.5
045064,45062.4277546296,44984.5037962963,81815.0,2736.0,1.0,1.0,1160.0,26.0502777777778,180000.0,0.0,1.5
112218,45096.835775463,44788.6072800926,61073.0,1331.0,848.0,57.0,1160.0,1.5,0.0,,VAN-3/4T
396111,44085.3029050926,44090.9652893519,0.0,2572.0,0.0,0.0,648.0,,2800.0,,GM-MOWER
250042,45132.7589930556,0.0,0.0,0.0,0.0,TRAILER,40.0,0.5,0.0,,TRL-VAN/TANK
294045,44991.336875,45001.4552430556,0.0,711.0,0.0,11.0,648.0,48.9172222222222,,6300.0,1.0
266069,45120.5389699074,0.0,0.0,0.0,0.0,TRAILER,34.5402777777778,0.5,0.0,004447,TRL-UTILITY
319230,44990.1582175926,45093.5805787037,0.0,287.0,0.0,156.0,1160.0,231.999722222222,0.0,3500.0,2.0
290011,45084.6896990741,5415.0,0.0,415.0,0.0,APPARATUS,1.0,,STN346,CNE GROUNDS,
378211,44994.3388888889,45037.4122685185,33059.0,675.0,13.0,64.0,960.0,4.10555555555556,0.0,2100.0,1.0
155024,45134.3447569444,45125.3341435185,32428.0,1742.0,5597.0,346.0,1160.0,32.7525,220000.0,0.0,4.0
194036,45127.4026041667,45079.2749884259,37177.0,3679.0,3518.0,521.0,1160.0,30.5641666666667,250000.0,10000.0,3.0
009544,42970.3554513889,0.0,302.0,0.0,0.0,ATTACHMENT,0.5,ATT-GEN,004426,1026 FINCH AVE W,ATTACHMENT-VEHICLE MOUNTED GEN
001074,45125.4682638889,45027.4373842593,18034.0,,467.0,28.0,1160.0,6.39388888888889,160000.0,0.0,1.0
045188,45134.3293981481,45117.390775463,9527.0,711.0,5004.0,305.0,1160.0,11.8869444444444,180000.0,0.0,1.5
050090,45134.3369560185,45106.3302430556,15104.0,540.0,5.0,3.0,1160.0,,180000.0,0.0,1.5
267225,45054.4840740741,0.0,0.0,0.0,0.0,TRAILER,,,0.0,002426,TRL-UTILITY
007363,39164.6627893519,0.0,0.0,0.0,0.0,TRAILER,0.5,TRL-UTILITY,,,
274009,0.0,0.0,0.0,0.0,APPARATUS,12.0,APP-ARR-BD,APPARUTUS ARROW BOARD,1401 CASTLEFIELD AVE,,274VERMNA10A
050076,45124.5250810185,45105.3964930556,36597.0,3498.0,4276.0,371.0,1160.0,176.753055555556,180000.0,0.0,
396497,,44845.3733680556,0.0,1132.0,0.0,140.0,1160.0,0.0,0.0,4200.0,0.5
396535,45106.3191782407,44747.8931712963,0.0,6.0,0.0,3.0,1160.0,0.5,2100.0,,GM-MOWER
396547,44762.7846412037,0.0,0.0,0.0,0.0,GROUND,0.5,GM-MOWER,003681,891 MORNINGSIDE AVE,GROUND-MOWER
222037,43830.0,45134.4310532407,58029.0,2122.0,6.0,87.0,1160.0,229.234444444444,220000.0,5500.0,8.0
378250,45138.3270486111,1096.0,300.0,78.0,0.0,GROUND,1.0,GM-UT-CART,002979,4200 YONGE ST,
161006,45135.2795717593,45107.7299768518,96371.0,2438.0,16328.0,602.0,1160.0,188.166388888889,250000.0,0.0,3.0
050174,45121.6216319444,45114.4131481481,19072.0,398.0,8261.0,395.0,1160.0,155.901388888889,180000.0,4500.0,1.5
043262,45117.3329976852,44944.3517476852,65874.0,1467.0,6157.0,1.0,1160.0,7.55805555555556,180000.0,0.0,1.5
007048,45135.5816898148,44943.8825925926,33286.0,1558.0,5004.0,300.0,1160.0,32.0,160000.0,0.0,1.5
156123,45131.5865393519,45077.5595601852,59415.0,2732.0,7807.0,465.0,1160.0,154.321666666667,220000.0,0.0,4.0
064171,45137.3189583333,45131.279525463,18904.0,3020.0,1286.0,487.0,1160.0,528.257222222222,220000.0,0.0,1.5
065146,45135.6111111111,45099.5749768519,44053.0,,5006.0,306.0,1160.0,173.100277777778,220000.0,0.0,1.5
175025,44648.3957060185,45014.3261574074,81534.0,0.0,1.0,0.0,648.0,2.0,250000.0,6250.0,5.0
095112,,45036.5562152778,73728.0,1236.0,13792.0,1.0,1160.0,5.00083333333333,160000.0,0.0,1.5
333022,44603.8375,44600.6027662037,0.0,2.0,0.0,0.0,1160.0,8.0,18200.0,005154,CON-CRW-LOAD
209001,45049.440775463,44964.4596527778,3582.0,521.0,69.0,11.0,1160.0,164.968333333333,250000.0,6250.0,8.0
156075,45112.3468634259,45030.3720023148,93296.0,0.0,2849.0,0.0,1160.0,4.48333333333333,220000.0,0.0,4.0
041172,45070.4747685185,44862.5465856481,69319.0,1992.0,960.0,0.0,1160.0,1.5,,000541,SEDAN-PASS
001087,45127.6393055556,44832.437962963,26344.0,1850.0,2.0,0.0,1160.0,1.0,,000520,SEDAN-PASS
289023,45132.2900810185,45048.3553703704,0.0,371.0,0.0,3.0,1160.0,36.9963888888889,0.0,3500.0,1.0
323108,45069.4835648148,45097.2546527778,0.0,965.0,0.0,158.0,1160.0,179.227222222222,0.0,12600.0,8.0
LF0008,44112.4726041667,1.0,1.0,0.0,0.0,ATTACHMENT,0.5,ATT-LEAF-BOX,4301-1,61 TORYORK DR,ATTACHMENT-LEAF BOX
319083,45083.3361342593,44932.5316087963,0.0,2814.0,0.0,131.0,1160.0,7.00722222222222,0.0,5600.0,0.5
379074,44810.2578009259,0.0,100.0,0.0,0.0,GROUND,1.0,GM-UT-CART,,CANADIAN NATIONAL EXHIBITION,
063092,45131.5585300926,45127.2732291667,98986.0,7150.0,9374.0,83.0,1160.0,156.580833333333,220000.0,5500.0,1.5
045176,45134.3986342593,45132.411724537,53122.0,1064.0,14719.0,3.0,1160.0,20.5922222222222,180000.0,0.0,1.5
112535,45100.5943634259,45076.3194097222,103.0,1.0,103.0,1.0,208.0,5.0,220000.0,0.0,1.5
001113,45134.596099537,45085.4390046296,43155.0,2158.0,48.0,4.0,1160.0,49.9588888888889,160000.0,0.0,1.0
158028,45098.3390277778,45120.3303240741,98760.0,0.0,417.0,0.0,1160.0,22.3227777777778,250000.0,0.0,5.0
050157,,44932.2989351852,6951.0,426.0,5019.0,300.0,1160.0,51.6972222222222,180000.0,4500.0,1.5
080076,44963.5651157407,45034.2696875,129502.0,6600.0,867.0,60.0,1160.0,135.164722222222,220000.0,5500.0,4.0
267106,44886.3056018519,0.0,0.0,0.0,0.0,TRAILER,0.5,TRL-UTILITY,003975,3079 BIRCHMOUNT RD,
041165,45134.2972337963,44987.4610648148,47175.0,2025.0,3278.0,60.0,1160.0,,160000.0,4000.0,1.5
041374,45131.3760185185,45103.4261921296,20537.0,2376.0,5236.0,629.0,1160.0,24.9658333333333,160000.0,4000.0,1.5
237221,43830.0,45128.3695138889,52111.0,6884.0,6298.0,938.0,1160.0,92.8761111111111,250000.0,6250.0,8.0
157039,45121.5606828704,45070.3333449074,64244.0,2551.0,2511.0,185.0,1160.0,42.8858333333333,220000.0,5500.0,6.0
267081,44736.3118171296,0.0,0.0,0.0,0.0,TRAILER,0.5,TRL-UTILITY,002990,64 MURRAY RD,
269037,44473.4414467593,0.0,0.0,0.0,0.0,APPARATUS,0.5,APP-ARR-BD,000582,7 LESLIE ST,APPARUTUS ARROW BOARD
194013,44699.5896875,45121.525775463,19159.0,1029.0,76.0,15.0,1160.0,472.804444444444,250000.0,10000.0,3.0
379075,44713.481099537,0.0,4.0,0.0,,GROUND,1.0,GM-UT-CART,10010,EASTERN GARAGE,
076041,45128.4406481481,45133.6055671296,136791.0,7992.0,18067.0,937.0,1160.0,116.159166666667,220000.0,0.0,1.5
045045,45133.3220486111,45082.3613078704,74707.0,2461.0,3350.0,1.0,1160.0,24.5847222222222,180000.0,0.0,1.5
237179,43830.0,45135.7296296296,66049.0,7234.0,7485.0,401.0,1160.0,741.914166666667,250000.0,6250.0,8.0
067092,45134.4549421296,45042.4737037037,52415.0,1979.0,8221.0,380.0,1160.0,30.6141666666667,220000.0,0.0,1.5
396297,40701.3111111111,40701.6478356481,0.0,2.0,0.0,0.0,1160.0,0.5,7000.0,,GM-MOWER
003227,44909.3476967593,44837.8810532407,78546.0,2784.0,0.0,0.0,304.0,1.0,0.0,,SEDAN-PASS
156106,45126.5719444444,45118.4853009259,114799.0,5197.0,9473.0,655.0,1160.0,155.218055555556,220000.0,0.0,4.0
049007,45126.5242824074,45128.4946296296,69821.0,2354.0,10552.0,131.0,1160.0,99.4858333333333,180000.0,4500.0,1.5
194027,45105.3282986111,45114.4531018519,36430.0,2542.0,3638.0,441.0,1160.0,276.033333333333,250000.0,10000.0,3.0
378205T,44028.3009490741,43257.6014814815,6783.0,412.0,0.0,0.0,856.0,1.0,2100.0,000529,GM-UT-CART
094092,45117.4029282407,45049.5275925926,48169.0,1460.0,5.0,5.0,1160.0,116.159722222222,160000.0,4000.0,1.0
202036,,45079.6175462963,24231.0,2055.0,2032.0,227.0,1160.0,132.734722222222,250000.0,,6.25
319166,,45044.5810763889,0.0,1933.0,0.0,347.0,1160.0,75.6991666666667,0.0,7000.0,0.5
156206,45134.5714351852,,21353.0,1395.0,1308.0,535.0,1160.0,37.9586111111111,220000.0,0.0,4.0
050025,,45027.2406828704,55375.0,3786.0,2401.0,297.0,1160.0,136.0,180000.0,4500.0,1.5
135139,,45097.3702314815,118467.0,3589.0,193.0,17.0,1160.0,281.983888888889,220000.0,0.0,1.5
045171,45138.5620023148,45090.3202777778,22276.0,2307.0,2.0,6.0,1160.0,8.55444444444444,180000.0,0.0,1.5
334007,0.0,0.0,0.0,0.0,LIFTING,15.0,LIFT-ART-BLIF,LIFTING-ARTICULATED BOOMLIFT,,,334GENUN08
041283,45134.5623842593,45072.3378935185,13599.0,,2363.0,3.0,1160.0,176.068611111111,160000.0,4000.0,1.5
378047,,3002.0,552.0,1.0,1.0,GROUND,,1.0,700.0,001045,GM-UT-CART
145018,45119.5022800926,45126.38125,26090.0,1583.0,2663.0,127.0,1160.0,,250000.0,0.0,3.0
376111,43245.3153819444,0.0,1.0,0.0,0.0,ICEMAIN,3.0,ICE-RESURF,003552,150 McCOWAN RD,ICE-MAIN-RESURFACER
202016,44627.3018865741,45007.4151041667,70799.0,3976.0,280.0,16.0,1160.0,41.6416666666667,250000.0,10000.0,6.25
064152,44986.5901157407,44741.397962963,80565.0,543.0,277.0,0.0,1160.0,1.5,0.0,,PICKU-3/4T
095157,45133.4633449074,45054.3666435185,32209.0,3346.0,2187.0,140.0,1160.0,71.8377777777778,160000.0,0.0,1.5
188034,45127.3380092593,45128.4161921296,39172.0,2747.0,836.0,365.0,1160.0,827.011111111111,250000.0,6250.0,5.0
065130,45124.4139583333,45096.4149074074,48137.0,2173.0,3896.0,2.0,1160.0,197.698333333333,220000.0,0.0,1.5
076034,45121.8378356481,45128.4605555556,55681.0,1007.0,5903.0,4.0,1160.0,125.063611111111,220000.0,0.0,1.5
267214,44929.3871527778,0.0,0.0,0.0,0.0,TRAILER,17.4944444444444,0.5,0.0,003896,TRL-UTILITY
067016,,44999.3670486111,44388.0,2737.0,721.0,67.0,1160.0,17.6719444444444,220000.0,0.0,1.5
222051,45138.2500462963,45106.286412037,37118.0,1844.0,9357.0,5.0,1160.0,249.701666666667,220000.0,5500.0,8.0
050022,45130.0050925926,44900.2634606482,119252.0,5712.0,3729.0,216.0,1160.0,1.5,4500.0,000582,PICKU-1/2T
222050,45137.52375,45120.5317939815,33138.0,2245.0,8470.0,51.0,1160.0,320.68,220000.0,5500.0,8.0
376130,45037.2930092593,8.0,8.0,8.0,8.0,ICEMAIN,12.2963888888889,3.0,4900.0,001012,ICE-RESURF
064131,45134.281412037,45120.3603587963,67449.0,0.0,2223.0,0.0,1160.0,163.683055555556,220000.0,0.0,1.5
223076,45135.5345601852,45111.2645486111,98336.0,8660.0,9.0,9.0,1160.0,209.959722222222,250000.0,6250.0,8.0
065087,44919.646400463,44986.3528125,109978.0,3566.0,1.0,1.0,648.0,6.29277777777778,220000.0,0.0,1.5
196001,45127.3164236111,45047.3112152778,60437.0,1527.0,3496.0,33.0,1160.0,140.105833333333,250000.0,10000.0,3.75
051026,45124.5084606481,45084.4588541667,2602.0,23.0,2602.0,23.0,160.0,42.2994444444444,180000.0,0.0,1.5
050019,43544.5574074074,43526.3063773148,0.0,0.0,0.0,0.0,1160.0,1.5,4500.0,,PICKU-1/2T
020049,45091.3496527778,45049.3908912037,5762.0,219.0,,55.0,1160.0,19.2497222222222,160000.0,0.0,1.0
112400,45132.3399652778,45028.3276157407,39552.0,1948.0,5140.0,356.0,1160.0,37.7580555555556,220000.0,0.0,1.5
237201,43830.0,45126.2525115741,78120.0,8487.0,8437.0,768.0,1160.0,794.559444444445,250000.0,6250.0,8.0
002987,43106.3379050926,43107.5464351852,0.0,0.0,0.0,0.0,1160.0,1.0,0.0,,SEDAN-PASS
376094,0.0,0.0,0.0,0.0,ICEMAIN,10.0,ICE-RESURF,ICE-MAIN-RESURFACER,,,376ZAMBLPG14
236264,43830.0,45137.4125,77172.0,8936.0,5.0,5.0,1160.0,602.438055555556,250000.0,10000.0,8.0
396450,44872.3194097222,42621.4194212963,0.0,877.0,0.0,0.0,1160.0,0.5,2100.0,003681,GM-MOWER
PARK0794,42760.0,,2734.0,0.0,0.0,0.0,1160.0,8.0,21000.0,004793,WM-GROOM
041343,45138.9005324074,45036.452337963,31105.0,1889.0,2996.0,221.0,1160.0,14.2883333333333,160000.0,4000.0,1.5
396489,45084.3168981482,43356.3941435185,0.0,1129.0,0.0,13.0,1160.0,0.5,3500.0,003681,GM-MOWER
065099,44862.4517013889,44862.4629282407,,5747.0,0.0,0.0,648.0,,0.0,002990,PICKU-3/4T
396502,43719.4022569444,0.0,1.0,0.0,0.0,GROUND,0.5,GM-MOWER,005109,301 ROCKCLIFFE BLVD,GROUND-MOWER
001130,45134.4717592593,45072.3324652778,16645.0,781.0,2404.0,139.0,1160.0,127.784722222222,160000.0,0.0,1.0
289018,45034.4884722222,45079.5283912037,0.0,323.0,0.0,9.0,1160.0,377.580555555556,0.0,3500.0,1.0
067038,45133.3936921296,45117.5742361111,143354.0,0.0,14346.0,,1160.0,-1,220000.0,0.0,1.5
378271,43214.4295023148,0.0,1.0,0.0,0.0,GROUND,1.0,GM-UT-CART,0582-1,9 LESLIE ST,
041113,44917.603587963,44741.5244444444,93683.0,281.0,325.0,0.0,304.0,1.5,4000.0,005154,SEDAN-PASS
050033,45117.3905671296,45076.2661458333,50894.0,3192.0,3690.0,137.0,1160.0,51.3644444444444,180000.0,4500.0,1.5
041195,45133.2218634259,45114.204224537,174901.0,6405.0,9992.0,16.0,1160.0,206.489166666667,160000.0,4000.0,1.5
135140,44852.5042476852,45113.5183564815,72037.0,0.0,0.0,0.0,1160.0,139.601666666667,220000.0,0.0,1.5
382006,42744.3482175926,43649.3962037037,707.0,53.0,0.0,0.0,1160.0,,2800.0,,GM-UT-CART
156182,45131.3095023148,45044.308599537,42257.0,3499.0,4241.0,413.0,1160.0,516.035277777778,220000.0,0.0,4.0
324027,0.0,,0.0,0.0,CONSTRUCT,12.0,CON-SKD-STR,,545 COMMISSIONERS ST,,324CASEDI19A
041027,45133.4406944444,44907.4649421296,111810.0,0.0,5948.0,0.0,1160.0,1.5,4000.0,005381,SEDAN-PASS
062094,45093.3765277778,45042.4316782407,27396.0,1021.0,1125.0,59.0,1160.0,107.179444444444,220000.0,0.0,1.5
158074,45077.4165509259,45071.7947337963,61528.0,3101.0,475.0,29.0,1160.0,107.151388888889,250000.0,6250.0,5.0
095126,45111.3151273148,44995.4499768519,21388.0,1338.0,1687.0,83.0,1160.0,0.290555555555556,160000.0,0.0,1.5
274034,0.0,0.0,0.0,0.0,APPARATUS,12.0,APP-ARR-BD,APPARUTUS ARROW BOARD,,,274VERMNA19
095215,45063.5611574074,110.0,10.0,110.0,10.0,CLASS1,143.984722222222,1.5,0.0,003892,VAN-PASS
007015,45137.704849537,45064.3207638889,156564.0,2871.0,5041.0,2.0,1160.0,244.2425,160000.0,0.0,1.5
050122,45126.3531712963,44953.3155439815,21188.0,844.0,4792.0,200.0,,112.0,180000.0,4500.0,1.5
237212,43830.0,45118.297037037,62279.0,6452.0,7363.0,387.0,1160.0,105.574722222222,250000.0,6250.0,8.0
115019,45138.4129282407,45019.5779282407,48041.0,1166.0,6074.0,1.0,1160.0,1.04138888888889,220000.0,0.0,1.5
267218,45121.4111342593,0.0,0.0,0.0,0.0,TRAILER,81.5363888888889,0.5,0.0,001984,TRL-UTILITY
080097,45131.3638310185,45104.355787037,75863.0,6033.0,5411.0,102.0,1160.0,300.088333333333,220000.0,5500.0,4.0
378232,44662.5660416667,44761.4579050926,2490.0,156.0,0.0,0.0,1160.0,1.0,2100.0,005486,GM-UT-CART
074035,45133.2810532407,45042.2605208333,39228.0,3357.0,7663.0,584.0,1160.0,263.69,220000.0,,1.5
194023,45133.3251967593,45111.4103240741,46528.0,1450.0,3421.0,303.0,1160.0,141.313055555556,250000.0,10000.0,3.0
319118,44694.4619328704,0.0,1381.0,0.0,0.0,GROUND,0.5,GM-TRACT,,,GROUNT-TRACTOR
396350,45135.5159027778,42228.4757638889,0.0,2277.0,0.0,230.0,1160.0,0.5,2800.0,005043,GM-MOWER
041268,45132.2763888889,45054.7470949074,42816.0,1831.0,1747.0,46.0,1160.0,29.9322222222222,160000.0,4000.0,1.5
075006,45099.3055439815,45037.3593402778,55333.0,4708.0,2657.0,274.0,1160.0,95.3758333333333,220000.0,0.0,1.5
188038,43584.9967476852,43588.5199189815,0.0,0.0,0.0,0.0,1160.0,5.0,6250.0,,TRUCK-DUMP
396518,45090.4669444444,43798.4456597222,0.0,250.0,0.0,95.0,1160.0,0.5,2100.0,005513,
159006,,44846.855162037,61217.0,0.0,0.0,0.0,152.0,5.0,0.0,004301,TRUCK-CHIP
250528,45051.2635416667,0.0,0.0,0.0,0.0,TRAILER,91.6713888888889,0.5,0.0,005603,TRL-VAN/TANK
267168,45114.5454398148,0.0,0.0,0.0,0.0,TRAILER,193.476944444444,0.5,0.0,005381,TRL-UTILITY
192007,45042.5580787037,,118818.0,4850.0,2514.0,226.0,800.0,127.8,250000.0,10000.0,6.0
094102,45135.2762384259,45005.2234953704,34268.0,1532.0,3359.0,169.0,1160.0,56.0,,4000.0,1.0
396331,43026.3908101852,43565.3888888889,0.0,563.0,0.0,0.0,1160.0,0.5,2800.0,003896,GM-MOWER
001104,45124.5782638889,45138.3000347222,22683.0,979.0,13.0,4.0,1160.0,31.3897222222222,160000.0,0.0,1.0
041446,45137.5785069444,44930.4029282407,4343.0,189.0,4340.0,186.0,1160.0,35.3686111111111,,4000.0,1.5
236250,45135.2911226852,45137.4069444444,130077.0,5988.0,3162.0,313.0,1160.0,527.443888888889,250000.0,10000.0,8.0
319183,44549.6175578704,45100.3243171296,0.0,233.0,0.0,28.0,1160.0,214.315,0.0,3500.0,2.0
003255,45033.5791203704,13724.0,0.0,1.0,0.0,CLASS1,38.94,1.0,0.0,005178,SEDAN-PASS
267133,45090.4269560185,0.0,0.0,0.0,0.0,TRAILER,3.91027777777778,0.5,0.0,004301,TRL-UTILITY
094061,45097.3023032407,45072.3014814815,81276.0,2169.0,0.0,0.0,1160.0,12.0627777777778,160000.0,4000.0,1.0
270018,44782.8635648148,0.0,0.0,0.0,0.0,TRAILER,0.5,TRL-OFFICE,,,TRAILER-OFFICE
2162,44932.7774189815,0.0,198.0,0.0,5.0,LIFTING,136.0,2.0,1400.0,,LIFT-ELEV
301006,45058.3544560185,0.0,303.0,0.0,1.0,APPARATUS,10.9233333333333,0.5,1400.0,000582,APP-LT-TWR
003043,43068.4184143519,43088.285625,0.0,0.0,0.0,0.0,1160.0,1.0,0.0,,SEDAN-PASS
154065,,45132.335625,31795.0,2109.0,4670.0,239.0,1160.0,81.6069444444445,220000.0,0.0,1.5
319231,44995.656712963,45097.4516203704,0.0,92.0,0.0,3.0,1160.0,505.823611111111,0.0,3500.0,2.0
237270,45112.4770833333,5920.0,88.0,5920.0,88.0,CLASS8,336.887222222222,8.0,6250.0,004869,
175047,45138.2100810185,45044.483287037,64854.0,2533.0,1033.0,336.0,1160.0,252.901111111111,250000.0,6250.0,5.5
095163,45135.9587847222,44998.6291087963,9623.0,779.0,978.0,1.0,1160.0,2.715,160000.0,0.0,1.5
319148,45135.546087963,44979.3543402778,0.0,2442.0,0.0,187.0,1160.0,0.243055555555556,0.0,4900.0,0.5
156110,45128.4650694444,45061.4652777778,80993.0,2294.0,4226.0,344.0,1160.0,205.427777777778,220000.0,5500.0,6.0
041242,45132.4914814815,45021.2392939815,45659.0,629.0,2207.0,1.0,,20.4380555555556,160000.0,4000.0,1.5
250515,45120.2666435185,0.0,0.0,0.0,0.0,TRAILER,268.316944444444,0.5,0.0,005449,TRL-VAN/TANK
094072,44918.4466898148,44896.5394097222,113707.0,1627.0,0.0,0.0,152.0,1.0,4000.0,,VAN-PASS
305006,41578.3405439815,0.0,0.0,0.0,0.0,ATTACHMENT,0.5,ATT-SPRD,004447,140 BENTWORTH AVE,ATTACHMENT-SPREADER
020045,45131.6019675926,44939.5718055556,30409.0,1532.0,2848.0,,1160.0,7.4725,160000.0,0.0,1.0
050132,45134.3383333333,44973.5409606481,14863.0,1234.0,5477.0,439.0,1160.0,0.00416666666666667,180000.0,4500.0,1.5
112537,45104.4131712963,45076.2978356481,132.0,232.0,132.0,232.0,192.0,32.0,220000.0,0.0,1.5
003112,44860.4949884259,44966.3588541667,65817.0,0.0,1.0,0.0,,5.3875,160000.0,0.0,1.0
269088,0.0,0.0,0.0,0.0,APPARATUS,12.0,APP-ARR-BD,APPARUTUS ARROW BOARD,150 DISCO RD,,269VERMNA23
161010,45121.487025463,45058.643275463,85660.0,2441.0,2530.0,4.0,1160.0,330.215555555556,250000.0,0.0,3.0
250508,0.0,0.0,0.0,TRAILER,10.0,FLEET MAINTENANCE HAULAGE,250TITANA23,2022 TRAILER VAN/TANKER ALUMINUM OPEN TOP 145-155 CUYD AND KEITH WALKING FLOOR,,,STANDARD
156095,45089.2899884259,45065.5327314815,89543.0,2345.0,1872.0,114.0,1160.0,186.513333333333,220000.0,0.0,1.5
112324,44383.292974537,,92627.0,2364.0,3.0,3.0,1160.0,80.045,220000.0,0.0,1.5
001067,45125.54125,45077.5524189815,43911.0,1538.0,5004.0,230.0,1160.0,14.4766666666667,160000.0,0.0,1.0
379066,0.0,0.0,0.0,0.0,GROUND,8.0,GM-BIKE,GROUNT-CARGO-BIKE,,,379CUSHEL13
112286,45051.3291435185,45076.5324884259,111081.0,5452.0,2391.0,124.0,1160.0,41.6580555555556,220000.0,0.0,1.5
378333,45063.4030787037,0.0,6.0,0.0,6.0,GROUND,111.274722222222,1.0,2100.0,0582-1,GM-UT-CART
325002,44986.4227314815,0.0,1.0,0.0,1.0,CONSTRUCT,12.8544444444444,6.0,21000.0,003698,CON-ART-RTRK
379046,0.0,0.0,0.0,0.0,GROUND,8.0,GM-UT-CART,,1000 JANE ST,,379YAMAUN18
250037,45048.2693055556,0.0,0.0,0.0,0.0,TRAILER,35.1261111111111,0.5,0.0,005603,TRL-VAN/TANK
156214,45125.5134259259,45000.4771990741,6319.0,379.0,4919.0,313.0,1160.0,9.69694444444444,220000.0,0.0,4.0
046023,45135.3475694444,45069.3430902778,36398.0,2705.0,3.0,141.0,1160.0,16.2488888888889,180000.0,4500.0,1.5
267243,45124.5547569444,0.0,0.0,0.0,,TRAILER,24.7638888888889,0.5,0.0,001984,
269087,0.0,0.0,0.0,0.0,APPARATUS,12.0,APP-ARR-BD,APPARUTUS ARROW BOARD,150 DISCO RD,,269VERMNA23
080099,45128.549375,45117.4445023148,48249.0,3680.0,4135.0,6.0,1160.0,92.8066666666667,220000.0,5500.0,4.0
080058,44782.3492708333,45097.3155787037,73231.0,3639.0,1.0,1.0,1160.0,30.0730555555556,220000.0,5500.0,4.0
064139,45134.4918518519,45112.3017361111,73204.0,4381.0,1567.0,222.0,1160.0,27.3213888888889,220000.0,0.0,1.5
206094,45132.5567013889,45135.3048032407,90219.0,908.0,3.0,3.0,1160.0,32.0,400000.0,10000.0,5.0
176003,45089.4633333333,45093.3004398148,33917.0,1300.0,193.0,1.0,1160.0,265.708611111111,250000.0,10000.0,5.5
063077,44949.2793518519,44923.4426851852,250700.0,0.0,1089.0,0.0,304.0,1.5,0.0,000619,PICKU-3/4T
330206,0.0,0.0,0.0,ROADMAIN,6.0,YONGE GARAGE,330MADVDI23,2023 MADVAC ROAD MAINTENANCE LITTER VACUUM 21-30HP 4X2 6 YEAR DIESEL,,,STANDARD
095143,45132.3497569444,45036.3643634259,58010.0,3097.0,4651.0,5.0,1160.0,146.662222222222,160000.0,0.0,1.5
111087,45138.3775462963,44995.5886689815,42142.0,452.0,4196.0,2.0,1160.0,51.4369444444444,180000.0,0.0,1.5
329073,45049.4110185185,0.0,2.0,0.0,2.0,LIFTING,73.1355555555556,2.0,2100.0,005649,LIFT-FRKLFT
080057,45114.4956481481,45128.6307291667,110107.0,1795.0,840.0,2.0,1160.0,59.7019444444444,220000.0,5500.0,4.0
112341,,44949.3478009259,70186.0,3490.0,3652.0,121.0,1160.0,179.374722222222,220000.0,0.0,1.5
020003,45131.512337963,45072.3063425926,37343.0,3290.0,4095.0,378.0,1160.0,7.29638888888889,160000.0,0.0,1.0
045159,45131.4418981482,,25176.0,853.0,7829.0,1.0,1160.0,7.64333333333333,180000.0,0.0,1.5
112386,45137.9765972222,45086.3701157407,153555.0,6469.0,5515.0,3.0,1160.0,23.8583333333333,220000.0,0.0,1.5
065110,44939.3484027778,44845.5409722222,102995.0,4190.0,1422.0,77.0,304.0,1.5,0.0,000525,PICKU-3/4T
003253,45062.5834027778,5952.0,0.0,2.0,0.0,CLASS1,49.5008333333333,1.0,0.0,3892-2,SEDAN-PASS
065178,,45131.6025115741,6760.0,419.0,6760.0,419.0,1048.0,65.3955555555556,220000.0,0.0,1.5
330196,45134.5361111111,45121.4161111111,0.0,0.0,0.0,0.0,40.0,17.9719444444444,0.0,2100.0,4.0
050175,45132.503287037,44880.4870717593,11134.0,24.0,8477.0,0.0,1160.0,1.5,4500.0,30010,PICKU-1/2T
112542,45112.4270833333,45076.3076967593,590.0,94.0,590.0,94.0,152.0,33.5488888888889,220000.0,0.0,1.5
001033,44042.6283101852,44056.5016319444,0.0,0.0,0.0,0.0,1160.0,1.0,0.0,,SEDAN-PASS
237230,44391.2937847222,45112.6985532407,40497.0,4583.0,3083.0,9.0,1160.0,234.545277777778,250000.0,6250.0,8.0
378259,42676.3058564815,0.0,1.0,0.0,0.0,GROUND,,GM-UT-CART,005649,51 BEECHGROVE DR,
041285,45132.5577314815,45065.2612731481,18937.0,864.0,1104.0,2.0,1160.0,176.789166666667,160000.0,4000.0,1.5
112407,45128.5586458333,45064.5356944444,32076.0,722.0,3023.0,2.0,1160.0,80.205,220000.0,0.0,
355001,43741.4731944444,0.0,0.0,0.0,0.0,ATTACHMENT,1.0,ATT-BCH-CLEAN,003893,451 BRIMLEY RD,ATTACHMENT-BEACH CLEANER
319181,44989.2896412037,45093.4673263889,0.0,349.0,0.0,5.0,1160.0,293.653055555556,0.0,3500.0,2.0
236290,43830.0,45111.3599768519,101007.0,9307.0,9414.0,582.0,1160.0,276.845,250000.0,10000.0,8.0
237187,43830.0,45127.4650694444,78466.0,9008.0,7318.0,865.0,1160.0,269.514444444444,250000.0,6250.0,8.0
269085,0.0,0.0,0.0,0.0,APPARATUS,12.0,APP-ARR-BD,APPARUTUS ARROW BOARD,EASTERN GARAGE,,269VERMNA23
237160,45063.510462963,45008.5885185185,58472.0,3039.0,4.0,4.0,960.0,208.107777777778,250000.0,6250.0,8.0
378215,43672.5389930556,,3.0,0.0,0.0,GROUND,1.0,GM-UT-CART,0582-1,9 LESLIE ST,
PARK6249,45118.5961342593,0.0,0.0,0.0,0.0,TRAILER,63.3944444444444,0.5,0.0,004301,TRL-UTILITY
001129,45134.5814814815,45028.3635416667,21439.0,1113.0,3106.0,176.0,1160.0,0.7,160000.0,0.0,1.0
041271,45094.181712963,43178.4587037037,69464.0,6232.0,4075.0,382.0,1160.0,1.5,4000.0,0549-1,SEDAN-PASS
319121,41229.5814236111,45055.3828587963,0.0,1160.0,0.0,207.0,1160.0,0.287777777777778,0.0,2800.0,0.5
067037,45138.5747453704,45099.4000578704,121567.0,1587.0,12048.0,405.0,1160.0,32.0038888888889,220000.0,0.0,1.5
WORK1017,36614.6236111111,44790.3523032407,0.0,0.0,0.0,0.0,304.0,0.5,0.0,002990,TRL-UTILITY
315080,45138.5520138889,45097.3849074074,0.0,2635.0,,912.0,1160.0,581.455277777778,250000.0,9000.0,8.0
065156,45133.312349537,,6872.0,431.0,6872.0,431.0,1104.0,17.0402777777778,220000.0,5500.0,1.5
050168,45134.4600578704,45049.5250578704,9002.0,9.0,5306.0,0.0,1160.0,16.0091666666667,180000.0,4500.0,1.5
188046,45135.3180555556,44999.260787037,96283.0,7356.0,7575.0,627.0,1160.0,171.246111111111,250000.0,6250.0,5.0
267278,0.0,0.0,0.0,TRAILER,15.0,DISCO GARAGE,267J&JNA23,16FT. TANDEM AXLE TRAILER,,,STANDARD
064167,45125.4309259259,45061.3359606481,54567.0,3875.0,352.0,3.0,1160.0,127.936944444444,220000.0,0.0,1.5
188056,45128.6051388889,45133.2835300926,42634.0,691.0,8069.0,307.0,1160.0,298.324166666667,250000.0,6250.0,5.0
094044,45130.4110069444,,300.0,4212.0,0.0,CLASS2,1.0,VAN-PASS,0549-1,2 STRACHAN AVE,VAN - PASSENGER
020004,45134.4699189815,45128.4146412037,35810.0,3012.0,3329.0,240.0,1160.0,6.66527777777778,160000.0,0.0,1.0
161008,45138.8127662037,45026.4860648148,77025.0,2472.0,15136.0,786.0,1160.0,130.716388888889,250000.0,0.0,3.0
112319,45138.3522106481,45000.7387615741,129462.0,3600.0,5524.0,301.0,1160.0,40.0,220000.0,,1.5
319123,45131.4886805556,45050.7111111111,0.0,2169.0,0.0,38.0,1160.0,2.81111111111111,0.0,3500.0,0.5
065129,45090.3342013889,45050.3552662037,90582.0,5779.0,6897.0,4.0,1160.0,103.657777777778,220000.0,0.0,1.5
042015,44910.1463773148,44998.376875,24282.0,2683.0,11.0,4.0,1160.0,140.748333333333,180000.0,4500.0,1.5
322104,45127.3552546296,45098.4335648148,0.0,323.0,0.0,323.0,920.0,175.895555555556,0.0,7000.0,8.0
115016,45133.59875,45114.647662037,42951.0,767.0,6842.0,300.0,1160.0,7.80194444444444,220000.0,0.0,1.5
041381,45138.370462963,45132.3514351852,31401.0,3027.0,4400.0,435.0,1160.0,264.462777777778,160000.0,4000.0,1.5
156200,45103.5470138889,45106.3437962963,29451.0,1769.0,6038.0,373.0,1160.0,101.721666666667,220000.0,5500.0,
223074,45138.5443865741,45134.4436805556,107318.0,9756.0,11451.0,1012.0,1160.0,430.724722222222,250000.0,6250.0,8.0
270021,44845.2601157407,0.0,0.0,0.0,0.0,TRAILER,0.5,TRL-UTILITY,5381-1,435 KIPLING AVE,
045146,45132.6004282407,44908.3314583333,36657.0,1342.0,0.0,0.0,1160.0,1.5,0.0,004818,PICKU-1/2T
396462,42949.5702893519,0.0,126.0,0.0,0.0,GROUND,0.5,GM-MOWER,005381,441 KIPLING AVE,GROUND-MOWER
135160,45121.7242939815,45121.5750925926,58903.0,3109.0,6088.0,576.0,1160.0,99.1188888888889,220000.0,5500.0,3.0
222040,43830.0,45082.2994560185,39770.0,2504.0,5004.0,5.0,1160.0,518.795,220000.0,5500.0,8.0
003240,45120.476400463,44868.5495833333,24255.0,18.0,1825.0,3.0,1160.0,1.0,0.0,51018,SEDAN-PASS
222024,45132.5701388889,,120379.0,5238.0,10786.0,3.0,1160.0,139.6225,220000.0,5500.0,8.0
095211,45134.5193634259,44872.5705555556,5120.0,311.0,0.0,0.0,1160.0,1.5,0.0,006217,VAN-PASS
330185,,45091.4600925926,0.0,624.0,0.0,29.0,1160.0,230.721666666667,0.0,2100.0,4.0
PARK5154,45085.5163888889,0.0,0.0,0.0,0.0,TRAILER,80.7361111111111,0.5,0.0,000591,TRL-UTILITY
159009,45091.3521064815,45091.3555208333,81414.0,1527.0,321.0,71.0,1160.0,75.8022222222222,250000.0,0.0,5.0
041232,45133.3968981481,45016.43875,43962.0,321.0,3796.0,1.0,1160.0,3.52444444444444,160000.0,4000.0,1.5
285065,45056.3628472222,0.0,17.0,0.0,17.0,APPARATUS,78.3391666666667,1.0,4200.0,001984,APP-COMPRRESS
041408,45134.5220949074,,8318.0,695.0,3374.0,279.0,1160.0,5.74333333333333,160000.0,4000.0,1.5
076068,45132.4238194444,45056.6470717593,47450.0,1525.0,3383.0,260.0,1160.0,61.9580555555556,220000.0,0.0,1.5
384002,0.0,0.0,0.0,0.0,GROUND,8.0,GM-BIKE,GROUNT-CARGO-BIKE,433 EASTERN AVE,,384GTNA04
317015,0.0,0.0,0.0,0.0,FACILITY,8.0,FM-FL-SCR,FACILITY-FLOOR SCRUBBER,,,317NILFLPG20
156133,,45029.3163194444,36776.0,3245.0,3865.0,364.0,1160.0,81.3944444444444,220000.0,5500.0,
045166,45133.2953356481,,31937.0,2397.0,2.0,2.0,1160.0,0.618055555555556,,0.0,1.5
047059,44782.5165046296,45054.5515162037,71539.0,3271.0,43.0,8.0,800.0,85.2563888888889,180000.0,4500.0,1.5
074010,45121.3045717593,45049.4260763889,80915.0,1821.0,3304.0,15.0,1160.0,28.5005555555556,220000.0,,1.5
267128,44830.3202777778,0.0,0.0,0.0,0.0,TRAILER,0.5,TRL-UTILITY,001984,30 NORTHLINE RD,
095127,45079.4009375,44966.5181828704,39307.0,2153.0,937.0,49.0,1160.0,45.5213888888889,160000.0,0.0,1.5
376073,41684.9499884259,,0.0,0.0,0.0,ICEMAIN,3.0,ICE-RESURF,004256,15 CLUBHOUSE CRT,ICE-MAIN-RESURFACER
003132,43756.3086689815,16672.0,0.0,0.0,0.0,CLASS1,1.0,SEDAN-PASS,,,SEDAN - PASSENGER
112385,45118.6567824074,45099.5275347222,149008.0,7397.0,1373.0,300.0,1160.0,101.918888888889,220000.0,0.0,1.5
304002,0.0,0.0,0.0,0.0,APPARATUS,11.0,APP-AERATOR,APPARUTUS-AERATOR,235 EDENBRIDGE DR,,304AERWNA08
378175,0.0,0.0,0.0,0.0,GROUND,8.0,GM-UT-CART,,891 MORNINGSIDE AVE,,378KUBODI10A
318017,45138.4474537037,45125.3360532407,0.0,1401.0,0.0,128.0,1160.0,202.6125,0.0,3500.0,0.5
299006,44347.3421180556,44363.4929166667,0.0,105.0,0.0,0.0,800.0,2.0,3500.0,000520,APP-HYD-VAC
076040,44584.2707060185,44585.4109606482,127653.0,5777.0,0.0,0.0,1160.0,,0.0,000619,PICKU-1TON
050102,45132.4867361111,45019.5418287037,27094.0,1386.0,4800.0,258.0,1160.0,37.2666666666667,180000.0,0.0,1.5
269077,44467.5607407407,0.0,0.0,0.0,0.0,APPARATUS,0.5,APP-ARR-BD,003892,1050 ELLESMERE RD,APPARUTUS ARROW BOARD
293010,45132.5440625,0.0,0.0,0.0,0.0,APPARATUS,3.63222222222222,-1,3500.0,,APP-THAW-MACH
376084,41653.4036921296,0.0,0.0,0.0,0.0,ICEMAIN,3.0,ICE-RESURF,,,ICE-MAIN-RESURFACER
159005,44755.3253125,45065.4001851852,63784.0,3769.0,35.0,6.0,1160.0,106.153611111111,250000.0,0.0,5.0
001119,45134.5096643519,45050.2985069444,14593.0,431.0,5.0,3.0,1160.0,25.3705555555556,160000.0,0.0,1.0
112445,45124.563912037,45020.5504282407,33860.0,826.0,4577.0,116.0,1160.0,27.6313888888889,220000.0,0.0,1.5
236299,43830.0,45133.2801851852,93838.0,11927.0,5992.0,1004.0,1160.0,66.4944444444444,250000.0,10000.0,8.0
063072,45138.5828240741,45118.3017939815,114733.0,0.0,5925.0,0.0,1160.0,117.885,220000.0,0.0,1.5
189020,45069.4066782407,45085.5730208333,31759.0,1338.0,1481.0,3.0,1160.0,864.455277777778,220000.0,5500.0,4.0
378267,44487.3977430556,42716.2955092593,0.0,725.0,0.0,14.0,1160.0,1.0,2100.0,001984,GM-UT-CART
237188,43830.0,45125.7794328704,72280.0,7983.0,7137.0,784.0,1160.0,151.005,250000.0,,8.0
CLAW20,44937.3307638889,0.0,0.0,0.0,0.0,ATTACHMENT,0.0669444444444444,0.5,0.0,005559,ATT-CLW-BUC
319214,,45092.3791435185,0.0,43.0,0.0,29.0,1160.0,587.400277777778,0.0,3500.0,2.0
267137,45062.4159143519,0.0,0.0,0.0,0.0,,43.1094444444444,0.5,0.0,004301,TRL-UTILITY
065201,45131.2924768518,,3705.0,251.0,3421.0,241.0,1160.0,67.9755555555556,220000.0,0.0,1.5
005026,45134.9711226852,44979.3447685185,18565.0,282.0,7070.0,117.0,1160.0,91.4586111111111,160000.0,4000.0,1.5
050069,45130.8113773148,45128.4512962963,58152.0,2811.0,9028.0,0.0,1160.0,217.205,180000.0,0.0,
064130,44831.3967476852,44915.3466898148,66416.0,3738.0,0.0,0.0,152.0,,0.0,003892,PICKU-3/4T
266085,44875.4018287037,0.0,0.0,0.0,,TRAILER,0.5,TRL-UTILITY,005495,1401 CASTLEFIELD AVE,
080037,44804.4446759259,44938.9731365741,138441.0,5220.0,1.0,1.0,304.0,22.1427777777778,220000.0,5500.0,4.0
323119,45135.5354166667,45131.4271412037,0.0,3860.0,0.0,1975.0,1160.0,443.703888888889,0.0,17400.0,8.0
267190,45062.4260300926,0.0,0.0,0.0,0.0,TRAILER,13.9975,0.5,0.0,002426,TRL-UTILITY
080107,45126.5649884259,45090.3571412037,18692.0,1303.0,3950.0,283.0,1160.0,27.1630555555556,220000.0,5500.0,4.0
050060,45133.3291666667,45040.3176736111,29768.0,1197.0,3409.0,137.0,1160.0,24.0,180000.0,0.0,1.5
267199,45112.3177083333,0.0,0.0,0.0,0.0,TRAILER,77.7413888888889,0.5,0.0,003681,TRL-UTILITY
005006,45137.6846875,45077.392025463,99894.0,1856.0,7490.0,387.0,1160.0,448.996944444444,160000.0,4000.0,1.5
237261,45133.807662037,5613.0,186.0,5613.0,186.0,,155.671666666667,8.0,6250.0,004869,TRUCK-SLOAD
050057,45125.4088078704,45105.4221296296,34489.0,2160.0,3203.0,190.0,1160.0,4.41333333333333,180000.0,0.0,1.5
250063,0.0,0.0,0.0,0.0,TRAILER,10.0,TRL-VAN/TANK,TRAILER-VAN/TANKER ALUMINUM,FLEET MAINTENANCE HAULAGE,,250TITANA23
322081,45126.6629282407,45085.7894560185,0.0,6577.0,0.0,752.0,1160.0,53.9938888888889,0.0,7000.0,8.0
323093,45103.3712615741,45016.3551388889,0.0,836.0,0.0,62.0,1160.0,77.1638888888889,0.0,9800.0,8.0
329030,42583.5213541667,0.0,16.0,0.0,0.0,LIFTING,2.0,LIFT-FRKLFT,0582-1,9 LESLIE ST,
237180,43830.0,45121.7623726852,43261.0,3386.0,6706.0,1041.0,1160.0,154.174722222222,250000.0,6250.0,8.0
376025,,0.0,0.0,0.0,ICEMAIN,10.0,3.0,ICE-RESURF,,,ICE-MAIN-RESURFACER
294076,44894.5057523148,44959.7800462963,0.0,425.0,0.0,1.0,1160.0,136.0,0.0,6300.0,1.0
041160,44963.5937384259,44984.5100115741,95850.0,660.0,5000.0,1.0,1160.0,,160000.0,4000.0,1.5
323088,44383.3684953704,45082.8623726852,0.0,2560.0,0.0,216.0,1160.0,47.1166666666667,0.0,4900.0,8.0
094077,45133.9226736111,45062.5232986111,45709.0,500.0,3377.0,1.0,1160.0,238.159444444444,160000.0,4000.0,1.0
041157,45135.4675810185,45021.9057407407,61732.0,2232.0,4528.0,17.0,1160.0,106.398333333333,160000.0,4000.0,1.5
045066,44950.0447800926,45064.5397337963,63254.0,2723.0,1156.0,108.0,1160.0,295.688055555556,180000.0,0.0,1.5
289021,45091.5833333333,0.0,848.0,0.0,2.0,APPARATUS,82.5816666666667,1.0,3500.0,005495,APP-ASPHALT-B
334021,0.0,0.0,0.0,0.0,LIFTING,15.0,LIFT-ART-BLIF,LIFTING-ARTICULATED BOOMLIFT,,,334GENIEL11
065051,43046.3559953704,43055.4337384259,0.0,0.0,0.0,0.0,1160.0,1.5,0.0,,PICKU-3/4T
378310,44235.2756134259,101.0,101.0,0.0,0.0,GROUND,,GM-UT-CART,003698,360 MORNINGSIDE AVE,
003353,45063.5727662037,4.0,0.0,4.0,0.0,CLASS1,10.4933333333333,1.0,0.0,000520,SEDAN-PASS
156103,45035.4500115741,44916.4018865741,93469.0,3300.0,998.0,50.0,1160.0,6.0,5500.0,003681,TRUCK-DUMP
330061,0.0,0.0,0.0,0.0,ROADMAIN,6.0,ROAD-LIT-VAC,,,,330TENNDI06
135153,44924.5897569444,,161517.0,4701.0,798.0,34.0,464.0,120.184166666667,220000.0,5500.0,3.0
050088,45082.3713773148,44831.5370138889,17431.0,792.0,5.0,0.0,1160.0,,0.0,005381,PICKU-1/2T
003286,45138.8031018519,45062.3121296296,31075.0,2212.0,8207.0,533.0,1160.0,99.2511111111111,,0.0,1.0
395039,45138.4267939815,,2495.0,0.0,175.0,GROUND,0.5,,006155,2481 BIRCHMOUNT RD,GROUND-MOWER
302006,44767.4761574074,44798.4442824074,0.0,8.0,0.0,0.0,1160.0,0.5,2100.0,004426,APP-WATER-PMP
154069,45117.5388078704,45131.3202893519,5417.0,35.0,2882.0,7.0,1160.0,145.238055555556,220000.0,0.0,4.0
319050,45000.3548148148,45057.4449768519,0.0,1550.0,0.0,81.0,1160.0,,0.0,3500.0,0.5
294079,45063.318912037,45028.5075,0.0,481.0,0.0,242.0,1160.0,63.6311111111111,0.0,6300.0,1.0
223085,45138.9049189815,45133.4200462963,102063.0,9315.0,11896.0,1105.0,1160.0,559.280833333333,250000.0,6250.0,8.0
330145,45128.6256944444,45062.4621875,0.0,483.0,0.0,23.0,1160.0,54.4,0.0,2100.0,4.0
048051,45130.6778587963,44965.1746412037,15968.0,1215.0,7.0,1.0,1160.0,0.133055555555556,180000.0,4500.0,1.5
003322,45104.5794907407,7.0,0.0,0.0,0.0,CLASS1,9.865,1.0,0.0,005649,SEDAN-PASS
330189,45134.5562152778,45125.3104166667,0.0,1010.0,0.0,321.0,1160.0,221.801111111111,0.0,2100.0,4.0
047074,45134.5850810185,45091.3831712963,28020.0,1128.0,2.0,2.0,1160.0,28.3697222222222,180000.0,4500.0,1.5
294083,45006.5749305556,44888.4723726852,0.0,407.0,0.0,17.0,1160.0,1.0,6300.0,005381,APP-BRUSH-CH
334023,,0.0,0.0,0.0,LIFTING,15.0,LIFT-ELEV,LIFTING-ELEVATING PLATFORM,,,334SKYJEL05
274027,0.0,,0.0,0.0,APPARATUS,12.0,APP-ARR-BD,APPARUTUS ARROW BOARD,1401 CASTLEFIELD AVE,,274VERMNA19
324028,45099.5343981481,0.0,144.0,0.0,144.0,CONSTRUCT,180.982777777778,4.0,7000.0,005154,CON-SKD-STR
330169,45138.5400462963,45126.4560416667,0.0,2390.0,0.0,182.0,1160.0,396.971388888889,0.0,2100.0,4.0
266083,0.0,0.0,0.0,0.0,TRAILER,15.0,TRL-BOAT,,,,266LOADNA20
319218,44989.3030671296,45127.3693055556,0.0,307.0,0.0,164.0,1160.0,,0.0,3500.0,2.0
043260,45112.2685532407,45118.4711342593,148597.0,7052.0,3904.0,318.0,1160.0,638.901944444444,180000.0,4500.0,1.5
319249,45135.5418171296,0.0,6.0,0.0,6.0,GROUND,106.996388888889,0.5,7000.0,005495,
095085,45075.3031018519,45124.3371759259,85049.0,3336.0,2375.0,3.0,1160.0,4.88166666666667,160000.0,0.0,1.5
045172,45121.7834490741,45106.2635185185,22812.0,1827.0,4671.0,364.0,1160.0,3.40222222222222,,0.0,1.5
065181,45135.3842708333,45133.3534606481,8829.0,95.0,8829.0,95.0,1072.0,71.8008333333333,220000.0,0.0,1.5
396239,44761.4783912037,41904.3660300926,0.0,894.0,0.0,75.0,1160.0,0.5,2800.0,005513,GM-MOWER
009098,41975.3073263889,1.0,0.0,0.0,0.0,ATTACHMENT,0.5,ATT-CLW-BUC,000525,1116 KING ST W,ATTACHMENT-CLAW BUCKET
080131,45093.5581365741,45078.5344675926,1728.0,12.0,1728.0,12.0,544.0,308.489722222222,220000.0,5500.0,4.0
318032,45138.5768518519,45075.4805092593,0.0,1957.0,0.0,263.0,1160.0,125.270277777778,0.0,3500.0,0.5
067086,45138.3189467593,45100.8185185185,47254.0,3016.0,9492.0,623.0,1160.0,79.9525,220000.0,0.0,1.5
319243,45092.2839583333,45104.3422222222,0.0,177.0,0.0,177.0,536.0,123.400555555556,0.0,7000.0,0.5
PARK6324,44655.3933564815,0.0,600.0,0.0,0.0,LIFTING,2.0,LIFT-FRKLFT,005155,400 COMMISSIONERS ST,
094060,45132.5630208333,44957.3838310185,67853.0,2027.0,5351.0,1.0,1160.0,52.7441666666667,160000.0,4000.0,1.0
095154,45138.3800347222,45054.7282407407,101326.0,5332.0,14699.0,640.0,1160.0,,160000.0,0.0,1.5
065141,45124.3185185185,45105.4531828704,20128.0,2517.0,6238.0,514.0,1160.0,5.0425,220000.0,0.0,1.5
080128,45135.8638310185,45118.4370023148,4483.0,147.0,4483.0,147.0,656.0,45.7580555555556,220000.0,5500.0,4.0
266070,44925.4797337963,0.0,0.0,0.0,0.0,TRAILER,0.0,0.5,0.0,0520-1,TRL-UTILITY
323102,44523.453275463,44872.417974537,0.0,42.0,0.0,0.0,1160.0,8.0,4200.0,0516-2,CON-ART-LOAD
206095,45138.4779861111,45120.5969444444,89851.0,2322.0,19605.0,998.0,1160.0,218.171666666667,400000.0,10000.0,5.0
250046,45138.3876157407,0.0,0.0,0.0,0.0,TRAILER,49.195,0.5,0.0,4869-2,TRL-VAN/TANK
206078,45134.5176041667,45111.2784606482,227926.0,7823.0,21297.0,779.0,,92.0902777777778,400000.0,10000.0,5.0
159013,45135.4863310185,45111.4214467593,54043.0,0.0,2468.0,0.0,1160.0,527.689444444444,250000.0,0.0,5.0
020005,45091.4645138889,44713.7548842593,30489.0,1746.0,3510.0,183.0,1160.0,1.0,0.0,005763,SEDAN-PASS
396465,43623.3790277778,42957.5734375,0.0,81.0,0.0,0.0,1160.0,0.5,2100.0,005109,GM-MOWER
041439,45112.4157060185,288.0,3.0,288.0,3.0,CLASS1,8.13333333333333,1.5,4000.0,10010,SEDAN-PASS
080084,45135.3001736111,45065.5740277778,193689.0,4196.0,8535.0,301.0,1160.0,178.608333333333,220000.0,5500.0,4.0
378350,45128.1933333333,,0.0,232.0,0.0,229.0,1160.0,1.0,2100.0,001772,GM-UT-CART
067079,,44991.523275463,28492.0,1512.0,3719.0,220.0,1160.0,5.96305555555556,220000.0,0.0,1.5
236256,45136.2216666667,45137.4090277778,115421.0,3378.0,3034.0,2.0,1160.0,,250000.0,10000.0,8.0
043183,45106.337337963,44929.3255902778,71076.0,1468.0,852.0,86.0,1160.0,48.0,180000.0,0.0,1.5
041211,45138.3456365741,45036.5813541667,37535.0,743.0,4392.0,8.0,1160.0,127.239166666667,160000.0,4000.0,1.5
003137,45005.3257523148,45029.3647800926,54319.0,83.0,1079.0,2.0,800.0,325.025555555556,160000.0,0.0,1.0
041234,45133.5544328704,,27695.0,368.0,3312.0,57.0,1160.0,7.10555555555556,160000.0,4000.0,1.5
CLAW27,44958.3898148148,0.0,0.0,0.0,0.0,ATTACHMENT,6.64444444444444,0.5,0.0,4301-1,ATT-CLW-BUC
378303,45113.1713888889,3500.0,0.0,56.0,0.0,GROUND,1.0,GM-UT-CART,,11 ARMEL CRT,
202023,45030.6037962963,45107.5814583333,73508.0,3212.0,168.0,17.0,1160.0,190.610277777778,250000.0,10000.0,6.25
396364,43201.2605092593,0.0,87.0,0.0,0.0,GROUND,0.5,GM-MOWER,000534,190 SHERWOOD AVE,GROUND-MOWER
076045,45100.2834143518,45005.3442824074,47078.0,3164.0,5.0,5.0,1160.0,72.0952777777778,220000.0,0.0,1.5
206089,45134.0621527778,45132.7427314815,112840.0,1671.0,11163.0,306.0,1160.0,127.180555555556,400000.0,10000.0,5.0
396487,43609.453599537,43545.7656018519,0.0,160.0,0.0,0.0,1160.0,0.5,2100.0,003975,GM-MOWER
111048,45134.3697569444,45112.5944328704,73549.0,1391.0,4682.0,153.0,1160.0,80.095,180000.0,0.0,1.5
067122,45133.1925,45103.4323032407,14090.0,1264.0,14090.0,1264.0,992.0,66.8130555555556,220000.0,0.0,1.5
322073,45069.5048611111,45096.3771759259,0.0,2113.0,0.0,0.0,,38.9477777777778,0.0,7000.0,8.0
250525,45124.4256944444,1047.0,0.0,1.0,0.0,TRAILER,231.173055555556,0.5,0.0,0582-1,TRL-VAN/TANK
396396,45138.2854398148,44679.3470601852,0.0,1592.0,0.0,393.0,1160.0,0.5,7000.0,005848,GM-MOWER
250055,45047.2930671296,0.0,0.0,0.0,0.0,TRAILER,35.7661111111111,0.5,0.0,,TRL-VAN/TANK
501009,44924.2740162037,0.0,0.0,0.0,0.0,ATTACHMENT,72.0,0.5,1400.0,005495,ATT-GEN
051001,45134.6605439815,45124.5309027778,94359.0,4115.0,2448.0,154.0,1160.0,121.597222222222,180000.0,4500.0,1.5
319067,45071.2884722222,45071.5908333333,0.0,3136.0,0.0,29.0,1160.0,64.7947222222222,,3500.0,0.5
041134,45069.4099305556,45090.5520138889,80002.0,1038.0,987.0,13.0,1160.0,43.4194444444444,160000.0,4000.0,1.5
319114,44985.4168171296,45089.4543634259,0.0,2130.0,0.0,3.0,1160.0,86.865,0.0,2800.0,0.5
236257,45136.2331134259,45137.4111111111,74258.0,4799.0,4683.0,304.0,1160.0,570.760277777778,250000.0,10000.0,8.0
294082,45131.59,44897.5897106481,0.0,521.0,0.0,50.0,1160.0,1.0,6300.0,003763,APP-BRUSH-CH
094052,43335.5862615741,43354.3283564815,0.0,0.0,0.0,0.0,1160.0,1.0,4000.0,,VAN-PASS
396513,44476.4641666667,43802.541412037,0.0,115.0,0.0,0.0,1160.0,0.5,2100.0,,GM-MOWER
080096,45138.3112384259,45119.2695717593,96904.0,5183.0,7738.0,707.0,1160.0,58.8194444444444,220000.0,5500.0,4.0
237227,43830.0,45125.7659953704,49209.0,5358.0,6939.0,916.0,,-1,250000.0,6250.0,8.0
073091,45126.3893171296,44992.4177546296,62374.0,0.0,546.0,0.0,1160.0,27.9738888888889,220000.0,0.0,1.5
376098,44590.8073842593,0.0,0.0,0.0,0.0,ICEMAIN,3.0,ICE-RESURF,0520-1,50 BOOTH AVE,ICE-MAIN-RESURFACER
043280,45119.3944097222,45133.5094907407,13257.0,707.0,1.0,,1160.0,13.7886111111111,180000.0,0.0,1.5
158041,44391.4121296296,44972.4450231481,24886.0,0.0,1.0,0.0,1160.0,69.3194444444444,250000.0,10000.0,5.5
396382,0.0,0.0,0.0,0.0,GROUND,10.0,GM-MOWER,GROUND-MOWER,200 PARKSIDE DR,,396JOHNDI14
274037,0.0,0.0,0.0,0.0,APPARATUS,12.0,APP-ARR-BD,,891 MORNINGSIDE AVE,,274VERMNA19
111099,45133.4172222222,44879.4958333333,26324.0,995.0,1882.0,107.0,1160.0,1.5,0.0,,VAN-1/2T
194042,45133.3229398148,45106.5954976852,12509.0,1917.0,4908.0,844.0,1160.0,36.3891666666667,250000.0,10000.0,3.0
156197,,45104.4875578704,43797.0,3066.0,5461.0,342.0,1160.0,239.198611111111,220000.0,5500.0,5.0
205024,45135.3894560185,,116642.0,6187.0,13296.0,731.0,1160.0,481.321388888889,250000.0,6250.0,6.0
319241,45099.5224768519,45056.4497453704,0.0,52.0,0.0,52.0,536.0,88.6275,0.0,3500.0,3.0
003299,,16008.0,0.0,0.0,0.0,CLASS1,16.5738888888889,1.0,0.0,007078,SEDAN-PASS
396354,45117.3349537037,43693.3964351852,0.0,948.0,0.0,300.0,1160.0,0.5,2800.0,000535,GM-MOWER
350008,43615.5895833333,0.0,0.0,0.0,0.0,APPARATUS,1.0,,005267,11 ARMEL CRT,APPARUTUS-WALK BEHIND AERATOR
041235,45135.399212963,45106.4897106482,44416.0,637.0,3749.0,2.0,1160.0,51.7711111111111,160000.0,4000.0,1.5
111077,45135.5825,45134.3974074074,49764.0,940.0,5002.0,242.0,1160.0,77.6752777777778,180000.0,0.0,1.5
080111,45134.5573842593,45083.7144097222,8014.0,515.0,7039.0,450.0,1160.0,37.5158333333333,220000.0,5500.0,4.0
041304,45132.3284953704,44938.4201157407,5655.0,422.0,2008.0,181.0,1160.0,1.34666666666667,160000.0,4000.0,1.5
379059,,0.0,0.0,0.0,GROUND,8.0,GM-UT-CART,,,,379CLUBEL14A
094127,45042.4125347222,45092.5866203704,44648.0,1354.0,7083.0,130.0,1160.0,277.224722222222,160000.0,4000.0,1.0
376119,0.0,0.0,0.0,0.0,ICEMAIN,10.0,ICE-RESURF,ICE-MAIN-RESURFACER,340 PARK LAWN RD,,376ZAMBNG18A
175033,44320.5553009259,44519.3368518519,70657.0,1865.0,0.0,0.0,152.0,5.0,6250.0,005559,TRUCK-DUMP
376066,41226.4427662037,1.0,1.0,0.0,0.0,ICEMAIN,3.0,ICE-RESURF,005381,441 KIPLING AVE,ICE-MAIN-RESURFACER
135118,45127.3261458333,45103.4099652778,95960.0,0.0,3169.0,0.0,1160.0,20.4138888888889,220000.0,0.0,1.5
206103,45137.4023611111,45113.855462963,82626.0,1679.0,6585.0,175.0,1160.0,269.078888888889,400000.0,10000.0,5.0
095151,45133.4353935185,45138.5663541667,94109.0,4155.0,9114.0,71.0,1160.0,102.406944444444,,0.0,
050067,45056.5565972222,45058.443587963,26411.0,1495.0,5002.0,3.0,1160.0,308.765277777778,180000.0,0.0,1.5
378312,44600.3319560185,43662.6044212963,0.0,313.0,0.0,0.0,1160.0,1.0,2100.0,,GM-UT-CART
063073,44978.2671296296,44974.554224537,129440.0,4925.0,4203.0,250.0,464.0,20.7997222222222,220000.0,0.0,1.5
334017,0.0,0.0,0.0,0.0,LIFTING,15.0,LIFT-FRKLFT,,,,334GENELE18
396537,45138.5452893519,44036.6199305556,0.0,885.0,0.0,111.0,1160.0,0.5,3500.0,001984,GM-MOWER
396536,45135.4460185185,44051.3068055556,0.0,,0.0,34.0,1160.0,0.5,2100.0,006063,GM-MOWER
304003,0.0,,0.0,0.0,APPARATUS,11.0,APP-AERATOR,APPARUTUS-AERATOR,200 PARKSIDE DR,,304AERWNA08
094129,45135.4022106481,44979.3736921296,36924.0,1234.0,7769.0,294.0,1160.0,4.93694444444444,160000.0,4000.0,1.0
041088,44889.5503472222,44760.3575578704,80411.0,831.0,0.0,0.0,152.0,1.5,4000.0,005154,SEDAN-PASS
114030,45118.4074189815,45132.3450115741,118031.0,4897.0,4283.0,133.0,1160.0,137.454166666667,220000.0,0.0,1.5
112524,45134.323587963,44890.5244675926,20323.0,479.0,6232.0,3.0,1160.0,1.5,0.0,003892,VAN-3/4T
041452,45138.4343634259,44908.2700115741,860.0,177.0,859.0,176.0,1040.0,1.5,4000.0,10010,SEDAN-PASS
378282,,44645.9337847222,0.0,443.0,0.0,384.0,1160.0,,2100.0,,GM-UT-CART
003344,45043.5307407407,3.0,0.0,3.0,0.0,CLASS1,10.2622222222222,,0.0,005763,SEDAN-PASS
376053,0.0,0.0,0.0,0.0,ICEMAIN,10.0,ICE-RESURF,ICE-MAIN-RESURFACER,,,376ZAMBUN10
112239,45121.3253125,45125.3415162037,173769.0,0.0,8437.0,0.0,1160.0,141.735,220000.0,0.0,1.5
266090,44875.6544328704,0.0,0.0,0.0,0.0,TRAILER,0.5,TRL-UTILITY,000529,1561 LAKESHORE BLVD E,
020016,45134.4187847222,45082.6742939815,44270.0,2691.0,8642.0,327.0,1160.0,115.695,160000.0,0.0,1.0
063074,45002.3227893518,44960.516712963,152636.0,3994.0,5457.0,104.0,648.0,0.724722222222222,220000.0,0.0,1.5
080088,45133.3058101852,45084.4576851852,91890.0,4507.0,189.0,53.0,1160.0,943.970277777778,220000.0,5500.0,4.0
001140,,45097.3121064815,23777.0,1106.0,5173.0,234.0,1160.0,6.31361111111111,160000.0,0.0,1.0
156134,45076.5504976852,,64950.0,5292.0,5180.0,643.0,1160.0,110.540833333333,220000.0,0.0,4.0
329059,44833.5505208333,0.0,2.0,0.0,0.0,LIFTING,2.0,LIFT-FRKLFT,0582-1,9 LESLIE ST,
112271,45128.2811805556,44966.3176273148,75814.0,3225.0,1.0,2.0,1160.0,6.95,220000.0,0.0,1.5
112446,45134.4939351852,45020.5428356481,28754.0,941.0,2844.0,96.0,1160.0,32.0061111111111,220000.0,0.0,1.5
065114,45114.4358449074,45007.6302546296,54578.0,487.0,4471.0,3.0,1160.0,10.0886111111111,220000.0,0.0,1.5
376124,0.0,0.0,0.0,0.0,ICEMAIN,10.0,ICE-RESURF,ICE-MAIN-RESURFACER,156 CENTENNIAL PARK RD,,376ZAMBLP20B
319165,45020.3383333333,,0.0,848.0,0.0,18.0,1160.0,45.0994444444444,0.0,7000.0,0.5
112304,45006.3319791667,45030.317962963,130896.0,1581.0,2955.0,2.0,960.0,29.8538888888889,220000.0,0.0,1.5
111076,45124.5984027778,45009.5621296296,34279.0,623.0,4065.0,300.0,1160.0,121.493055555556,180000.0,0.0,1.5
041262,45132.4007060185,44966.5248611111,27882.0,612.0,3765.0,1.0,1160.0,18.8827777777778,160000.0,4000.0,1.5
329060,44861.3692939815,0.0,3.0,0.0,0.0,LIFTING,2.0,,000580,21 REDWAY RD,
192003,45135.5744097222,45051.3025925926,161922.0,,4023.0,2.0,1160.0,175.330833333333,220000.0,5500.0,6.0
266034,44727.3701967593,0.0,0.0,0.0,0.0,TRAILER,0.5,TRL-UTILITY,000520,433 EASTERN AVE,
112422,45107.3269907407,44837.8903009259,53049.0,2553.0,5698.0,296.0,1160.0,1.5,0.0,5464-1,VAN-3/4T
073115,45133.3016782407,45124.3400115741,153731.0,4069.0,8245.0,507.0,1160.0,199.055,220000.0,0.0,1.5
396455,45134.4744791667,42696.4947222222,0.0,1102.0,0.0,56.0,1160.0,0.5,2100.0,005513,GM-MOWER
065145,45076.6790740741,45105.410462963,11601.0,382.0,1881.0,2.0,1160.0,188.499166666667,220000.0,0.0,1.5
294027,40357.60625,43592.4788425926,0.0,491.0,0.0,0.0,304.0,1.0,6300.0,000520,APP-BRUSH-CH
236253,45088.8142361111,45100.8081712963,108742.0,4813.0,3525.0,305.0,1160.0,181.9825,250000.0,10000.0,8.0
007032,45133.2161458333,45063.2944675926,156300.0,7295.0,11105.0,,1160.0,8.2,160000.0,0.0,1.5
378212,44944.514224537,45037.4234143519,34404.0,652.0,2.0,111.0,960.0,4.33805555555556,0.0,700.0,1.0
112527,45138.4567708333,45100.7936921296,39265.0,2180.0,,612.0,1160.0,135.397222222222,220000.0,0.0,1.5
158081,45093.3225578704,45106.4385532407,18322.0,1161.0,2828.0,304.0,1160.0,176.664166666667,250000.0,6250.0,5.0
206080,45121.2156365741,45112.2423726852,221242.0,8554.0,12927.0,567.0,1160.0,199.241111111111,400000.0,10000.0,5.0
041156,45133.3954398148,44608.4658912037,46488.0,1920.0,1861.0,50.0,1160.0,1.5,4000.0,000520,SEDAN-PASS
378281,43038.4927083333,0.0,2.0,0.0,0.0,GROUND,1.0,GM-UT-CART,0516-3,200 PARKSIDE DR,
005013,,45055.3556712963,34637.0,834.0,45.0,4.0,1160.0,563.261111111111,160000.0,4000.0,1.5
204031,45132.5783217593,45138.3293865741,16282.0,544.0,681.0,3.0,1160.0,119.564722222222,250000.0,6250.0,8.0
156137,45093.3350347222,45097.301099537,106215.0,7413.0,388.0,84.0,1160.0,101.367222222222,220000.0,,6.0
156190,45138.3177662037,44987.3159953704,19833.0,1365.0,3456.0,85.0,1160.0,20.7752777777778,220000.0,0.0,4.0
376096,44665.8611574074,0.0,0.0,0.0,0.0,ICEMAIN,3.0,ICE-RESURF,003324,2467 EGLINTON AVE E,ICE-MAIN-RESURFACER
319160,44990.2881481481,45043.4479976852,0.0,1662.0,0.0,63.0,,127.485833333333,0.0,3500.0,0.5
319100,45126.5663425926,45117.385474537,0.0,1540.0,0.0,51.0,1160.0,232.932777777778,0.0,4900.0,0.5
330159,45132.5555902778,45124.547650463,0.0,2754.0,0.0,137.0,1160.0,269.381111111111,0.0,2100.0,4.0
043242,44900.5628703704,44907.3876736111,100888.0,5603.0,1.0,1.0,152.0,13.5025,180000.0,0.0,1.5
050163,45134.4128472222,44979.480474537,28189.0,1239.0,9889.0,544.0,,0.00222222222222222,,,
041318,45096.4974305556,45054.568125,12359.0,906.0,165.0,14.0,1160.0,21.2505555555556,160000.0,4000.0,1.5
188070,45049.5053819444,45125.6138657407,20810.0,1855.0,3096.0,421.0,1160.0,,250000.0,6250.0,5.0
067042,45135.1015625,45042.3394560185,221745.0,9794.0,7530.0,268.0,1160.0,388.594722222222,220000.0,0.0,1.5
157041,45132.4048032407,45096.3653240741,69147.0,3606.0,2631.0,304.0,1160.0,,220000.0,0.0,4.0
001060,45126.5760069444,,51703.0,1692.0,4987.0,193.0,1160.0,106.817222222222,160000.0,,1.0
003120,45127.535,44970.2465972222,53232.0,207.0,1496.0,3.0,1160.0,75.4552777777778,160000.0,0.0,1.0
330143,45134.2756018518,45104.3209143519,0.0,3670.0,0.0,321.0,1160.0,194.524444444444,0.0,2100.0,4.0
396458,45132.3086111111,43972.5098032407,0.0,2347.0,0.0,164.0,1160.0,,5600.0,003698,GM-MOWER
111049,45135.3328935185,45104.5840277778,60485.0,0.0,1481.0,0.0,1160.0,38.6230555555556,180000.0,0.0,1.5
LF0003,0.0,0.0,0.0,0.0,ATTACHMENT,10.0,ATT-LEAF-BOX,ATTACHMENT-LEAF BOX,61 TORYORK DR,,LEAFBOX
155014,44938.4916550926,44859.5352430556,108054.0,3407.0,0.0,,152.0,4.0,5500.0,002426,TRUCK-DUMP
001052,45135.5100925926,45125.4409606481,38255.0,1027.0,39.0,1.0,1160.0,21.7372222222222,160000.0,0.0,1.0
322103,45127.5775578704,45125.5667476852,0.0,297.0,0.0,297.0,920.0,353.924166666667,0.0,7000.0,8.0
285025,43399.3293518519,43399.8115046296,0.0,0.0,0.0,0.0,1160.0,1.0,6300.0,,APP-COMPRRESS
191013,45138.534375,45114.7151851852,25771.0,1259.0,805.0,81.0,1160.0,122.196666666667,250000.0,0.0,4.0
355002,42520.2978125,0.0,322.0,0.0,0.0,ATTACHMENT,1.0,ATT-BCH-CLEAN,0516-3,,ATTACHMENT-BEACH CLEANER
158083,45089.3882523148,45135.4792939815,8076.0,567.0,878.0,80.0,1160.0,252.615833333333,250000.0,6250.0,5.0
267083,45072.4459837963,0.0,0.0,0.0,0.0,TRAILER,72.9408333333333,0.5,0.0,004793,
319079,41943.5446527778,44925.2693634259,0.0,1378.0,0.0,0.0,1160.0,114.949444444444,0.0,5600.0,0.5
194035,45104.3200347222,45118.2651967593,50396.0,4295.0,3394.0,329.0,1160.0,99.81,250000.0,10000.0,3.0
076026,45131.3122106481,45041.4099884259,92706.0,6763.0,4487.0,364.0,1160.0,89.6602777777778,220000.0,0.0,1.5
267238,45131.2473263889,0.0,0.0,0.0,0.0,TRAILER,24.4563888888889,0.5,0.0,002426,
051012,45119.3516087963,44985.4975925926,54973.0,5395.0,3.0,3.0,1160.0,182.3225,180000.0,4500.0,1.5
176023,45131.4753356481,45100.4272685185,97739.0,1533.0,3334.0,3.0,1160.0,655.225555555556,250000.0,10000.0,5.5
762604,44825.5287268519,1454.0,282.0,0.0,0.0,GROUND,1.0,GM-UT-CART,002979,4200 YONGE ST,
112506,45138.3100462963,45057.5738194444,7007.0,609.0,1282.0,275.0,1160.0,38.1211111111111,220000.0,0.0,1.5
266074,44811.4102777778,0.0,0.0,0.0,0.0,TRAILER,0.5,TRL-UTILITY,000520,433 EASTERN AVE,
135129,43544.4738541667,43571.3707060185,,0.0,0.0,0.0,1160.0,3.0,5500.0,,TRUCK-CUBE
373002,44810.562349537,0.0,87.0,0.0,1.0,WINTERMAIN,8.0,WM-MELTER,003892,1050 ELLESMERE RD,WINTER-MAIN-SNOW MELTER
045186,,,201.0,22.0,3.0,4.0,1160.0,7.34222222222222,180000.0,0.0,1.5
267151,44970.4009722222,0.0,0.0,0.0,0.0,TRAILER,85.9888888888889,0.5,0.0,005381,TRL-UTILITY
067125,45136.2723032407,45040.3386805556,14324.0,1264.0,11988.0,1114.0,1160.0,347.464722222222,220000.0,5500.0,1.5
063081,45134.5330902778,45037.4291550926,83143.0,4450.0,2669.0,183.0,1160.0,29.3183333333333,220000.0,0.0,
330173,45138.5592476852,45128.4407175926,0.0,2662.0,0.0,336.0,1160.0,469.166944444444,0.0,2100.0,4.0
237156,44861.3127662037,44867.8106481481,47491.0,3816.0,0.0,0.0,1160.0,8.0,6250.0,004869,TRUCK-SLOAD
050053,45128.5270138889,44883.3775578704,43142.0,2526.0,6602.0,412.0,1160.0,1.5,,4301-1,PICKU-1/2T
020026,45127.3032291667,45084.2966898148,45396.0,3126.0,4952.0,575.0,1160.0,35.5513888888889,160000.0,0.0,
111090,45135.5387152778,45050.247962963,36992.0,723.0,4792.0,301.0,1160.0,9.67333333333333,180000.0,0.0,1.5
135007,41295.4340277778,15000.0,0.0,0.0,0.0,CLASS4,,TRUCK-CUBE,,,TRUCK - CUBE
112520,45135.4494675926,45079.5808449074,35127.0,1209.0,5734.0,186.0,1160.0,25.3833333333333,220000.0,0.0,1.5
095201,45128.4399189815,,8017.0,83.0,3267.0,76.0,1160.0,176.761388888889,160000.0,0.0,1.5
CLAW16,44104.2705671296,1.0,1.0,0.0,0.0,ATTACHMENT,,ATT-CLW-BUC,000525,1116 KING ST W,ATTACHMENT-CLAW BUCKET
267148,45124.261875,0.0,0.0,0.0,0.0,TRAILER,33.6066666666667,0.5,0.0,005109,TRL-UTILITY
001154,45122.4001041667,45021.5275578704,5978.0,328.0,5205.0,306.0,1160.0,19.2791666666667,160000.0,,1.0
041249,45013.4171759259,45134.6518171296,32121.0,2038.0,103.0,300.0,1160.0,40.3597222222222,160000.0,4000.0,1.5
237203,43830.0,45135.7833333333,58955.0,7143.0,8100.0,925.0,1160.0,341.671388888889,250000.0,6250.0,8.0
003130,,44775.6187384259,85511.0,0.0,271.0,0.0,648.0,1.0,0.0,005987,SEDAN-PASS
065137,45134.5522337963,45117.4590393519,56831.0,2895.0,7287.0,5.0,1160.0,25.5394444444444,220000.0,8000.0,1.5
286008,42116.4033680556,0.0,1.0,0.0,0.0,APPARATUS,1.0,APP-COMPRRESS,0582-1,,APPARUTUS-COMPRESSOR
237241,43830.0,45125.3076967593,41727.0,4849.0,8366.0,987.0,1160.0,497.099722222222,250000.0,6250.0,8.0
316015,45120.504224537,0.0,586.0,0.0,82.0,ROADMAIN,799.084722222222,4.5,3500.0,000619,ROAD-SWK-SWP
396395,45055.581099537,44754.3086342593,0.0,2650.0,0.0,2.0,1160.0,0.5,7000.0,003896,GM-MOWER
319132,45012.5367708333,0.0,649.0,0.0,23.0,GROUND,0.0,0.5,3500.0,,GM-TRACT
041438,45133.3775925926,44840.2541203704,3879.0,169.0,3878.0,168.0,1160.0,1.5,4000.0,40010,SEDAN-PASS
322093,45135.5271990741,45050.4609837963,0.0,2430.0,0.0,409.0,1160.0,300.936388888889,0.0,7000.0,8.0
395031,45138.4892361111,0.0,1731.0,0.0,138.0,GROUND,0.5,GM-MOWER,005486,1000 JANE ST,GROUND-MOWER
396554,45118.3395601852,45135.540775463,0.0,34.0,0.0,31.0,1160.0,,0.0,2100.0,0.5
045206,45098.4186689815,44973.3465972222,1863.0,69.0,1381.0,56.0,1160.0,260.830833333333,180000.0,,1.5
041345,,45057.3135763889,35609.0,2838.0,3877.0,222.0,1160.0,105.745555555556,160000.0,4000.0,1.5
223064,44916.3815046296,44847.6153125,138005.0,5498.0,0.0,0.0,304.0,0.0,220000.0,5500.0,8.0
330192,45138.5558101852,45132.4451851852,0.0,661.0,0.0,150.0,1160.0,87.4513888888889,0.0,2100.0,4.0
296010A,44909.6545138889,0.0,0.0,0.0,0.0,TRAILER,0.5,TRL-UTILITY,5109-1,305 ROCKCLIFFE BLVD,
376081,0.0,0.0,0.0,0.0,ICEMAIN,10.0,ICE-RESURF,ICE-MAIN-RESURFACER,,,376ZAMBNG12A
041387,45092.4916203704,45009.5304976852,19053.0,1922.0,5896.0,503.0,1160.0,21.5191666666667,160000.0,4000.0,1.5
237254,45133.6536458333,34436.0,2457.0,4350.0,772.0,CLASS8,482.430833333333,8.0,6250.0,3892-2,TRUCK-SLOAD
329051,43383.267337963,0.0,1.0,0.0,0.0,LIFTING,2.0,LIFT-FRKLFT,0582-1,9 LESLIE ST,
001163,45135.6275925926,44893.2632407407,22803.0,833.0,4502.0,159.0,1160.0,1.0,0.0,005763,SEDAN-PASS
250029,44916.8012615741,0.0,0.0,0.0,0.0,TRAILER,141.002222222222,0.5,0.0,005387,TRL-VAN/TANK
114038,45127.6369212963,44540.4728356482,31570.0,12.0,3525.0,0.0,1160.0,1.5,0.0,000829,VAN-1TON
379067,0.0,0.0,0.0,0.0,GROUND,8.0,GM-BIKE,GROUNT-CARGO-BIKE,,,379CUSHEL13
194009,44832.338287037,45033.5535532407,25616.0,4711.0,2.0,2.0,1160.0,2.71472222222222,250000.0,10000.0,3.0
063088,45136.2790277778,45132.4331134259,96307.0,4511.0,6970.0,12.0,1160.0,416.575555555556,220000.0,5500.0,1.5
094048,45050.5069444444,44839.4216666667,43299.0,0.0,2125.0,0.0,960.0,,4000.0,005680,VAN-PASS
269082,44747.4024537037,0.0,0.0,0.0,0.0,APPARATUS,0.5,APP-ARR-BD,002990,64 MURRAY RD,APPARUTUS ARROW BOARD
382011,45137.3413194444,43556.5425231481,3323.0,1.0,100.0,0.0,1160.0,1.0,2100.0,002979,GM-UT-CART
319239,,45062.4427314815,0.0,142.0,0.0,75.0,1160.0,303.882777777778,0.0,3500.0,2.0
080089,45125.3057060185,45132.3377430556,73246.0,2851.0,6008.0,628.0,1160.0,76.8313888888889,220000.0,5500.0,4.0
156169,45127.3959606482,45100.3097916667,49810.0,2773.0,3045.0,16.0,1160.0,27.4594444444444,220000.0,5500.0,6.0
065128,45098.5015740741,45099.4657291667,79676.0,5992.0,4323.0,319.0,1160.0,254.249722222222,220000.0,0.0,1.5
045173,45133.4825231481,45120.3243287037,25314.0,1482.0,7.0,1.0,1160.0,53.8063888888889,180000.0,0.0,1.5
041129,45134.3656597222,45103.5462384259,107891.0,0.0,4010.0,0.0,1160.0,0.0558333333333333,160000.0,4000.0,1.5
287004,41585.5373148148,43012.3244791667,0.0,12.0,0.0,0.0,1160.0,0.5,6300.0,5381-1,APP-WATER-PMP
049009,45089.5057986111,45138.3340046296,22104.0,917.0,2.0,2.0,1160.0,84.3461111111111,180000.0,4500.0,1.5
269035,41493.3591898148,0.0,0.0,0.0,0.0,APPARATUS,0.5,APP-ARR-BD,10070,NORTHLINE GARAGE,APPARUTUS ARROW BOARD
161018,45134.2890046296,,68834.0,2317.0,9936.0,561.0,1160.0,81.695,250000.0,0.0,3.0
396463,45124.2984953704,,0.0,946.0,0.0,148.0,1160.0,0.5,2100.0,004301,
376083,0.0,0.0,0.0,0.0,ICEMAIN,10.0,ICE-RESURF,ICE-MAIN-RESURFACER,1633 WILSON AVE,,376ZAMBNG13B
076049,45135.3078819444,45083.5780324074,53945.0,3757.0,4897.0,347.0,1160.0,68.0588888888889,220000.0,0.0,1.5
041264,45118.4411921296,45138.3906481481,,931.0,3129.0,1.0,1160.0,7.89972222222222,160000.0,4000.0,1.5
111102,45127.3471875,44980.3970138889,15646.0,26.0,5004.0,2.0,1160.0,1.67861111111111,180000.0,0.0,1.5
269091,0.0,0.0,0.0,0.0,APPARATUS,12.0,APP-ARR-BD,APPARUTUS ARROW BOARD,150 DISCO RD,,269VERMNA23
334019,0.0,0.0,0.0,0.0,LIFTING,15.0,LIFT-ART-BLIF,LIFTING-ARTICULATED BOOMLIFT,,,334GENEUN18
319106,45126.5664930556,45099.4662962963,0.0,2433.0,0.0,293.0,1160.0,3.61277777777778,0.0,4900.0,0.5
285020,,,0.0,302.0,0.0,0.0,800.0,0.0,0.0,4200.0,1.0
501019,44222.7155671296,0.0,0.0,0.0,0.0,APPARATUS,4.0,APP-GENERATOR,STN346,CNE GROUNDS,APPARUTUS-GENERATOR
065118,45120.4093865741,45047.3476388889,,946.0,3733.0,5.0,1160.0,314.379722222222,220000.0,0.0,
396575,45134.3861921296,45114.7610648148,0.0,10.0,0.0,10.0,80.0,26.4258333333333,0.0,2100.0,0.5
065154,45132.5648611111,45097.2963888889,18540.0,1364.0,4231.0,323.0,1160.0,274.645833333333,220000.0,0.0,1.5
112367,44908.3509490741,44594.6028240741,84926.0,1779.0,0.0,0.0,152.0,1.5,0.0,,VAN-3/4T
329065,45049.4946064815,0.0,2.0,0.0,2.0,LIFTING,125.4475,2.0,7000.0,CNE,LIFT-FRKLFT
156078,44956.5195486111,45070.483900463,86558.0,0.0,588.0,0.0,1160.0,,220000.0,0.0,4.0
396251,44903.6473958333,,405.0,0.0,1.0,GROUND,44.5011111111111,0.5,2800.0,,GM-MOWER
095166,45134.5041550926,45133.564849537,24731.0,1710.0,5794.0,387.0,1160.0,83.97,160000.0,0.0,1.5
206101,,45131.7527430556,82162.0,1052.0,9477.0,5.0,1160.0,,400000.0,10000.0,5.0
1199,39219.7284722222,43654.4737962963,0.0,544.0,0.0,0.0,1160.0,,1400.0,5381-1,ATT-GEN
135154,45008.2569097222,45009.3599189815,120020.0,4915.0,2535.0,113.0,648.0,338.950277777778,220000.0,5500.0,3.0
269072,45127.5204513889,0.0,0.0,0.0,0.0,APPARATUS,0.855277777777778,0.5,0.0,002426,APP-ARR-BD
064141,45126.584525463,45072.4414467593,76331.0,4467.0,4250.0,331.0,1160.0,352.293333333333,220000.0,0.0,1.5
112489,45131.5948726852,44951.5526388889,19836.0,1332.0,6.0,15.0,1160.0,0.0541666666666667,,0.0,1.5
376129,44985.4890625,4.0,4.0,4.0,4.0,ICEMAIN,12.2625,3.0,4900.0,005381,ICE-RESURF
064166,45098.4962962963,,60270.0,3463.0,1624.0,142.0,1160.0,1.5,0.0,4869-1,PICKU-3/4T
094109,45071.3856134259,45117.4656365741,20400.0,1272.0,2751.0,182.0,1160.0,108.986388888889,160000.0,4000.0,1.0
041114,44120.3263773148,,87711.0,395.0,0.0,0.0,304.0,1.5,4000.0,005154,SEDAN-PASS
250516,45120.2599884259,0.0,0.0,0.0,0.0,TRAILER,102.785277777778,0.5,0.0,005449,TRL-VAN/TANK
041174,45044.3187615741,44966.3035300926,60689.0,3435.0,931.0,69.0,1160.0,40.6433333333333,160000.0,4000.0,1.5
041149,45055.5380208333,45089.6192013889,147750.0,2144.0,1744.0,0.0,1160.0,29.34,160000.0,4000.0,1.5
074022,45006.0433912037,45085.5729976852,18068.0,1405.0,1.0,1.0,1160.0,0.00305555555555556,220000.0,0.0,1.5
112452,45126.3962384259,44931.5248263889,31812.0,1548.0,6456.0,369.0,1160.0,14.6188888888889,220000.0,0.0,1.5
286011,45042.4310185185,44938.4518518519,0.0,16.0,0.0,16.0,944.0,78.3669444444444,0.0,9800.0,0.5
267140,45009.3433333333,0.0,0.0,0.0,0.0,TRAILER,6.79333333333333,0.5,0.0,005854,TRL-UTILITY
266078,44803.3144560185,0.0,0.0,0.0,0.0,TRAILER,0.5,TRL-UTILITY,004426,1026 FINCH AVE W,
113078,71.0,1.0,71.0,1.0,CLASS2,10.0,VAN-3/4T,VAN - 3/4 TON,1026 FINCH AVE W,,113FORDUN23A
135183,,44950.5074537037,20934.0,583.0,3268.0,0.0,1160.0,21.0613888888889,220000.0,5500.0,3.0
319126,45100.3875810185,45113.5659027778,0.0,3210.0,0.0,199.0,1160.0,100.528055555556,0.0,4200.0,0.5
041335,45127.4624768519,45076.540162037,26932.0,573.0,3565.0,146.0,1160.0,12.9258333333333,160000.0,4000.0,1.5
051005,45132.36375,45106.4916898148,78987.0,2220.0,817.0,213.0,1160.0,148.823055555556,180000.0,4500.0,1.5
005014,45138.1452546296,45097.7075578704,45112.0,464.0,12658.0,315.0,1160.0,35.9288888888889,,4000.0,1.5
050036,45136.7919907407,45050.5988541667,31790.0,1844.0,3.0,1.0,1160.0,1.6275,180000.0,4500.0,1.5
294095,44960.5681828704,44910.6490393519,0.0,5.0,0.0,4.0,1112.0,1.0,9800.0,004301,APP-BRUSH-CH
112471,45134.3073842593,45119.3584606481,42064.0,1964.0,9683.0,2.0,1160.0,0.945277777777778,220000.0,0.0,1.5
048038,43315.368900463,43320.4232638889,0.0,0.0,0.0,0.0,1160.0,1.5,0.0,,PICKU-1/2T
289022,41522.5285648148,45099.6264583333,0.0,322.0,0.0,5.0,,394.987222222222,0.0,3500.0,1.0
376075,0.0,0.0,0.0,0.0,ICEMAIN,10.0,ICE-RESURF,ICE-MAIN-RESURFACER,441 KIPLING AVE,,376ZAMBNG12A
202040,45112.3341782407,45135.6087731481,17117.0,1467.0,1802.0,212.0,1160.0,438.708055555556,250000.0,10000.0,6.25
378346,45110.5776388889,44833.2799421296,0.0,274.0,0.0,260.0,1160.0,,2100.0,001772,GM-UT-CART
319080,44631.332037037,45090.5223611111,0.0,2124.0,0.0,301.0,1160.0,73.53,0.0,5600.0,0.5
266062,44334.3921875,0.0,0.0,0.0,0.0,TRAILER,0.5,,4869-1,195 BERMONDSEY RD,
041256,45138.3760416667,45089.3557291667,36741.0,21.0,4424.0,0.0,1160.0,42.12,160000.0,4000.0,1.5
048047,,45132.406400463,76611.0,0.0,603.0,0.0,1160.0,108.8125,180000.0,4500.0,1.5
347020,44887.3365277778,0.0,45.0,0.0,0.0,WINTERMAIN,2.0,WM-BLOW,005495,1401 CASTLEFIELD AVE,WINTER-MAIN-SNOW BLOWER
112337,45135.420462963,45124.5666666667,62674.0,2933.0,4554.0,55.0,1160.0,152.053055555556,220000.0,0.0,1.5
176024,45134.2408912037,45135.3097222222,83976.0,1219.0,4000.0,2.0,1160.0,572.624722222222,250000.0,10000.0,5.5
206050,45138.2613541667,45118.5549884259,115507.0,2441.0,14608.0,305.0,1160.0,312.665,400000.0,10000.0,5.0
322080,43887.3718865741,45050.8733796296,0.0,4293.0,0.0,1.0,1160.0,6.54694444444444,0.0,7000.0,8.0
076061,45125.300625,45131.3476967593,40702.0,860.0,3962.0,307.0,1160.0,129.430277777778,220000.0,0.0,1.5
067119,45138.2653240741,44974.3659027778,7361.0,603.0,7361.0,603.0,912.0,173.509444444444,220000.0,0.0,1.5
315081,45135.5475810185,45131.3745023148,0.0,2448.0,0.0,245.0,1160.0,490.008888888889,250000.0,9000.0,8.0
294068,43881.3744675926,45113.5491782407,0.0,258.0,0.0,0.0,1160.0,18.8197222222222,0.0,6300.0,1.0
111060,45071.5404282407,45077.3748611111,71687.0,2980.0,3189.0,149.0,1160.0,150.236944444444,180000.0,0.0,1.5
041233,45132.3858564815,45127.3104861111,46425.0,641.0,3714.0,0.0,1160.0,7.59305555555556,160000.0,4000.0,1.5
161016,43696.0995138889,45101.4319444444,48160.0,,7.0,7.0,1160.0,573.76,250000.0,0.0,3.0
204042,45082.5298726852,5000.0,300.0,5000.0,300.0,CLASS8,235.283055555556,,10000.0,004426,TRUCK-SEWER
384017,,0.0,0.0,0.0,GROUND,8.0,GM-BIKE,GROUNT-CARGO-BIKE,433 EASTERN AVE,,384NORCNA07
045165,45134.5811342593,45098.3808101852,33607.0,2152.0,4.0,2.0,1160.0,4.02833333333333,180000.0,0.0,1.5
192017,45138.4057291667,45069.6017824074,16796.0,932.0,2404.0,147.0,1160.0,381.154444444444,250000.0,10000.0,6.0
006917,37993.411724537,0.0,0.0,0.0,0.0,ATTACHMENT,0.5,ATT-CON-BRK,,,ATTACHMENT-VEHICLE MOUNTED CON
041383,45134.5317476852,45134.3506481481,8439.0,2233.0,6854.0,703.0,1160.0,97.9797222222222,160000.0,4000.0,1.5
384006,0.0,0.0,0.0,0.0,GROUND,8.0,GM-BIKE,GROUNT-CARGO-BIKE,433 EASTERN AVE,,384NORCNA07
041373,45132.412650463,45127.6173958333,16088.0,1711.0,5804.0,548.0,1160.0,0.0202777777777778,160000.0,4000.0,1.5
061157,45138.3331712963,44890.3623958333,56527.0,1769.0,1046.0,1.0,1160.0,1.5,0.0,004512,PICKU-3/4T
041396,45105.4729050926,44621.5500115741,7469.0,233.0,2321.0,77.0,1160.0,1.5,4000.0,005680,SEDAN-PASS
396308,41410.3221527778,0.0,6.0,0.0,0.0,GROUND,0.5,GM-MOWER,005109,301 ROCKCLIFFE BLVD,GROUND-MOWER
315025,44523.4844097222,45048.3387037037,116316.0,9280.0,1.0,1.0,800.0,1.46694444444444,250000.0,,8.0
050109,,,21834.0,1226.0,2937.0,217.0,1160.0,1.66861111111111,180000.0,0.0,1.5
041207,45138.5065740741,45132.3624537037,84239.0,5150.0,6516.0,413.0,1160.0,,160000.0,4000.0,1.5
047081,45133.6017592593,44896.4266898148,50069.0,878.0,6153.0,0.0,1160.0,1.5,4500.0,005763,PICKU-COMP
396276,,0.0,353.0,0.0,0.0,GROUND,0.5,GM-MOWER,003893,451 BRIMLEY RD,GROUND-MOWER
003095,45125.3944097222,45126.4716550926,66424.0,0.0,2229.0,0.0,1160.0,40.0,160000.0,0.0,1.0
041231,45133.3574652778,45029.3951967593,54293.0,15.0,5849.0,3.0,1160.0,56.5580555555556,160000.0,4000.0,1.5
076079,45138.3028472222,45089.3196990741,9465.0,435.0,4726.0,143.0,1160.0,592.360555555556,220000.0,0.0,1.5
396464,43028.3536921296,42948.3050810185,0.0,302.0,0.0,0.0,1160.0,0.5,2100.0,0516-3,GM-MOWER
378311,45016.3302430556,43662.5984953704,0.0,665.0,0.0,167.0,1160.0,1.0,2100.0,,GM-UT-CART
020047,45119.526712963,44970.3320138889,22433.0,740.0,1367.0,87.0,1160.0,48.9058333333333,160000.0,0.0,1.0
080042,44907.4663541667,44840.6606134259,113610.0,5205.0,0.0,0.0,304.0,4.0,5500.0,004426,TRUCK- UTILI
135150,45007.3510648148,45135.2994444444,72262.0,1618.0,1382.0,2.0,1160.0,121.898888888889,220000.0,0.0,1.5
176019,44862.3599884259,44862.397662037,96790.0,5139.0,1.0,1.0,648.0,0.0,250000.0,6250.0,5.0
378297,43334.5850462963,22.0,0.0,0.0,0.0,GROUND,1.0,GM-UT-CART,000579,130 THE QUEENSWAY,
045137,45099.5908796296,45104.2817361111,43870.0,3586.0,1900.0,170.0,,489.134444444444,180000.0,0.0,1.5
003326,45002.3367476852,32.0,0.0,32.0,0.0,CLASS1,37.2452777777778,1.0,0.0,005181,SEDAN-PASS
045123,45132.3907291667,44939.4249074074,42700.0,2287.0,2978.0,300.0,1160.0,32.1525,180000.0,4500.0,1.5
378362,44973.5483449074,0.0,2.0,0.0,2.0,GROUND,72.2869444444444,1.0,2100.0,005154,GM-UT-CART
041091,44958.4402893518,44827.5311226852,114458.0,0.0,355.0,0.0,648.0,1.5,4000.0,005154,SEDAN-PASS
334024,41084.3940393518,0.0,0.0,0.0,0.0,LIFTING,2.0,LIFT-ART-BLIF,,,LIFTING-ARTICULATED BOOMLIFT
250062,0.0,0.0,0.0,0.0,TRAILER,10.0,TRL-VAN/TANK,TRAILER-VAN/TANKER ALUMINUM,FLEET MAINTENANCE HAULAGE,,250TITANA23
396270,42976.2972106481,44006.5088657407,0.0,394.0,0.0,0.0,1160.0,0.5,2100.0,4847-1,GM-MOWER
324018,45036.3100694444,44998.3816203704,0.0,370.0,0.0,33.0,1160.0,13.4211111111111,0.0,2800.0,4.0
003107,45005.4467592593,44946.5734375,192743.0,0.0,1580.0,0.0,800.0,84.5277777777778,160000.0,0.0,1.0
319178,44987.3249652778,44991.4216203704,0.0,577.0,0.0,8.0,1160.0,1097.35305555556,0.0,3500.0,2.0
269065,44951.4844212963,0.0,0.0,0.0,0.0,APPARATUS,20.3738888888889,0.5,0.0,002426,APP-ARR-BD
155018,45138.3017708333,45092.3002199074,81142.0,2505.0,,482.0,1160.0,115.863888888889,220000.0,0.0,4.0
378076,44357.4339351852,3105.0,2.0,0.0,0.0,GROUND,1.0,GM-UT-CART,000582,7 LESLIE ST,
237178,43830.0,45127.6008449074,75107.0,9305.0,1271.0,177.0,1160.0,434.353888888889,250000.0,6250.0,8.0
041334,45130.4033680556,45111.4837037037,29471.0,1786.0,6689.0,335.0,1160.0,32.0927777777778,160000.0,4000.0,1.5
006333,40550.4103356482,7.0,0.0,0.0,0.0,ATTACHMENT,0.5,ATT-SNW-PLW,000520,433 EASTERN AVE,ATTACHMENT-SNOW PLOW
045090,45133.5234375,45132.3561458333,110190.0,7326.0,10000.0,303.0,1160.0,153.198888888889,180000.0,0.0,1.5
330197,45138.5543402778,45120.4125,0.0,85.0,0.0,85.0,232.0,152.615277777778,0.0,2100.0,4.0
003196,43355.5353240741,43361.6200115741,0.0,0.0,0.0,0.0,1160.0,1.0,0.0,,SEDAN-PASS
330194,45126.5559953704,45131.4696296296,0.0,673.0,0.0,241.0,1160.0,190.673611111111,0.0,2100.0,4.0
003115,45096.5519328704,44832.4463657407,80059.0,0.0,2918.0,0.0,1160.0,1.0,0.0,000520,SEDAN-PASS
384025,0.0,0.0,0.0,0.0,GROUND,8.0,GM-BIKE,GROUNT-CARGO-BIKE,843 EASTERN AVE,,502BROME23
046030,45138.5924652778,45120.2999652778,554.0,51.0,554.0,51.0,80.0,16.0,180000.0,4500.0,1.5
236193,42416.6203587963,42647.5561226852,0.0,0.0,0.0,0.0,1160.0,8.0,10000.0,,TRUCK-RLOAD
289025,44963.3774074074,0.0,8.0,0.0,2.0,APPARATUS,14.9422222222222,1.0,3500.0,000582,APP-ASPHALT-B
050079,45135.5599652778,45138.6117476852,61957.0,2520.0,10000.0,535.0,,54.7113888888889,180000.0,4500.0,1.5
331010,45132.5284259259,43186.2647569444,0.0,875.0,0.0,49.0,1160.0,0.5,2100.0,005043,GM-TRACT
095177,45132.3409722222,45041.6580902778,3201.0,202.0,17.0,1.0,1160.0,26.53,160000.0,0.0,1.5
041372,45131.3843518519,44839.4657175926,31894.0,2766.0,5253.0,439.0,1160.0,1.5,4000.0,004426,SEDAN-PASS
003337,44838.4415393519,8.0,0.0,6.0,0.0,CLASS1,1.0,SEDAN-PASS,004426,1026 FINCH AVE W,SEDAN - PASSENGER
043238,45136.2943171296,45041.5153009259,98622.0,928.0,4480.0,302.0,1160.0,141.053055555556,180000.0,4500.0,1.5
LF0031,43740.4961111111,0.0,0.0,0.0,0.0,ATTACHMENT,0.5,ATT-LEAF-BOX,4301-1,61 TORYORK DR,ATTACHMENT-LEAF BOX
269073,44994.5516319444,0.0,0.0,0.0,0.0,APPARATUS,0.0275,0.5,0.0,002426,APP-ARR-BD
041429,45105.5632060185,44834.536400463,4823.0,276.0,3355.0,201.0,1160.0,1.5,4000.0,003892,SEDAN-PASS
267203,45117.3195833333,0.0,0.0,,0.0,TRAILER,181.931388888889,0.5,0.0,003975,TRL-UTILITY
396415,42283.4099652778,0.0,2.0,0.0,0.0,GROUND,0.5,GM-MOWER,004793,149 ELMCREST RD,GROUND-MOWER
041136,44497.3060532407,44964.4995833333,,2109.0,1.0,1.0,800.0,109.823333333333,160000.0,4000.0,1.5
378235,45057.3048726852,42340.2857060185,1926.0,1.0,84.0,0.0,1160.0,1.0,2100.0,005267,GM-UT-CART
269080,45103.5391898148,0.0,0.0,0.0,0.0,APPARATUS,53.0416666666667,0.5,0.0,002426,APP-ARR-BD
041414,45125.6414699074,44936.2726388889,283.0,55.0,283.0,55.0,1032.0,77.1766666666667,160000.0,4000.0,1.5
003357,45048.3816782407,3.0,0.0,3.0,0.0,CLASS1,7.36944444444444,1.0,0.0,005763,SEDAN-PASS
222045,,45121.5244328704,56392.0,3174.0,5055.0,4.0,1160.0,380.241388888889,220000.0,5500.0,8.0
294086,45128.4571643519,45055.3533449074,0.0,143.0,0.0,35.0,1160.0,40.3572222222222,0.0,9800.0,1.0
267256,45069.3000925926,,0.0,0.0,0.0,TRAILER,,0.5,0.0,005109,TRL-UTILITY
064186,45134.583912037,45055.313912037,23372.0,69.0,12531.0,38.0,1160.0,89.3244444444444,220000.0,8000.0,1.5
324025,45124.3032291667,45091.4904050926,0.0,1728.0,0.0,574.0,1160.0,119.759722222222,0.0,7000.0,4.0
050112,45121.3097222222,45070.2501157407,39594.0,912.0,7978.0,4.0,1160.0,213.189444444444,180000.0,0.0,1.5
190002,45119.3002546296,45119.6322685185,2398.0,274.0,794.0,77.0,1160.0,200.611388888889,250000.0,6250.0,6.0
323114,45135.5354166667,45105.2096412037,0.0,3271.0,0.0,1453.0,1160.0,290.498611111111,0.0,17400.0,8.0
318053,45037.3394907407,45015.303912037,0.0,193.0,0.0,181.0,1160.0,88.0,,3500.0,0.5
237152,42936.8620833333,43031.5788773148,0.0,0.0,0.0,0.0,1160.0,8.0,6250.0,,TRUCK-SLOAD
043279,,45056.5574768518,15638.0,1096.0,3708.0,236.0,1160.0,67.4716666666667,180000.0,0.0,1.5
396469,43481.5570601852,0.0,5.0,0.0,0.0,GROUND,,GM-MOWER,002522,919 SCARLETT RD,GROUND-MOWER
189021,45016.4217824074,45112.3784490741,10519.0,501.0,3316.0,304.0,1160.0,247.145,250000.0,6250.0,8.0
378283,44681.4971875,44847.9270949074,0.0,973.0,0.0,1.0,1160.0,0.0,0.0,2100.0,1.0
067126,45138.8783796296,45125.2849537037,6932.0,883.0,6932.0,883.0,1088.0,751.202777777778,220000.0,5500.0,1.5
175046,45047.319837963,,51686.0,3070.0,1892.0,181.0,1160.0,271.292777777778,250000.0,6250.0,5.0
396387,45134.4989583333,42250.6092939815,0.0,221.0,0.0,17.0,1160.0,0.5,2800.0,005267,
LF0021,0.0,0.0,0.0,0.0,ATTACHMENT,10.0,ATT-LEAF-BOX,ATTACHMENT-LEAF BOX,61 TORYORK DR,,LEAFBOX
396512,43798.4442592593,0.0,2.0,0.0,0.0,GROUND,0.5,GM-MOWER,005381,441 KIPLING AVE,GROUND-MOWER
094054,0.0,0.0,0.0,0.0,CLASS1,8.0,VAN-PASS,VAN - PASSENGER,,,094FORDEL11
324035,44965.3346643519,0.0,2.0,0.0,2.0,CONSTRUCT,41.1380555555556,4.0,7000.0,000582,CON-SKD-STR
001133,45135.5644328704,44923.2469097222,19323.0,735.0,2402.0,77.0,1160.0,0.523888888888889,160000.0,0.0,1.0
318050,45085.5505208333,45075.9634837963,0.0,124.0,0.0,55.0,1160.0,27.2463888888889,0.0,3500.0,0.5
329022,45119.386875,0.0,2261.0,0.0,0.0,LIFTING,139.829722222222,2.0,4200.0,0520-1,LIFT-FRKLFT
188065,45138.6823263889,45119.5475462963,28296.0,2589.0,5354.0,617.0,1160.0,97.8886111111111,250000.0,6250.0,5.0
319213,44980.6428240741,44991.4115625,0.0,269.0,0.0,68.0,1160.0,179.003888888889,0.0,3500.0,2.0
095029,45118.3644560185,44963.5693055556,40812.0,365.0,2868.0,1.0,1160.0,1.5,0.0,,VAN-PASS
396408,42263.3070023148,0.0,294.0,0.0,0.0,GROUND,0.5,GM-MOWER,005848,4801 DUFFERIN ST,GROUND-MOWER
078014,45132.5337152778,45085.560474537,,1392.0,2963.0,2.0,1160.0,100.359444444444,220000.0,5500.0,4.0
379029,44645.9137847222,3.0,3.0,0.0,0.0,GROUND,1.0,GM-UT-CART,,,
323071,45125.4269444444,44981.5436689815,0.0,4306.0,0.0,190.0,1160.0,138.951944444444,0.0,12600.0,
286014,44978.4102662037,0.0,0.0,0.0,0.0,APPARATUS,149.460277777778,0.5,2100.0,003698,APP-GENERATOR
250025,45037.4357638889,0.0,0.0,0.0,0.0,TRAILER,1.73111111111111,0.5,0.0,4869-2,TRL-VAN/TANK
266080,44805.2838541667,0.0,0.0,0.0,0.0,TRAILER,0.5,TRL-UTILITY,000619,1008 YONGE ST,
041435,,44939.5359722222,5975.0,198.0,4734.0,154.0,1160.0,21.1366666666667,160000.0,4000.0,1.5
223058,45120.435,45128.3518171296,39470.0,1430.0,6138.0,300.0,1160.0,301.620555555556,220000.0,5500.0,8.0
074032,45130.0023958333,45077.3229050926,19491.0,801.0,892.0,300.0,1160.0,30.7013888888889,220000.0,0.0,1.5
396501,45137.4594675926,45112.3227546296,0.0,1429.0,0.0,167.0,1160.0,8.0,0.0,3500.0,0.5
112255,44637.6055555556,45064.365150463,76131.0,1870.0,2.0,2.0,1160.0,31.6461111111111,220000.0,0.0,1.5
041140,45124.486400463,45125.3312152778,97601.0,2200.0,4129.0,4.0,1160.0,303.367222222222,160000.0,4000.0,1.5
041368,45134.4760069444,45094.3166087963,61092.0,1959.0,10870.0,35.0,1160.0,17.3336111111111,160000.0,4000.0,1.5
003333,44915.2772685185,2.0,0.0,2.0,0.0,CLASS1,17.66,1.0,0.0,001984,SEDAN-PASS
064170,45099.4349652778,45044.3697569444,,390.0,1503.0,2.0,,15.1258333333333,220000.0,0.0,1.5
267147,45125.2969791667,0.0,0.0,0.0,0.0,TRAILER,128.849722222222,0.5,0.0,006063,TRL-UTILITY
267088,45048.9128472222,0.0,0.0,0.0,0.0,TRAILER,123.461944444444,0.5,0.0,004847,TRL-UTILITY
315082,45135.4855671296,45134.3093171296,0.0,2270.0,0.0,356.0,1160.0,737.448611111111,250000.0,9000.0,8.0
003321,45002.3349189815,,0.0,32.0,0.0,CLASS1,42.7258333333333,1.0,0.0,001045,SEDAN-PASS
001032,45084.393900463,45036.4013888889,32038.0,0.0,854.0,0.0,960.0,11.3088888888889,160000.0,0.0,1.0
156185,45126.5692592593,45099.5496412037,58528.0,5007.0,10740.0,985.0,1160.0,229.101666666667,,0.0,4.0
305008,0.0,,0.0,0.0,ATTACHMENT,10.0,ATT-SPRD,ATTACHMENT-SPREADER,101 RIDGETOP RD,,305REDEXNA08
378191,44820.3046412037,43061.3846180556,7325.0,4.0,0.0,0.0,152.0,1.0,2800.0,005513,GM-UT-CART
003245,45119.3520717593,45138.4000578704,30270.0,1854.0,2098.0,179.0,1160.0,6.15555555555556,160000.0,0.0,1.0
376120,0.0,0.0,0.0,0.0,ICEMAIN,10.0,ICE-RESURF,ICE-MAIN-RESURFACER,15 GRIERSON RD,,376ZAMBPR18B
041308,45134.2940856482,44981.4988078704,43063.0,2647.0,5327.0,333.0,1160.0,3.46861111111111,160000.0,4000.0,1.5
267196,45037.2628009259,0.0,0.0,0.0,0.0,TRAILER,50.1597222222222,0.5,0.0,002979,TRL-UTILITY
043225,45133.2564814815,45065.5320486111,59949.0,0.0,2616.0,0.0,1160.0,33.36,180000.0,0.0,1.5
396505,45134.3018518519,44967.7621180556,0.0,900.0,0.0,52.0,,0.0,0.0,3500.0,0.5
270010,44838.5902893519,0.0,0.0,0.0,0.0,TRAILER,0.5,TRL-OFFICE,000520,433 EASTERN AVE,TRAILER-OFFICE
050047,45134.5299189815,45013.5153125,19389.0,976.0,5009.0,300.0,1160.0,16.7713888888889,180000.0,0.0,1.5
M7-001,38351.5585069444,0.0,0.0,0.0,0.0,TRAILER,0.5,TRL-UTILITY,,,
376114,0.0,0.0,0.0,0.0,ICEMAIN,10.0,ICE-RESURF,ICE-MAIN-RESURFACER,165 GRENOBLE DR,,376ZAMBNG18A
194025,45128.6173611111,45121.3905324074,33819.0,1576.0,7817.0,311.0,1160.0,77.9677777777778,250000.0,10000.0,3.0
269071,44909.882025463,0.0,0.0,0.0,0.0,APPARATUS,41.9719444444444,0.5,0.0,001984,APP-ARR-BD
065060,,45056.3462847222,37709.0,1327.0,3836.0,301.0,1160.0,0.651388888888889,220000.0,0.0,1.5
043272,45104.3861805556,44636.3929976852,19479.0,980.0,915.0,42.0,1160.0,1.5,0.0,,PICKU-1/2T
112145,,44999.3510763889,61300.0,2095.0,2.0,2.0,648.0,5.30361111111111,220000.0,0.0,1.5
237182,43830.0,,75214.0,10175.0,5842.0,744.0,1160.0,183.551388888889,250000.0,6250.0,8.0
112198,45117.8044675926,45138.3794444444,99163.0,0.0,2228.0,0.0,1160.0,364.955555555556,220000.0,0.0,1.5
045193,45119.3939351852,44972.3985185185,5374.0,56.0,5034.0,2.0,1160.0,21.9055555555556,180000.0,0.0,1.5
041230,45135.7122800926,45040.4532060185,45888.0,23.0,4789.0,2.0,1160.0,-1,160000.0,,1.5
045178,45118.4196643519,,17785.0,803.0,3817.0,156.0,1160.0,1.5,0.0,4301-1,PICKU-1/2T
266035,45111.5094907407,,0.0,0.0,0.0,TRAILER,20.9641666666667,0.5,,000937,TRL-UTILITY
094107,,44476.2946643519,14486.0,1426.0,0.0,0.0,1160.0,1.0,4000.0,,SEDAN-PASS
001124,45117.3449189815,44944.3924305556,20489.0,1129.0,6.0,2.0,1160.0,58.22,160000.0,0.0,1.0
237202,43830.0,45134.7059953704,70835.0,7942.0,6187.0,746.0,1160.0,498.683333333333,250000.0,6250.0,8.0
065132,45134.3195486111,45016.4257407407,59620.0,2862.0,11091.0,2.0,1160.0,16.7519444444444,220000.0,0.0,1.5
076055,45128.3271759259,45044.5354861111,46461.0,1970.0,7217.0,541.0,1160.0,43.9275,220000.0,0.0,1.5
080091,45121.4309143519,45064.3669328704,67973.0,5224.0,8072.0,440.0,1160.0,97.8241666666667,220000.0,,4.0
065127,45040.3235648148,45104.5351388889,98563.0,1867.0,2.0,2.0,1160.0,27.5780555555556,220000.0,0.0,1.5
222025,45137.2217013889,,206623.0,6774.0,7838.0,4.0,1160.0,509.955,220000.0,5500.0,8.0
396539,45128.580162037,44770.4739930556,0.0,103.0,0.0,67.0,1160.0,0.5,3500.0,004847,GM-MOWER
156198,,45125.6257175926,14480.0,1253.0,3007.0,190.0,1160.0,84.8788888888889,220000.0,5500.0,5.0
250509,0.0,0.0,0.0,0.0,TRAILER,10.0,TRL-VAN/TANK,TRAILER-VAN/TANKER ALUMINUM,50 INGRAM DR,,250TITANA23
376091,43341.3855092593,5.0,5.0,0.0,0.0,ICEMAIN,3.0,ICE-RESURF,003684,75 BIRCHMOUNT RD,ICE-MAIN-RESURFACER
191016,45138.4734375,45138.5749768519,55557.0,2356.0,20651.0,1136.0,1160.0,238.067777777778,250000.0,0.0,4.0
135175,45133.5226388889,44937.4769328704,10811.0,592.0,1467.0,1.0,1160.0,116.553611111111,220000.0,5500.0,3.0
156203,45134.3869675926,45135.5428125,15647.0,536.0,3293.0,3.0,1160.0,61.3594444444444,220000.0,0.0,4.0
065109,44950.3694444444,44923.5833333333,97812.0,3282.0,1125.0,0.0,304.0,1.5,0.0,000525,PICKU-3/4T
095131,45082.5694097222,44998.6976967593,49803.0,1603.0,9043.0,259.0,1160.0,20.37,160000.0,0.0,1.5
318038,45138.5129050926,45078.4089699074,0.0,973.0,0.0,388.0,1160.0,0.143888888888889,0.0,3500.0,0.5
001077,45134.4025462963,45127.3977662037,34146.0,2228.0,6.0,0.0,1160.0,2.87694444444444,160000.0,0.0,1.0
076028,45132.4606481481,45119.3106828704,68058.0,3260.0,5285.0,2.0,1160.0,16.0,220000.0,0.0,1.5
396545,44616.4476388889,0.0,0.0,0.0,0.0,GROUND,0.5,GM-MOWER,003893,451 BRIMLEY RD,GROUND-MOWER
290014,0.0,0.0,0.0,0.0,APPARATUS,12.0,APP-PWR-WASH,,CANADIAN NATIONAL EXHIBITION,,290KARCUN21
047060,44987.4340509259,44980.4048958333,77894.0,0.0,483.0,0.0,648.0,14.2825,180000.0,4500.0,1.5
396503,45135.4383796296,44713.3004166667,0.0,1320.0,0.0,0.0,1160.0,0.5,3500.0,000529,GM-MOWER
155013,45100.3160648148,,140963.0,6733.0,5885.0,425.0,1160.0,214.573055555556,220000.0,5500.0,4.0
267187,45042.3563541667,0.0,0.0,0.0,0.0,TRAILER,149.101388888889,0.5,0.0,003893,TRL-UTILITY
236285,43830.0,45100.6286574074,109384.0,9241.0,5689.0,574.0,1160.0,181.936388888889,250000.0,10000.0,8.0
064087,44932.5374421296,44936.5744907407,99303.0,0.0,353.0,0.0,648.0,42.7125,220000.0,0.0,1.5
395022,,0.0,1426.0,0.0,52.0,GROUND,0.5,GM-MOWER,005043,781 VICTORIA PARK AVE,GROUND-MOWER
315050,43360.5046064815,43361.3004282407,0.0,0.0,0.0,0.0,1160.0,8.0,9000.0,,ROAD-ST-SWEEP
194045,45138.4699074074,45085.3436342593,13289.0,638.0,13288.0,637.0,1160.0,174.296111111111,250000.0,0.0,3.0
266076,45099.4461458333,0.0,0.0,0.0,0.0,TRAILER,19.2494444444444,0.5,0.0,003698,TRL-UTILITY
384020,0.0,0.0,0.0,0.0,GROUND,8.0,GM-BIKE,GROUNT-CARGO-BIKE,19 HORTICULTURAL AVE,,502BABBOE19
115024,45125.6381828704,44965.6627662037,17367.0,853.0,1.0,180.0,1160.0,7.3075,220000.0,0.0,1.5
112521,45128.3270486111,45065.5134606482,22254.0,953.0,6348.0,311.0,,2.63333333333333,220000.0,0.0,1.5
285047,45077.4139583333,0.0,648.0,0.0,1.0,APPARATUS,41.3186111111111,1.0,4200.0,001984,APP-COMPRRESS
315089,45138.3144212963,45096.3359375,0.0,2280.0,0.0,271.0,1160.0,815.2125,250000.0,9000.0,8.0
063093,45138.5402662037,45127.4692824074,125675.0,762.0,17362.0,19.0,1160.0,183.482777777778,220000.0,5500.0,1.5
323030,43684.5008333333,43705.4215856481,0.0,0.0,0.0,0.0,1160.0,8.0,9800.0,,CON-ART-LOAD
003265,45133.4859722222,45105.3252314815,44734.0,1614.0,8123.0,363.0,1160.0,26.5511111111111,160000.0,0.0,1.0
378352,45113.416712963,44853.4601273148,0.0,134.0,0.0,38.0,1160.0,1.0,2100.0,004190,GM-UT-CART
396332,43768.551724537,43698.3012152778,0.0,1159.0,0.0,0.0,1160.0,0.5,2800.0,003893,GM-MOWER
267078,44911.5089467593,0.0,0.0,0.0,0.0,TRAILER,0.5,TRL-UTILITY,,,
080071,44931.4443171296,44838.2794212963,146579.0,4053.0,492.0,33.0,304.0,4.0,5500.0,5381-1,TRUCK- UTILI
073088,45138.2916319444,45113.2849884259,78718.0,0.0,3712.0,0.0,1160.0,79.91,220000.0,0.0,1.5
194034,45138.6066898148,45086.3175231482,44129.0,2347.0,5370.0,3.0,1160.0,17.8352777777778,250000.0,10000.0,3.0
007035,45138.8266087963,45022.9532407407,126554.0,6708.0,5345.0,4.0,1160.0,,160000.0,0.0,1.5
112495,45138.6775694444,44998.6600231481,33644.0,2430.0,9274.0,769.0,1160.0,82.24,220000.0,0.0,1.5
314007,43526.5254050926,44418.4201967593,0.0,1.0,0.0,0.0,1160.0,4.0,2800.0,002990,CON-ASPH-RLR
050081,45137.4336226852,45022.4429166667,54239.0,3352.0,5001.0,1.0,1160.0,80.4155555555556,180000.0,4500.0,1.5
267143,45099.5471990741,0.0,0.0,0.0,0.0,TRAILER,5.795,0.5,0.0,000549,TRL-UTILITY
204030,45111.5457291667,45120.5537037037,21074.0,539.0,2059.0,1.0,1160.0,98.7111111111111,250000.0,6250.0,8.0
095193,45133.295625,45005.5014814815,10431.0,6.0,3887.0,1.0,1160.0,0.303888888888889,160000.0,0.0,1.5
319161,45133.4906597222,45114.3880787037,0.0,2101.0,0.0,239.0,1160.0,51.5136111111111,0.0,3500.0,0.5
330181,45111.2775694444,45112.3140277778,0.0,861.0,0.0,98.0,1160.0,,0.0,2100.0,4.0
050199,45076.4353009259,3.0,0.0,3.0,0.0,CLASS2,14.1969444444444,1.5,4500.0,003893,PICKU-1/2T
065193,45104.5514930556,,10334.0,67.0,8062.0,48.0,1160.0,4.43,220000.0,0.0,1.5
396138,44138.4163194444,0.0,626.0,0.0,0.0,GROUND,0.5,GM-MOWER,003975,3079 BIRCHMOUNT RD,GROUND-MOWER
396452,42626.3921296296,0.0,1.0,0.0,0.0,GROUND,0.5,GM-MOWER,004793,149 ELMCREST RD,GROUND-MOWER
002997,45126.4888657407,44726.3733564815,79657.0,0.0,2241.0,0.0,1160.0,1.0,0.0,005386,SEDAN-PASS
041239,45138.6734722222,44945.3531944444,52323.0,980.0,1.0,1.0,1160.0,4.84583333333333,160000.0,4000.0,1.5
330175,45138.5512384259,45127.3864699074,0.0,2221.0,0.0,145.0,1160.0,182.479444444444,0.0,2100.0,4.0
135156,45118.4470949074,45104.4847916667,154312.0,3225.0,12993.0,406.0,1160.0,,250000.0,0.0,3.0
156199,45131.5681712963,45118.4314467593,31526.0,2307.0,5011.0,301.0,1160.0,,220000.0,5500.0,5.0
112472,,45090.3560069444,49238.0,3676.0,10615.0,661.0,1160.0,22.2213888888889,220000.0,0.0,1.5
095184,45128.3138541667,45120.525775463,5516.0,6.0,5149.0,1.0,1160.0,27.5261111111111,160000.0,0.0,1.5
223084,45110.1778125,45111.4128356481,103245.0,9825.0,10450.0,762.0,1160.0,443.1025,250000.0,,8.0
250040,45104.6665046296,0.0,0.0,0.0,0.0,TRAILER,101.448611111111,0.5,0.0,4869-2,TRL-VAN/TANK
076075,45125.5722337963,45128.3481481482,25748.0,1909.0,816.0,2.0,1160.0,61.8375,220000.0,0.0,1.5
267204,45100.4339814815,0.0,0.0,0.0,0.0,TRAILER,77.7797222222222,0.5,0.0,003893,TRL-UTILITY
322070,45132.6375,45034.6492013889,0.0,6036.0,0.0,95.0,1160.0,0.0647222222222222,0.0,7000.0,8.0
376039,40862.3426041667,1.0,0.0,0.0,0.0,ICEMAIN,3.0,ICE-RESURF,005381,441 KIPLING AVE,ICE-MAIN-RESURFACER
189016,44839.3137615741,45106.4755439815,157549.0,5774.0,3640.0,189.0,1160.0,263.400833333333,250000.0,10000.0,3.75
041225,45128.5992708333,45072.44625,,1549.0,2713.0,4.0,1160.0,22.8052777777778,160000.0,4000.0,1.5
094141,45137.0484143519,44979.5804398148,8562.0,187.0,8562.0,187.0,720.0,64.0552777777778,160000.0,4000.0,
043266,45113.361724537,45016.4590972222,14224.0,894.0,1809.0,94.0,1160.0,86.7063888888889,180000.0,0.0,
396413,43671.4496527778,42282.2984837963,0.0,517.0,0.0,0.0,1160.0,0.5,2100.0,005109,GM-MOWER
112310,,44936.3671643519,84512.0,4084.0,16355.0,3.0,1160.0,47.1880555555556,220000.0,0.0,1.5
378114,45118.4468865741,,1002.0,0.0,55.0,GROUND,1.0,GM-UT-CART,,,
396434,44776.42375,44312.4239351852,0.0,893.0,0.0,0.0,1160.0,0.5,2800.0,003681,GM-MOWER
316017,45135.4471875,45128.3733796296,0.0,1456.0,0.0,579.0,1160.0,55.5191666666667,0.0,3500.0,4.5
157040,45132.399849537,44995.4500347222,54239.0,3043.0,2565.0,259.0,1160.0,237.199166666667,220000.0,0.0,4.0
007024,,45117.6458333333,100540.0,3108.0,5000.0,300.0,1160.0,,160000.0,0.0,1.5
396271,41869.3083680556,43259.3777314815,0.0,251.0,0.0,0.0,1160.0,0.5,2100.0,4847-1,GM-MOWER
051008,45135.5837847222,44978.3669907407,89794.0,4242.0,3.0,1.0,1160.0,15.0297222222222,180000.0,4500.0,1.5
329005,0.0,0.0,0.0,0.0,LIFTING,15.0,LIFT-FRKLFT,,,,329TOYOPR01
045134,45135.4431134259,45022.4656597222,23389.0,1124.0,5004.0,237.0,1160.0,71.5663888888889,180000.0,0.0,1.5
319102,44985.3737847222,45037.4537152778,0.0,2895.0,0.0,17.0,800.0,155.771111111111,0.0,4900.0,0.5
077020,45135.3427083333,45090.4374305556,69393.0,1411.0,1488.0,3.0,1160.0,258.581944444444,220000.0,5500.0,4.0
396428,45097.2946759259,43651.2752083333,0.0,731.0,0.0,126.0,1160.0,0.5,2100.0,003681,GM-MOWER
384024,44861.3849421296,0.0,0.0,0.0,0.0,GROUND,0.5,GM-BIKE,001007,65 FRONT ST W,GROUNT-CARGO-BIKE
267289,,0.0,0.0,TRAILER,15.0,FINCH GARAGE,267J&JNA23A,2023 J&J LD-2 22FT. TANDEM AXLE TRAILER,,,STANDARD
293006,45132.4288773148,0.0,0.0,0.0,0.0,APPARATUS,22.4688888888889,2.0,3500.0,002426,APP-THAW-MACH
191012,45099.6225,45100.4680787037,38457.0,2314.0,6323.0,365.0,1160.0,286.583333333333,250000.0,0.0,4.0
323081,45120.7402777778,45118.4271180556,0.0,9552.0,0.0,720.0,1160.0,740.7575,0.0,17400.0,
286001,44490.5194097222,0.0,13.0,0.0,0.0,APPARATUS,1.0,APP-COMPRRESS,005154,545 COMMISSIONERS ST,APPARUTUS-COMPRESSOR
076037,45135.5355671296,45111.5272685185,52568.0,2010.0,4917.0,26.0,1160.0,163.0325,220000.0,0.0,1.5
323116,45135.5388888889,45117.2814467593,0.0,2179.0,0.0,906.0,1160.0,133.385833333333,0.0,17400.0,8.0
147002,45131.3048032407,45019.9203125,63805.0,1914.0,4833.0,213.0,1160.0,154.908611111111,220000.0,6250.0,6.0
267093,44944.5275578704,0.0,0.0,0.0,0.0,TRAILER,1.23083333333333,0.5,0.0,,TRL-UTILITY
020033,45127.4316782407,45119.3434490741,34383.0,1497.0,2063.0,133.0,1160.0,3.86472222222222,160000.0,0.0,
067027,45114.489837963,45118.3527199074,86784.0,0.0,1618.0,0.0,1160.0,628.366111111111,220000.0,0.0,1.5
062090,44956.3398958333,44958.3236342593,118549.0,0.0,961.0,0.0,464.0,3.14805555555556,220000.0,0.0,
222009,45100.408599537,39744.5037268518,20043.0,0.0,295.0,0.0,1160.0,8.0,10000.0,,TRUCK-RLOAD
041086,45114.4827662037,44993.303587963,134512.0,1307.0,855.0,101.0,1160.0,137.375555555556,160000.0,4000.0,1.5
376019,41304.3239699074,3059.0,1.0,0.0,,ICEMAIN,3.0,ICE-RESURF,0520-1,50 BOOTH AVE,ICE-MAIN-RESURFACER
003249,45129.8654282407,45029.6592361111,38159.0,2146.0,4253.0,215.0,1160.0,155.308888888889,160000.0,,1.0
266086,44837.5436689815,0.0,0.0,0.0,0.0,TRAILER,0.5,,003681,891 MORNINGSIDE AVE,
094047,45132.893900463,45099.8273726852,211926.0,3186.0,7939.0,99.0,1160.0,10.035,160000.0,4000.0,1.0
222041,43830.0,45078.2303125,53081.0,3003.0,5665.0,302.0,1160.0,272.273333333333,220000.0,5500.0,8.0
333019,45134.5333333333,45015.2141782407,0.0,9560.0,0.0,882.0,1160.0,250.809444444444,0.0,18200.0,8.0
330195,45121.4198032407,0.0,0.0,0.0,0.0,ROADMAIN,18.1136111111111,4.0,2100.0,000619,ROAD-LIT-VAC
289039,,45126.5563078704,0.0,585.0,0.0,145.0,1160.0,375.698055555556,,3500.0,1.0
396385,45124.410162037,0.0,302.0,0.0,300.0,GROUND,4.94,0.5,2800.0,001984,GM-MOWER
269090,0.0,0.0,0.0,0.0,APPARATUS,12.0,APP-ARR-BD,APPARUTUS ARROW BOARD,150 DISCO RD,,
329043,44642.3385069444,0.0,300.0,0.0,0.0,LIFTING,2.0,LIFT-FRKLFT,0520-1,50 BOOTH AVE,
048044,40722.0416666667,0.0,0.0,0.0,0.0,CLASS2,1.5,PICKU-1/2T,,,PICKUP - 1/2 TON
076094,45119.5942592593,45050.3481828704,22099.0,744.0,5558.0,214.0,1160.0,128.596111111111,220000.0,0.0,1.5
188027,45125.497962963,45082.4855671296,67752.0,2500.0,1426.0,3.0,,250.258888888889,250000.0,6250.0,5.0
041364,45106.5184606481,45063.4877777778,11977.0,458.0,2760.0,106.0,,0.68,160000.0,4000.0,1.5
045122,45127.3152546296,45126.4123263889,69255.0,4510.0,5709.0,299.0,,5.19138888888889,180000.0,4500.0,1.5
208007,45126.4856712963,45090.5321296296,95714.0,4499.0,3675.0,256.0,1160.0,,220000.0,5500.0,4.0
095208,45114.4422222222,45051.440625,661.0,11.0,541.0,3.0,1160.0,89.1975,160000.0,0.0,1.5
112513,45135.5454398148,45090.5467013889,17439.0,1182.0,1036.0,138.0,1160.0,58.2233333333333,220000.0,0.0,1.5
319159,44673.3960416667,45033.4521875,0.0,1144.0,0.0,157.0,1160.0,61.2366666666667,0.0,3500.0,0.5
396456,44790.2944560185,44538.3143981481,0.0,381.0,0.0,9.0,1160.0,0.5,2100.0,004847,GM-MOWER
396351,45138.5262615741,0.0,1934.0,,187.0,GROUND,0.5,GM-MOWER,006155,2481 BIRCHMOUNT RD,GROUND-MOWER
001070,45112.4333680556,45012.4320601852,25336.0,1129.0,2.0,2.0,1160.0,5.91027777777778,160000.0,0.0,1.0
330118,40723.5735300926,40727.293125,0.0,0.0,0.0,0.0,1160.0,4.0,2100.0,,
077033,45127.5253356481,44987.3720138889,13757.0,1189.0,5763.0,466.0,1160.0,59.4655555555556,220000.0,5500.0,1.5
061166,45135.3678819444,45097.3707407407,84602.0,4268.0,10150.0,348.0,1160.0,105.6575,220000.0,0.0,1.5
064183,45138.3243402778,45112.6247337963,11575.0,351.0,5289.0,325.0,1160.0,172.979722222222,220000.0,8000.0,1.5
113054,45127.3734027778,45083.6076388889,10779.0,122.0,2115.0,10.0,1160.0,40.6202777777778,220000.0,0.0,1.5
334012,0.0,0.0,0.0,0.0,LIFTING,15.0,LIFT-SCS-LIFT,LIFTING-SCISSOR-LIFT,,,334GENELE14
236282,43830.0,45081.5430555556,90268.0,9703.0,3616.0,547.0,1160.0,163.1075,250000.0,10000.0,8.0
041306,45125.3973726852,44820.4081828704,38456.0,2058.0,5340.0,268.0,1160.0,1.5,4000.0,005181,SEDAN-PASS
041043,43277.4379166667,43278.6109606481,0.0,0.0,0.0,0.0,1160.0,1.5,4000.0,,SEDAN-PASS
324021,45133.3451273148,0.0,11.0,,1.0,CONSTRUCT,0.1275,4.0,4900.0,005154,CON-SKD-STR
329045,45128.6396990741,0.0,122.0,0.0,0.0,LIFTING,0.647222222222222,2.0,3500.0,000579,LIFT-FRKLFT
041384,45128.3811574074,45128.4247222222,8357.0,668.0,3595.0,294.0,1160.0,17.9058333333333,160000.0,4000.0,1.5
064195,45126.4150347222,45119.380150463,106.0,3.0,106.0,3.0,0.0,24.1825,220000.0,0.0,
396551,45135.3054398148,44727.3288657407,0.0,3.0,0.0,1.0,1160.0,0.5,2100.0,005848,GM-MOWER
112398,43552.3665162037,43558.5212268519,0.0,0.0,0.0,0.0,1160.0,1.5,0.0,,VAN-3/4T
094118,45091.4508564815,45092.5813194444,39639.0,2139.0,1398.0,2.0,1160.0,327.111388888889,160000.0,4000.0,1.0
065200,45129.2770486111,45098.5058333333,11425.0,126.0,8614.0,38.0,1160.0,10.4977777777778,220000.0,0.0,1.5
158088,45138.6792476852,45062.4974768519,8698.0,671.0,2406.0,327.0,1160.0,278.583333333333,250000.0,6250.0,5.0
378230,45112.3489351852,42359.4039583333,4320.0,1.0,0.0,0.0,1160.0,1.0,2100.0,005267,GM-UT-CART
378245,45028.4452083333,43500.4100810185,3721.0,7.0,207.0,0.0,1160.0,1.0,2100.0,0520-1,GM-UT-CART
062096,45100.454224537,44889.5551851852,64553.0,2666.0,,169.0,1160.0,1.5,0.0,005381,PICKU-3/4T
396461,45135.3134490741,,0.0,1742.0,0.0,25.0,1160.0,0.5,5600.0,,GM-MOWER
112253,45124.4822916667,45062.3905208333,98050.0,0.0,1331.0,0.0,1160.0,22.2233333333333,220000.0,0.0,1.5
080087,45131.3305092593,45001.3277546296,41201.0,2471.0,3587.0,81.0,1160.0,293.961944444444,220000.0,5500.0,4.0
074026,,45097.838287037,17020.0,1472.0,1829.0,142.0,1160.0,409.230555555556,220000.0,0.0,1.5
112488,45135.3145833333,45111.4458101852,26636.0,1578.0,4.0,4.0,1160.0,6.05,220000.0,0.0,1.5
156111,44750.3543055556,44635.3518287037,100633.0,2714.0,0.0,0.0,1160.0,6.0,5500.0,4847-1,TRUCK-DUMP
041437,45138.5820023148,44868.4726736111,2042.0,82.0,1979.0,,1160.0,1.5,4000.0,30010,SEDAN-PASS
115026,45075.3292361111,45035.5726273148,11774.0,825.0,540.0,41.0,1160.0,28.5069444444444,220000.0,0.0,1.5
111069,45083.3002893518,44939.5282060185,38485.0,1653.0,457.0,18.0,1160.0,1.65111111111111,180000.0,0.0,1.5
330167,45134.2711226852,45135.5715625,0.0,2224.0,0.0,125.0,1160.0,399.919444444444,0.0,,4.0
322087,45076.6741319444,45013.3991898148,0.0,1622.0,0.0,143.0,1160.0,21.1391666666667,0.0,,8.0
330162,45138.4842361111,45089.3228472222,0.0,2283.0,0.0,225.0,1160.0,200.539444444444,0.0,2100.0,4.0
315114,0.0,0.0,0.0,0.0,CLASS8,8.0,ROAD-ST-SWEEP,ROAD-MAIN-STREET SWEEPER,,,315GMCDI08B
378227,42057.379525463,0.0,0.0,0.0,0.0,GROUND,1.0,GM-UT-CART,,,
188025,45104.8181828704,45098.2831944444,178907.0,8707.0,4303.0,343.0,1160.0,,250000.0,6250.0,5.0
111105,45127.5716087963,45008.3381597222,6056.0,13.0,5001.0,1.0,1160.0,10.4363888888889,180000.0,0.0,1.5
135115,45138.5465162037,45132.4653240741,137330.0,0.0,9618.0,0.0,1160.0,160.107777777778,220000.0,5500.0,8.0
396355,44396.2987731481,43683.3175347222,0.0,832.0,0.0,0.0,1160.0,0.5,2800.0,0520-1,GM-MOWER
237209,43830.0,45111.3312152778,69573.0,7549.0,6011.0,782.0,1160.0,457.379722222222,250000.0,6250.0,8.0
112288,45134.5811689815,44964.3234490741,91807.0,3913.0,4803.0,2.0,1160.0,110.411666666667,220000.0,0.0,
003393,45016.376875,33.0,0.0,33.0,0.0,CLASS1,6.955,1.0,0.0,001045,SEDAN-PASS
064189,45107.8783101852,44988.5210069444,4222.0,9.0,1496.0,5.0,1160.0,3.53,220000.0,8000.0,1.5
378291,43039.3000347222,0.0,1.0,0.0,0.0,GROUND,1.0,GM-UT-CART,005649,51 BEECHGROVE DR,
112420,45134.4867361111,,71594.0,3222.0,9898.0,300.0,1160.0,39.9469444444444,220000.0,0.0,1.5
094114,45104.4326041667,45125.3876736111,18314.0,1645.0,906.0,54.0,1160.0,21.1983333333333,160000.0,4000.0,1.0
112406,45119.5040856482,45134.2732638889,46690.0,390.0,6754.0,0.0,1160.0,24.0,220000.0,0.0,1.5
041415,,44910.4378009259,2570.0,97.0,,74.0,,1.5,4000.0,005154,SEDAN-PASS
067062,45128.2902199074,45072.4340393519,52998.0,4865.0,4859.0,435.0,1160.0,34.5541666666667,220000.0,0.0,1.5
080126,45128.4715509259,45128.6336921296,6693.0,86.0,6693.0,86.0,768.0,117.423333333333,220000.0,5500.0,4.0
041418,45131.5048958333,45106.5586921296,10424.0,270.0,6905.0,185.0,1160.0,8.94055555555556,160000.0,,1.5
095096,45132.2660069444,44937.5043634259,72104.0,0.0,3762.0,0.0,1160.0,25.8513888888889,160000.0,0.0,1.5
156160,45107.3049884259,45112.3087615741,46799.0,3753.0,5020.0,289.0,1160.0,291.690833333333,220000.0,5500.0,6.0
330186,45138.5581365741,45104.3065509259,0.0,724.0,0.0,180.0,1160.0,322.736666666667,0.0,2100.0,4.0
065121,45138.536400463,,42892.0,1351.0,1292.0,300.0,1160.0,35.9005555555556,220000.0,0.0,1.5
127013,45107.3382638889,44852.5820138889,9907.0,437.0,3124.0,132.0,1160.0,,0.0,000587,
074030,45082.3366435185,45119.2920601852,12293.0,731.0,909.0,,1160.0,206.451944444444,220000.0,0.0,1.5
111101,45132.7512037037,45028.7150231482,38154.0,1502.0,7654.0,29.0,1160.0,0.0,180000.0,0.0,1.5
236307,43830.0,45104.7966782407,59357.0,8511.0,6325.0,804.0,1160.0,439.064444444444,250000.0,10000.0,8.0
379063,0.0,0.0,0.0,0.0,GROUND,8.0,GM-UT-CART,,,,379CLUBEL14C
378296,43007.5632060185,1.0,1.0,0.0,0.0,GROUND,1.0,GM-UT-CART,000591,4169 BATHURST ST,
095181,45107.3604050926,45106.6701041667,4240.0,191.0,4.0,4.0,1160.0,27.0777777777778,160000.0,0.0,1.5
396410,44489.2968055556,42961.3912384259,0.0,3882.0,0.0,0.0,1160.0,0.5,2100.0,003975,GM-MOWER
050180,45042.5014351852,44944.489837963,681.0,18.0,681.0,18.0,1016.0,49.7102777777778,180000.0,4500.0,1.5
315094,45135.3851851852,45125.8442361111,,1169.0,0.0,303.0,1160.0,716.289722222222,250000.0,9000.0,8.0
111054,45132.4590393519,45135.38875,67171.0,4496.0,4068.0,413.0,1160.0,15.5127777777778,180000.0,0.0,1.5
188034,45127.3380092593,45128.4161921296,39172.0,2747.0,836.0,365.0,1160.0,827.011111111111,250000.0,6250.0,5.0
396567,45132.3703125,44789.5431944444,0.0,75.0,0.0,73.0,1160.0,0.5,700.0,0520-1,GM-MOWER
322065,44155.2959953704,,0.0,2511.0,,1.0,1160.0,0.300555555555556,0.0,7000.0,8.0
065111,44984.4652083333,45090.8268287037,152679.0,5556.0,2567.0,192.0,960.0,90.0444444444445,220000.0,5500.0,1.5
045117,,44839.3434953704,31258.0,1145.0,3576.0,0.0,1160.0,1.5,4500.0,000557,PICKU-1/2T
322060,45009.343599537,45118.5515162037,0.0,1457.0,0.0,22.0,1160.0,41.0497222222222,0.0,7000.0,8.0
045118,45127.5330324074,45131.4305555556,41119.0,1599.0,4090.0,133.0,1160.0,0.0,180000.0,0.0,1.5
095189,45134.3679513889,45118.40625,5467.0,10.0,5194.0,5.0,1160.0,17.2116666666667,160000.0,0.0,1.5
378307,43663.3419791667,1.0,1.0,0.0,0.0,GROUND,1.0,GM-UT-CART,0582-1,9 LESLIE ST,
201008,45131.5645601852,44972.5446643519,57206.0,3952.0,3138.0,234.0,1160.0,98.3355555555556,220000.0,8000.0,1.5
285063,45121.5261921296,,9.0,0.0,0.0,APPARATUS,11.3713888888889,1.0,9800.0,4426-1,APP-COMPRRESS
080125,45138.4506365741,44987.2786805556,9124.0,167.0,9124.0,,768.0,48.0,220000.0,5500.0,4.0
007370,44693.3595717593,0.0,0.0,0.0,0.0,TRAILER,0.0,0.5,0.0,005495,TRL-UTILITY
050101,45134.5581597222,45065.7555787037,46906.0,2015.0,11016.0,435.0,1160.0,2.86527777777778,180000.0,0.0,1.5
156069,45047.5242592593,45012.3706365741,93972.0,0.0,4168.0,0.0,1160.0,9.25472222222222,220000.0,0.0,4.0
322072,45128.6263888889,45097.5066319444,0.0,5664.0,0.0,204.0,1160.0,850.520833333333,0.0,7000.0,8.0
294058,43545.4352662037,44994.6503240741,0.0,458.0,0.0,1.0,648.0,374.078888888889,0.0,9800.0,1.0
192012,45133.5237962963,45071.4488888889,13313.0,930.0,1640.0,163.0,1160.0,385.956944444444,250000.0,10000.0,6.0
332003,43830.0,40246.6136921296,2171.0,0.0,0.0,0.0,1160.0,3.0,4900.0,0520-1,ICE-RESURF
047084,45135.5516782407,45131.365,22413.0,829.0,7084.0,28.0,1160.0,221.423055555556,180000.0,,1.5
020048,45091.5536574074,44987.1883101852,3110.0,144.0,776.0,47.0,1160.0,0.742222222222222,160000.0,0.0,1.0
267166,44897.3826967593,0.0,0.0,0.0,0.0,TRAILER,0.5,TRL-UTILITY,005109,301 ROCKCLIFFE BLVD,
094124,45105.3407291667,45114.6766782407,11262.0,771.0,2004.0,139.0,1160.0,88.0,160000.0,4000.0,1.0
396592,45128.4484143518,0.0,0.0,0.0,0.0,GROUND,53.2380555555556,0.5,2100.0,40010,GM-MOWER
156135,45135.5621643519,45113.4037268519,74755.0,5392.0,2940.0,68.0,1160.0,247.673611111111,220000.0,0.0,4.0
156162,45126.5679166667,45098.4478703704,41576.0,2290.0,2233.0,15.0,1160.0,21.4702777777778,220000.0,0.0,4.0
020040,45132.4502430556,45120.3868055556,47811.0,1967.0,6348.0,231.0,1160.0,7.79083333333333,160000.0,0.0,1.0
076039,45138.3131018519,,54873.0,3311.0,5783.0,4.0,1160.0,151.132222222222,220000.0,0.0,1.5
187028,45069.3370949074,45092.5192476852,31626.0,2184.0,2203.0,154.0,1160.0,620.314166666667,250000.0,6250.0,5.0
094126,45134.7410300926,45092.2705902778,42176.0,1405.0,2.0,2.0,1160.0,83.9336111111111,160000.0,4000.0,1.0
050032,45138.4492013889,45118.497962963,54469.0,2426.0,5390.0,334.0,1160.0,,180000.0,4500.0,1.5
376099,43207.4224421296,0.0,0.0,0.0,0.0,ICEMAIN,,,003466,292 MANSE RD,
202029,45050.3010300926,45050.3624884259,68561.0,3078.0,1497.0,150.0,1160.0,340.5225,250000.0,10000.0,6.25
156152,45096.5700115741,45105.3281828704,99822.0,3860.0,8994.0,657.0,1160.0,232.023888888889,220000.0,0.0,4.0
396524,45138.5141898148,45105.4689814815,0.0,1268.0,0.0,238.0,1160.0,0.126666666666667,,4200.0,0.5
376046,44190.5580439815,43428.3583333333,8303.0,868.0,0.0,0.0,1160.0,3.0,4900.0,0520-1,ICE-RESURF
095134,45014.5077662037,45075.4210185185,76990.0,3859.0,,60.0,1160.0,80.1177777777778,160000.0,0.0,1.5
294041,45119.3321527778,44917.5298148148,0.0,514.0,0.0,55.0,1160.0,,0.0,6300.0,1.0
112224,45125.3979976852,45022.589537037,97360.0,0.0,2321.0,0.0,1160.0,79.8533333333333,220000.0,0.0,1.5
003101,45137.6367592593,45084.5005092593,46366.0,0.0,2790.0,0.0,,67.7536111111111,160000.0,0.0,1.0
135182,45133.4799189815,45127.9603819444,46043.0,1834.0,6273.0,294.0,1160.0,137.666944444444,220000.0,5500.0,3.0
155016,45054.5273263889,45128.3661574074,90405.0,3511.0,,23.0,1160.0,55.2122222222222,220000.0,5500.0,4.0
005008,45138.8125115741,45118.4686458333,157480.0,5886.0,18561.0,3.0,,-1,160000.0,4000.0,1.5
050105,45138.5741319444,45008.3617476852,25488.0,1153.0,5335.0,293.0,1160.0,42.6311111111111,180000.0,0.0,1.5
378261,42676.3050694444,0.0,1.0,0.0,0.0,GROUND,1.0,GM-UT-CART,005649,51 BEECHGROVE DR,
045061,45128.4471643519,44930.3890740741,10605.0,762.0,544.0,48.0,1160.0,107.016388888889,180000.0,0.0,1.5
050202,45072.3566898148,270.0,0.0,270.0,0.0,CLASS2,7.43944444444444,1.5,4500.0,003889,PICKU-1/2T
378094,42480.3217476852,5.0,302.0,0.0,0.0,GROUND,1.0,GM-UT-CART,003893,451 BRIMLEY RD,
501017,44718.2817939815,0.0,1.0,0.0,0.0,APPARATUS,1.0,APP-COMPRRESS,000525,1116 KING ST W,APPARUTUS-COMPRESSOR
065062,45137.703900463,45118.362650463,83603.0,2465.0,7292.0,651.0,1160.0,279.772222222222,220000.0,0.0,1.5
043276,45114.2353356481,45119.3643981482,22693.0,632.0,5004.0,0.0,1160.0,0.0102777777777778,180000.0,0.0,1.5
080063,45001.3131828704,45002.5392013889,203534.0,3352.0,2261.0,3.0,648.0,76.9191666666667,220000.0,,4.0
236271,43830.0,45125.6815625,72598.0,8114.0,6279.0,584.0,1160.0,223.29,250000.0,10000.0,8.0
112411,45138.9693518519,45124.3824537037,108142.0,7413.0,7150.0,727.0,1160.0,39.1791666666667,220000.0,0.0,1.5
378342,44965.3293518519,0.0,6.0,0.0,6.0,GROUND,19.3947222222222,1.0,2100.0,20010,GM-UT-CART
329008,45013.3016435185,0.0,532.0,0.0,230.0,LIFTING,13.1913888888889,2.0,4200.0,0582-1,LIFT-FRKLFT
267221,45063.4021412037,0.0,0.0,0.0,0.0,TRAILER,30.3486111111111,0.5,0.0,002426,
376074,0.0,0.0,0.0,0.0,ICEMAIN,10.0,ICE-RESURF,ICE-MAIN-RESURFACER,15 CLUBHOUSE CRT,,376ZAMBNG12
112391,45135.3153356481,45071.2600694444,68791.0,2785.0,10307.0,375.0,1160.0,3.09361111111111,220000.0,0.0,1.5
075018,45118.3170138889,44956.3050925926,778.0,79.0,616.0,76.0,1160.0,5.2775,220000.0,5500.0,1.5
067123,45134.5378125,45034.3110763889,4065.0,1263.0,4065.0,1263.0,1088.0,167.336666666667,220000.0,0.0,1.5
045059,45133.5843518519,45112.4045138889,100148.0,3986.0,3591.0,236.0,1160.0,319.961944444444,180000.0,0.0,1.5
112469,45138.797337963,45138.809212963,47531.0,3272.0,10082.0,692.0,1160.0,0.0,220000.0,0.0,1.5
112430,45128.5602199074,45090.3573842593,29315.0,648.0,5150.0,0.0,1160.0,53.9536111111111,220000.0,0.0,1.5
267249,45062.4296759259,0.0,0.0,0.0,0.0,TRAILER,5.68777777777778,0.5,0.0,002426,TRL-UTILITY
376069,0.0,0.0,0.0,0.0,ICEMAIN,10.0,ICE-RESURF,ICE-MAIN-RESURFACER,45 GOULDING AVE,,376ZAMBNG12
236317,43830.0,45128.6869907407,64916.0,5648.0,7105.0,678.0,1160.0,108.549722222222,250000.0,10000.0,8.0
095124,45133.4762152778,44972.3898611111,19423.0,1844.0,1165.0,102.0,1160.0,10.7416666666667,160000.0,0.0,1.5
332024,,0.0,0.0,0.0,,10.0,ICE-M-RESURF,ICE-MAIN-TRACTOR MOUNTED RESUR,441 KIPLING AVE,,332OLYMNA11
003238,,44988.4268402778,49161.0,326.0,5435.0,301.0,1160.0,14.475,160000.0,0.0,1.0
396555,45138.3154398148,44869.6261805556,0.0,367.0,0.0,246.0,1160.0,0.5,7000.0,10010,GM-MOWER
318035,45000.3791666667,,0.0,404.0,0.0,107.0,1160.0,0.0127777777777778,0.0,3500.0,0.5
003113,44914.4719675926,44894.4494328704,48337.0,410.0,0.0,0.0,152.0,1.0,0.0,005581,SEDAN-PASS
041407,45126.3184027778,45016.370462963,10343.0,9.0,5591.0,1.0,1160.0,2.35611111111111,160000.0,4000.0,1.5
206096,,45055.2600115741,45264.0,471.0,5005.0,5.0,1160.0,29.9488888888889,400000.0,10000.0,5.0
319253,45105.4825925926,0.0,64.0,0.0,64.0,GROUND,20.6666666666667,0.5,7000.0,4301-1,GM-TRACT
378253,44797.4128125,0.0,371.0,0.0,0.0,GROUND,1.0,GM-UT-CART,000579,130 THE QUEENSWAY,
319117,44739.3153819444,0.0,311.0,0.0,0.0,GROUND,0.5,GM-TRACT,,,GROUNT-TRACTOR
067118,45137.4792824074,45086.2676157407,9316.0,1427.0,9316.0,1427.0,1072.0,92.9141666666667,220000.0,0.0,1.5
156108,44260.3360532407,44706.6650115741,89289.0,442.0,0.0,0.0,1160.0,6.0,5500.0,4847-1,TRUCK-DUMP
396429,44428.3113310185,44333.35125,0.0,768.0,0.0,0.0,1160.0,0.5,2100.0,003681,GM-MOWER
379053,0.0,0.0,0.0,0.0,GROUND,8.0,GM-UT-CART,,,,379CLUBEL13
318041,45135.4705208333,45027.545775463,0.0,843.0,0.0,138.0,1160.0,78.5191666666667,0.0,3500.0,0.5
067128,45135.4820949074,45124.4135300926,17396.0,1601.0,14635.0,1347.0,1160.0,28.8941666666667,220000.0,5500.0,1.5
041398,45134.3476041667,44951.3318981481,24967.0,754.0,2483.0,73.0,1160.0,2.96583333333333,160000.0,4000.0,1.5
065084,44999.5563888889,45117.3709490741,110696.0,2252.0,1171.0,1.0,1160.0,179.265277777778,220000.0,0.0,1.5
322059,45000.3638888889,45092.3779513889,0.0,3381.0,0.0,61.0,1160.0,310.036944444444,0.0,7000.0,8.0
095148,45097.4753819444,45084.6561226852,86329.0,858.0,761.0,7.0,1160.0,98.7833333333333,160000.0,0.0,1.5
042014,45131.5415046296,44980.3999884259,50064.0,3217.0,7772.0,535.0,1160.0,61.3930555555556,180000.0,4500.0,1.5
329064,45100.4953009259,0.0,185.0,0.0,185.0,LIFTING,202.94,2.0,,10010,LIFT-FRKLFT
076081,45134.4161458333,44964.4643055556,18955.0,1010.0,3816.0,226.0,1160.0,292.856666666667,220000.0,0.0,1.5
135166,45120.4158101852,44959.5047453704,25940.0,1063.0,2912.0,120.0,1160.0,34.3233333333333,220000.0,5500.0,3.0
001155,45138.4255324074,45002.5533217593,1239.0,7.0,486.0,1.0,1160.0,3.29083333333333,160000.0,0.0,1.0
176030,,45138.5679282407,28789.0,2111.0,1093.0,154.0,1160.0,101.106111111111,250000.0,10000.0,5.5
156188,45135.5821180556,45085.4073032407,53980.0,3972.0,3953.0,266.0,1160.0,78.5469444444444,,0.0,4.0
061151,44917.2717476852,44917.3109606481,209302.0,6248.0,1.0,1.0,304.0,88.0,220000.0,0.0,1.5
112478,45135.5690740741,45133.3467708333,26331.0,831.0,5275.0,268.0,1160.0,1.23472222222222,220000.0,0.0,1.5
201005,45127.5805671296,44964.448275463,64351.0,392.0,3485.0,1.0,1160.0,69.2413888888889,220000.0,8000.0,1.5
050050,45124.4410185185,44953.3118402778,42482.0,1913.0,6528.0,297.0,1160.0,112.0,180000.0,0.0,1.5
2163,44932.4558796296,0.0,313.0,0.0,1.0,LIFTING,0.0175,2.0,1400.0,003684,LIFT-ELEV
003229,45115.4954282407,45084.4397569444,55064.0,608.0,1.0,1.0,1160.0,2.50805555555556,160000.0,0.0,1.0
065157,45138.7131712963,45062.3861689815,1496.0,136.0,1496.0,136.0,376.0,6.73194444444444,220000.0,5500.0,1.5
111070,45118.5732407407,45057.4640856481,19712.0,981.0,689.0,69.0,1160.0,226.221944444444,180000.0,0.0,1.5
395042,,0.0,2247.0,0.0,,GROUND,0.5,GM-MOWER,006155,2481 BIRCHMOUNT RD,GROUND-MOWER
080106,45138.4598726852,45138.5024421296,30834.0,897.0,5353.0,2.0,1160.0,36.1852777777778,220000.0,5500.0,4.0
041332,45135.5506134259,44987.3318402778,34235.0,1423.0,5963.0,249.0,1160.0,19.6836111111111,160000.0,4000.0,1.5
067018,44991.4073611111,44958.4047800926,35877.0,2347.0,429.0,68.0,1160.0,54.2852777777778,220000.0,0.0,1.5
395027,45133.3674768519,0.0,1562.0,0.0,128.0,GROUND,0.5,GM-MOWER,005486,1000 JANE ST,GROUND-MOWER
267239,45062.4291435185,0.0,0.0,0.0,0.0,TRAILER,65.4491666666667,,0.0,002426,TRL-UTILITY
050023,45133.4903125,44980.6026851852,88727.0,,7328.0,10.0,1160.0,97.5355555555556,180000.0,4500.0,1.5
003140T,44946.4564930556,,47468.0,277.0,962.0,1.0,856.0,6.58833333333333,160000.0,0.0,1.0
050104,45105.3696759259,44839.3547453704,48849.0,2555.0,7079.0,352.0,1160.0,1.5,0.0,003681,PICKU-1/2T
077026,45125.5512962963,45061.3200694444,2853.0,166.0,1628.0,102.0,1160.0,1.65055555555556,220000.0,0.0,1.5
376112,43814.5609837963,,1.0,0.0,0.0,ICEMAIN,3.0,ICE-RESURF,004334,155 CULFORD RD,ICE-MAIN-RESURFACER
001164,45135.4138194444,45134.3634027778,5821.0,147.0,3225.0,135.0,1160.0,9.19416666666667,160000.0,0.0,1.0
156146,45075.31,,52744.0,2503.0,2238.0,143.0,1160.0,274.783333333333,220000.0,5500.0,6.0
378330,45047.4673726852,0.0,5.0,0.0,2.0,GROUND,15.8711111111111,1.0,,0582-1,GM-UT-CART
007029,45137.3240625,45120.3190162037,,4982.0,7584.0,158.0,1160.0,138.342777777778,160000.0,0.0,1.5
001165,45126.4421412037,44908.3622800926,15245.0,796.0,6088.0,201.0,1160.0,1.0,0.0,,SEDAN-PASS
065202,45138.3114699074,45019.5331018519,8042.0,669.0,6794.0,618.0,1160.0,10.0433333333333,220000.0,0.0,1.5
064132,45101.2913078704,45103.3235300926,81344.0,2952.0,3290.0,209.0,1160.0,253.900555555556,220000.0,0.0,1.5
075004,45134.4857523148,45121.2714699074,155583.0,8907.0,8944.0,8.0,1160.0,83.8936111111111,220000.0,0.0,1.5
161013,43987.4647916667,43990.3263657407,0.0,0.0,0.0,0.0,1160.0,,0.0,,TRUCK-CUBE
318010,39800.7083333333,45124.3375810185,0.0,705.0,0.0,0.0,1160.0,12.1972222222222,0.0,2100.0,0.5
188049,45113.4843981481,45097.336099537,47907.0,1421.0,4796.0,4.0,1160.0,92.9566666666667,250000.0,6250.0,5.0
318048,45099.2738541667,44589.389212963,0.0,179.0,0.0,24.0,1160.0,0.5,3500.0,005486,GM-TRACT
378289,45137.5241550926,44574.7701967593,0.0,190.0,0.0,67.0,1160.0,1.0,2100.0,,GM-UT-CART
112236,45119.3420601852,44810.5434953704,85128.0,0.0,4573.0,0.0,1160.0,1.5,0.0,000782,VAN-3/4T
094095,45134.4470833333,45041.2743055556,35201.0,793.0,3420.0,1.0,1160.0,32.0344444444444,160000.0,4000.0,1.0
502348,0.0,0.0,0.0,0.0,FACILITY,8.0,FM-FL-BUR,,,,BURNISHER97A
003246,45126.4930902778,44932.3933217593,37286.0,2288.0,2715.0,133.0,1160.0,1.52083333333333,160000.0,0.0,1.0
067059,45138.4666898148,45138.5308449074,8408.0,664.0,625.0,30.0,1160.0,3.25972222222222,220000.0,0.0,
112509,45124.5662962963,45127.2706712963,23711.0,1416.0,16949.0,967.0,1160.0,80.0227777777778,220000.0,0.0,1.5
095158,45114.4578009259,44888.457974537,23731.0,768.0,3329.0,58.0,1160.0,216.0,160000.0,0.0,1.5
045114,45134.3733564815,45012.3921759259,78606.0,3741.0,11019.0,2.0,1160.0,,180000.0,4500.0,1.5
323075,45129.6298611111,45131.4981828704,0.0,18789.0,0.0,1070.0,1160.0,377.064722222222,0.0,17400.0,8.0
333025,45133.3906018519,0.0,3.0,0.0,3.0,CONSTRUCT,370.12,5.5,15400.0,005154,CON-CRW-EXC
324034,45104.3733101852,45015.6355324074,0.0,92.0,0.0,92.0,1120.0,56.7711111111111,0.0,7000.0,4.0
267193,44970.3446180556,0.0,0.0,0.0,0.0,TRAILER,15.7291666666667,0.5,0.0,003892,TRL-UTILITY
076033,45128.5197222222,45138.3796875,75497.0,4122.0,4364.0,301.0,1160.0,138.239722222222,220000.0,0.0,1.5
298006,44239.3174189815,,962.0,0.0,0.0,APPARATUS,4.25,APP-LEAF-LD,4301-1,61 TORYORK DR,APPARUTUS-LEAF LOADER
222038,43830.0,45133.2498726852,39798.0,1379.0,16.0,7.0,1160.0,265.849166666667,220000.0,5500.0,8.0
045119,45131.5339467593,45083.5138310185,35097.0,1353.0,3172.0,104.0,1160.0,59.48,180000.0,0.0,1.5
064165,45134.3142939815,45061.3460763889,66513.0,3949.0,2306.0,131.0,1160.0,127.694166666667,220000.0,0.0,1.5
319234,44996.6880555556,45097.3715162037,0.0,574.0,0.0,438.0,1160.0,204.286944444444,0.0,3500.0,2.0
094111,45128.4452777778,45002.4744097222,18404.0,1418.0,2463.0,154.0,1160.0,1.41666666666667,160000.0,4000.0,1.0
267150,44993.5112847222,0.0,0.0,0.0,0.0,TRAILER,85.7738888888889,0.5,0.0,004301,TRL-UTILITY
267060,45096.5252314815,0.0,0.0,0.0,0.0,TRAILER,11.9505555555556,0.5,0.0,005381,TRL-UTILITY
050167,45114.3489236111,45008.4082175926,5327.0,206.0,5002.0,195.0,1160.0,12.89,180000.0,4500.0,1.5
378018,,830.0,302.0,0.0,0.0,GROUND,1.0,GM-UT-CART,003975,3079 BIRCHMOUNT RD,
045106,45131.5747337963,45118.4014467593,94360.0,5760.0,10972.0,303.0,,278.281666666667,180000.0,0.0,1.5
076038,45126.8838078704,45041.3080671296,63088.0,4775.0,5877.0,401.0,1160.0,355.578333333333,220000.0,,1.5
202032,45131.3122916667,45103.3179282407,24552.0,1772.0,2144.0,172.0,1160.0,253.964722222222,250000.0,10000.0,6.25
041420,45138.2916203704,45084.2835185185,13893.0,820.0,10352.0,576.0,1088.0,0.0605555555555556,160000.0,4000.0,1.5
050121,45134.5116087963,45035.4671180556,32579.0,2012.0,6741.0,467.0,1160.0,274.124166666667,180000.0,0.0,1.5
065189,45132.3015393519,45019.6472106481,11806.0,46.0,8488.0,13.0,1160.0,72.0186111111111,220000.0,,1.5
236314,43830.0,45106.6435069444,64343.0,7892.0,15315.0,1206.0,1160.0,119.416111111111,250000.0,10000.0,8.0
236287,43830.0,45135.3419791667,101776.0,13456.0,7081.0,1039.0,1160.0,587.545277777778,250000.0,10000.0,8.0
067108,45138.5763888889,44959.2546296296,2235.0,194.0,2235.0,194.0,912.0,76.4883333333333,220000.0,0.0,1.5
378268,44860.5019791667,44771.4339930556,0.0,838.0,0.0,0.0,1160.0,1.0,2100.0,000549,GM-UT-CART
237218,43830.0,45135.7183333333,44642.0,3180.0,3637.0,51.0,1160.0,144.156666666667,250000.0,6250.0,8.0
065197,45103.2841203704,44886.4769097222,1065.0,11.0,914.0,6.0,1160.0,1.5,0.0,005495,PICKU-3/4T
378186,44686.9008680556,21.0,23.0,0.0,0.0,GROUND,1.0,GM-UT-CART,005154,545 COMMISSIONERS ST,
067104,45131.3012731482,45021.4927430556,23068.0,1474.0,5495.0,356.0,1160.0,16.815,220000.0,0.0,1.5
319225,45005.52875,,0.0,358.0,0.0,153.0,1160.0,317.231944444444,0.0,3500.0,2.0
076098,45118.4876041667,45113.4692361111,7359.0,268.0,7226.0,262.0,1160.0,265.884444444444,220000.0,0.0,1.5
115027,45136.312337963,45040.3061805556,23161.0,1213.0,7834.0,453.0,1160.0,45.0288888888889,220000.0,0.0,1.5
050116,45135.3248842593,45120.4229166667,41981.0,980.0,10001.0,480.0,1160.0,306.270277777778,180000.0,0.0,1.5
041245,44873.4279861111,44895.4594791667,25730.0,188.0,1.0,1.0,1160.0,248.0,160000.0,4000.0,1.5
077025,45131.4239351852,45030.4366087963,11028.0,724.0,1330.0,77.0,1160.0,21.7619444444444,,5500.0,4.0
296014A,45120.5575347222,0.0,0.0,0.0,0.0,TRAILER,38.1191666666667,0.5,,004847,
322082,45056.4226157407,45120.5780787037,0.0,3452.0,0.0,80.0,1160.0,6.34527777777778,0.0,7000.0,8.0
318049,45098.4250231481,45138.3316666667,0.0,371.0,0.0,321.0,1160.0,10.3875,0.0,3500.0,0.5
154045,45090.3900578704,45058.2690856481,37540.0,0.0,3531.0,0.0,1160.0,20.6533333333333,220000.0,0.0,4.0
315071,0.0,0.0,0.0,0.0,CLASS5,,ROAD-ST-SWEEP,ROAD-MAIN-STREET SWEEPER,,,315GMCDI09
384023,44861.3831944444,0.0,0.0,0.0,0.0,GROUND,0.5,GM-BIKE,001007,65 FRONT ST W,GROUNT-CARGO-BIKE
050005,44757.4563773148,45056.3767013889,106027.0,864.0,5000.0,1.0,800.0,6.95916666666667,180000.0,4500.0,1.5
041433,45134.4645833333,44741.3303935185,9359.0,253.0,6165.0,163.0,1160.0,1.5,4000.0,30010,SEDAN-PASS
379037,0.0,0.0,0.0,0.0,GROUND,8.0,GM-UT-CART,,,,379EZGOEL11
112459,45117.359849537,45118.3207638889,22842.0,23.0,1328.0,2.0,1160.0,68.8583333333333,220000.0,0.0,1.5
001112,45127.4652662037,45117.451087963,29808.0,2596.0,1.0,1.0,1160.0,21.1058333333333,160000.0,0.0,1.0
064178,45131.4859953704,,14135.0,604.0,4105.0,170.0,1160.0,72.6563888888889,220000.0,0.0,1.5
044074,43361.3240509259,43361.4334837963,0.0,0.0,,0.0,1160.0,1.5,0.0,006217,PICKU-1/2T
269062,43913.594537037,0.0,0.0,0.0,0.0,APPARATUS,0.5,APP-ARR-BD,001984,30 NORTHLINE RD,APPARUTUS ARROW BOARD
208010,45078.3164236111,45133.4352546296,81801.0,4896.0,2938.0,182.0,1160.0,415.918333333333,220000.0,5500.0,4.0
074025,45015.0177199074,45127.5665162037,18827.0,688.0,1.0,1.0,1160.0,167.286944444444,220000.0,0.0,1.5
286016,45035.308587963,0.0,284.0,0.0,284.0,APPARATUS,80.6019444444444,0.5,2100.0,003698,APP-GENERATOR
156153,,45100.3560069444,68409.0,3747.0,6011.0,453.0,1160.0,86.565,220000.0,0.0,4.0
294031,43543.5733333333,45034.5221990741,0.0,476.0,0.0,1.0,1160.0,268.427777777778,0.0,7000.0,1.0
376022,43528.4184837963,40890.3779166667,9442.0,1731.0,0.0,0.0,1160.0,3.0,4900.0,0520-1,ICE-RESURF
885A,45035.3271990741,,0.0,0.0,0.0,TRAILER,10.5177777777778,0.5,0.0,005495,TRL-UTILITY
067065,45133.4746527778,,44483.0,4978.0,4995.0,785.0,1160.0,53.7533333333333,220000.0,,1.5
194029,45135.6804166667,45112.5304976852,24391.0,3909.0,2280.0,267.0,1160.0,184.410833333333,250000.0,10000.0,3.0
319202,44988.3275578704,45106.3620717593,0.0,407.0,0.0,104.0,1160.0,325.751111111111,0.0,3500.0,2.0
269086,0.0,0.0,0.0,0.0,APPARATUS,12.0,APP-ARR-BD,APPARUTUS ARROW BOARD,30 NORTHLINE RD,,269VERMNA23
378107,41946.3724189815,6.0,1.0,0.0,0.0,GROUND,1.0,GM-UT-CART,005619,61A EDGEHILL RD,
324019,45001.3486458333,0.0,1539.0,0.0,14.0,CONSTRUCT,4.0,CON-SKD-STR,005381,441 KIPLING AVE,CONSTRUCT-SKID STEER
322066,45134.3015277778,45117.2912384259,0.0,6357.0,0.0,259.0,1160.0,112.728611111111,0.0,7000.0,8.0
315107,45138.5534953704,45131.2848842593,0.0,1297.0,0.0,300.0,1160.0,1284.4325,250000.0,9000.0,8.0
267169,45075.3177199074,0.0,0.0,0.0,0.0,TRAILER,154.685,0.5,0.0,003698,TRL-UTILITY
322099,45061.4361574074,45131.4187731482,0.0,117.0,0.0,117.0,992.0,102.480833333333,0.0,7000.0,8.0
095180,45104.5809259259,45125.4276851852,1493.0,57.0,1.0,1.0,1160.0,8.02333333333333,160000.0,0.0,1.5
065170,45138.397974537,44868.4316319444,3878.0,219.0,2392.0,126.0,1160.0,1.5,0.0,002990,PICKU-3/4T
158072,44889.4676273148,44970.849224537,73366.0,4434.0,29.0,16.0,,,250000.0,6250.0,5.0
020009,45134.6588888889,44903.1860416667,32380.0,2834.0,3676.0,371.0,1160.0,0.0,160000.0,0.0,1.0
236304,43830.0,,36476.0,4179.0,8656.0,994.0,1160.0,98.1061111111111,250000.0,10000.0,8.0
376077,,0.0,0.0,0.0,ICEMAIN,10.0,ICE-RESURF,ICE-MAIN-RESURFACER,2975 DON MILLS RD,,376ZAMBNG13
175049,45128.3154861111,45135.3733333333,88229.0,4017.0,381.0,37.0,1160.0,125.821944444444,250000.0,6250.0,5.5
289020,45092.3212268519,45083.6920833333,0.0,2630.0,0.0,41.0,1160.0,338.515277777778,0.0,3500.0,1.0
003254,45005.5648958333,6411.0,0.0,2.0,0.0,CLASS1,,1.0,0.0,3892-2,SEDAN-PASS
004922,45040.8887152778,2137.0,14.0,3.0,2.0,FACILITY,0.0,3.0,700.0,001045,FM-FL-SWP
005005,45137.8242939815,45091.2977893519,127038.0,6301.0,10254.0,302.0,1160.0,5.45166666666667,160000.0,4000.0,1.5
298015,41949.3325925926,44729.4144097222,0.0,270.0,0.0,0.0,1160.0,,6300.0,4301-1,APP-LEAF-LD
269085,0.0,0.0,0.0,0.0,APPARATUS,12.0,APP-ARR-BD,APPARUTUS ARROW BOARD,EASTERN GARAGE,,269VERMNA23
065155,45134.5871875,45077.4766087963,5263.0,518.0,4791.0,457.0,1160.0,70.3363888888889,220000.0,5500.0,1.5
315093,43966.5141435185,43970.4297337963,0.0,0.0,0.0,0.0,1160.0,8.0,9000.0,,ROAD-ST-SWEEP
286002,44223.3609953704,0.0,29.0,0.0,0.0,APPARATUS,1.0,APP-COMPRRESS,005154,545 COMMISSIONERS ST,APPARUTUS-COMPRESSOR
007038,45128.1471990741,45008.4596643519,136259.0,7132.0,11411.0,2.0,1160.0,10.0972222222222,160000.0,0.0,
M9-096,38342.4179976852,0.0,0.0,0.0,0.0,TRAILER,0.5,TRL-UTILITY,,,
237194,43830.0,,75609.0,8677.0,6397.0,820.0,1160.0,321.493611111111,250000.0,6250.0,8.0
396342,41564.4076273148,0.0,9.0,0.0,0.0,GROUND,0.5,GM-MOWER,0516-3,200 PARKSIDE DR,GROUND-MOWER
384014,0.0,0.0,0.0,0.0,GROUND,8.0,GM-BIKE,GROUNT-CARGO-BIKE,433 EASTERN AVE,,384GIANNA04
294066,44881.5861574074,44834.4658217593,0.0,862.0,0.0,0.0,1160.0,1.0,6300.0,003763,APP-BRUSH-CH
304006,0.0,0.0,0.0,0.0,APPARATUS,11.0,APP-AERATOR,APPARUTUS-AERATOR,451 BRIMLEY RD,,304AERWNA08
319224,44985.2909606481,45132.4263194444,0.0,199.0,0.0,38.0,1160.0,157.195555555556,0.0,3500.0,2.0
003109,45086.5238541667,45083.5096527778,63761.0,549.0,5129.0,1.0,1160.0,10.1819444444444,160000.0,0.0,1.0
329074,45117.5006712963,0.0,0.0,0.0,0.0,LIFTING,128.108055555556,2.0,700.0,005449,LIFT-FRKLFT
267107,,0.0,0.0,0.0,0.0,TRAILER,73.9319444444444,0.5,0.0,004301,TRL-UTILITY
159027,,45041.4770486111,59907.0,0.0,974.0,0.0,1160.0,45.4188888888889,250000.0,10000.0,5.0
094139,45134.5721412037,45099.6666898148,2933.0,178.0,2877.0,175.0,496.0,40.0,160000.0,4000.0,1.0
378220,2.0,0.0,0.0,0.0,GROUND,8.0,GM-UT-CART,,891 MORNINGSIDE AVE,,378JOHNDI13
376118,43535.5099884259,0.0,0.0,0.0,0.0,ICEMAIN,3.0,ICE-RESURF,,,ICE-MAIN-RESURFACER
384021,0.0,0.0,0.0,0.0,GROUND,8.0,,GROUNT-CARGO-BIKE,19 HORTICULTURAL AVE,,502BABBOE19E
135155,45125.4747916667,45064.4006481481,85484.0,0.0,10909.0,0.0,1160.0,361.651666666667,220000.0,0.0,1.5
376045,0.0,0.0,0.0,0.0,ICEMAIN,10.0,ICE-RESURF,ICE-MAIN-RESURFACER,,,376ZAMBUN09
329004,0.0,0.0,,0.0,LIFTING,15.0,LIFT-FRKLFT,LIFTING-FORKLIFT,,,006R-67MS/701
294087,44180.3038425926,45107.5683333333,0.0,3.0,0.0,0.0,1160.0,10.36,0.0,9800.0,1.0
001084,45119.4622916667,45065.3951041667,41300.0,1886.0,4534.0,2.0,1160.0,0.104444444444444,160000.0,0.0,1.0
112276,45128.5533564815,45041.6291435185,85002.0,2550.0,3562.0,4.0,1160.0,82.5075,220000.0,0.0,1.5
396340,41137.3461689815,43683.3624421296,0.0,239.0,0.0,0.0,1160.0,0.5,2800.0,005109,GM-MOWER
396432,42643.3174305556,0.0,435.0,0.0,0.0,GROUND,0.5,GM-MOWER,005381,441 KIPLING AVE,GROUND-MOWER
274033,0.0,0.0,0.0,0.0,APPARATUS,12.0,APP-ARR-BD,APPARUTUS ARROW BOARD,891 MORNINGSIDE AVE,,274VERMNA19
267211,44896.5237037037,0.0,0.0,0.0,0.0,TRAILER,0.5,TRL-OFFICE,0516-3,200 PARKSIDE DR,TRAILER-OFFICE
237215,43830.0,45133.5815856481,49836.0,5234.0,6483.0,949.0,1160.0,124.815277777778,250000.0,6250.0,8.0
154044,45048.3306481481,45128.3076157407,83442.0,1882.0,4.0,4.0,1160.0,39.5275,220000.0,0.0,4.0
330187,45115.5652430556,45117.3930439815,0.0,777.0,0.0,362.0,1160.0,132.432777777778,0.0,2100.0,4.0
080055,44903.3851851852,44838.2766550926,87831.0,332.0,0.0,0.0,152.0,4.0,5500.0,5381-1,TRUCK- UTILI
188062,45135.6189583333,,48488.0,2078.0,11542.0,,1160.0,81.7838888888889,250000.0,6250.0,5.0
323117,45134.5381944444,45104.339525463,0.0,1249.0,0.0,693.0,1160.0,21.4936111111111,0.0,17400.0,8.0
266068,45030.3129166667,0.0,0.0,0.0,0.0,TRAILER,1.27166666666667,0.5,0.0,005848,TRL-UTILITY
CLAW25,44916.4183564815,0.0,0.0,0.0,0.0,ATTACHMENT,112.0,0.5,0.0,000520,ATT-CLW-BUC
095190,45131.5991203704,44963.5531712963,5948.0,5.0,5587.0,2.0,1160.0,80.6130555555556,160000.0,0.0,1.5
378363,44985.580775463,0.0,2.0,0.0,2.0,GROUND,19.6063888888889,1.0,2100.0,005154,GM-UT-CART
112163,45029.426087963,45030.4938194444,112980.0,1775.0,1.0,1.0,1160.0,146.594722222222,220000.0,0.0,1.5
248006,0.0,0.0,0.0,0.0,TRAILER,10.0,TRL-DMP-VTA,TRAILER-DMP- VAN/TANKER ALUMIN,FLEET MAINTENANCE HAULAGE,,248TITANA23
378240,44454.3165046296,44645.9266898148,4030.0,788.0,0.0,0.0,1160.0,1.0,2100.0,,GM-UT-CART
267251,45134.3794791667,0.0,0.0,0.0,0.0,TRAILER,22.8925,0.5,0.0,003896,TRL-UTILITY
050158,45133.5518402778,44980.3069791667,14386.0,1528.0,6937.0,893.0,1160.0,0.0566666666666667,180000.0,4500.0,1.5
156209,,45043.2973842593,32751.0,1414.0,10523.0,303.0,1160.0,56.2413888888889,220000.0,5500.0,5.0
045078,45138.3735300926,45111.7429166667,117906.0,4574.0,6026.0,423.0,1160.0,57.7177777777778,180000.0,0.0,1.5
316018,45135.4784490741,45135.263900463,0.0,915.0,0.0,185.0,1160.0,56.9752777777778,0.0,3500.0,4.5
075011,45127.3190509259,45021.4333796296,29075.0,1533.0,5574.0,434.0,1160.0,68.9013888888889,220000.0,0.0,1.5
294072,45134.4412847222,44889.4440162037,0.0,1143.0,0.0,13.0,1160.0,1.0,6300.0,005381,APP-BRUSH-CH
LF0030,43734.2951388889,0.0,0.0,0.0,0.0,ATTACHMENT,0.5,ATT-LEAF-BOX,4301-1,61 TORYORK DR,ATTACHMENT-LEAF BOX
006030,44960.4675925926,44817.3431597222,94599.0,314.0,489.0,0.0,648.0,1.0,0.0,005581,SEDAN-PASS
112297,45083.2918055556,45114.6612037037,58093.0,307.0,1944.0,0.0,1160.0,26.2477777777778,220000.0,0.0,1.5
007025,45131.2851157407,44942.636875,78878.0,5491.0,2238.0,1.0,1160.0,36.9083333333333,160000.0,0.0,1.5
322098,45113.3183449074,45049.3104398148,0.0,226.0,0.0,129.0,1160.0,46.9316666666667,0.0,7000.0,
378331,45132.3975,0.0,51.0,0.0,40.0,GROUND,38.46,1.0,2100.0,0582-1,GM-UT-CART
112436,45134.332037037,45128.5083912037,66636.0,4706.0,9378.0,569.0,1160.0,16.3602777777778,220000.0,0.0,1.5
050148,45138.5309953704,45111.4529976852,31833.0,6.0,9073.0,2.0,1160.0,0.0075,180000.0,4500.0,1.5
195002,45112.3650347222,45070.2799652778,33677.0,1584.0,1183.0,66.0,1160.0,20.3108333333333,250000.0,6250.0,5.0
395032,45103.1977314815,0.0,1757.0,0.0,48.0,GROUND,0.5,GM-MOWER,005486,1000 JANE ST,GROUND-MOWER
378318,44481.4344212963,0.0,2.0,0.0,0.0,GROUND,1.0,,0582-1,9 LESLIE ST,
112322,45131.3217592593,45043.487650463,65264.0,3574.0,2524.0,217.0,1160.0,42.7297222222222,220000.0,0.0,1.5
315090,45138.4501736111,45113.5991203704,0.0,3633.0,0.0,551.0,1160.0,145.674444444444,250000.0,9000.0,8.0
045080,,45083.3088541667,94907.0,4754.0,5515.0,439.0,1160.0,272.509166666667,180000.0,0.0,1.5
045112,44998.3089351852,45050.5085416667,109720.0,1034.0,3.0,3.0,1160.0,69.2441666666667,180000.0,0.0,1.5
294084,45022.3249768519,44869.5875115741,0.0,62.0,0.0,29.0,1160.0,1.0,9800.0,004301,APP-BRUSH-CH
112270,45131.2800347222,45125.3099768519,102650.0,3022.0,5927.0,147.0,,4.39305555555556,220000.0,0.0,1.5
041175,45093.5548958333,45076.4695949074,42155.0,2715.0,773.0,61.0,1160.0,8.49833333333333,160000.0,4000.0,1.5
266054T,44803.3409837963,0.0,0.0,0.0,0.0,TRAILER,0.5,TRL-UTILITY,004190,711 LAKE SHORE BLVD W,
065173,45132.4684027778,45111.4814814815,9049.0,526.0,9049.0,526.0,1048.0,74.9480555555556,220000.0,0.0,1.5
223087,45134.2953125,45138.3456134259,88368.0,7725.0,10534.0,965.0,1160.0,505.621944444444,250000.0,6250.0,8.0
127009,45106.5283564815,45083.3950347222,85243.0,2189.0,3360.0,131.0,1160.0,133.883333333333,220000.0,0.0,1.5
CLAW13,44071.4452430556,2.0,1.0,0.0,0.0,ATTACHMENT,0.5,ATT-CLW-BUC,000525,1116 KING ST W,ATTACHMENT-CLAW BUCKET
330188,45134.5530555556,45097.4595023148,0.0,602.0,0.0,113.0,1160.0,238.963888888889,,2100.0,4.0
041353,45135.3573842593,44986.4580671296,43478.0,2651.0,3765.0,283.0,1160.0,0.0,160000.0,4000.0,
064156,44722.5953356481,45041.5830787037,28240.0,0.0,3.0,0.0,1160.0,98.0061111111111,220000.0,0.0,1.5
041187,45135.6638657407,45114.6363888889,73130.0,5157.0,1797.0,2.0,1160.0,152.256388888889,160000.0,4000.0,1.5
376108,44634.8850115741,43875.5319444444,0.0,1080.0,0.0,137.0,,3.0,4900.0,0520-1,ICE-RESURF
050151,45128.5223148148,45007.3988310185,10392.0,300.0,3635.0,116.0,1160.0,31.1675,180000.0,4500.0,
041085,45016.5810300926,45047.596400463,123400.0,1015.0,875.0,32.0,800.0,61.5569444444444,160000.0,4000.0,1.5
188052,,45016.4441782407,20883.0,2267.0,1821.0,264.0,1160.0,383.911388888889,250000.0,6250.0,5.0
333013,45001.4493055556,44984.7056134259,0.0,6180.0,0.0,19.0,648.0,336.0,0.0,18200.0,8.0
041117,44420.4657638889,44967.7862268519,62964.0,197.0,2.0,2.0,944.0,24.0,160000.0,4000.0,1.5
062081,45112.3635069444,45113.2322916667,136015.0,1636.0,5068.0,303.0,1160.0,246.290277777778,220000.0,0.0,1.5
188074,45131.5559953704,45082.5792013889,16367.0,875.0,4688.0,523.0,1160.0,84.9527777777778,250000.0,6250.0,5.0
501016,42971.5206134259,44739.5946527778,0.0,0.0,0.0,0.0,1160.0,0.5,,004426,ATT-GEN
294056,43757.4626967593,44951.5509837963,0.0,600.0,0.0,1.0,1160.0,109.917222222222,0.0,9800.0,1.0
065112,45119.5899421296,44834.5803703704,72350.0,3011.0,,,1160.0,1.5,0.0,5464-1,PICKU-3/4T
319251,45113.2941319444,0.0,0.0,0.0,0.0,GROUND,129.223333333333,0.5,7000.0,10020,GM-TRACT
396384,44713.5077893519,43602.4675462963,0.0,492.0,0.0,0.0,1160.0,0.5,5600.0,003896,GM-MOWER
042012,45132.4461574074,45096.3631481481,43937.0,1715.0,,283.0,1160.0,64.1216666666667,180000.0,4500.0,1.5
322089,45114.3222106481,44949.562662037,0.0,1442.0,0.0,120.0,1160.0,7.63222222222222,0.0,7000.0,8.0
319141,43677.5055324074,45050.5335648148,0.0,909.0,0.0,1.0,1160.0,0.0422222222222222,0.0,4900.0,0.5
396571,45128.4549768519,0.0,0.0,0.0,0.0,GROUND,35.4816666666667,0.5,2100.0,10010,GM-MOWER
395034,45135.5252893519,44096.5569907407,0.0,2543.0,0.0,100.0,1160.0,0.5,2800.0,002979,GM-MOWER
332021,0.0,0.0,0.0,0.0,ICEMAIN,10.0,ICE-M-RESURF,ICE-MAIN-TRACTOR MOUNTED RESUR,,,332OLYMNA11
267152,,0.0,0.0,0.0,0.0,TRAILER,38.3836111111111,0.5,0.0,,TRL-UTILITY
376050,,4.0,0.0,0.0,0.0,ICEMAIN,,ICE-RESURF,002193,75 ARCADIAN CRCL,ICE-MAIN-RESURFACER
382008,45126.2988773148,43550.3871296296,146.0,1.0,24.0,0.0,1160.0,1.0,700.0,006155,GM-UT-CART
378050,38705.0,0.0,0.0,0.0,0.0,GROUND,1.0,GM-UT-CART,,,
319176,44554.5345486111,44986.2110069444,0.0,366.0,0.0,2.0,1160.0,,0.0,3500.0,2.0
323098,45135.5388888889,45105.2221875,0.0,5993.0,0.0,855.0,1160.0,301.6725,0.0,17400.0,8.0
095012,44788.3623148148,40583.3157986111,51996.0,0.0,0.0,0.0,1160.0,1.0,4000.0,0549-1,SEDAN-PASS
298014,45127.3558564815,0.0,1412.0,0.0,0.0,APPARATUS,63.4594444444444,,6300.0,4301-1,APP-LEAF-LD
112278,45020.3737731481,45041.6758333333,88313.0,1822.0,1873.0,2.0,1160.0,20.7363888888889,220000.0,,1.5
111067,45131.4201388889,45118.4116898148,56414.0,3281.0,4488.0,2.0,1160.0,29.6858333333333,180000.0,0.0,1.5
378276,,42962.2621875,0.0,1172.0,0.0,127.0,1160.0,1.0,2100.0,005043,GM-UT-CART
003127,44853.3587268519,44890.5893171296,85904.0,466.0,64.0,2.0,1160.0,0.0,160000.0,0.0,1.0
095188,45132.303125,45051.6482638889,10023.0,164.0,2590.0,1.0,1160.0,300.908333333333,160000.0,0.0,1.5
319208,44939.5703703704,45041.5378125,0.0,164.0,0.0,111.0,1160.0,625.406111111111,0.0,3500.0,2.0
398003,0.0,0.0,0.0,0.0,GROUND,10.0,GM-MOWER,GROUND-MOWER,1000 JANE ST,,398TOROUN18
331007,45135.628125,43593.3534722222,0.0,2699.0,0.0,200.0,1160.0,0.5,2100.0,002979,GM-TRACT
050147,45133.5795023148,45048.5598958333,20854.0,513.0,7194.0,1.0,1160.0,0.00222222222222222,180000.0,4500.0,1.5
050125,45126.5808101852,45056.2918981481,22947.0,2898.0,5717.0,679.0,1160.0,2.87833333333333,180000.0,4500.0,1.5
007036,45133.3076273148,45138.4311689815,161610.0,7719.0,8403.0,301.0,1160.0,39.6111111111111,160000.0,0.0,1.5
250517,45124.2665625,0.0,0.0,0.0,0.0,TRAILER,53.4827777777778,0.5,0.0,005468,TRL-VAN/TANK
051018,45138.6359722222,45124.3758333333,24108.0,438.0,3894.0,3.0,1160.0,38.2727777777778,180000.0,4500.0,1.5
156176,45131.4855208333,,39168.0,2514.0,5164.0,351.0,1160.0,131.902777777778,220000.0,0.0,4.0
396496,45138.292025463,43623.5831944444,0.0,2010.0,0.0,239.0,1160.0,0.5,4200.0,003698,GM-MOWER
396041,44715.5057407407,0.0,350.0,0.0,0.0,GROUND,0.5,GM-MOWER,0520-1,50 BOOTH AVE,GROUND-MOWER
112382,45138.5662847222,45072.4583333333,192332.0,7487.0,9423.0,3.0,1160.0,292.867777777778,220000.0,0.0,1.5
266089,45048.3394328704,0.0,0.0,0.0,0.0,TRAILER,7.85361111111111,0.5,0.0,001984,TRL-UTILITY
050114,,45118.4650462963,14612.0,1005.0,5003.0,303.0,1160.0,41.4233333333333,180000.0,0.0,1.5
250028,44909.2931944444,0.0,0.0,0.0,0.0,TRAILER,141.314166666667,0.5,0.0,005387,TRL-VAN/TANK
304010,42550.4098611111,0.0,0.0,0.0,0.0,APPARATUS,0.5,APP-AERATOR,004447,140 BENTWORTH AVE,APPARUTUS-AERATOR
379071,0.0,0.0,0.0,0.0,GROUND,8.0,GM-UT-CART,,,,
376063,41617.6167939815,5.0,5.0,0.0,0.0,ICEMAIN,3.0,ICE-RESURF,0520-1,50 BOOTH AVE,ICE-MAIN-RESURFACER
204037,45138.3228819444,45098.338912037,43269.0,1388.0,7123.0,310.0,1160.0,110.005,250000.0,10000.0,8.25
395026,43398.0,0.0,588.0,0.0,0.0,GROUND,0.5,GM-MOWER,,,GROUND-MOWER
315102,45134.4808564815,45084.3455439815,0.0,2689.0,0.0,401.0,1160.0,554.500277777778,250000.0,,8.0
041255,45120.3579166667,45124.5627199074,38990.0,895.0,3884.0,1.0,1160.0,83.56,,4000.0,1.5
135184,45120.3457638889,45097.398275463,36298.0,1514.0,4547.0,167.0,1160.0,56.4605555555556,220000.0,5500.0,3.0
378262,42716.2919560185,0.0,3.0,0.0,0.0,GROUND,1.0,GM-UT-CART,005649,51 BEECHGROVE DR,
047075,45131.6151041667,44986.3039699074,42493.0,324.0,5169.0,0.0,1160.0,36.6669444444444,180000.0,4500.0,1.5
318030,45138.4367708333,45057.4023611111,0.0,1603.0,0.0,224.0,1160.0,327.894722222222,0.0,3500.0,0.5
501012,44923.566400463,0.0,0.0,0.0,0.0,ATTACHMENT,0.0,0.5,1400.0,002426,ATT-GEN
315111,45138.4991435185,45121.5295717593,0.0,775.0,0.0,301.0,1160.0,646.951666666667,250000.0,9000.0,8.0
044096,45127.6062847222,45022.5712731481,8286.0,334.0,1667.0,61.0,1160.0,54.9227777777778,180000.0,0.0,1.5
080108,45135.4457986111,45041.3038194444,7739.0,350.0,5743.0,288.0,1160.0,9.17527777777778,220000.0,5500.0,4.0
323061,45049.226087963,45106.5976967593,0.0,4474.0,0.0,136.0,1160.0,256.287777777778,0.0,12600.0,8.0
396574,45128.4528587963,0.0,0.0,0.0,0.0,GROUND,31.3369444444444,0.5,4200.0,006155,GM-MOWER
267167,45112.4223842593,0.0,0.0,0.0,0.0,TRAILER,30.8569444444444,0.5,0.0,0516-3,TRL-UTILITY
043273,44505.4251967593,44498.4754166667,18010.0,885.0,0.0,0.0,1160.0,1.5,0.0,,PICKU-1/2T
158089,45132.3114583333,45135.2723611111,13658.0,847.0,6969.0,499.0,1160.0,107.895833333333,250000.0,6250.0,5.0
041357,45133.5909722222,44615.4053472222,6147.0,109.0,1917.0,0.0,1160.0,1.5,4000.0,000520,SEDAN-PASS
237150,45062.5315740741,45048.5078587963,47658.0,3547.0,534.0,1.0,960.0,1.8225,250000.0,6250.0,8.0
001136,,,14590.0,885.0,745.0,37.0,1160.0,131.929166666667,160000.0,0.0,1.0
396381,,0.0,2070.0,0.0,0.0,GROUND,0.5,GM-MOWER,005486,1000 JANE ST,GROUND-MOWER
237208,43830.0,45137.3153935185,72758.0,7682.0,5530.0,618.0,1160.0,664.251944444445,250000.0,6250.0,8.0
396581,44770.4042592593,0.0,2.0,0.0,0.0,GROUND,0.5,GM-MOWER,1045-1,875 EASTERN AVE,GROUND-MOWER
334005,41125.3083333333,38979.413900463,0.0,0.0,0.0,0.0,1160.0,2.0,3500.0,,LIFT-ART-BLIF
205026,45138.2400347222,45006.4665277778,21746.0,692.0,4991.0,304.0,1160.0,42.5947222222222,250000.0,0.0,5.5
041272,45069.7586111111,43194.7011342593,139082.0,11329.0,6825.0,550.0,1160.0,1.5,4000.0,,SEDAN-PASS
237234,43830.0,45137.4229166667,45322.0,3989.0,8033.0,37.0,1160.0,519.165277777778,250000.0,6250.0,8.0
065131,45127.5629976852,45131.5719560185,89677.0,4064.0,2588.0,6.0,1160.0,60.9086111111111,220000.0,8000.0,1.5
050056,,45117.4711574074,42962.0,790.0,6962.0,5.0,1160.0,74.095,180000.0,0.0,1.5
290012,45056.790474537,0.0,0.0,0.0,0.0,TRAILER,,0.5,0.0,005154,TRL-WATER-CIS
041348,45018.9465162037,44900.8305324074,31539.0,309.0,2120.0,,1160.0,1.5,4000.0,005559,SEDAN-PASS
330140,44523.2816087963,45117.3045486111,0.0,146.0,0.0,2.0,1160.0,120.670555555556,0.0,2100.0,4.0
112541,45114.4399768518,45076.3258912037,0.0,0.0,0.0,0.0,136.0,0.0,220000.0,0.0,1.5
051007,,43367.6712384259,0.0,0.0,0.0,0.0,1160.0,1.5,4500.0,,PICKU-COMP
045147,45135.6437152778,45091.4639467593,127163.0,5982.0,16536.0,852.0,1160.0,,180000.0,0.0,1.5
266096,0.0,0.0,0.0,0.0,TRAILER,15.0,TRL-BOAT,,1200 LANSDOWNE AVE,,266LOADNA22
041329,45126.2858796296,,25555.0,1613.0,4839.0,427.0,1160.0,27.9797222222222,160000.0,4000.0,1.5
001065,45131.4314351852,44942.4803472222,43319.0,1183.0,4097.0,1.0,1160.0,8.25527777777778,160000.0,0.0,1.0
267054,45096.5604282407,0.0,0.0,0.0,0.0,TRAILER,29.1847222222222,,0.0,005854,TRL-UTILITY
064180,45138.2837847222,45050.4272453704,23085.0,893.0,11165.0,308.0,1160.0,156.185277777778,220000.0,0.0,1.5
269023,44263.3394212963,0.0,0.0,0.0,0.0,APPARATUS,0.5,APP-ARR-BD,000582,7 LESLIE ST,APPARUTUS ARROW BOARD
329048,45050.4896990741,0.0,611.0,0.0,1.0,LIFTING,0.0883333333333333,2.0,700.0,005386,LIFT-FRKLFT
323095,45021.4534722222,45035.2169907407,0.0,5935.0,0.0,436.0,1160.0,683.381944444445,0.0,17400.0,8.0
112538,45100.5714236111,45076.3243287037,0.0,0.0,0.0,0.0,208.0,352.0,220000.0,0.0,1.5
285059,44414.3967361111,45092.4553356481,0.0,1218.0,0.0,1.0,1160.0,44.0380555555556,0.0,4200.0,1.0
050094,45083.3663773148,45086.3663078704,10692.0,445.0,,131.0,1160.0,114.068055555556,180000.0,0.0,1.5
396416,43726.3581018519,42943.3125462963,0.0,2188.0,0.0,0.0,1160.0,0.5,2100.0,005109,GM-MOWER
237250,45123.3131944444,37097.0,4345.0,9019.0,1063.0,CLASS8,289.115833333333,8.0,6250.0,004869,TRUCK-SLOAD
334014,45044.8653009259,0.0,34.0,0.0,2.0,LIFTING,8.0,2.0,1400.0,5464-1,LIFT-ELEV
2161,,0.0,141.0,0.0,3.0,,168.0,2.0,1400.0,003985,LIFT-ELEV
112273,45128.6055671296,45072.3947453704,73493.0,2066.0,3392.0,1.0,1160.0,2.52611111111111,220000.0,0.0,1.5
9389,42702.5118865741,0.0,0.0,0.0,0.0,ATTACHMENT,0.5,ATT-CLW-BUC,000525,,ATTACHMENT-CLAW BUCKET
158071,45044.3125115741,45138.7102777778,63541.0,3791.0,862.0,107.0,1160.0,3.38583333333333,250000.0,6250.0,5.0
094086,45131.3284143519,44834.2790162037,,1439.0,3.0,0.0,1160.0,1.0,4000.0,000829,VAN-PASS
378190,44474.3157291667,42500.5425115741,1909.0,12.0,0.0,0.0,304.0,,2800.0,005513,GM-UT-CART
007027,45123.6824537037,,80677.0,1640.0,5798.0,347.0,1160.0,145.798055555556,160000.0,0.0,1.5
396516,44497.2841550926,44372.3800925926,0.0,205.0,0.0,0.0,,0.5,2100.0,004847,GM-MOWER
161019,45135.2876041667,45128.6678125,64362.0,1653.0,6889.0,394.0,1160.0,192.970277777778,250000.0,0.0,3.0
332011,40548.3856828704,1001.0,0.0,0.0,0.0,ICEMAIN,3.0,ICE-RESURF,STN441,947 MARTINGROVE RD.,ICE-MAIN-RESURFACER
041189,45134.5607175926,45106.5493402778,59023.0,2143.0,3785.0,8.0,1160.0,53.6733333333333,160000.0,4000.0,1.5
378309,44990.560787037,44777.2781944444,0.0,363.0,0.0,62.0,1160.0,1.0,2100.0,003688,GM-UT-CART
175045,45133.3205671296,45085.4371990741,52428.0,2529.0,1737.0,97.0,,,250000.0,6250.0,5.0
315077,45138.513599537,45131.2928125,0.0,2668.0,0.0,255.0,1160.0,863.228888888889,250000.0,9000.0,8.0
050124,45138.3460300926,45117.3385648148,30698.0,2681.0,8556.0,663.0,1160.0,21.5594444444444,180000.0,4500.0,1.5
047077,44335.5518981482,45019.639375,46390.0,2506.0,2.0,2.0,1160.0,16.655,180000.0,4500.0,1.5
WORK9372,40485.3463078704,0.0,2.0,0.0,0.0,WINTERMAIN,2.0,WM-BLOW,002990,64 MURRAY RD,WINTER-MAIN-SNOW BLOWER
378219,0.0,0.0,0.0,0.0,GROUND,8.0,GM-UT-CART,,247 ESTHER SHINER BLVD,,
319158,45047.5655671296,45126.4381018519,0.0,1450.0,0.0,72.0,1160.0,170.443611111111,0.0,7000.0,0.5
045195,45127.4204861111,45133.3993981481,5113.0,311.0,5003.0,302.0,1160.0,53.1422222222222,180000.0,0.0,1.5
080116,45120.582962963,45098.4952199074,317.0,12.0,317.0,12.0,304.0,110.519444444444,220000.0,5500.0,4.0
045154,45131.6212847222,45118.4692476852,18840.0,967.0,5000.0,300.0,1160.0,76.0583333333333,180000.0,0.0,1.5
317004,0.0,0.0,0.0,0.0,FACILITY,8.0,FM-FL-SWP,FACILITY-FLOOR SWEEPER,,,317TENNDI06
191018,45138.8692476852,44972.3719328704,14005.0,571.0,2120.0,237.0,1160.0,100.943055555556,250000.0,0.0,4.0
237255,45138.4821875,37526.0,3152.0,7794.0,967.0,CLASS8,176.639722222222,8.0,6250.0,,TRUCK-SLOAD
003094,45135.369224537,45106.5715162037,,0.0,3576.0,0.0,1160.0,115.140833333333,160000.0,0.0,1.0
384013,0.0,0.0,0.0,0.0,GROUND,8.0,GM-BIKE,,433 EASTERN AVE,,384ROCKNA04
205012,,45089.5755324074,58961.0,5714.0,1344.0,93.0,1160.0,424.118055555556,250000.0,6250.0,6.0
319048,39128.0,45041.2853472222,0.0,1049.0,0.0,1.0,1160.0,0.0116666666666667,0.0,3500.0,0.5
065054,,45050.3512152778,103502.0,7136.0,1964.0,129.0,1160.0,300.71,220000.0,0.0,1.5
378294,44994.5222685185,12.0,12.0,2.0,2.0,GROUND,0.548888888888889,1.0,700.0,0582-1,GM-UT-CART
112476,45132.3576273148,44971.5868518519,37008.0,2423.0,5420.0,300.0,1160.0,89.8294444444444,220000.0,0.0,1.5
080105,45135.5233564815,44985.4231597222,43605.0,1545.0,8038.0,296.0,,121.568888888889,220000.0,5500.0,4.0
324013,45058.4745833333,44504.3129513889,0.0,573.0,0.0,15.0,1160.0,4.0,6300.0,005267,CON-SKD-STR
005018,45124.5669675926,44903.3714467593,9324.0,134.0,41.0,4.0,1160.0,1.5,4000.0,,SEDAN-PASS
294092,44960.511087963,45005.5024421296,0.0,6.0,0.0,5.0,1112.0,33.2586111111111,,9800.0,1.0
317008,45138.3240393518,3.0,0.0,0.0,0.0,FACILITY,8.0,3.0,700.0,,FM-FL-SCR
396272,45138.512662037,45071.4244560185,0.0,2518.0,0.0,116.0,1160.0,13.8130555555556,0.0,7000.0,0.5
237216,43830.0,45114.3190277778,50412.0,5293.0,6905.0,75.0,1160.0,92.6622222222222,250000.0,6250.0,8.0
289027,45006.3767476852,45069.5708101852,0.0,17.0,0.0,7.0,1160.0,217.504444444444,0.0,3500.0,1.0
095192,45138.3445023148,45099.7198726852,10524.0,6.0,10277.0,1.0,1160.0,140.090277777778,160000.0,0.0,1.5
020022,45127.5731712963,44988.4044560185,39534.0,2835.0,3684.0,242.0,1160.0,96.8786111111111,160000.0,0.0,1.0
378257,44839.384537037,0.0,9.0,0.0,0.0,GROUND,1.0,GM-UT-CART,0582-1,9 LESLIE ST,
267108,45120.4291319444,0.0,0.0,0.0,0.0,TRAILER,64.0325,0.5,0.0,005044,TRL-UTILITY
222026,43830.0,45084.5324884259,10525.0,561.0,3.0,3.0,1160.0,11.7605555555556,250000.0,10000.0,8.0
045116,45119.9517361111,45049.4887847222,28915.0,356.0,1.0,1.0,1160.0,0.744722222222222,180000.0,4500.0,1.5
321004,45051.5201967593,45107.3277314815,0.0,333.0,0.0,168.0,1160.0,95.3158333333333,0.0,4900.0,8.0
114033,45063.3394212963,45070.5582407407,56248.0,2097.0,2779.0,12.0,1160.0,782.975833333333,220000.0,0.0,1.5
396348,42914.3832986111,43766.4421064815,0.0,1610.0,0.0,0.0,1160.0,0.5,2800.0,003975,
237248,45135.7784722222,29026.0,2661.0,6549.0,673.0,CLASS8,862.699444444444,8.0,6250.0,004869,TRUCK-SLOAD
065140,45132.2675231481,45106.3173263889,77060.0,4021.0,12154.0,3.0,1160.0,22.6275,220000.0,8000.0,1.5
020014,45121.4239583333,45037.3800694444,54319.0,2670.0,,216.0,1160.0,3.90138888888889,160000.0,0.0,1.0
378225,45097.4154282407,41977.3118287037,0.0,1291.0,0.0,76.0,1160.0,1.0,2100.0,,
041404,45131.5784259259,45097.6399537037,18903.0,1724.0,3779.0,457.0,1160.0,17.6958333333333,160000.0,4000.0,1.5
001117,45121.6168865741,45131.5251041667,27195.0,1740.0,33.0,1.0,1160.0,7.5975,160000.0,0.0,1.0
378374,45128.4567824074,0.0,0.0,0.0,0.0,GROUND,30.2761111111111,1.0,700.0,4869-2,GM-UT-CART
378105,44361.3238425926,651.0,14.0,0.0,0.0,GROUND,1.0,GM-UT-CART,000549,275 MANITOBA DR,
396378,45138.5678819444,44347.4024074074,0.0,3544.0,0.0,213.0,1160.0,0.5,7000.0,004847,GM-MOWER
269075,44939.5293865741,0.0,0.0,0.0,0.0,APPARATUS,0.111388888888889,0.5,0.0,002426,APP-ARR-BD
333024,45092.4743055556,45118.6455555556,0.0,358.0,0.0,35.0,1160.0,75.4883333333333,0.0,12600.0,
112299,44776.5231018519,44917.4476967593,103589.0,1750.0,0.0,0.0,152.0,8.0,220000.0,0.0,1.5
266046,44672.4016203704,0.0,0.0,0.0,0.0,TRAILER,0.5,TRL-UTILITY,003892,1050 ELLESMERE RD,
236275,43830.0,45134.8421180556,92241.0,9684.0,5222.0,548.0,1160.0,87.7269444444444,250000.0,10000.0,8.0
095149,45135.4238194444,45002.4525925926,46662.0,2372.0,3826.0,231.0,1160.0,109.316111111111,160000.0,0.0,1.5
396315,44316.3633333333,42619.4479976852,0.0,1478.0,0.0,0.0,1160.0,0.5,2800.0,006155,GM-MOWER
041378,45138.3659953704,45040.5942939815,20386.0,606.0,2981.0,1.0,1160.0,88.0808333333333,160000.0,4000.0,1.5
156131,45118.5560185185,45013.4723148148,52535.0,4739.0,4281.0,467.0,1160.0,126.249722222222,220000.0,0.0,4.0
111062,45135.480787037,45106.5386111111,73672.0,1902.0,5012.0,1.0,1160.0,9.76611111111111,180000.0,0.0,
112256,,45041.3977893519,79813.0,2957.0,8567.0,422.0,1160.0,91.2138888888889,220000.0,0.0,1.5
050055,45138.2150578704,45113.4669328704,58547.0,3386.0,6779.0,433.0,1160.0,198.198055555556,180000.0,0.0,1.5
072209,45127.2898032407,45062.3211921296,104763.0,2963.0,2425.0,176.0,1160.0,4.84083333333333,220000.0,0.0,1.5
396414,43342.3341203704,0.0,9.0,0.0,0.0,GROUND,0.5,GM-MOWER,005619,61A EDGEHILL RD,GROUND-MOWER
094030,43103.4080092593,43003.3917824074,0.0,0.0,0.0,0.0,1160.0,1.5,0.0,,VAN-PASS
378335,44944.3270138889,,4.0,0.0,4.0,GROUND,130.736944444444,1.0,2100.0,005154,GM-UT-CART
236302,43830.0,45091.3635069444,64015.0,8434.0,6937.0,727.0,1160.0,417.244722222222,250000.0,10000.0,8.0
050191,,615.0,0.0,615.0,0.0,CLASS2,63.3891666666667,1.5,4500.0,005671,PICKU-1/2T
050172,,44915.4814583333,9925.0,465.0,3143.0,142.0,1160.0,0.0,180000.0,,1.5
347023,45001.2943402778,45098.4452199074,0.0,842.0,0.0,2.0,1160.0,193.979722222222,0.0,21000.0,2.0
112474,45134.3023958333,45090.3099189815,42882.0,3079.0,7259.0,453.0,1160.0,,220000.0,0.0,1.5
CLAW34,44936.4335185185,0.0,0.0,0.0,0.0,ATTACHMENT,53.5955555555556,0.5,0.0,005495,ATT-CLW-BUC
319201,45005.0211574074,,0.0,301.0,0.0,123.0,1160.0,532.939166666667,0.0,3500.0,2.0
302004,44958.634525463,0.0,19.0,0.0,1.0,APPARATUS,0.771388888888889,0.5,3500.0,004426,APP-WATER-PMP
415008,0.0,0.0,0.0,0.0,ATTACHMENT,15.0,ATT-SAND-GRM,ATTACHMENT-SAND GROOMER,50 BOOTH AVE,,415BANNERM16
298004,44524.5553240741,0.0,905.0,0.0,0.0,APPARATUS,4.25,APP-LEAF-LD,4301-1,61 TORYORK DR,APPARUTUS-LEAF LOADER
334006,0.0,0.0,0.0,0.0,LIFTING,15.0,LIFT-ART-BLIF,LIFTING-ARTICULATED BOOMLIFT,,,334GENUN08
041131,45134.2936458333,44651.286087963,59090.0,1454.0,3800.0,1.0,1160.0,26.9808333333333,160000.0,4000.0,1.5
330170,45132.5411689815,45134.3038310185,0.0,2671.0,0.0,295.0,1160.0,350.704722222222,0.0,2100.0,4.0
267125,45131.4867824074,0.0,0.0,0.0,0.0,TRAILER,44.3172222222222,0.5,0.0,001984,TRL-UTILITY
206108,45138.6493865741,45132.2892708333,117389.0,1772.0,22306.0,9.0,1160.0,56.5036111111111,400000.0,10000.0,5.0
067035,45117.5590856482,45062.5612384259,104647.0,4543.0,3200.0,213.0,1160.0,52.0011111111111,220000.0,0.0,1.5
237246,45131.3109143519,38528.0,3822.0,8031.0,957.0,CLASS8,220.021944444444,8.0,6250.0,004869,TRUCK-SLOAD
379044,0.0,0.0,0.0,0.0,GROUND,8.0,GM-UT-CART,,2481 BIRCHMOUNT RD,,379YAMAUN18
329075,45117.4907291667,,0.0,0.0,0.0,LIFTING,128.334444444444,2.0,700.0,005603,LIFT-FRKLFT
041260,45127.3882407407,45133.5516435185,38360.0,655.0,2379.0,2.0,1160.0,273.603333333333,160000.0,4000.0,1.5
115029,45138.5574189815,45082.5152777778,5048.0,299.0,1926.0,145.0,1160.0,60.4558333333333,220000.0,0.0,1.5
222048,45138.2278125,45135.3222800926,24488.0,2397.0,4413.0,291.0,1160.0,613.868611111111,220000.0,5500.0,8.0
041312,45130.2237731482,45103.2543402778,38638.0,1347.0,3965.0,170.0,1160.0,184.595555555556,160000.0,4000.0,1.5
501018,44721.5306018519,0.0,2.0,0.0,0.0,APPARATUS,1.0,APP-COMPRRESS,003892,1050 ELLESMERE RD,APPARUTUS-COMPRESSOR
192009,45126.4503935185,45126.3844328704,93493.0,5674.0,2754.0,367.0,1160.0,248.821111111111,250000.0,10000.0,6.0
188048,45134.3080671296,45041.5750462963,94575.0,7191.0,6350.0,499.0,1160.0,246.911111111111,250000.0,6250.0,5.0
095186,45138.3257407407,45083.4920486111,8657.0,6.0,8193.0,0.0,1160.0,9.17555555555556,160000.0,0.0,1.5
135172,45069.4467824074,44969.2819907407,7751.0,96.0,1227.0,2.0,1160.0,24.0,220000.0,5500.0,3.0
396540,45128.4571643519,44762.582349537,0.0,246.0,,132.0,1160.0,0.5,2100.0,30010,GM-MOWER
046009,,44783.3534722222,91869.0,9232.0,0.0,0.0,152.0,1.5,,006015,PICKU-COMP
396234,43977.5426273148,0.0,765.0,0.0,0.0,GROUND,0.5,,003896,70 NASHDENE RD,GROUND-MOWER
157047,45135.409224537,45128.5596875,50644.0,1896.0,5553.0,645.0,1160.0,128.236944444444,220000.0,5500.0,6.0
041369,44967.5225462963,44634.3557407407,23903.0,1401.0,680.0,36.0,1160.0,1.5,4000.0,000520,SEDAN-PASS
319115,45035.5637384259,0.0,555.0,0.0,0.0,GROUND,71.6363888888889,0.5,2800.0,000591,GM-TRACT
003258,45120.362337963,45021.2962731481,12442.0,363.0,3160.0,49.0,1160.0,5.28277777777778,160000.0,0.0,1.0
266091,45091.4982060185,0.0,0.0,0.0,0.0,TRAILER,111.024444444444,0.5,0.0,001984,TRL-UTILITY
074019,45040.2365856481,44951.328125,20547.0,1644.0,15.0,1.0,1160.0,30.0297222222222,220000.0,0.0,1.5
048048,45070.4057175926,44956.3046527778,48909.0,533.0,2079.0,34.0,1160.0,0.0,180000.0,4500.0,1.5
003334,45030.5121180556,1190.0,0.0,1189.0,0.0,CLASS1,2.18694444444444,,0.0,001045,SEDAN-PASS
041179,,44981.4808217593,40534.0,2289.0,2775.0,1.0,1160.0,53.1705555555555,160000.0,4000.0,1.5
112290,44909.3240740741,44924.2909143519,99268.0,1853.0,1.0,1.0,464.0,180.178888888889,220000.0,0.0,1.5
050134,45106.5436458333,45047.5527430556,10629.0,2235.0,450.0,309.0,1160.0,72.1261111111111,180000.0,4500.0,
208013,45131.5381018519,45132.6101273148,6477.0,20.0,4073.0,2.0,1160.0,36.9169444444444,220000.0,5500.0,4.0
396553,44770.5209259259,0.0,2.0,0.0,0.0,GROUND,0.5,GM-MOWER,30010,FINCH GARAGE,GROUND-MOWER
111081,45064.3533912037,,41435.0,2040.0,2481.0,1.0,1160.0,1.17777777777778,180000.0,0.0,1.5
188045,45124.3282407407,45132.3031018519,34694.0,2976.0,2941.0,295.0,1160.0,385.549444444444,250000.0,6250.0,5.0
222044,45138.220775463,45106.6210069444,50874.0,4217.0,3.0,18.0,1160.0,140.895,220000.0,5500.0,8.0
076044,45132.2926157407,45000.3981712963,38150.0,2572.0,2052.0,2.0,1160.0,26.0155555555556,220000.0,0.0,1.5
378237,43089.3512615741,42388.5562962963,239.0,2.0,0.0,0.0,1160.0,1.0,2100.0,003681,GM-UT-CART
050046,45104.3781597222,45001.3919097222,6371.0,643.0,6.0,1.0,1160.0,52.9336111111111,180000.0,0.0,
194019,45132.5439583333,45131.9021296296,29840.0,3333.0,3058.0,456.0,1160.0,278.279722222222,250000.0,10000.0,3.0
289032,45051.5497337963,45107.5021643518,0.0,12.0,0.0,2.0,1160.0,25.4936111111111,0.0,3500.0,1.0
379034,0.0,0.0,0.0,0.0,GROUND,8.0,GM-UT-CART,,,,379CLUBEL11A
112508,45138.567962963,45111.5155092593,7106.0,352.0,612.0,3.0,1160.0,5.46666666666667,220000.0,0.0,1.5
318036,45006.3191550926,45121.3175462963,0.0,734.0,0.0,138.0,1160.0,100.558611111111,0.0,2100.0,0.5
045102,45128.4605092593,,73569.0,2625.0,1500.0,3.0,1160.0,24.1525,180000.0,0.0,1.5
080067,44845.4969560185,44848.3600462963,118952.0,1433.0,0.0,0.0,1160.0,4.0,5500.0,006217,TRUCK- UTILI
319015,43063.4896064815,44684.4819097222,0.0,532.0,0.0,0.0,1160.0,0.5,3500.0,003896,GM-TRACT
267266,44866.388912037,0.0,0.0,0.0,0.0,TRAILER,0.5,TRL-UTILITY,001984,30 NORTHLINE RD,
396448,44494.5515740741,45097.3693402778,0.0,702.0,0.0,65.0,,0.0144444444444444,0.0,2100.0,0.5
075008,45111.5326388889,45114.7444328704,53761.0,4628.0,3028.0,495.0,1160.0,186.942777777778,220000.0,0.0,1.5
020034,45134.5466203704,45044.2863425926,37506.0,25.0,3908.0,1.0,1160.0,12.75,160000.0,0.0,1.0
376041,0.0,0.0,0.0,0.0,ICEMAIN,10.0,ICE-RESURF,ICE-MAIN-RESURFACER,441 KIPLING AVE,,
050073,45138.8217476852,45118.8315277778,98474.0,4820.0,5009.0,20.0,1160.0,123.365833333333,180000.0,0.0,
067115,45133.4857060185,45089.3178935185,6013.0,461.0,5618.0,443.0,1160.0,127.616111111111,220000.0,0.0,1.5
355007,0.0,0.0,0.0,0.0,ATTACHMENT,15.0,ATT-BCH-CLEAN,ATTACHMENT-BEACH CLEANER,1561 LAKESHORE BLVD E,,355BARBER21
112413,45135.3053356481,44923.412662037,,5570.0,8499.0,640.0,1160.0,1.5,0.0,006217,VAN-3/4T
269028,43363.5333217593,0.0,,0.0,0.0,APPARATUS,0.5,APP-ARR-BD,10070,NORTHLINE GARAGE,APPARUTUS ARROW BOARD
267242,44999.3619791667,0.0,0.0,0.0,0.0,TRAILER,31.3125,0.5,0.0,001984,TRL-UTILITY
067080,45126.5615393519,45118.2883217593,34850.0,1933.0,5090.0,264.0,1160.0,98.5927777777778,220000.0,0.0,1.5
001156,45124.5855439815,44931.4439583333,2365.0,9.0,9.0,0.0,1160.0,3.14138888888889,,0.0,
005007,45138.1945949074,45126.3021412037,,3890.0,22528.0,8.0,1160.0,36.4583333333333,160000.0,4000.0,1.5
074033,45132.4785532407,45085.5692592593,40343.0,332.0,5131.0,5.0,1160.0,29.8,220000.0,0.0,1.5
188040,45134.3366203704,45106.5850347222,72748.0,7079.0,3985.0,429.0,1160.0,276.511666666667,250000.0,6250.0,5.0
395035,45138.5165625,0.0,1439.0,0.0,30.0,GROUND,0.5,GM-MOWER,005267,11 ARMEL CRT,GROUND-MOWER
332020,0.0,0.0,0.0,0.0,ICEMAIN,10.0,ICE-M-RESURF,ICE-MAIN-TRACTOR MOUNTED RESUR,441 KIPLING AVE,,332OLYMNA11
267259,45128.3938541667,0.0,0.0,0.0,0.0,TRAILER,0.714166666666667,-1,0.0,,TRL-UTILITY
237193,43830.0,45126.4118518519,71582.0,8321.0,4467.0,673.0,1160.0,386.796666666667,250000.0,6250.0,8.0
237232,43830.0,45137.4194444444,62742.0,7224.0,8616.0,915.0,1160.0,559.6525,250000.0,6250.0,8.0
094059,45021.4189236111,,46366.0,1792.0,1742.0,165.0,1160.0,2.49305555555556,160000.0,4000.0,1.0
041106,44693.4493634259,44931.2669444444,49611.0,359.0,1.0,1.0,152.0,0.0,160000.0,4000.0,1.5
330179,45110.5627430556,45096.2505208333,0.0,86.0,0.0,18.0,1160.0,58.3113888888889,0.0,2100.0,4.0
379027,,1.0,1.0,0.0,0.0,GROUND,1.0,GM-UT-CART,005513,1132 LESLIE ST,
194015,45138.470162037,45131.8921990741,35471.0,3175.0,4622.0,516.0,1160.0,0.0,250000.0,10000.0,3.0
302001,40682.338587963,44767.6424305556,0.0,953.0,0.0,0.0,1160.0,0.5,2100.0,004426,APP-WATER-PMP
194047,45135.5324074074,45083.5441435185,3964.0,14.0,3964.0,14.0,256.0,,250000.0,0.0,3.0
270014,0.0,0.0,0.0,0.0,TRAILER,15.0,TRL-OFFICE,TRAILER-OFFICE,545 COMMISSIONERS ST,,270ALANNA19
416003,0.0,0.0,0.0,0.0,BOATS,20.0,,,,,416MIRRUN00
222039,43830.0,45082.3012615741,30731.0,1447.0,9.0,6.0,1160.0,412.546388888889,220000.0,5500.0,8.0
051013,45132.5906597222,44854.3137731481,137934.0,2580.0,7822.0,0.0,1160.0,1.5,4500.0,003681,PICKU-COMP
294064,45028.3354861111,44785.4955092593,0.0,733.0,0.0,17.0,1160.0,1.0,6300.0,003896,APP-BRUSH-CH
274021,0.0,0.0,0.0,0.0,APPARATUS,12.0,APP-ARR-BD,APPARUTUS ARROW BOARD,,,
396404,45097.3838773148,44487.3644328704,0.0,872.0,0.0,0.0,1160.0,0.5,2100.0,004847,GM-MOWER
003102,45034.4756481481,44795.2971527778,53374.0,,682.0,0.0,1160.0,1.0,0.0,003002,SEDAN-PASS
378370,45007.341400463,,4.0,0.0,4.0,GROUND,20.7533333333333,1.0,2100.0,10030,GM-UT-CART
206100,45128.4803819444,45134.8310300926,92331.0,705.0,19924.0,308.0,1160.0,246.709166666667,400000.0,,5.0
065041,44595.5971875,44916.8574305556,106452.0,0.0,0.0,0.0,152.0,8.0,220000.0,0.0,1.5
329054,45132.53625,0.0,4.0,0.0,1.0,LIFTING,119.55,2.0,4900.0,,LIFT-FRKLFT
003248,45135.7198611111,45037.5151041667,38840.0,34.0,3730.0,10.0,1160.0,133.012222222222,160000.0,0.0,1.0
236295,43830.0,45137.4138888889,99142.0,12209.0,6141.0,6.0,1160.0,302.757777777778,250000.0,10000.0,8.0
266098,44999.3728356482,0.0,0.0,0.0,0.0,TRAILER,9.13194444444444,0.5,0.0,,TRL-UTILITY
396359,45138.5284606482,43669.5500231481,0.0,4379.0,0.0,213.0,1160.0,0.5,4200.0,002979,GM-MOWER
112164,45132.3832407407,44636.2793981481,106662.0,0.0,2568.0,0.0,1160.0,1.5,0.0,000902,VAN-3/4T
315104,45119.1839467593,45119.3451273148,0.0,2837.0,0.0,250.0,1160.0,757.546666666667,250000.0,9000.0,8.0
396399,44470.3057986111,44474.417650463,0.0,1113.0,0.0,0.0,1160.0,0.5,2100.0,004847,GM-MOWER
067060,45138.4090856481,45005.3180324074,58934.0,2722.0,5817.0,271.0,1160.0,1.8,220000.0,0.0,1.5
049005,45099.4387152778,45113.4269907407,71204.0,,224.0,4.0,1160.0,215.1925,180000.0,4500.0,1.5
067094,45138.4696412037,45050.3453935185,13721.0,652.0,4267.0,238.0,1160.0,13.3572222222222,220000.0,0.0,1.5
065080,44922.3113194444,44923.3415162037,105359.0,4021.0,0.0,0.0,152.0,,220000.0,0.0,1.5
044069,45112.3540740741,44525.3288657407,79924.0,0.0,1422.0,0.0,1160.0,1.5,0.0,5109-1,PICKU-1/2T
376048,43619.3212268519,5.0,7.0,0.0,0.0,ICEMAIN,3.0,ICE-RESURF,000873,140 CHERITAN AVE,ICE-MAIN-RESURFACER
154004,38037.0,41068.4510416667,10001.0,0.0,0.0,0.0,1160.0,1.5,0.0,,PICKU-1TON
065078,44797.4372800926,44930.6925694444,134961.0,5027.0,1.0,1.0,152.0,0.155833333333333,220000.0,0.0,1.5
237262,45129.5026273148,8082.0,638.0,8082.0,638.0,CLASS8,207.510277777778,8.0,6250.0,004869,TRUCK-SLOAD
067025,45126.576400463,45048.4491319444,46623.0,2153.0,4.0,3.0,1160.0,179.765555555556,220000.0,0.0,1.5
041222,45132.9278240741,45064.5852430556,65570.0,2233.0,6678.0,1.0,1160.0,,160000.0,4000.0,1.5
041375,45138.5790162037,45104.4874189815,18913.0,10.0,6054.0,3.0,1160.0,29.4483333333333,160000.0,4000.0,1.5
050107,45134.3159606481,45128.4862152778,43940.0,3895.0,6212.0,658.0,1160.0,106.494722222222,180000.0,0.0,1.5
376049,41319.6069444444,4.0,4.0,0.0,0.0,ICEMAIN,3.0,ICE-RESURF,002102,1501 ALBION RD,ICE-MAIN-RESURFACER
062082,45138.3172916667,45049.5638657407,111619.0,1569.0,5477.0,2.0,1160.0,4.1025,220000.0,0.0,1.5
378195,43838.4213194444,4.0,3.0,0.0,0.0,GROUND,1.0,GM-UT-CART,000549,,
318058,45075.3161458333,0.0,9.0,0.0,9.0,GROUND,37.2894444444444,3.0,3500.0,000520,GM-TRACT
045120,45090.4672800926,45043.6639236111,30437.0,1327.0,2687.0,,1160.0,21.3055555555556,180000.0,0.0,1.5
396485,43683.4095833333,43685.5279861111,0.0,128.0,0.0,0.0,1160.0,0.5,2100.0,,GM-MOWER
020043,45131.3665046296,44967.5109143518,17036.0,588.0,2778.0,107.0,1160.0,33.535,160000.0,0.0,1.0
063071,44978.3513194444,45090.8240393518,53867.0,2470.0,742.0,54.0,960.0,254.076944444444,220000.0,0.0,1.5
045042,45111.3153703704,44971.3956712963,66281.0,0.0,2908.0,0.0,1160.0,44.1647222222222,180000.0,0.0,1.5
286010,45042.4067013889,,0.0,8.0,0.0,8.0,824.0,101.340555555556,0.0,9800.0,0.5
041236,,44888.4554976852,34651.0,984.0,3697.0,0.0,1160.0,1.5,4000.0,002426,SEDAN-PASS
065162,45138.3019791667,45104.5536805556,12783.0,25.0,9777.0,10.0,1160.0,,220000.0,0.0,1.5
045087,45133.5822916667,44958.5214236111,92661.0,2796.0,2879.0,0.0,1160.0,478.948888888889,180000.0,0.0,1.5
003391,45002.3342708333,36.0,0.0,36.0,0.0,CLASS1,44.9377777777778,1.0,0.0,001045,SEDAN-PASS
111095,45134.3680439815,44939.523287037,27211.0,2303.0,5043.0,414.0,1160.0,11.2111111111111,180000.0,0.0,1.5
045138,45126.4116087963,45075.2614930556,27725.0,2732.0,5622.0,636.0,,34.4494444444444,180000.0,0.0,1.5
041426,45072.6663425926,44804.5240046296,4311.0,212.0,2804.0,137.0,1160.0,1.5,4000.0,000520,SEDAN-PASS
327004,45016.4155671296,0.0,40.0,0.0,10.0,CONSTRUCT,70.0263888888889,4.0,2100.0,003763,CON-MINI-EXC
067032,45132.3266203704,45050.3714236111,54562.0,3435.0,3356.0,3.0,1160.0,63.5191666666667,220000.0,0.0,1.5
080066,44768.3402314815,44938.9784722222,78780.0,4318.0,1.0,1.0,152.0,24.7858333333333,220000.0,5500.0,4.0
135133,44973.3232523148,44981.5366666667,88347.0,0.0,2183.0,0.0,800.0,,250000.0,0.0,3.0
202045,45092.3144328704,45013.361400463,3131.0,201.0,3131.0,201.0,944.0,163.604722222222,250000.0,10000.0,
161012,45135.2894907407,45132.5881944444,70938.0,2273.0,5972.0,322.0,1160.0,249.786388888889,250000.0,0.0,3.0
065191,45065.483900463,44994.3680208333,12852.0,148.0,11261.0,115.0,856.0,15.27,220000.0,0.0,1.5
378306,44929.5566435185,14.0,14.0,1.0,1.0,GROUND,39.4955555555556,1.0,2100.0,0582-1,GM-UT-CART
045079,45126.3587152778,44991.6241550926,95273.0,3998.0,,468.0,1160.0,27.6441666666667,180000.0,0.0,1.5
319203,45002.1773263889,45100.2520717593,0.0,396.0,0.0,149.0,1160.0,178.116111111111,0.0,3500.0,2.0
041253,45134.4364351852,,52507.0,331.0,5590.0,303.0,1160.0,133.743333333333,160000.0,4000.0,1.5
007046,45135.2534143518,45135.3497800926,92355.0,4821.0,12697.0,509.0,1160.0,498.213611111111,160000.0,0.0,1.5
176028,45000.7105555556,45097.3227662037,33077.0,2246.0,1284.0,128.0,1160.0,318.170277777778,250000.0,10000.0,5.5
155020,,45117.5742824074,27038.0,1440.0,1618.0,107.0,,68.7347222222222,220000.0,5500.0,6.0
319164,44356.3480902778,45107.4531134259,0.0,55.0,0.0,0.0,1160.0,61.1252777777778,0.0,3500.0,0.5
135180,44858.4903935185,45056.6255092593,15155.0,538.0,177.0,4.0,1160.0,3.68694444444444,220000.0,0.0,1.5
289041,45135.3303009259,45126.5516087963,0.0,822.0,0.0,378.0,1160.0,66.46,0.0,3500.0,1.0
267115,45096.3984606481,0.0,0.0,0.0,0.0,,79.4961111111111,0.5,0.0,003688,TRL-UTILITY
159035,45128.453275463,45086.4967361111,58918.0,2811.0,1887.0,116.0,1160.0,,250000.0,0.0,5.0
378287,45020.4946875,43224.355,0.0,910.0,0.0,303.0,,1.0,2100.0,,GM-UT-CART
327002,42899.4225578704,0.0,709.0,0.0,0.0,CONSTRUCT,4.0,CON-SKD-STR,4426-1,21 ALNESS ST,CONSTRUCT-SKID STEER
135164,,45134.7072800926,48021.0,2028.0,5076.0,215.0,1160.0,118.3,220000.0,5500.0,3.0
065122,45134.3249074074,45063.3391550926,58988.0,1955.0,2916.0,4.0,1160.0,641.929166666667,220000.0,0.0,1.5
PARK5250,39462.467650463,0.0,0.0,0.0,0.0,TRAILER,0.5,,32070,BENTWORTH YARD,
267135,45030.42,0.0,0.0,0.0,0.0,TRAILER,10.415,0.5,,002522,TRL-UTILITY
003392,45029.3998842593,42.0,0.0,42.0,0.0,CLASS1,31.9019444444444,1.0,0.0,001045,SEDAN-PASS
502321,0.0,0.0,0.0,0.0,LIFTING,8.0,LIFT-FRKLFT,LIFTING-FORKLIFT,1076 ELLESMERE RD,,502RAYMEL07
329067,44993.6611458333,0.0,2.0,0.0,0.0,LIFTING,0.0297222222222222,2.0,2100.0,40010,LIFT-FRKLFT
378260,42676.3067592593,0.0,1.0,0.0,0.0,GROUND,1.0,GM-UT-CART,005649,51 BEECHGROVE DR,
330142,45044.2706134259,45002.4890162037,0.0,3327.0,0.0,52.0,1160.0,82.5841666666667,0.0,2100.0,4.0
158063,45105.5883101852,45111.3063194444,26355.0,0.0,1677.0,0.0,1160.0,199.255555555556,250000.0,6250.0,5.5
064176,45062.3723726852,44873.4673032407,,1220.0,789.0,33.0,1160.0,1.5,0.0,,PICKU-3/4T
330114,43271.5233680556,43405.3895833333,0.0,0.0,0.0,0.0,1160.0,,2100.0,,ROAD-LIT-VAC
095147,,44973.5207523148,52861.0,2877.0,4813.0,15.0,1160.0,92.0097222222222,160000.0,0.0,1.5
267185,45050.3735532407,0.0,0.0,0.0,0.0,TRAILER,63.0347222222222,0.5,0.0,0520-1,TRL-UTILITY
188044,45138.3143634259,,32411.0,3402.0,2375.0,378.0,1160.0,317.673611111111,250000.0,6250.0,5.0
319134,45133.2922337963,45050.5877083333,0.0,5102.0,0.0,49.0,1160.0,14.6769444444444,0.0,4200.0,0.5
043206,41464.4821643519,41466.5075,0.0,0.0,0.0,0.0,1160.0,1.5,0.0,,PICKU-1/2T
065169,45138.7643865741,45040.3261458333,3938.0,167.0,3581.0,165.0,1160.0,250.764166666667,220000.0,0.0,1.5
050156,,44967.4415162037,5155.0,62.0,5017.0,1.0,1160.0,9.53555555555556,180000.0,4500.0,1.5
396436,43633.5092361111,44550.4764583333,0.0,342.0,0.0,0.0,1160.0,0.5,2800.0,,GM-MOWER
331004,42622.3503472222,44833.2900231481,0.0,1649.0,0.0,0.0,800.0,8.0,4200.0,5381-1,CON-ART-LOAD
112482,45133.5546643519,45020.5387268519,28785.0,,5220.0,299.0,1160.0,351.192777777778,220000.0,0.0,1.5
080073,45128.5446875,44953.5882407407,127523.0,4203.0,8921.0,547.0,1160.0,15.6605555555556,,5500.0,4.0
289036,44747.3008796296,45036.4318287037,0.0,553.0,0.0,2.0,1160.0,5.16833333333333,0.0,3500.0,1.0
379070,0.0,0.0,0.0,0.0,GROUND,8.0,GM-UT-CART,,,,379CLUBEL09
396420,44749.2846527778,43988.4244097222,0.0,499.0,0.0,0.0,1160.0,0.5,2100.0,0520-1,
095091,45069.3976273148,44811.7318981482,123346.0,0.0,3832.0,0.0,960.0,,0.0,5381-1,VAN-PASS
155017,45125.5008217593,45007.4035300926,88879.0,3132.0,4447.0,202.0,1160.0,149.150555555556,220000.0,5500.0,6.0
041302,45121.5395717593,45058.5294212963,23747.0,815.0,,1.0,1160.0,6.3725,160000.0,4000.0,1.5
347017,44818.5444444444,0.0,50.0,0.0,2.0,WINTERMAIN,10.5763888888889,2.0,21000.0,005495,WM-BLOW
396562,44608.2640162037,0.0,2.0,0.0,0.0,GROUND,0.5,GM-MOWER,,,GROUND-MOWER
267191,45033.5505671296,0.0,0.0,0.0,0.0,TRAILER,2.78638888888889,0.5,0.0,001984,TRL-UTILITY
266077,45063.2999305556,0.0,0.0,0.0,0.0,TRAILER,36.325,0.5,0.0,000520,TRL-UTILITY
156187,45127.2903587963,45063.8644328704,26573.0,2625.0,3882.0,485.0,1160.0,153.571944444444,220000.0,0.0,4.0
416005,45135.7558333333,40738.3067592593,0.0,0.0,0.0,0.0,1160.0,1.0,7000.0,,
332023,0.0,,0.0,0.0,ICEMAIN,10.0,ICE-M-RESURF,ICE-MAIN-TRACTOR MOUNTED RESUR,441 KIPLING AVE,,332OLYMNA11
305009,41452.4546296296,0.0,0.0,0.0,0.0,ATTACHMENT,0.5,ATT-SPRD,005854,235 EDENBRIDGE DR,ATTACHMENT-SPREADER
095205,45132.4528356481,45111.387650463,5267.0,8.0,5098.0,5.0,1160.0,9.79638888888889,160000.0,0.0,1.5
250060,45085.6873726852,0.0,0.0,0.0,0.0,TRAILER,118.379444444444,0.5,0.0,005464,TRL-VAN/TANK
065188,45113.210775463,45118.3776388889,6083.0,34.0,4655.0,8.0,1160.0,153.566944444444,220000.0,0.0,1.5
112268,44978.4599884259,45041.6709027778,46511.0,0.0,989.0,0.0,1160.0,42.5830555555556,220000.0,0.0,1.5
079012,44910.72375,45057.3443865741,26084.0,712.0,2.0,2.0,800.0,65.0544444444444,220000.0,,1.5
154043,45041.3378009259,45041.3737037037,71906.0,2826.0,201.0,32.0,1160.0,137.314166666667,220000.0,0.0,4.0
319099,45132.2604398148,45042.2946180556,0.0,4456.0,0.0,288.0,1160.0,0.0,0.0,4900.0,0.5
041311,45135.7866203704,45021.4070717593,42970.0,2406.0,8046.0,439.0,1160.0,82.7294444444444,160000.0,4000.0,1.5
316021,45138.2665162037,45133.362662037,0.0,1053.0,0.0,250.0,1160.0,54.9544444444445,0.0,3500.0,4.5
044097,45133.6650231481,45015.3247337963,19850.0,696.0,2.0,2.0,1160.0,29.4627777777778,180000.0,0.0,1.5
007031,45138.5969328704,44964.4602777778,143393.0,7967.0,5808.0,0.0,1160.0,50.9686111111111,160000.0,0.0,1.5
044090,45092.4481944444,45055.5938657407,39105.0,1075.0,4011.0,1.0,1160.0,,180000.0,0.0,1.5
176017,45007.436087963,45133.3904513889,54784.0,2299.0,192.0,1.0,1160.0,258.013888888889,250000.0,10000.0,5.5
266097,44937.493900463,0.0,0.0,0.0,0.0,TRAILER,7.23444444444444,0.5,0.0,003896,TRL-UTILITY
111065,45133.44,44777.5576736111,58318.0,2766.0,7942.0,0.0,1160.0,1.5,0.0,000902,VAN-1/2T
074028,44998.3170138889,45085.5701157407,11945.0,1265.0,1883.0,211.0,1160.0,13.41,220000.0,0.0,1.5
041209,45135.4962615741,45118.4661111111,79919.0,4567.0,3293.0,3.0,1160.0,124.675,160000.0,4000.0,1.5
020025,45135.5824884259,45054.3088310185,18569.0,2047.0,2245.0,249.0,1160.0,0.806111111111111,160000.0,0.0,1.0
378358,44985.575462963,0.0,2.0,0.0,2.0,GROUND,8.04222222222222,1.0,2100.0,003893,GM-UT-CART
041444,45131.514224537,44916.281724537,979.0,195.0,979.0,195.0,1104.0,0.851388888888889,160000.0,4000.0,1.5
378368,45115.4086574074,45000.3700231481,0.0,24.0,0.0,24.0,656.0,65.4080555555555,0.0,2100.0,1.0
206075,45133.0575115741,45097.7186921296,210842.0,1675.0,9795.0,366.0,1160.0,90.2794444444445,,10000.0,5.0
267248,45120.5247222222,0.0,0.0,0.0,0.0,TRAILER,45.2858333333333,0.5,0.0,002426,TRL-UTILITY
378142,42836.3689351852,1412.0,307.0,0.0,0.0,GROUND,1.0,GM-UT-CART,003893,451 BRIMLEY RD,
269074,,0.0,0.0,0.0,0.0,APPARATUS,17.9444444444444,0.5,,002426,APP-ARR-BD
329012,45120.4507175926,0.0,1531.0,0.0,301.0,LIFTING,276.291111111111,2.0,3500.0,003896,LIFT-FRKLFT
323127,45001.5323958333,44978.3064583333,0.0,251.0,0.0,146.0,1160.0,76.6894444444444,0.0,,8.0
080120,45138.4015740741,45135.5447800926,,32.0,512.0,32.0,64.0,155.132222222222,220000.0,5500.0,4.0
274017,0.0,0.0,0.0,0.0,APPARATUS,12.0,APP-ARR-BD,APPARUTUS ARROW BOARD,,,274VERMNA19
114039,45138.5915277778,45030.5488078704,70838.0,2939.0,3685.0,2.0,1160.0,6.78916666666667,220000.0,0.0,1.5
111072,45131.381099537,44991.4017708333,74716.0,3257.0,6797.0,372.0,1160.0,186.660277777778,180000.0,0.0,1.5
112454,45133.3203703704,,35954.0,1916.0,4643.0,387.0,1160.0,1.5,0.0,5464-1,VAN-3/4T
396441,44068.5818402778,45040.3440856481,0.0,722.0,0.0,68.0,1160.0,0.00555555555555556,0.0,2100.0,0.5
205029,45135.2972106481,,37544.0,1576.0,21881.0,916.0,1160.0,375.183333333333,250000.0,6250.0,6.0
075013,45133.4455439815,45133.466412037,31269.0,1163.0,4119.0,210.0,1160.0,1.21666666666667,,4500.0,1.5
001125,45022.571712963,44868.174212963,13624.0,773.0,2.0,0.0,1160.0,1.0,0.0,003896,
378265,42675.4999189815,0.0,1.0,0.0,0.0,GROUND,1.0,GM-UT-CART,005649,51 BEECHGROVE DR,
324019,45001.3486458333,0.0,1539.0,0.0,14.0,CONSTRUCT,4.0,CON-SKD-STR,005381,441 KIPLING AVE,CONSTRUCT-SKID STEER
378286,45071.4625,43224.3302546296,0.0,233.0,0.0,18.0,1160.0,1.0,2100.0,,GM-UT-CART
330193,45138.5470486111,45135.2724884259,0.0,683.0,0.0,117.0,1160.0,222.629444444444,0.0,2100.0,4.0
067127,45136.6056944444,45103.2958564815,9543.0,1364.0,7897.0,1108.0,1160.0,158.944722222222,220000.0,5500.0,1.5
050204,45121.3848842593,0.0,0.0,0.0,0.0,CLASS2,18.0972222222222,1.5,4500.0,000520,PICKU-1/2T
378334,44999.4217824074,0.0,99.0,0.0,99.0,GROUND,53.7744444444444,1.0,2100.0,0582-1,GM-UT-CART
236286,43830.0,45123.3923611111,89207.0,11726.0,10770.0,1206.0,1160.0,440.389444444444,250000.0,10000.0,8.0
236284,43830.0,45137.2534722222,94846.0,9490.0,9.0,9.0,1160.0,195.626111111111,250000.0,10000.0,8.0
250064,45134.7588888889,0.0,0.0,0.0,0.0,TRAILER,0.0,0.5,0.0,51020,TRL-VAN/TANK
041277,45119.5967013889,45083.298275463,22429.0,1102.0,3757.0,188.0,1160.0,5.08583333333333,160000.0,4000.0,1.5
001148,45127.368599537,44785.6489236111,20387.0,783.0,2595.0,0.0,1160.0,1.0,0.0,,SEDAN-PASS
112272,45099.5242013889,,87871.0,3065.0,1510.0,4.0,1160.0,64.6688888888889,220000.0,0.0,1.5
376080,43800.5479050926,1084.0,0.0,0.0,0.0,ICEMAIN,3.0,ICE-RESURF,0520-1,50 BOOTH AVE,ICE-MAIN-RESURFACER
045111,45058.3047800926,45055.5373032407,115493.0,2365.0,2833.0,199.0,1160.0,0.250833333333333,180000.0,0.0,1.5
204035,45126.3672800926,45134.6896064815,44356.0,2019.0,7573.0,310.0,1160.0,117.795555555556,250000.0,10000.0,8.25
318037,44998.5158912037,45033.4260648148,0.0,949.0,0.0,388.0,1160.0,0.0125,0.0,3500.0,0.5
048050,45107.5728703704,45104.3945949074,21963.0,1237.0,2667.0,0.0,1160.0,10.6294444444444,180000.0,4500.0,1.5
236260,45136.2254166667,45112.4548611111,112833.0,5508.0,5377.0,308.0,1160.0,,250000.0,10000.0,8.0
315108,45129.8339467593,45121.5409027778,0.0,1359.0,0.0,293.0,1160.0,396.144444444444,250000.0,9000.0,8.0
045070,45112.3720138889,45096.3617592593,47398.0,996.0,5890.0,5.0,1160.0,26.6783333333333,180000.0,0.0,1.5
112467,45135.3143055556,45090.3340856481,65693.0,4198.0,,438.0,1160.0,78.3119444444444,220000.0,,1.5
073056,45132.2959606481,45050.5375,86354.0,0.0,3583.0,0.0,1160.0,226.099166666667,220000.0,0.0,1.5
020011,45133.5539351852,44953.3780555556,45546.0,1510.0,4164.0,143.0,1160.0,19.4327777777778,160000.0,0.0,1.0
065107,44991.3495949074,45034.4324189815,77158.0,1011.0,1950.0,2.0,800.0,184.686111111111,220000.0,0.0,1.5
050099,45138.6007407407,45085.3819097222,23142.0,2699.0,3784.0,581.0,1160.0,0.34,180000.0,0.0,
323070,44999.3290740741,45063.417349537,0.0,7506.0,0.0,116.0,1160.0,179.489166666667,0.0,12600.0,8.0
067034,45090.5363194444,45097.3312384259,66904.0,0.0,1542.0,0.0,1160.0,95.3158333333333,220000.0,0.0,1.5
001080,45132.6097916667,45044.4766319444,42319.0,2679.0,6.0,3.0,1160.0,16.0711111111111,160000.0,0.0,1.0
050077,45136.4842708333,45107.5450231481,131355.0,6741.0,21296.0,1093.0,1160.0,209.127777777778,180000.0,0.0,1.5
267223,44974.4074074074,0.0,0.0,0.0,0.0,TRAILER,0.0180555555555556,0.5,0.0,002426,TRL-UTILITY
135181,45131.3441203704,45138.4348263889,96181.0,3369.0,11524.0,2.0,1160.0,69.4511111111111,220000.0,0.0,1.5
378332,45117.4084143518,0.0,58.0,0.0,54.0,GROUND,84.1619444444445,1.0,2100.0,0582-1,GM-UT-CART
267268,44882.789375,0.0,0.0,0.0,0.0,TRAILER,0.5,TRL-UTILITY,30010,FINCH GARAGE,
267087,44972.4220949074,0.0,0.0,0.0,0.0,TRAILER,122.159444444444,0.5,0.0,004847,TRL-UTILITY
135157,45135.4884837963,45117.5354861111,151661.0,4954.0,7737.0,379.0,1160.0,241.620277777778,250000.0,0.0,3.0
267139,44970.3529861111,0.0,0.0,0.0,0.0,TRAILER,33.1116666666667,0.5,0.0,005109,TRL-UTILITY
065094,45129.319837963,45112.4399305556,116268.0,5013.0,2691.0,4.0,1160.0,525.465277777778,220000.0,0.0,1.5
112388,45133.4412615741,45133.8781828704,64438.0,331.0,5940.0,2.0,1160.0,76.6780555555556,220000.0,0.0,1.5
112438,45118.5736226852,44917.2681944444,62423.0,674.0,5000.0,0.0,1160.0,10.7063888888889,220000.0,0.0,1.5
094122,45084.5009722222,1565.0,6.0,0.0,0.0,CLASS1,91.9766666666667,1.0,,,SEDAN-PASS
062093,44901.2466435185,45078.3044560185,150038.0,5733.0,1.0,1.0,960.0,17.3758333333333,220000.0,5500.0,1.5
041317,45117.4172685185,45118.3626041667,57419.0,2324.0,6066.0,268.0,1160.0,20.325,160000.0,4000.0,1.5
270017,44097.4881597222,0.0,0.0,0.0,0.0,TRAILER,0.5,TRL-UTILITY,005154,545 COMMISSIONERS ST,
333023,45118.3418287037,0.0,315.0,0.0,2.0,CONSTRUCT,602.032777777778,5.5,18200.0,005154,CON-CRW-EXC
064125,44938.4466435185,,68819.0,2233.0,393.0,23.0,1160.0,136.100555555556,220000.0,0.0,1.5
376079,43357.4883449074,1213.0,301.0,0.0,0.0,ICEMAIN,3.0,ICE-RESURF,003377,2231 LAWRENCE AVE E,ICE-MAIN-RESURFACER
041226,45138.3342592593,45106.4944791667,84419.0,2508.0,24522.0,300.0,1160.0,17.7572222222222,160000.0,4000.0,1.5
384007,0.0,0.0,0.0,0.0,GROUND,8.0,GM-BIKE,GROUNT-CARGO-BIKE,433 EASTERN AVE,,384NORCNA07
396398,45096.4419791667,44705.6916087963,0.0,1741.0,0.0,46.0,1160.0,0.5,7000.0,004190,GM-MOWER
041331,45135.5397916667,45048.3940625,30888.0,742.0,6249.0,125.0,1160.0,35.9266666666667,160000.0,4000.0,1.5
095196,45127.6133333333,45135.3463657407,6551.0,441.0,,433.0,1160.0,157.424722222222,160000.0,0.0,1.5
112338,45125.2913425926,45028.2760416667,48319.0,2056.0,766.0,4.0,1160.0,29.1866666666667,220000.0,0.0,1.5
175050,45128.3113425926,45135.5778009259,73785.0,1006.0,1767.0,3.0,1160.0,63.9611111111111,250000.0,6250.0,5.5
041327,45124.3053009259,45089.4566435185,26432.0,103.0,5084.0,2.0,1160.0,95.4219444444444,160000.0,,1.5
CLAW26,45005.5055787037,0.0,0.0,0.0,0.0,ATTACHMENT,3.86611111111111,0.5,0.0,002990,ATT-CLW-BUC
192013,45133.560625,45126.3072685185,25499.0,2904.0,5899.0,744.0,1160.0,41.7325,250000.0,10000.0,6.0
CLAW24,45054.4284722222,0.0,0.0,0.0,0.0,ATTACHMENT,61.7166666666667,,,000520,ATT-CLW-BUC
020002,45132.4513078704,45072.4812731482,31698.0,2379.0,3081.0,252.0,1160.0,29.3738888888889,160000.0,0.0,1.0
007047,45138.4217361111,45022.6120949074,30491.0,1514.0,3774.0,238.0,1160.0,5.80972222222222,160000.0,0.0,1.5
315087,45138.2524884259,45097.2770486111,0.0,2259.0,0.0,358.0,1160.0,755.156111111111,250000.0,9000.0,8.0
298011,44777.2564699074,0.0,755.0,0.0,0.0,APPARATUS,4.25,APP-LEAF-LD,4301-1,61 TORYORK DR,APPARUTUS-LEAF LOADER
074009,45125.5306365741,45076.4424074074,60043.0,3973.0,1794.0,160.0,1160.0,,220000.0,0.0,1.5
045149,45134.5282175926,45056.2598611111,92893.0,4493.0,11522.0,622.0,1160.0,192.0,180000.0,0.0,1.5
050083,45049.4555787037,45131.2696296296,14560.0,573.0,2027.0,86.0,1160.0,61.8663888888889,180000.0,0.0,1.5
274036,0.0,0.0,0.0,0.0,APPARATUS,12.0,APP-ARR-BD,APPARUTUS ARROW BOARD,,,274VERMNA19
396568,45137.3640856482,45086.2978240741,0.0,77.0,0.0,72.0,1160.0,6.00111111111111,0.0,700.0,0.5
041254,45135.3920949074,45071.3953125,34634.0,729.0,4324.0,3.0,1160.0,155.194444444444,160000.0,4000.0,1.5
158079,45138.3152546296,45076.2810185185,74013.0,3331.0,3585.0,515.0,1160.0,550.832222222222,250000.0,6250.0,5.0
111059,45124.6513773148,45111.4646875,58338.0,2048.0,4888.0,187.0,1160.0,57.0508333333333,180000.0,0.0,1.5
041451,44915.4052662037,45077.3583449074,800.0,23.0,608.0,20.0,1160.0,7.39972222222222,160000.0,4000.0,1.5
319138,44103.5438425926,44630.6966898148,0.0,3340.0,0.0,0.0,1160.0,0.5,4900.0,005381,GM-TRACT
237269,45126.4991666667,1231.0,119.0,1231.0,119.0,CLASS8,11.7627777777778,8.0,6250.0,004869,TRUCK-SLOAD
294091,45092.3164699074,,0.0,631.0,0.0,385.0,1160.0,,0.0,9800.0,1.0
112525,45138.647025463,45048.5814930556,20484.0,912.0,5278.0,302.0,1160.0,109.5375,220000.0,0.0,1.5
005025,45136.1009027778,45002.275162037,36293.0,515.0,32.0,6.0,1160.0,82.3213888888889,160000.0,4000.0,1.5
319206,44996.3141782407,45090.4453472222,0.0,190.0,0.0,54.0,1160.0,298.038611111111,0.0,3500.0,2.0
267165,44889.3647800926,0.0,0.0,0.0,0.0,TRAILER,0.5,TRL-UTILITY,001984,,
208015,45127.5650231481,45132.4956712963,1988.0,86.0,888.0,22.0,1160.0,127.026388888889,220000.0,5500.0,4.0
135165,45131.542962963,45106.549525463,46058.0,2680.0,6499.0,301.0,1160.0,174.373055555556,220000.0,5500.0,3.0
095175,45138.5665740741,45037.575625,6263.0,690.0,0.0,1.0,1160.0,17.0016666666667,160000.0,0.0,1.5
154066,45121.527650463,45097.5252893519,12191.0,427.0,5203.0,2.0,1160.0,35.5961111111111,220000.0,0.0,4.0
158093,45124.3708449074,45083.2722106481,13006.0,868.0,7249.0,515.0,1160.0,207.83,250000.0,6250.0,5.0
267024,45120.4569907407,0.0,0.0,0.0,0.0,TRAILER,45.0608333333333,0.5,0.0,005486,TRL-UTILITY
237214,,45118.5577546296,63721.0,5436.0,8847.0,38.0,1160.0,136.7475,250000.0,6250.0,8.0
267097,45050.5813310185,0.0,0.0,0.0,0.0,TRAILER,119.883333333333,0.5,0.0,005513,TRL-UTILITY
020001,45128.6105671296,,28822.0,1752.0,1877.0,97.0,1160.0,0.00333333333333333,160000.0,0.0,1.0
378290,43075.42,0.0,1.0,0.0,0.0,GROUND,1.0,GM-UT-CART,005649,51 BEECHGROVE DR,
041252,45131.3756481481,45125.398275463,48394.0,332.0,5480.0,0.0,1160.0,0.0,160000.0,4000.0,1.5
378340,45118.5632986111,44944.3287037037,0.0,407.0,0.0,407.0,,72.0,0.0,2100.0,1.0
094136,45128.4023842593,44978.3908564815,2369.0,87.0,2367.0,85.0,1160.0,22.6194444444444,160000.0,4000.0,1.0
095059,43507.4185763889,43536.3877777778,0.0,0.0,0.0,0.0,1160.0,1.5,0.0,30010,VAN-PASS
044081,45135.4308449074,45079.5994560185,177132.0,0.0,8231.0,0.0,1160.0,0.736666666666667,180000.0,0.0,1.5
046024,45113.3849074074,45035.3754166667,2726.0,84.0,2726.0,84.0,776.0,81.945,180000.0,4500.0,1.5
041355,45070.3674189815,45072.6125694444,7028.0,568.0,933.0,49.0,1160.0,8.00361111111111,160000.0,4000.0,1.5
2160,38973.3487037037,0.0,0.0,0.0,0.0,LIFTING,2.0,LIFT-ELEV,,,LIFTING-ELEVATING PLATFORM
065144,45138.4428356482,45131.4050462963,58396.0,3423.0,13245.0,842.0,1160.0,37.2625,220000.0,5500.0,1.5
095152,45138.3114467593,44935.5534606481,55434.0,1564.0,5124.0,110.0,1160.0,7.1425,160000.0,0.0,1.5
135188,45049.371400463,45076.6023611111,184.0,11.0,181.0,8.0,496.0,69.7083333333333,220000.0,6250.0,6.0
376023,39752.4370138889,601.0,0.0,0.0,0.0,ICEMAIN,3.0,ICE-RESURF,0520-1,50 BOOTH AVE,ICE-MAIN-RESURFACER
223081,45136.2497222222,45135.3189814815,93868.0,8412.0,5263.0,518.0,1160.0,523.757777777778,250000.0,6250.0,8.0
395033,45133.3786574074,44074.5126157407,0.0,2463.0,0.0,136.0,1160.0,0.5,2800.0,002979,GM-MOWER
005004,0.0,0.0,0.0,0.0,TRAILER,15.0,TRL-UTILITY,,,,TRAILER08
190003,45111.4817592593,45124.3534375,5686.0,485.0,942.0,84.0,1160.0,15.1180555555556,250000.0,6250.0,
415001,,42922.4757060185,4181.0,1890.0,0.0,0.0,1160.0,2.0,0.0,,ATT-SAND-GRM
065124,45134.3175810185,45118.4687037037,63769.0,2998.0,6820.0,288.0,1160.0,15.7477777777778,220000.0,0.0,1.5
396447,44448.6082407407,42621.5116782407,0.0,718.0,0.0,0.0,1160.0,0.5,2100.0,005109,GM-MOWER
094140,45132.4312037037,45054.3712615741,1914.0,7.0,1914.0,7.0,416.0,27.6316666666667,160000.0,4000.0,1.0
064196,45133.5202314815,45113.4625810185,2131.0,686.0,2131.0,686.0,680.0,,220000.0,5500.0,1.5
323086,45133.6388888889,45093.3223726852,0.0,8703.0,0.0,624.0,1160.0,,0.0,17400.0,8.0
048049,45133.3989699074,45114.4441550926,105178.0,4466.0,10693.0,510.0,1160.0,185.767777777778,180000.0,4500.0,1.5
236262,45042.638587963,45135.4072916667,124774.0,5503.0,4419.0,308.0,1160.0,757.026388888889,250000.0,10000.0,8.0
267136,44914.4913194444,0.0,0.0,0.0,0.0,TRAILER,0.5,TRL-UTILITY,004301,27 TORYORK DR,
080075,45135.5422453704,45138.3206018519,117783.0,5723.0,3001.0,218.0,1160.0,188.253055555556,220000.0,5500.0,4.0
396405,,45105.3908101852,0.0,1009.0,0.0,53.0,1160.0,12.19,0.0,2100.0,0.5
112539,45105.5290972222,405.0,9.0,405.0,9.0,CLASS2,228.843055555556,1.5,0.0,002726,VAN-3/4T
041370,45131.4209953704,45054.3840393519,22993.0,1160.0,5574.0,302.0,1160.0,2.87777777777778,160000.0,4000.0,1.5
196000,45128.296712963,,45004.0,2933.0,5389.0,285.0,1160.0,2.23611111111111,250000.0,10000.0,3.75
195003,45132.32125,45132.4053125,21532.0,696.0,2562.0,196.0,1160.0,26.6497222222222,,6250.0,5.0
318045,45121.2916550926,,0.0,628.0,0.0,204.0,1160.0,15.7280555555556,0.0,3500.0,0.5
076078,45103.544525463,44943.3765740741,16460.0,848.0,1459.0,100.0,1160.0,30.9622222222222,220000.0,0.0,1.5
045198,45138.3574768519,45085.4791666667,22021.0,1745.0,11070.0,851.0,1160.0,12.88,180000.0,4500.0,1.5
041199,45097.5066666667,45092.5548148148,39172.0,1719.0,1251.0,138.0,1160.0,,160000.0,4000.0,1.5
237253,45134.7513425926,33415.0,2249.0,6148.0,332.0,CLASS8,64.965,8.0,6250.0,3892-2,TRUCK-SLOAD
003251,45119.6133796296,,42902.0,2580.0,5097.0,292.0,1160.0,,160000.0,0.0,1.0
111037,45104.3927662037,45062.4269212963,80245.0,698.0,1492.0,30.0,1160.0,16.3172222222222,180000.0,0.0,1.5
350010,,0.0,0.0,0.0,0.0,APPARATUS,0.5,,000529,1561 LAKESHORE BLVD E,APPARUTUS-AERATOR
376042,0.0,0.0,0.0,0.0,ICEMAIN,10.0,ICE-RESURF,ICE-MAIN-RESURFACER,441 KIPLING AVE,,376ZAMBNG07
112065,40416.35625,40395.3783333333,55546.0,80.0,0.0,0.0,1160.0,-1,0.0,,VAN-3/4T
041365,45082.4945138889,45138.5050462963,10900.0,799.0,1255.0,121.0,1160.0,25.5983333333333,160000.0,4000.0,1.5
135137,,45117.5466319444,58333.0,1125.0,1378.0,53.0,1160.0,30.1533333333333,220000.0,5500.0,3.0
236249,45136.2365972222,45112.4266550926,114465.0,4112.0,6675.0,13.0,1160.0,218.016388888889,250000.0,10000.0,8.0
319097,45125.518287037,44665.5847222222,0.0,1184.0,0.0,13.0,,0.5,2800.0,004447,GM-TRACT
330150,45132.5652083333,45134.3551736111,0.0,3383.0,0.0,302.0,1160.0,210.695277777778,0.0,2100.0,4.0
376016,43489.6186574074,39498.451875,548.0,0.0,0.0,0.0,1160.0,3.0,4900.0,0520-1,ICE-RESURF
202022,45111.3115277778,45121.3275578704,52562.0,5076.0,1262.0,163.0,1160.0,404.696388888889,250000.0,10000.0,6.25
378266,45107.456087963,43844.4708796296,0.0,939.0,0.0,89.0,1160.0,1.0,2100.0,000549,GM-UT-CART
005017,45138.828900463,45113.5642708333,70571.0,1162.0,,322.0,1160.0,290.573611111111,160000.0,4000.0,1.5
189022,45107.4556597222,45077.3031018519,25523.0,1030.0,2.0,2.0,1160.0,147.059444444444,250000.0,6250.0,8.0
250051,45097.2609143518,0.0,0.0,0.0,0.0,TRAILER,16.0,0.5,0.0,51020,TRL-VAN/TANK
095191,45134.6044675926,45125.4307060185,8653.0,57.0,3254.0,3.0,1160.0,24.4425,160000.0,0.0,1.5
006034,45043.5898611111,45090.5569560185,106776.0,923.0,2171.0,4.0,1160.0,144.231666666667,160000.0,0.0,1.0
376047,0.0,0.0,0.0,0.0,ICEMAIN,10.0,ICE-RESURF,ICE-MAIN-RESURFACER,21 ALNESS ST,,376ZAMBNG10
094094,45133.270150463,45051.4969444444,174947.0,4741.0,13850.0,1.0,1160.0,20.0733333333333,160000.0,4000.0,1.0
156189,45120.4671180556,45058.2961805556,11120.0,870.0,21.0,2.0,1160.0,24.6511111111111,220000.0,0.0,4.0
378158,44902.6644560185,1138.0,17.0,0.0,0.0,GROUND,1.0,GM-UT-CART,,,
379056,0.0,0.0,0.0,0.0,GROUND,8.0,GM-UT-CART,,,,379CLUBEL14
330178,45101.4381944444,45120.5056944444,0.0,116.0,0.0,39.0,1160.0,83.0425,0.0,2100.0,4.0
268010,,718.0,0.0,0.0,0.0,TRAILER,0.5,TRL-DMP-VTA,005154,545 COMMISSIONERS ST,
006032,45131.6438194444,44935.3545023148,65643.0,647.0,2305.0,2.0,1160.0,9.14694444444445,160000.0,0.0,1.0
003089,45048.6424421296,44985.4320601852,86657.0,0.0,1405.0,0.0,960.0,9.31666666666667,160000.0,0.0,1.0
158080,45120.3918171296,45114.50125,28706.0,1205.0,5637.0,487.0,1160.0,95.4597222222222,250000.0,6250.0,5.0
323068,44996.1766087963,45124.9418981482,0.0,7984.0,0.0,251.0,1160.0,411.4125,0.0,12600.0,8.0
041102,45040.337349537,45022.3650810185,101737.0,0.0,4725.0,0.0,960.0,3.44944444444444,160000.0,4000.0,1.5
322078,45134.6553819444,45113.4193865741,0.0,3631.0,0.0,303.0,1160.0,253.186111111111,0.0,7000.0,8.0
501011,44677.5074884259,0.0,0.0,0.0,0.0,ATTACHMENT,,,1400.0,003892,ATT-GEN
322053,44881.3653125,44882.6934606481,0.0,5745.0,0.0,0.0,464.0,8.0,7000.0,004301,CON-BACKHOE
003138,44701.540625,45020.6079513889,49252.0,82.0,1.0,2.0,648.0,58.5661111111111,160000.0,0.0,1.0
269021,44413.4888425926,0.0,0.0,0.0,0.0,APPARATUS,0.5,APP-ARR-BD,000582,7 LESLIE ST,APPARUTUS ARROW BOARD
156174,45138.3094791667,45118.6025925926,30843.0,1339.0,3674.0,3.0,1160.0,100.5075,220000.0,0.0,4.0
329006,43399.6257060185,0.0,316.0,0.0,0.0,LIFTING,2.0,LIFT-FRKLFT,0582-1,9 LESLIE ST,
050126,45126.5848726852,45019.3331712963,27884.0,2838.0,6961.0,748.0,1160.0,136.237222222222,180000.0,4500.0,1.5
041320,45133.4268402778,44993.5279513889,38796.0,2516.0,6342.0,428.0,1160.0,9.22222222222222,160000.0,4000.0,1.5
067099,45133.2929282407,45049.3277314815,48732.0,3829.0,11645.0,1021.0,1160.0,29.05,,0.0,1.5
396426,42283.5770717593,0.0,274.0,0.0,0.0,GROUND,0.5,GM-MOWER,003896,70 NASHDENE RD,GROUND-MOWER
076064,45129.2894097222,45133.2938078704,24892.0,1943.0,4319.0,372.0,1160.0,70.3241666666667,220000.0,0.0,1.5
330180,45137.5454513889,45133.443275463,0.0,832.0,0.0,181.0,1160.0,254.305277777778,0.0,2100.0,4.0
067107,45135.2881018519,,7147.0,62.0,5669.0,22.0,1160.0,19.8202777777778,220000.0,0.0,1.5
111103,45105.3338310185,45035.4190046296,27902.0,6.0,3701.0,2.0,1160.0,25.4805555555556,180000.0,0.0,1.5
041336,45134.4220138889,45028.5628587963,35541.0,1375.0,4211.0,231.0,1160.0,-1,160000.0,4000.0,
319149,45056.4219444444,45076.2930787037,0.0,2259.0,0.0,40.0,1160.0,404.948888888889,0.0,4900.0,0.5
355008,44368.5062384259,0.0,0.0,0.0,0.0,ATTACHMENT,1.0,ATT-BCH-CLEAN,,,ATTACHMENT-BEACH CLEANER
047069,45128.4357060185,45037.393275463,99862.0,4549.0,8523.0,357.0,1160.0,22.3955555555556,180000.0,4500.0,1.5
317005,0.0,0.0,0.0,0.0,FACILITY,8.0,FM-FL-SCR,FACILITY-FLOOR SCRUBBER,,,317TENNPR08A
206090,45138.1298726852,45118.2536574074,79116.0,1647.0,12941.0,609.0,1160.0,122.451944444444,400000.0,10000.0,5.0
378161,44203.4672569444,269.0,271.0,0.0,0.0,GROUND,1.0,GM-UT-CART,0582-1,9 LESLIE ST,
080110,45138.6964351852,45112.3133796296,2222.0,161.0,2222.0,161.0,224.0,20.0838888888889,220000.0,5500.0,4.0
051006,45128.4919560185,45009.3685763889,74579.0,1748.0,2335.0,131.0,1160.0,25.1763888888889,180000.0,4500.0,1.5
303001,,0.0,0.0,0.0,GROUND,10.0,GM-LEAF-BLW,GROUNT-LEAF BLOWER,711 LAKE SHORE BLVD W,,303BUFAUN07
299007,44309.3133333333,44697.5668634259,0.0,22.0,0.0,0.0,960.0,2.0,3500.0,000520,APP-HYD-VAC
237158,45083.6693055556,45120.7660185185,40886.0,7198.0,677.0,179.0,1160.0,172.066944444444,250000.0,6250.0,8.0
396394,44155.5643287037,45113.5526967593,0.0,1013.0,0.0,0.0,1160.0,,0.0,7000.0,0.5
045071,45119.4400231481,45100.3029282407,117095.0,3494.0,198.0,302.0,1160.0,181.465277777778,180000.0,0.0,1.5
047031,45128.5671180556,44958.6250347222,53272.0,1461.0,987.0,65.0,1160.0,0.0211111111111111,180000.0,4500.0,1.5
156191,45138.4558449074,45134.3370717593,12114.0,728.0,5002.0,302.0,1160.0,58.0802777777778,220000.0,0.0,4.0
135173,45126.3132407407,44995.2875694444,8382.0,676.0,2041.0,169.0,1160.0,208.0,220000.0,5500.0,3.0
376035,0.0,0.0,,0.0,ICEMAIN,10.0,ICE-RESURF,ICE-MAIN-RESURFACER,,,376ZAMBPR05
094143,45135.7125462963,44979.5819560185,3326.0,414.0,3326.0,414.0,720.0,66.0330555555555,160000.0,4000.0,1.0
175048,45125.9602546296,45084.3470949074,71499.0,2879.0,406.0,2.0,1160.0,63.5738888888889,250000.0,6250.0,5.5
045161,45127.6844675926,44984.5043055556,18388.0,1339.0,30.0,3.0,1160.0,15.4986111111111,180000.0,0.0,1.5
267145,44929.3855671296,0.0,0.0,0.0,0.0,TRAILER,,0.5,0.0,005109,TRL-UTILITY
041309,45103.6131018518,44938.4329050926,3935.0,296.0,799.0,72.0,1160.0,67.1605555555556,160000.0,4000.0,1.5
003141,44949.8232175926,45015.3482986111,37453.0,255.0,516.0,4.0,1160.0,14.6761111111111,160000.0,0.0,1.0
045187,45134.4046412037,45134.4402777778,27759.0,2721.0,6877.0,852.0,1160.0,99.4394444444444,180000.0,0.0,1.5
396347,41788.363125,,0.0,3.0,0.0,0.0,1160.0,0.5,3500.0,005381,GM-MOWER
396403,44489.5336574074,45127.5934722222,0.0,831.0,0.0,0.0,1160.0,33.7566666666667,0.0,2100.0,0.5
041259,45138.3470717593,44979.3435416667,35456.0,626.0,4497.0,3.0,1160.0,62.1302777777778,160000.0,4000.0,1.5
236288,43830.0,45126.6439814815,52807.0,4033.0,3507.0,304.0,1160.0,131.23,250000.0,10000.0,8.0
322079,44959.3174421296,,0.0,3735.0,0.0,96.0,1160.0,93.9530555555556,0.0,7000.0,8.0
270012,,0.0,,0.0,TRAILER,15.0,TRL-OFFICE,TRAILER-OFFICE,545 COMMISSIONERS ST,,270ALANNA19
267219,44939.5794212963,0.0,0.0,0.0,0.0,TRAILER,66.0938888888889,0.5,0.0,001984,TRL-UTILITY
267113,44907.4015856481,0.0,0.0,0.0,0.0,TRAILER,48.0,0.5,0.0,003763,TRL-UTILITY
003092,44974.3948726852,44986.4097569444,62273.0,313.0,1534.0,1.0,648.0,22.7805555555556,160000.0,0.0,1.0
204022,45138.3329398148,45132.5691319444,82461.0,4744.0,2641.0,87.0,1160.0,951.184444444445,250000.0,10000.0,8.25
041307,45127.7530208333,44938.4074189815,4525.0,339.0,989.0,105.0,1160.0,67.9869444444444,160000.0,4000.0,1.5
111091,45125.5124074074,45093.419212963,32313.0,1095.0,3625.0,0.0,1160.0,16.4833333333333,180000.0,0.0,1.5
112423,45126.3650347222,45132.5971412037,33316.0,1485.0,3421.0,198.0,1160.0,0.0,220000.0,0.0,1.5
080104,45134.3350810185,45111.3356134259,39233.0,2431.0,6156.0,300.0,1160.0,21.2594444444444,220000.0,5500.0,4.0
111033,44903.368599537,44938.3045138889,29134.0,418.0,0.0,0.0,152.0,0.0,180000.0,0.0,1.5
194021,45129.3049074074,45090.2739814815,39533.0,1396.0,3741.0,306.0,1160.0,116.756944444444,250000.0,10000.0,3.0
269060,43657.7701273148,0.0,0.0,0.0,0.0,APPARATUS,0.5,APP-ARR-BD,001984,30 NORTHLINE RD,APPARUTUS ARROW BOARD
006216,0.0,0.0,0.0,0.0,WINTERMAIN,25.0,WM-SW-PLOW,WINTER-MAIN-SIDEWALK SNOW PLOW,433 EASTERN AVE,,PLOW010881
267215,45083.2898611111,0.0,0.0,0.0,0.0,TRAILER,48.0,0.5,0.0,000619,TRL-UTILITY
112487,,45107.5038773148,9817.0,759.0,6.0,2.0,1160.0,7.50472222222222,220000.0,0.0,1.5
250522,45106.3103356482,0.0,0.0,0.0,0.0,TRAILER,62.9261111111111,0.5,0.0,005449,TRL-VAN/TANK
112493,45138.2953009259,45135.2842361111,36346.0,2453.0,9374.0,682.0,1160.0,37.1108333333333,220000.0,,1.5
267226,45002.3938657407,0.0,0.0,0.0,0.0,TRAILER,134.547222222222,0.5,0.0,005154,TRL-VT-WATER
267123,45096.4986574074,0.0,0.0,0.0,0.0,TRAILER,46.9102777777778,0.5,0.0,005513,TRL-UTILITY
302005,44589.4293287037,0.0,121.0,0.0,0.0,APPARATUS,0.5,APP-WATER-PMP,004426,,APPARUTUS-WATER PUMP
298010,44732.3636342593,0.0,880.0,0.0,0.0,APPARATUS,4.25,APP-LEAF-LD,4301-1,61 TORYORK DR,APPARUTUS-LEAF LOADER
041347,45092.4438310185,44656.5285532407,2428.0,121.0,1603.0,81.0,1160.0,1.5,4000.0,002990,SEDAN-PASS
319177,44581.2118171296,44945.4704861111,0.0,386.0,0.0,1.0,1160.0,1068.70833333333,0.0,3500.0,2.0
322086,45138.2902546296,45124.5529282407,0.0,2443.0,0.0,285.0,1160.0,198.768888888889,0.0,7000.0,8.0
319051,43726.3529398148,45012.4826273148,0.0,1660.0,0.0,301.0,1160.0,0.0,0.0,3500.0,0.5
159016,44851.374212963,44853.2833680556,41538.0,1770.0,1.0,1.0,648.0,0.0,250000.0,0.0,5.0
041281,44986.5358680556,44971.2689351852,40325.0,14.0,293.0,1.0,1160.0,16.2833333333333,160000.0,4000.0,1.5
415009,43291.3977546296,,2.0,0.0,0.0,ATTACHMENT,0.5,ATT-SAND-GRM,000535,1200 LANSDOWNE AVE,ATTACHMENT-SAND GROOMER
269020,44032.2989930556,0.0,0.0,0.0,0.0,APPARATUS,0.5,APP-ARR-BD,000582,7 LESLIE ST,APPARUTUS ARROW BOARD
318046,45098.5523958333,45033.5204398148,0.0,584.0,0.0,192.0,1160.0,43.7138888888889,0.0,3500.0,0.5
045094,45134.5995023148,45111.5297685185,71394.0,4374.0,2630.0,1.0,1160.0,146.563055555556,180000.0,0.0,1.5
376090,43151.3621527778,560.0,303.0,0.0,0.0,ICEMAIN,3.0,ICE-RESURF,003894,1967 ELLESMERE RD,ICE-MAIN-RESURFACER
378173,43563.5105555556,4.0,3.0,0.0,0.0,GROUND,1.0,GM-UT-CART,0582-1,9 LESLIE ST,
294074,44889.5943402778,45113.4436342593,0.0,212.0,0.0,1.0,1160.0,13.3527777777778,0.0,6300.0,1.0
074037,45098.4727083333,44929.5509259259,409.0,64.0,409.0,64.0,1056.0,35.0458333333333,220000.0,5500.0,1.5
267281,0.0,0.0,0.0,0.0,TRAILER,15.0,TRL-UTILITY,,30 NORTHLINE RD,,267J&JNA23
045127,45128.3123842593,45054.2830902778,37420.0,1870.0,5167.0,138.0,1160.0,18.6647222222222,180000.0,4500.0,1.5
135178,45127.4686226852,44909.4351273148,12710.0,565.0,1882.0,0.0,1160.0,1.5,0.0,005109,VAN-1TON
041183,45135.4514236111,44887.4051157407,57663.0,2151.0,2902.0,2.0,1160.0,,4000.0,000782,SEDAN-PASS
223097,45138.9127662037,45138.3403125,116421.0,10019.0,22598.0,1936.0,1160.0,336.236388888889,250000.0,6250.0,8.0
065091,44917.5165046296,44974.404837963,107670.0,3497.0,1.0,1.0,304.0,237.025833333333,220000.0,0.0,1.5
378278,45131.5518055556,43025.4406944444,0.0,1299.0,0.0,118.0,1160.0,1.0,2100.0,005043,GM-UT-CART
415010,0.0,0.0,0.0,0.0,GROUND,10.0,GM-MOWER,GROUND-MOWER,,,415TOROUN18
319204,44995.298125,45106.363900463,0.0,812.0,0.0,141.0,1160.0,336.841111111111,0.0,3500.0,2.0
064161,45124.3074537037,45126.2934606482,109425.0,2615.0,11977.0,7.0,1160.0,47.9772222222222,220000.0,0.0,1.5
206088,45135.2764583333,45127.6520833333,108027.0,1766.0,10809.0,512.0,1160.0,,400000.0,10000.0,5.0
045177,45128.4478935185,45029.6320833333,17573.0,1996.0,3809.0,387.0,1160.0,26.695,180000.0,0.0,1.5
378247,44740.4344907407,42354.2812962963,21309.0,1.0,0.0,0.0,1160.0,1.0,,,GM-UT-CART
294065,45042.3082060185,44872.5308912037,0.0,1064.0,0.0,35.0,1160.0,1.0,6300.0,003896,APP-BRUSH-CH
045105,45133.5375115741,45128.5408101852,82215.0,5317.0,5623.0,,1160.0,202.632777777778,180000.0,0.0,1.5
176026,45086.4796990741,45121.3766203704,34342.0,2282.0,381.0,62.0,1160.0,48.6313888888889,250000.0,10000.0,5.5
319171,44851.4063657407,45071.272037037,0.0,501.0,0.0,35.0,1160.0,77.79,0.0,7000.0,0.5
319155,45138.49125,41961.3612152778,0.0,1403.0,0.0,63.0,1160.0,0.5,3500.0,,GM-TRACT
270011,45050.5423032407,0.0,0.0,0.0,0.0,TRAILER,66.9847222222222,0.5,0.0,000520,TRL-OFFICE
046026,45113.46375,45072.3108912037,767.0,37.0,767.0,37.0,336.0,12.4294444444444,180000.0,4500.0,1.5
396274,42926.3285069444,43361.4244212963,0.0,1247.0,0.0,0.0,1160.0,0.5,2800.0,003688,GM-MOWER
378324,44599.4772222222,44678.3395486111,0.0,261.0,0.0,0.0,1160.0,1.0,2100.0,0582-1,GM-UT-CART
112408,45138.4609027778,45077.7388194444,29763.0,886.0,3981.0,248.0,1160.0,268.329444444444,220000.0,0.0,1.5
080115,45134.6373726852,45099.4100925926,433.0,12.0,433.0,12.0,128.0,74.6627777777778,,5500.0,
064160,45132.2992361111,45119.3193171296,70936.0,2777.0,10192.0,418.0,1160.0,0.967777777777778,220000.0,0.0,1.5
376076,42632.4150925926,1.0,1.0,0.0,0.0,ICEMAIN,3.0,ICE-RESURF,004718,3230 BAYVIEW AVE,ICE-MAIN-RESURFACER
334011,,0.0,0.0,0.0,LIFTING,15.0,LIFT-ART-BLIF,LIFTING-ARTICULATED BOOMLIFT,,,334GENELE14A
041273,45071.4120601852,43802.4836226852,17509.0,1300.0,1250.0,75.0,1160.0,1.5,4000.0,,SEDAN-PASS
378226,45136.6236458333,41977.3123263889,0.0,1441.0,0.0,79.0,1160.0,1.0,2100.0,,GM-UT-CART
378308,,342.0,342.0,0.0,0.0,GROUND,1.0,GM-UT-CART,0582-1,9 LESLIE ST,
076091,45137.5080787037,45061.3198842593,19767.0,1778.0,3306.0,344.0,1160.0,248.933333333333,220000.0,0.0,1.5
250049,45063.2687037037,0.0,0.0,0.0,0.0,TRAILER,16.0,0.5,0.0,51020,TRL-VAN/TANK
041294,43640.4016087963,43564.5710300926,0.0,0.0,0.0,0.0,1160.0,1.5,4000.0,,SEDAN-PASS
112246,45118.3636342593,45132.2813078704,97715.0,0.0,752.0,0.0,1160.0,103.683333333333,220000.0,0.0,1.5
007028,45133.892662037,45126.7396990741,138543.0,5368.0,4863.0,4.0,1160.0,113.967777777778,160000.0,0.0,1.5
266092,45112.3603587963,0.0,0.0,0.0,0.0,TRAILER,44.6455555555556,0.5,0.0,,TRL-UTILITY
202046,45083.316400463,3594.0,143.0,3594.0,143.0,CLASS8,107.058611111111,6.25,10000.0,20020,TRUCK-ARCHI
145019,44956.3406712963,44957.2887962963,64159.0,2925.0,525.0,40.0,1160.0,25.8452777777778,250000.0,0.0,3.0
236279,43830.0,45104.5972222222,58098.0,6169.0,8231.0,610.0,1160.0,135.233888888889,250000.0,10000.0,8.0
050018,45125.4599189815,45114.602337963,69230.0,3142.0,7944.0,384.0,1160.0,138.689722222222,180000.0,4500.0,1.5
003235,44925.4941782407,45133.4586342593,12041.0,391.0,3.0,23.0,1160.0,85.7211111111111,160000.0,0.0,1.0
267105,45050.3596180556,0.0,0.0,0.0,0.0,TRAILER,176.8075,0.5,0.0,CNE,TRL-UTILITY
001167,45126.291099537,44900.4787615741,6238.0,242.0,2718.0,111.0,1160.0,1.0,0.0,,SEDAN-PASS
112040,40722.5,40799.5574884259,0.0,0.0,0.0,0.0,1160.0,1.5,8000.0,40010,VAN-3/4T
080085,45131.3273958333,45056.3717476852,105466.0,5515.0,7815.0,302.0,1160.0,245.079444444444,220000.0,5500.0,4.0
065179,45134.6196990741,45020.3428472222,8253.0,259.0,8252.0,258.0,1112.0,26.4838888888889,220000.0,0.0,1.5
112540,45105.4501967593,45036.6039583333,137.0,6.0,137.0,6.0,184.0,27.4841666666667,220000.0,0.0,1.5
067056,45065.5500578704,45112.4442361111,44145.0,2303.0,3204.0,24.0,1160.0,143.291388888889,220000.0,0.0,1.5
080056,44902.454849537,44700.3220023148,69045.0,1685.0,0.0,0.0,152.0,4.0,5500.0,5381-1,TRUCK- UTILI
095174,45138.3352430556,45133.8730555556,18286.0,667.0,5003.0,98.0,1160.0,51.0197222222222,160000.0,0.0,1.5
237205,43830.0,45128.3201851852,74628.0,8230.0,8222.0,862.0,1160.0,628.145277777778,250000.0,6250.0,8.0
115007,45135.2545023148,45077.3757407407,115410.0,2682.0,6954.0,302.0,,166.6875,220000.0,,1.5
334016,45044.8521759259,0.0,38.0,0.0,1.0,LIFTING,8.0,2.0,1400.0,5464-1,LIFT-ELEV
112403,45128.3485300926,45027.2066203704,80156.0,1032.0,4987.0,1.0,1160.0,0.0,,0.0,
159019,45014.5482407407,44974.247025463,48227.0,1634.0,2.0,2.0,648.0,0.0,250000.0,0.0,5.0
396486,43761.3608564815,43608.3389467593,0.0,232.0,0.0,0.0,1160.0,0.5,2100.0,003975,GM-MOWER
222033,45138.8205439815,,102927.0,2454.0,10859.0,305.0,1160.0,383.947222222222,220000.0,5500.0,8.0
064088,44880.4127777778,44987.3318518518,90989.0,0.0,0.0,0.0,648.0,76.4886111111111,220000.0,0.0,1.5
155021,45125.4465162037,45093.4571180556,73939.0,4920.0,7501.0,545.0,1160.0,,220000.0,0.0,4.0
266088,45048.3284027778,0.0,0.0,0.0,0.0,TRAILER,90.3255555555556,0.5,0.0,001984,TRL-UTILITY
315026,42419.2772222222,42593.6148958333,0.0,0.0,0.0,0.0,1160.0,8.0,9000.0,,ROAD-ST-SWEEP
396263,45044.4918634259,44739.3774305556,0.0,2568.0,0.0,9.0,1160.0,0.5,7000.0,004847,GM-MOWER
326001,45120.7201388889,45112.5294212963,0.0,635.0,0.0,1.0,1160.0,147.293888888889,0.0,9800.0,4.0
080068,44819.3277314815,44909.382962963,105678.0,3836.0,0.0,0.0,304.0,4.0,5500.0,002426,TRUCK- UTILI
204023,45138.1453356482,45120.3526041667,87054.0,5237.0,4.0,5.0,1160.0,386.823333333333,250000.0,10000.0,8.25
003295,45137.6631018519,45033.3065277778,30655.0,1924.0,8397.0,376.0,1160.0,32.5838888888889,160000.0,0.0,1.0
CLAW28,44949.4468518519,0.0,0.0,0.0,0.0,ATTACHMENT,19.1352777777778,0.5,0.0,4301-1,ATT-CLW-BUC
076069,45134.3157986111,44995.4569560185,51961.0,2416.0,8779.0,565.0,1160.0,19.1683333333333,220000.0,0.0,1.5
379076,0.0,0.0,0.0,GROUND,8.0,EASTERN GARAGE,PS-GUZAEEEZZZ,PLAN SPEC: GROUND MAINTENANCE CARTS <10HP 3 WHEEL 8Y ELECT,,,STANDARD
065040,44937.553287037,44862.2596064815,109820.0,0.0,411.0,0.0,304.0,1.5,0.0,001984,PICKU-3/4T
045101,45131.5572569444,45100.6641898148,56046.0,2354.0,5000.0,0.0,1160.0,0.01,180000.0,0.0,1.5
041310,45131.3836458333,45076.4639814815,4241.0,247.0,269.0,95.0,1160.0,21.755,160000.0,4000.0,1.5
065168,45097.3173263889,45132.2774189815,10683.0,631.0,8377.0,,1160.0,26.1333333333333,220000.0,0.0,1.5
041380,45113.6113773148,44690.5790393519,3273.0,76.0,1445.0,0.0,1160.0,1.5,4000.0,004426,SEDAN-PASS
112522,45131.2950462963,,16745.0,1013.0,5112.0,315.0,1160.0,14.4202777777778,220000.0,0.0,1.5
396425,43243.5449652778,0.0,582.0,0.0,0.0,GROUND,0.5,GM-MOWER,003896,70 NASHDENE RD,GROUND-MOWER
315096,45135.4855902778,45090.3374421296,0.0,2556.0,0.0,232.0,1160.0,1248.79027777778,250000.0,9000.0,8.0
049011,45114.4919675926,44981.4914236111,32550.0,817.0,5989.0,2.0,1160.0,19.9661111111111,180000.0,4500.0,1.5
041296,45123.8177893519,45099.0208333333,88831.0,1244.0,18000.0,7.0,1160.0,233.888888888889,160000.0,4000.0,1.5
063084,44891.2368634259,44895.3838078704,137358.0,4382.0,0.0,0.0,152.0,1.5,0.0,000619,PICKU-3/4T
237163,43830.0,44958.2717361111,6175.0,771.0,2.0,2.0,1160.0,-1,250000.0,6250.0,
159024,45085.5755439815,45093.3425115741,18349.0,1133.0,2018.0,97.0,1160.0,30.3763888888889,250000.0,10000.0,5.0
080083,45128.491400463,45117.4209953704,91690.0,0.0,2816.0,0.0,1160.0,55.4016666666667,220000.0,5500.0,4.0
194031,,45126.5000115741,43717.0,6635.0,6055.0,684.0,1160.0,54.0047222222222,250000.0,10000.0,3.0
001142,45138.5646759259,44985.3790509259,31757.0,1897.0,4732.0,181.0,1160.0,21.9027777777778,160000.0,,1.0
020035,45138.4938194444,,34221.0,1830.0,2853.0,223.0,1160.0,26.2833333333333,160000.0,0.0,1.0
045104,,44907.4832638889,68667.0,3087.0,1514.0,321.0,1160.0,85.3616666666667,180000.0,0.0,1.5
355005,0.0,0.0,0.0,0.0,GROUND,15.0,ATT-SAND-GRM,ATTACHMENT-SAND GROOMER,711 LAKE SHORE BLVD W,,355CHERRUN09
044051,44552.3525578704,43152.0,0.0,0.0,0.0,CLASS2,1.5,PICKU-1/2T,,,PICKUP - 1/2 TON
319220,44995.587037037,45085.3406597222,0.0,275.0,0.0,98.0,1160.0,711.866944444444,0.0,3500.0,2.0
050062,45106.4083912037,45106.3512847222,17038.0,835.0,1477.0,89.0,1160.0,0.808888888888889,180000.0,4500.0,1.5
067114,45133.4049074074,45076.5150694444,1527.0,143.0,1237.0,121.0,1160.0,-1,220000.0,0.0,1.5
206082,45126.2767824074,45133.2626736111,196874.0,8443.0,14591.0,703.0,1160.0,61.9383333333333,400000.0,10000.0,5.0
050173,45134.5653472222,45076.5252199074,12566.0,660.0,5001.0,306.0,1160.0,66.1027777777778,180000.0,4500.0,1.5
205023,45131.8827430556,45126.2876736111,15620.0,1208.0,959.0,101.0,1160.0,483.791111111111,250000.0,6250.0,6.0
050001,45127.5559722222,45069.4563425926,61447.0,2559.0,2977.0,199.0,,23.8258333333333,180000.0,4500.0,1.5
050084,45127.2988078704,45069.3649305556,26838.0,995.0,1508.0,54.0,1160.0,61.9766666666667,180000.0,0.0,1.5
051015,45096.3719675926,45112.4768287037,46955.0,2357.0,4650.0,236.0,1160.0,116.141666666667,180000.0,4500.0,1.5
202027,45128.4547106481,45103.4826967593,96442.0,5170.0,751.0,16.0,1160.0,309.4975,250000.0,10000.0,6.25
001101,45127.7212731481,44988.2897453704,43654.0,2590.0,2649.0,133.0,1160.0,40.0,160000.0,0.0,1.0
041445,45134.4157986111,44883.6465625,947.0,364.0,946.0,363.0,1144.0,1.5,4000.0,002821,SEDAN-PASS
318063,45000.3716666667,0.0,8.0,0.0,8.0,GROUND,15.08,3.0,3500.0,10010,GM-TRACT
267112,45044.3671296296,0.0,0.0,0.0,0.0,TRAILER,196.303611111111,0.5,0.0,000535,TRL-UTILITY
384019,0.0,0.0,0.0,0.0,GROUND,8.0,GM-BIKE,GROUNT-CARGO-BIKE,19 HORTICULTURAL AVE,,502BABBOE19
050061,45130.2641550926,45111.2971759259,56819.0,2971.0,6543.0,421.0,1160.0,146.652777777778,180000.0,,1.5
250520,45113.2599074074,0.0,0.0,0.0,0.0,TRAILER,139.57,0.5,0.0,005449,TRL-VAN/TANK
112427,45137.5296180556,,78902.0,,4228.0,231.0,1160.0,163.235277777778,220000.0,0.0,1.5
236274,43830.0,45113.2744560185,83177.0,8552.0,8674.0,730.0,1160.0,147.318888888889,250000.0,10000.0,8.0
095197,45131.3027083333,45002.4057407407,5289.0,8.0,2.0,2.0,1160.0,26.5630555555556,160000.0,0.0,1.5
095160,45132.3510069444,45050.3422222222,25968.0,880.0,1.0,1.0,1160.0,16.0325,160000.0,4000.0,1.0
158087,45138.3927314815,45033.3566898148,7833.0,708.0,4018.0,473.0,1160.0,55.4394444444444,250000.0,6250.0,5.0
112275,45133.4630902778,45114.6125810185,103038.0,0.0,3817.0,0.0,1160.0,11.5916666666667,220000.0,0.0,1.5
156118,45135.5024768518,45111.3240625,94287.0,3395.0,5069.0,417.0,1160.0,168.975277777778,220000.0,0.0,4.0
156159,45119.34,45138.3819097222,64723.0,3997.0,1697.0,2.0,1160.0,416.223611111111,220000.0,5500.0,6.0
003296,45035.4272337963,7683.0,0.0,2.0,0.0,CLASS1,8.75722222222222,1.0,0.0,004084,
020017,45133.3361226852,44986.3198958333,39899.0,577.0,5036.0,67.0,1160.0,3.47555555555556,160000.0,0.0,1.0
396459,45138.3719328704,45100.2909606481,0.0,2505.0,0.0,248.0,1160.0,0.0,0.0,5600.0,0.5
296006,43483.5681134259,44880.3242013889,0.0,996.0,0.0,0.0,648.0,2.0,7000.0,000520,APP-STUMP-CUT
020007,45131.4903125,45082.5820949074,38363.0,2881.0,4437.0,230.0,1160.0,186.029722222222,160000.0,0.0,1.0
073102,44910.4131828704,44817.5482291667,111770.0,3328.0,0.0,,,1.5,0.0,004847,PICKU-1TON
274001,44816.3963310185,0.0,0.0,0.0,0.0,APPARATUS,0.5,APP-ARR-BD,005495,1401 CASTLEFIELD AVE,APPARUTUS ARROW BOARD
323072,45138.5557291667,45008.4785532407,0.0,4647.0,0.0,125.0,1160.0,8.12444444444444,0.0,12600.0,8.0
065158,45138.3083101852,45042.4870833333,4930.0,215.0,4930.0,215.0,368.0,156.359722222222,220000.0,5500.0,1.5
267080,44656.3166435185,0.0,0.0,0.0,0.0,TRAILER,0.5,TRL-UTILITY,4301-1,61 TORYORK DR,
094116,45113.3954282407,45077.3563425926,16489.0,154.0,1315.0,2.0,1160.0,106.883333333333,160000.0,4000.0,1.0
322095,45134.5375,45112.479212963,0.0,603.0,0.0,103.0,1160.0,139.418333333333,0.0,7000.0,8.0
267261,44894.4170717593,0.0,0.0,0.0,0.0,TRAILER,0.5,TRL-UTILITY,000520,433 EASTERN AVE,
318034,45055.6320486111,45014.4436111111,0.0,628.0,0.0,335.0,1160.0,,0.0,3500.0,
315095,,45134.5481597222,,2812.0,0.0,424.0,1160.0,638.825833333333,250000.0,9000.0,8.0
045065,45077.6949537037,45093.33625,73551.0,869.0,274.0,3.0,1160.0,32.0894444444444,180000.0,0.0,1.5
127012,45062.4769675926,45084.5043402778,23989.0,1106.0,574.0,21.0,1160.0,18.3416666666667,220000.0,0.0,1.5
378325,44677.5751388889,0.0,9.0,0.0,0.0,GROUND,1.0,GM-UT-CART,,9 LESLIE ST,
376029,43699.3306828704,834.0,1.0,0.0,0.0,ICEMAIN,3.0,ICE-RESURF,4426-1,21 ALNESS ST,ICE-MAIN-RESURFACER
045044,45133.3074074074,45012.473912037,62076.0,3093.0,3.0,3.0,1160.0,42.0655555555556,180000.0,0.0,1.5
319107,45128.3436458333,45033.5387962963,0.0,1908.0,0.0,41.0,1160.0,104.094722222222,0.0,4900.0,0.5
050110,45138.3849537037,44914.321412037,18217.0,600.0,2719.0,296.0,1160.0,63.8547222222222,180000.0,0.0,1.5
206099,45138.1978009259,45133.4431944444,157611.0,2684.0,30423.0,738.0,1160.0,229.816388888889,400000.0,10000.0,5.0
045063,45133.5064236111,45111.4407986111,106356.0,1956.0,5503.0,305.0,1160.0,116.393888888889,180000.0,0.0,1.5
001143,45138.5640509259,45061.5300578704,15738.0,704.0,4392.0,227.0,1160.0,43.5761111111111,160000.0,0.0,1.0
236298,43830.0,45124.4384837963,81830.0,10295.0,5004.0,304.0,1160.0,220.159166666667,250000.0,10000.0,8.0
076043,45119.5714467593,45125.4047569444,44960.0,3021.0,4288.0,187.0,1160.0,213.401388888889,220000.0,0.0,1.5
395037,45125.5062037037,41890.570787037,0.0,2126.0,0.0,219.0,1160.0,,2800.0,005267,GM-MOWER
001048,45132.5271180556,45019.696724537,26326.0,307.0,6737.0,2.0,1160.0,42.3072222222222,160000.0,0.0,1.0
157038,44998.5576967593,45121.4002083333,48229.0,2143.0,829.0,64.0,1160.0,52.0472222222222,220000.0,5500.0,6.0
003123,45000.5833796296,44938.4925,102602.0,0.0,1431.0,0.0,800.0,64.0419444444444,160000.0,0.0,1.0
315088,45118.5138541667,45119.5912615741,0.0,2560.0,0.0,841.0,1160.0,903.227777777778,250000.0,9000.0,8.0
323097,45135.5388888889,45138.2993981481,0.0,9007.0,0.0,1112.0,1160.0,332.586944444444,0.0,17400.0,8.0
112316,45138.4736111111,45118.3940393518,69058.0,1200.0,5684.0,2.0,1160.0,204.986111111111,220000.0,0.0,1.5
396345,45119.3146064815,45043.5614930556,0.0,2303.0,0.0,127.0,1160.0,21.1597222222222,0.0,3500.0,0.5
731565,39682.4201388889,38491.5211458333,0.0,1.0,0.0,0.0,960.0,0.5,4200.0,,GM-TRACT
112545,45112.4091203704,45076.3111805556,143.0,2.0,143.0,2.0,152.0,47.5502777777778,220000.0,0.0,1.5
050171,45112.3505555556,45062.3693287037,7154.0,54.0,6983.0,1.0,1160.0,55.1361111111111,180000.0,4500.0,1.5
191014,45138.301712963,45134.7210416667,18181.0,1021.0,9101.0,546.0,1160.0,449.403888888889,250000.0,0.0,4.0
077030,45138.2988425926,45035.3214930556,12218.0,306.0,8231.0,2.0,1160.0,0.0,220000.0,0.0,1.5
318024,45112.5065046296,44935.3453472222,0.0,1098.0,0.0,89.0,1160.0,399.711666666667,0.0,3500.0,0.5
267131,44992.4661921296,0.0,0.0,0.0,0.0,TRAILER,81.1627777777778,0.5,0.0,004301,TRL-UTILITY
155028,45134.5702893519,45119.3183449074,2103.0,182.0,2103.0,182.0,,-1,220000.0,5500.0,6.0
111109,,45015.5288773148,8879.0,42.0,5740.0,39.0,1160.0,43.6327777777778,180000.0,0.0,1.5
267270,44875.4645138889,0.0,0.0,0.0,0.0,TRAILER,0.5,TRL-UTILITY,4301-1,61 TORYORK DR,
156141,45092.9249305556,44943.3289583333,121513.0,3504.0,2272.0,304.0,1160.0,234.5875,220000.0,0.0,4.0
113053,45132.3132523148,45135.3995486111,8579.0,76.0,1.0,1.0,1160.0,79.2413888888889,220000.0,0.0,1.5
376127,44631.3325347222,2.0,2.0,0.0,0.0,ICEMAIN,3.0,ICE-RESURF,004827,545 VAN HORNE AVE,
319157,45121.3929861111,45022.4212731481,0.0,1240.0,0.0,69.0,1160.0,90.485,0.0,7000.0,0.5
329020,0.0,0.0,0.0,0.0,LIFTING,15.0,LIFT-FRKLFT,,,,329CATEPR07
378184,43593.3321527778,3738.0,0.0,0.0,0.0,GROUND,1.0,GM-UT-CART,005267,11 ARMEL CRT,
045143,45126.4135763889,45042.4147685185,27069.0,1329.0,3672.0,164.0,1160.0,30.8822222222222,180000.0,0.0,1.5
376005,40522.5661226852,9.0,690.0,,0.0,ICEMAIN,3.0,ICE-RESURF,0520-1,50 BOOTH AVE,ICE-MAIN-RESURFACER
175053,45077.4953125,45051.552974537,38745.0,2162.0,1163.0,77.0,1160.0,97.0547222222222,250000.0,6250.0,5.5
319045,44999.4883796296,45114.3354050926,0.0,2768.0,0.0,127.0,1160.0,149.660277777778,0.0,2800.0,0.5
187033,45048.9823032407,,32856.0,995.0,140.0,303.0,1160.0,181.092222222222,250000.0,6250.0,5.0
175044,45078.3100925926,,47479.0,2550.0,1818.0,136.0,1160.0,150.001111111111,250000.0,6250.0,5.0
003260,45048.3194444444,44972.2781018519,398.0,19.0,154.0,6.0,1160.0,8.0,160000.0,0.0,1.0
294081,,45091.5178703704,0.0,462.0,0.0,9.0,1160.0,11.5711111111111,0.0,9800.0,1.0
237189,43830.0,45105.454224537,63493.0,8229.0,5741.0,626.0,1160.0,586.0025,250000.0,6250.0,8.0
112494,45131.3508217593,44777.7496643519,22544.0,993.0,4889.0,0.0,1160.0,1.5,0.0,004426,VAN-3/4T
067098,,45090.3913194444,10559.0,329.0,3682.0,300.0,1160.0,25.5572222222222,220000.0,0.0,1.5
396320,45135.3036921296,44873.3211689815,0.0,2598.0,0.0,250.0,1160.0,0.5,7000.0,006063,GM-MOWER
287002,44735.9030555556,0.0,19.0,0.0,0.0,APPARATUS,0.5,APP-WATER-PMP,004426,1026 FINCH AVE W,APPARUTUS-WATER PUMP
323104,45119.3543634259,45117.4053356481,0.0,1571.0,0.0,817.0,1160.0,117.871111111111,0.0,12600.0,8.0
376109,0.0,0.0,0.0,0.0,ICEMAIN,10.0,ICE-RESURF,ICE-MAIN-RESURFACER,31 GLEN WATFORD DR,,376ZAMBPR18B
274039,0.0,0.0,0.0,0.0,APPARATUS,12.0,APP-ARR-BD,APPARUTUS ARROW BOARD,891 MORNINGSIDE AVE,,274VERMNA19
324008,44805.4768171296,,0.0,2150.0,0.0,1.0,1160.0,1.91638888888889,0.0,4200.0,4.0
299005,42255.5340509259,45106.5150462963,0.0,428.0,0.0,3.0,1160.0,30.9336111111111,0.0,2100.0,1.0
020019,45131.4507175926,45047.4562037037,28409.0,1700.0,2090.0,110.0,1160.0,32.0,160000.0,0.0,1.0
378242,43798.5615393519,44133.3392939815,195.0,2.0,0.0,0.0,1160.0,1.0,2100.0,004301,GM-UT-CART
206070,45125.1311458333,45105.4951736111,338257.0,3509.0,420.0,109.0,1160.0,20.3591666666667,400000.0,10000.0,5.0
319152,45128.3414583333,45033.5363310185,0.0,2208.0,0.0,105.0,1160.0,19.4186111111111,0.0,5600.0,0.5
396303,45117.4315625,44012.5468981481,0.0,680.0,0.0,48.0,1160.0,0.5,2800.0,001984,GM-MOWER
378292,43052.3837962963,0.0,0.0,0.0,0.0,GROUND,1.0,GM-UT-CART,005649,51 BEECHGROVE DR,
020042,45104.6043634259,44960.3735300926,21631.0,803.0,1923.0,81.0,1160.0,138.061111111111,160000.0,0.0,1.0
067072,45131.4764236111,45072.6084490741,24710.0,1278.0,5001.0,300.0,1160.0,26.6841666666667,220000.0,0.0,1.5
001139,45134.4847800926,44999.2516435185,20174.0,957.0,504.0,37.0,1160.0,22.9816666666667,160000.0,0.0,1.0
305001,0.0,0.0,0.0,0.0,ATTACHMENT,10.0,ATT-SPRD,ATTACHMENT-SPREADER,,,305REDEXNA08
065147,44973.2893981481,45104.5428009259,29757.0,1723.0,3529.0,244.0,1160.0,278.600555555556,220000.0,0.0,1.5
289031,44636.698587963,45069.3950810185,0.0,310.0,0.0,1.0,1160.0,170.1625,0.0,3500.0,1.0
376128,,,4.0,4.0,4.0,ICEMAIN,12.2777777777778,3.0,4900.0,4426-1,ICE-RESURF
322029,44736.3083796296,44830.4520601852,0.0,3550.0,0.0,0.0,152.0,8.0,7000.0,005495,CON-BACKHOE
045040,43548.8768865741,43556.3600694444,0.0,0.0,0.0,0.0,1160.0,1.5,,10020,PICKU-1/2T
050108,45079.6968981481,45075.5803819444,1281.0,62.0,1.0,1.0,1160.0,2.07083333333333,180000.0,0.0,1.5
378198,0.0,0.0,0.0,0.0,GROUND,8.0,GM-UT-CART,,149 ELMCREST RD,,378KUBODI12
315085,45134.5294328704,45092.3761921296,0.0,1214.0,0.0,216.0,1160.0,1170.45611111111,250000.0,9000.0,8.0
041118,45119.2849768518,,69337.0,299.0,1.0,1.0,1160.0,56.0522222222222,160000.0,4000.0,1.5
050086,45123.4981597222,45133.5349189815,21977.0,576.0,5000.0,0.0,1160.0,0.578611111111111,180000.0,0.0,1.5
201009,45126.5876736111,45054.727337963,16049.0,610.0,352.0,,1160.0,8.0,220000.0,8000.0,1.5
001150,45138.4580439815,45085.3958333333,11392.0,458.0,4722.0,99.0,1160.0,29.11,160000.0,0.0,1.0
007010,45133.5647106481,44960.4249421296,,1856.0,1792.0,3.0,1160.0,55.7947222222222,160000.0,0.0,1.5
266071,45098.5145833333,0.0,0.0,0.0,0.0,TRAILER,150.145833333333,0.5,0.0,004301,TRL-UTILITY
005003,45138.1697222222,45114.3319444444,139653.0,7351.0,17879.0,626.0,,143.097777777778,160000.0,4000.0,1.5
041182,45131.4907060185,45034.5878819444,64315.0,1284.0,4911.0,158.0,1160.0,57.3805555555556,,4000.0,1.5
268012,45124.2618055556,0.0,0.0,0.0,0.0,TRAILER,38.8161111111111,0.5,0.0,,TRL-UTILITY
294062,45083.3534027778,44784.3814467593,0.0,669.0,0.0,21.0,1160.0,1.0,6300.0,005381,
319184,44553.461712963,45106.3609490741,0.0,201.0,0.0,2.0,1160.0,839.907222222222,0.0,3500.0,2.0
067014,45131.8168865741,45132.3999189815,54738.0,3127.0,6569.0,651.0,1160.0,133.448333333333,220000.0,0.0,1.5
080122,45138.387349537,45005.5299652778,6570.0,32.0,6570.0,32.0,656.0,30.0069444444444,220000.0,,4.0
041210,45131.6007523148,45077.5830092593,65793.0,2434.0,5001.0,3.0,,0.0869444444444444,160000.0,4000.0,1.5
080074,45042.5020023148,,85499.0,6550.0,2420.0,5.0,960.0,73.0391666666667,220000.0,5500.0,4.0
285066,45057.5546643519,0.0,4.0,0.0,4.0,APPARATUS,116.686388888889,1.0,4200.0,005154,APP-COMPRRESS
041412,,44515.5393634259,23310.0,2.0,6088.0,0.0,1160.0,1.5,4000.0,0549-1,SEDAN-PASS
050015,45118.9545717593,45114.3565972222,79256.0,,6714.0,3.0,1160.0,4.87111111111111,180000.0,4500.0,1.5
396437,43399.0,332.0,0.0,0.0,0.0,GROUND,0.5,GM-MOWER,,,GROUND-MOWER
075015,45100.5356944444,45008.3546875,14044.0,896.0,2612.0,162.0,1160.0,18.5163888888889,220000.0,0.0,1.5
323113,45134.5333333333,45133.6429976852,0.0,2368.0,0.0,1140.0,1160.0,511.348055555556,0.0,17400.0,8.0
074014,,45077.4009375,88340.0,2511.0,6880.0,306.0,1160.0,142.266111111111,220000.0,0.0,1.5
319226,45001.288275463,44996.3020833333,,291.0,0.0,138.0,1160.0,196.697777777778,0.0,3500.0,2.0
290013,0.0,0.0,0.0,,APPARATUS,12.0,APP-PWR-WASH,,CANADIAN NATIONAL EXHIBITION,,290KARCUN21
095176,45126.4411342593,45118.4738425926,,509.0,,301.0,1160.0,14.1897222222222,160000.0,,1.5
396309,41436.5644097222,0.0,9.0,0.0,0.0,GROUND,0.5,GM-MOWER,005381,441 KIPLING AVE,GROUND-MOWER
112245,45132.3383333333,45022.4685532407,75841.0,0.0,2127.0,0.0,1160.0,60.7547222222222,220000.0,0.0,1.5
396534,44811.3040162037,44252.3649074074,0.0,188.0,0.0,0.0,1160.0,0.5,2100.0,,GM-MOWER
050002,45099.5624074074,45047.445474537,109915.0,1436.0,1678.0,134.0,1160.0,63.1197222222222,180000.0,4500.0,1.5
041428,45083.3220486111,44943.6463078704,2535.0,103.0,1643.0,67.0,1160.0,1.89861111111111,160000.0,4000.0,1.5
050200,45076.4369328704,220.0,,220.0,0.0,CLASS2,13.5136111111111,1.5,,003889,PICKU-1/2T
041289,45135.5272337963,,40674.0,2286.0,3746.0,79.0,1160.0,94.605,160000.0,4000.0,1.5
063026,41334.2532175926,41339.5238773148,0.0,0.0,0.0,0.0,1160.0,1.5,0.0,20010,PICKU-3/4T
074027,45006.2098148148,45085.5665277778,14425.0,1270.0,1.0,0.0,1160.0,69.9211111111111,,0.0,1.5
067133,45138.3818518519,44984.4270138889,1102.0,108.0,1102.0,108.0,768.0,86.6777777777778,220000.0,0.0,1.5
041173,45138.5739583333,45131.2783101852,65004.0,2138.0,3595.0,2.0,1160.0,133.943055555556,160000.0,4000.0,1.5
396417,44413.5180439815,,0.0,476.0,0.0,0.0,1160.0,0.5,2100.0,005109,GM-MOWER
045121,45131.3201041667,45048.5574421296,18898.0,1415.0,2.0,3.0,1160.0,61.8508333333333,180000.0,4500.0,1.5
318018,44155.3611226852,45041.4265393519,0.0,728.0,0.0,3.0,1160.0,307.391388888889,0.0,3500.0,0.5
237225,43830.0,45138.2892708333,45640.0,6803.0,6894.0,1077.0,1160.0,126.120277777778,250000.0,6250.0,
267274,44910.4275347222,0.0,0.0,0.0,0.0,TRAILER,0.5,TRL-UTILITY,10010,EASTERN GARAGE,
207001,45028.5709027778,45029.4023032407,,0.0,610.0,0.0,1160.0,425.549444444444,250000.0,10000.0,8.25
158073,45135.6803935185,45114.3673032407,56524.0,3721.0,1497.0,152.0,1160.0,55.1680555555556,250000.0,6250.0,5.0
294096,45061.3143171296,45061.4898263889,0.0,23.0,0.0,23.0,648.0,608.245555555556,0.0,9800.0,1.0
041247,45133.7505324074,45037.3869097222,48404.0,106.0,5135.0,17.0,1160.0,127.653055555556,160000.0,4000.0,1.5
378357,44973.3904282407,0.0,2.0,0.0,2.0,GROUND,70.6297222222222,1.0,2100.0,005381,GM-UT-CART
003292,45131.3990393519,45064.5814930556,10060.0,5.0,1.0,1.0,1160.0,34.2533333333333,160000.0,0.0,1.0
047028,40620.4578587963,40623.3338773148,0.0,0.0,0.0,0.0,1160.0,1.5,4500.0,,PICKU-COMP
095138,45126.8215162037,45041.6371412037,51038.0,1701.0,966.0,3.0,1160.0,3.66583333333333,160000.0,0.0,1.5
067083,45131.4060532407,45132.3285300926,33508.0,2012.0,6287.0,393.0,1160.0,122.351944444444,220000.0,0.0,1.5
051009,45089.5594212963,45027.4119097222,82373.0,4490.0,5002.0,5.0,1160.0,-1,180000.0,4500.0,1.5
347018,41320.7471180556,44994.5202199074,0.0,121.0,0.0,3.0,1160.0,184.100833333333,0.0,21000.0,2.0
315051,44903.4718634259,42507.5483680556,18840.0,0.0,0.0,0.0,1160.0,8.0,5500.0,,ROAD-ST-SWEEP
378366,44979.453125,0.0,2.0,0.0,2.0,GROUND,37.125,1.0,2100.0,005154,GM-UT-CART
378258,45078.6846180556,0.0,213.0,0.0,0.0,GROUND,0.0,1.0,,0582-1,GM-UT-CART
041201,45127.3338773148,45048.4635532407,49600.0,2208.0,5018.0,1.0,1160.0,32.1158333333333,160000.0,4000.0,1.5
113010,0.0,0.0,0.0,0.0,CLASS2,10.0,VAN-3/4T,VAN - 3/4 TON,,,113FORDUN03
330149,45138.5564583333,45127.4715046296,0.0,3122.0,0.0,249.0,1160.0,105.902777777778,0.0,2100.0,4.0
043281,45096.5856134259,,3267.0,158.0,1480.0,84.0,1160.0,1.5,0.0,0582-1,PICKU-1/2T
319168,45126.2857523148,45043.4630324074,0.0,984.0,0.0,227.0,1160.0,49.0872222222222,0.0,7000.0,0.5
396498,45119.2687268518,43810.5254513889,0.0,1874.0,0.0,114.0,1160.0,0.5,4200.0,003688,GM-MOWER
045180,45132.5943865741,44964.371400463,23349.0,1483.0,5001.0,3.0,1160.0,0.540833333333333,180000.0,0.0,1.5
007023,45128.5382060185,45083.5432523148,126199.0,6221.0,4621.0,1.0,1160.0,106.158611111111,160000.0,0.0,1.5
112392,45134.4969444444,44855.5476041667,78193.0,3146.0,9993.0,422.0,1160.0,1.5,0.0,005181,VAN-3/4T
076083,45114.4316203704,45054.3697685185,34232.0,1216.0,2753.0,99.0,1160.0,15.8255555555556,220000.0,0.0,1.5
112315,45133.2957638889,45100.6847569444,92308.0,2928.0,4603.0,4.0,1160.0,208.165,220000.0,0.0,1.5
376088,0.0,0.0,0.0,0.0,ICEMAIN,10.0,ICE-RESURF,,3383 WESTON RD,,376ZAMBCNG14
267050,45040.3107060185,0.0,0.0,0.0,0.0,TRAILER,3.14388888888889,0.5,0.0,003896,TRL-UTILITY
001035,43635.2772337963,43636.506087963,0.0,0.0,0.0,0.0,,1.0,0.0,,SEDAN-PASS
319244,,45097.3135185185,0.0,63.0,0.0,63.0,336.0,78.5497222222222,0.0,7000.0,0.5
061154,45006.4396412037,44889.3512615741,73075.0,4751.0,3472.0,162.0,1160.0,1.5,,005154,PICKU-3/4T
051002,45138.4674537037,44826.217037037,88125.0,3737.0,4623.0,0.0,1160.0,1.5,4500.0,000520,PICKU-COMP
396550,45103.5126736111,44770.5189351852,0.0,46.0,0.0,43.0,1160.0,0.5,2100.0,005848,GM-MOWER
041358,45112.558287037,44740.5197569444,9141.0,366.0,2257.0,93.0,1160.0,1.5,4000.0,000525,SEDAN-PASS
395048,45138.3605439815,0.0,914.0,0.0,79.0,GROUND,0.5,GM-MOWER,002979,4200 YONGE ST,GROUND-MOWER
115025,45096.3241087963,44974.2963541667,24985.0,891.0,4447.0,201.0,1160.0,14.235,220000.0,0.0,1.5
329002,0.0,0.0,0.0,0.0,LIFTING,15.0,LIFT-FRKLFT,,,,002-67MS/1200
322092,44818.3297106481,44839.3445138889,0.0,1801.0,0.0,0.0,1160.0,8.0,7000.0,001984,CON-BACKHOE
020046,45134.3228125,44949.4051157407,26929.0,995.0,3518.0,113.0,1160.0,17.975,160000.0,0.0,1.0
237240,43830.0,45132.8200810185,49106.0,5492.0,8787.0,363.0,1160.0,468.331944444444,250000.0,6250.0,8.0
095073,45114.4069791667,45117.4350810185,124424.0,,4783.0,3.0,1160.0,281.978611111111,160000.0,0.0,1.5
080094,,45082.5937731481,92486.0,6310.0,8617.0,493.0,1160.0,63.8322222222222,220000.0,5500.0,4.0
041367,45136.2127199074,44944.4202777778,,1545.0,4284.0,342.0,1160.0,29.9133333333333,160000.0,4000.0,1.5
267271,45061.5238425926,0.0,0.0,0.0,0.0,TRAILER,1.31416666666667,,0.0,4301-1,TRL-UTILITY
001159,45135.3836458333,45134.4112731482,10746.0,366.0,3579.0,130.0,1160.0,2.65416666666667,160000.0,0.0,1.0
CLAW2,44760.5142939815,7.0,6.0,0.0,0.0,ATTACHMENT,0.5,,000520,433 EASTERN AVE,ATTACHMENT-CLAW BUCKET
319212,44993.3744560185,45041.59375,0.0,388.0,0.0,235.0,1160.0,738.593055555556,0.0,3500.0,2.0
204029,45117.3162731481,45118.533125,50275.0,3661.0,7178.0,624.0,1160.0,338.200277777778,250000.0,10000.0,8.25
159025,45079.3474884259,45050.5000231481,42495.0,2176.0,2333.0,133.0,1160.0,143.801666666667,250000.0,10000.0,5.0
322006,,44840.8855208333,0.0,4422.0,0.0,227.0,1160.0,8.0,7000.0,,CON-BACKHOE
318060,44999.3076851852,45042.4804976852,0.0,71.0,0.0,71.0,1152.0,,0.0,,3.0
379035,0.0,0.0,0.0,0.0,GROUND,8.0,GM-UT-CART,,,,379CLUBEL11A
396367,44825.2908796296,,0.0,1074.0,0.0,0.0,1160.0,,2800.0,004847,GM-MOWER
041228,45093.4117592593,45062.3908449074,61876.0,1201.0,3633.0,0.0,1160.0,5.49888888888889,160000.0,4000.0,1.5
194020,45131.3041087963,45107.3356134259,41832.0,1086.0,4225.0,302.0,1160.0,135.366944444444,250000.0,10000.0,3.0
003332,44599.8911805556,44616.4785300926,52441.0,592.0,0.0,0.0,1160.0,1.0,0.0,,SEDAN-PASS
PE1071,43020.5313078704,3.0,0.0,0.0,0.0,ATTACHMENT,0.5,ATT-GEN,0582-1,9 LESLIE ST,ATTACHMENT-VEHICLE MOUNTED GEN
001106,45138.4462962963,45054.4473611111,13617.0,1005.0,1.0,1.0,1160.0,68.5616666666667,160000.0,0.0,
065196,45138.5614351852,44886.4761689815,1075.0,27.0,924.0,21.0,1160.0,1.5,0.0,005495,PICKU-3/4T
041441,45138.0975694444,45079.2967939815,19188.0,1655.0,16750.0,1440.0,,136.971388888889,160000.0,4000.0,1.5
145020,45131.3444560185,45125.4362962963,56086.0,2506.0,581.0,21.0,1160.0,477.528888888889,250000.0,0.0,3.0
080113,45138.9932523148,45131.6392824074,5237.0,310.0,5003.0,303.0,1160.0,72.2169444444445,220000.0,5500.0,4.0
376089,0.0,0.0,0.0,0.0,ICEMAIN,10.0,ICE-RESURF,ICE-MAIN-RESURFACER,451 BRIMLEY RD,,376ZAMBCNG14A
294023,44999.4448842593,45028.5069328704,0.0,563.0,0.0,1.0,800.0,67.5027777777778,0.0,6300.0,1.0
319058,44894.5929976852,45048.4008101852,0.0,1657.0,0.0,1.0,1160.0,0.0588888888888889,0.0,2800.0,0.5
323109,45133.3162152778,45077.3580902778,0.0,3847.0,0.0,531.0,1160.0,452.478888888889,0.0,12600.0,8.0
158091,45134.3280439815,45090.5586689815,13488.0,903.0,7758.0,564.0,1160.0,117.202222222222,250000.0,6250.0,5.0
112348,45114.6994328704,45125.6833680556,99351.0,3315.0,5305.0,221.0,1160.0,0.0311111111111111,220000.0,,1.5
067075,45131.5827662037,45098.2969444444,37330.0,2914.0,10582.0,868.0,1160.0,109.504722222222,220000.0,0.0,1.5
222028,43830.0,45131.5144791667,4719.0,288.0,3.0,3.0,1160.0,178.451111111111,250000.0,10000.0,8.0
396479,45138.2842592593,45078.3625925926,0.0,1571.0,0.0,372.0,1160.0,0.0691666666666667,0.0,5600.0,0.5
155019,45118.3515046296,45097.3271990741,103389.0,823.0,,408.0,1160.0,319.445,220000.0,0.0,4.0
379020,0.0,0.0,0.0,0.0,GROUND,8.0,GM-UT-CART,,,,379CLUBEL06
395044,45138.5057523148,0.0,1666.0,0.0,244.0,GROUND,0.5,GM-MOWER,005267,11 ARMEL CRT,GROUND-MOWER
330190,45138.5452546296,45131.301712963,0.0,868.0,0.0,490.0,1160.0,283.474166666667,0.0,2100.0,4.0
050185,45128.4227430556,45007.4047800926,2798.0,37.0,2798.0,37.0,648.0,49.6180555555556,180000.0,4500.0,1.5
267247,45134.8938541667,0.0,0.0,0.0,0.0,TRAILER,32.0,0.5,0.0,004426,TRL-UTILITY
323090,42760.0,45099.357974537,0.0,687.0,0.0,300.0,1160.0,111.408611111111,0.0,15400.0,
396316,,0.0,1257.0,0.0,0.0,GROUND,0.5,GM-MOWER,006155,2481 BIRCHMOUNT RD,GROUND-MOWER
064140,45132.4343402778,45111.6539236111,72530.0,2802.0,2868.0,201.0,1160.0,171.110833333333,220000.0,0.0,1.5
079013,45125.3309953704,45040.5850347222,52010.0,0.0,1169.0,0.0,1160.0,26.8283333333333,,5500.0,1.5
373003,44893.8444444444,45099.549837963,0.0,274.0,0.0,2.0,1160.0,16.0463888888889,0.0,21000.0,8.0
077031,45138.3040972222,44979.534837963,11321.0,311.0,6088.0,301.0,1160.0,126.011944444444,220000.0,0.0,1.5
094128,45124.3667361111,44957.2819212963,8677.0,338.0,1.0,1.0,1160.0,5.3,160000.0,4000.0,1.0
112547,45105.4333796296,45076.6086342593,258.0,4.0,258.0,4.0,184.0,106.035833333333,220000.0,0.0,1.5
041263,45131.3531944444,45132.4274305556,47815.0,319.0,8276.0,0.0,1160.0,8.11694444444444,160000.0,4000.0,1.5
318022,45104.4596296296,45103.4555555556,0.0,519.0,0.0,2.0,1160.0,202.229722222222,0.0,3500.0,0.5
237265,45106.4061805556,11951.0,374.0,11951.0,374.0,CLASS8,51.3613888888889,8.0,6250.0,004869,TRUCK-SLOAD
050166,45138.9393518519,45091.4584259259,36241.0,302.0,14723.0,300.0,1160.0,53.8355555555556,180000.0,4500.0,1.5
236312,43830.0,45138.2520023148,67583.0,9203.0,7007.0,829.0,1160.0,,250000.0,10000.0,8.0
330166,45135.5235185185,45119.2995717593,0.0,2273.0,0.0,337.0,1160.0,175.892222222222,0.0,2100.0,4.0
189015,45034.5682060185,,24197.0,1370.0,1068.0,83.0,1160.0,116.696666666667,250000.0,10000.0,5.5
045136,45127.5402314815,45125.3603935185,71964.0,3127.0,8465.0,,1160.0,87.3505555555556,180000.0,,1.5
384010,0.0,0.0,0.0,0.0,GROUND,8.0,GM-BIKE,GROUNT-CARGO-BIKE,433 EASTERN AVE,,384ROCKNA04
050198,107.0,0.0,107.0,0.0,CLASS2,10.0,PICKU-1/2T,PICKUP - 1/2 TON,150 BOROUGH DR,,050FORDEL23
378337,44944.3276388889,0.0,5.0,0.0,5.0,GROUND,48.0,1.0,2100.0,000591,GM-UT-CART
065088,44961.6110416667,44964.526087963,135683.0,0.0,1134.0,0.0,1160.0,12.3088888888889,220000.0,0.0,1.5
007042,45126.8914930556,44608.4553009259,20967.0,529.0,1807.0,1.0,1160.0,1.5,0.0,,SEDAN-PASS
065125,45134.3127083333,45114.4500115741,64235.0,3356.0,2222.0,108.0,1160.0,7.54444444444444,220000.0,0.0,1.5
007034,45129.2822685185,45132.2768634259,136363.0,3711.0,9821.0,3.0,1160.0,86.9847222222222,160000.0,0.0,1.5
396443,42626.2771064815,0.0,1.0,0.0,0.0,GROUND,0.5,GM-MOWER,004793,149 ELMCREST RD,
003114,44915.3795138889,44553.323125,81563.0,0.0,,0.0,152.0,1.0,0.0,005763,SEDAN-PASS
329046,44935.5803703704,0.0,314.0,0.0,1.0,LIFTING,2.07111111111111,2.0,4900.0,0582-1,LIFT-FRKLFT
322084,44846.4443981481,44992.5412268518,0.0,778.0,0.0,1.0,1160.0,3.01055555555556,0.0,7000.0,8.0
188043,45138.5669675926,,53260.0,4120.0,3138.0,368.0,1160.0,297.558055555556,250000.0,6250.0,
005012,45134.652650463,45001.3621064815,25406.0,590.0,284.0,13.0,1160.0,125.817777777778,160000.0,4000.0,
378314,45134.3620833333,43714.4235069444,0.0,259.0,0.0,79.0,1160.0,0.5,3500.0,005267,GM-TRACT
006027,45107.326400463,44858.3754513889,61655.0,237.0,3855.0,0.0,1160.0,1.0,0.0,002426,SEDAN-PASS
065133,45033.3834027778,45103.4143981481,107228.0,4869.0,6194.0,183.0,1160.0,799.596666666667,220000.0,0.0,1.5
329015,45036.2604050926,0.0,806.0,0.0,191.0,,151.018055555556,2.0,3500.0,003763,LIFT-FRKLFT
194007,45100.3868287037,45135.4935416667,53765.0,2711.0,1239.0,117.0,1160.0,114.536388888889,250000.0,10000.0,3.0
315103,45134.4741782407,45107.4592361111,0.0,2755.0,0.0,446.0,1160.0,,250000.0,9000.0,8.0
020015,45134.4977314815,45048.569849537,43541.0,2142.0,4903.0,194.0,1160.0,11.5855555555556,160000.0,0.0,1.0
001141,45134.5335185185,44839.444224537,25059.0,1105.0,6407.0,200.0,1160.0,1.0,0.0,005763,SEDAN-PASS
204038,45131.4918981481,45134.6804282407,26145.0,1471.0,2778.0,2.0,1160.0,381.839166666667,250000.0,10000.0,8.25
323112,45135.5388888889,45125.4349421296,0.0,3360.0,0.0,1422.0,1160.0,425.873611111111,0.0,17400.0,8.0
294060,45119.3473958333,45134.3549652778,0.0,1323.0,0.0,30.0,1160.0,45.4088888888889,0.0,9800.0,1.0
396528,45071.3915277778,44762.5921875,0.0,604.0,0.0,0.0,1160.0,0.5,2100.0,004847,GM-MOWER
206093,45135.1404050926,45128.2634143519,61697.0,1074.0,17023.0,458.0,1160.0,43.0088888888889,400000.0,10000.0,5.0
289028,45125.4659143519,45077.566412037,0.0,318.0,0.0,6.0,1160.0,176.383055555556,0.0,3500.0,1.0
111078,45128.575787037,,41204.0,614.0,3.0,3.0,1160.0,31.3772222222222,180000.0,0.0,1.5
112502,45136.3212731481,45083.431412037,31040.0,2128.0,8320.0,571.0,1160.0,14.715,220000.0,0.0,1.5
236292,,45121.2872569444,78988.0,7991.0,6161.0,629.0,1160.0,94.6483333333333,250000.0,10000.0,8.0
073099,44872.3992592593,44894.7028472222,101098.0,4845.0,0.0,0.0,,1.5,0.0,0520-1,PICKU-1TON
396577,45114.7664351852,0.0,0.0,0.0,0.0,GROUND,26.5844444444444,0.5,2100.0,003896,GM-MOWER
396374,45127.4359143519,45113.4962268519,0.0,1001.0,0.0,58.0,1160.0,4.09055555555556,0.0,2800.0,0.5
041286,45128.3840162037,45092.2490277778,11612.0,691.0,2243.0,104.0,1160.0,204.951111111111,160000.0,4000.0,1.5
135145,45054.4361458333,45033.4692939815,74737.0,3006.0,275.0,7.0,1160.0,372.736944444444,220000.0,0.0,1.5
267048,44915.326712963,0.0,0.0,0.0,0.0,TRAILER,0.5,TRL-UTILITY,005109,301 ROCKCLIFFE BLVD,
005656,44194.4614351852,45107.4496990741,0.0,1542.0,0.0,0.0,1160.0,61.2072222222222,0.0,3500.0,4.0
396564,45119.3230902778,44820.3485300926,0.0,452.0,0.0,258.0,,0.5,3500.0,003975,GM-MOWER
376017,39497.5844675926,251.0,0.0,,0.0,ICEMAIN,3.0,ICE-RESURF,0520-1,50 BOOTH AVE,ICE-MAIN-RESURFACER
376105,0.0,0.0,0.0,0.0,ICEMAIN,10.0,ICE-RESURF,ICE-MAIN-RESURFACER,,,376ZAMBPR16B
176018,44880.3568171296,45030.303912037,26349.0,1572.0,25.0,6.0,800.0,32.0,250000.0,10000.0,5.5
329037,43147.4397800926,45124.4775347222,0.0,595.0,0.0,0.0,1160.0,0.00444444444444444,0.0,7000.0,2.0
378275,45133.4101273148,42986.4197569444,0.0,1133.0,0.0,46.0,1160.0,1.0,2100.0,005267,GM-UT-CART
076048,45093.3180902778,45047.5018634259,62406.0,3913.0,2370.0,136.0,1160.0,22.3369444444444,220000.0,0.0,1.5
075002,45120.3733680556,44981.2995138889,47154.0,3562.0,3662.0,104.0,1160.0,8.57138888888889,220000.0,0.0,1.5
076066,45130.2844212963,45000.4764583333,23141.0,1476.0,3281.0,209.0,1160.0,503.993333333333,220000.0,0.0,1.5
269069,45047.3373032407,0.0,0.0,0.0,0.0,APPARATUS,56.1363888888889,0.5,0.0,002426,APP-ARR-BD
045084,45061.4144560185,45055.4042708333,88880.0,7277.0,232.0,24.0,1160.0,318.2975,180000.0,0.0,1.5
067095,45138.4059375,45044.4615625,13413.0,720.0,6537.0,304.0,1160.0,29.9422222222222,220000.0,0.0,1.5
041220,45137.4954513889,44964.77625,82438.0,4571.0,4384.0,301.0,1160.0,,160000.0,4000.0,1.5
415014,0.0,0.0,,0.0,GROUND,10.0,GM-MOWER,GROUND-MOWER,1000 JANE ST,,415TOROUN19
043161,45063.6034953704,13698.0,0.0,915.0,0.0,CLASS2,1.5,PICKU-1/2T,,,PICKUP - 1/2 TON
094106,45127.4247337963,45049.4559722222,20389.0,946.0,1971.0,99.0,1160.0,6.2025,160000.0,4000.0,1.0
194012,45104.3056597222,45132.2746875,48303.0,1020.0,3411.0,303.0,1160.0,106.247222222222,250000.0,10000.0,3.0
272001,44929.5348611111,,0.0,0.0,0.0,TRAILER,27.1633333333333,0.5,0.0,000557,TRL-HORSE
094110,45133.3837615741,45089.5434837963,22575.0,1659.0,5261.0,382.0,1160.0,113.090555555556,160000.0,4000.0,1.0
206085,45134.6383564815,45125.5365625,111739.0,5639.0,6409.0,699.0,1160.0,177.509166666667,400000.0,10000.0,5.0
020008,45133.5985300926,45134.6474305556,35675.0,2885.0,3190.0,351.0,1160.0,3.76611111111111,160000.0,0.0,1.0
001152,45134.6863310185,44971.1830671296,1795.0,64.0,10.0,0.0,1160.0,,160000.0,0.0,1.0
396579,45033.3905208333,0.0,2.0,0.0,2.0,GROUND,69.6275,0.5,2100.0,005381,GM-MOWER
135053,45133.5749421296,45014.5890856481,54902.0,0.0,2525.0,0.0,1160.0,16.5161111111111,220000.0,5500.0,3.0
076042,,44930.3331365741,33644.0,2157.0,4235.0,1.0,1160.0,8.29166666666667,220000.0,0.0,1.5
319147,,45020.3690972222,0.0,857.0,0.0,1.0,1160.0,9.52916666666667,0.0,4900.0,0.5
250533,44965.2841087963,0.0,0.0,0.0,0.0,TRAILER,11.9108333333333,0.5,0.0,000579,TRL-VAN/TANK
188054,45138.5916666667,45128.2632060185,32471.0,889.0,10885.0,302.0,1160.0,152.671666666667,250000.0,6250.0,5.0
175053,45077.4953125,45051.552974537,38745.0,2162.0,1163.0,77.0,1160.0,97.0547222222222,250000.0,6250.0,5.5
001147,45120.6002662037,44943.4348958333,16464.0,596.0,728.0,29.0,1160.0,43.7527777777778,160000.0,0.0,1.0
329013,0.0,0.0,0.0,0.0,LIFTING,15.0,,,,,329HYSTPR03
267100,45093.3117939815,0.0,0.0,0.0,0.0,TRAILER,380.66,0.5,0.0,001984,TRL-UTILITY
189019,45134.5552199074,45084.6939351852,39951.0,2176.0,6834.0,2.0,1160.0,289.927777777778,220000.0,5500.0,4.0
396514,45124.2918981481,43802.5434606482,0.0,140.0,0.0,69.0,1160.0,0.5,2100.0,004847,GM-MOWER
188033,45135.3327662037,45133.5624537037,49801.0,4055.0,2909.0,332.0,1160.0,601.243888888889,250000.0,6250.0,5.0
237273,0.0,0.0,0.0,0.0,CLASS8,5.0,,TRUCK - SIDE LOADER,BERMONDSEY GARAGE,,237MACKNG23
041436,45128.2346296296,44741.4148958333,6030.0,179.0,4288.0,129.0,1160.0,1.5,4000.0,10010,SEDAN-PASS
396409,43956.4569675926,44487.3865856481,0.0,666.0,0.0,0.0,1160.0,0.5,2100.0,005988,GM-MOWER
050135,45114.3943171296,45103.2455902778,10227.0,277.0,0.0,2.0,1160.0,23.4697222222222,180000.0,,1.5
237243,45138.3181481482,25296.0,2379.0,5744.0,703.0,CLASS8,188.711666666667,8.0,6250.0,3892-2,TRUCK-SLOAD
067077,45134.582337963,45097.2931828704,25781.0,1648.0,7766.0,327.0,1160.0,35.5441666666667,220000.0,0.0,1.5
094131,45120.4548263889,44999.2037847222,14232.0,608.0,4726.0,173.0,1160.0,325.375,160000.0,4000.0,1.0
095132,44736.6231712963,44931.3840162037,48744.0,2346.0,1.0,1.0,1160.0,0.253055555555556,160000.0,0.0,1.5
112248,45132.3107291667,45104.4313310185,131237.0,0.0,2074.0,0.0,1160.0,14.9202777777778,220000.0,0.0,1.5
156182,45131.3095023148,45044.308599537,42257.0,3499.0,4241.0,413.0,1160.0,516.035277777778,220000.0,0.0,4.0
050042,45128.3950462963,45085.4618055556,46644.0,3025.0,9345.0,470.0,1160.0,3.71222222222222,180000.0,0.0,1.5
020036,45128.5261921296,45134.6430671296,46726.0,3875.0,5107.0,398.0,1160.0,,160000.0,0.0,1.0
319200,44952.5920601852,,0.0,324.0,0.0,317.0,1160.0,,0.0,3500.0,2.0
041243,,45133.4910763889,40908.0,623.0,5881.0,1.0,1160.0,81.6502777777778,,4000.0,1.5
076096,45128.2829861111,45027.4651041667,4282.0,353.0,3560.0,301.0,1160.0,136.001111111111,220000.0,0.0,1.5
315105,45138.5646643518,45125.8558680556,0.0,1480.0,0.0,247.0,1160.0,560.78,220000.0,12000.0,8.0
050103,45113.4710185185,45104.5564583333,25636.0,1944.0,2484.0,316.0,1160.0,207.530555555556,180000.0,0.0,1.5
330203,0.0,0.0,0.0,ROADMAIN,6.0,YONGE GARAGE,330MADVDI23,2023 MADVAC ROAD MAINTENANCE LITTER VACUUM 21-30HP 4X2 6 YEAR DIESEL,,,STANDARD
111110,45014.4264930556,44895.3770023148,13936.0,6.0,1936.0,0.0,1160.0,1.5,0.0,,VAN-1/2T
095199,45135.3963425926,45093.6762384259,9449.0,164.0,9175.0,159.0,1160.0,250.975277777778,160000.0,0.0,1.5
041214,45138.4130208333,44988.4365162037,53958.0,587.0,6723.0,2.0,1160.0,0.633611111111111,160000.0,4000.0,1.5
067030,45071.3081712963,45029.2684375,28448.0,1033.0,925.0,3.0,960.0,9.57111111111111,220000.0,0.0,1.5
041029,43854.6373611111,45051.2613425926,122579.0,0.0,3.0,0.0,800.0,96.0783333333333,160000.0,4000.0,1.5
190005,45138.9756828704,45041.3171412037,13083.0,429.0,3369.0,77.0,1160.0,131.320555555556,250000.0,6250.0,5.0
194005,44858.5207407407,44931.6849768519,81363.0,5482.0,1.0,1.0,152.0,,250000.0,10000.0,3.0
095178,44974.6749537037,45104.6405787037,7399.0,507.0,3846.0,218.0,1160.0,18.5083333333333,160000.0,0.0,1.5
156213,45135.5383912037,45077.5468055556,5245.0,305.0,4328.0,251.0,1160.0,17.1266666666667,220000.0,0.0,4.0
156086,45093.534224537,,78555.0,,3191.0,260.0,1160.0,224.028611111111,220000.0,5500.0,6.0
094099,45136.319212963,45135.4116782407,134871.0,4592.0,10200.0,296.0,1160.0,170.845277777778,160000.0,4000.0,1.0
051021,45132.4840046296,45047.4697800926,36906.0,913.0,3663.0,0.0,1160.0,2.9375,180000.0,4500.0,1.5
236311,43830.0,45132.8330208333,84747.0,9495.0,8221.0,998.0,1160.0,247.572222222222,250000.0,10000.0,8.0
223099,45136.5830439815,45134.4786574074,99608.0,8782.0,8342.0,753.0,1160.0,231.019166666667,250000.0,6250.0,8.0
003289,45132.3985763889,45093.4037037037,35423.0,2212.0,7863.0,386.0,1160.0,40.4058333333333,160000.0,0.0,1.0
237236,43830.0,45132.7583796296,71462.0,6164.0,11092.0,11.0,1160.0,479.447777777778,250000.0,6250.0,8.0
267161,45092.4270601852,0.0,0.0,0.0,0.0,TRAILER,121.228333333333,0.5,0.0,002426,TRL-UTILITY
135078,44551.4615972222,45014.5902546296,34820.0,0.0,10.0,0.0,1160.0,41.6977777777778,220000.0,5500.0,3.0
269066,45069.5247106481,0.0,0.0,0.0,0.0,APPARATUS,30.0847222222222,0.5,0.0,002426,APP-ARR-BD
050024,45127.9554166667,45069.3185763889,64904.0,4948.0,11640.0,905.0,1160.0,25.7647222222222,180000.0,4500.0,1.5
050146,45112.5025694444,44879.4294560185,28239.0,1326.0,5822.0,0.0,1160.0,1.5,4500.0,005513,PICKU-1/2T
041250,45133.3167592593,45118.4489814815,21343.0,711.0,0.0,0.0,,48.2336111111111,160000.0,4000.0,1.5
064084,44405.424375,44993.5475810185,133021.0,0.0,1.0,0.0,648.0,2.85805555555556,220000.0,0.0,1.5
065180,45124.5214814815,44949.3706944444,6138.0,37.0,5993.0,33.0,1160.0,23.4411111111111,220000.0,0.0,1.5
041442,,45029.4966666667,239.0,68.0,239.0,68.0,1112.0,21.755,160000.0,4000.0,1.5
067045,45138.447650463,45120.3695138889,64049.0,3841.0,4573.0,4.0,1160.0,110.098333333333,220000.0,0.0,1.5
376058,43794.3730902778,,1.0,0.0,0.0,ICEMAIN,3.0,ICE-RESURF,004548,146 LEDBURY ST,ICE-MAIN-RESURFACER
266081,45009.2895717593,,0.0,0.0,,TRAILER,40.955,0.5,0.0,005495,
156080,45121.4521990741,45134.2832986111,104443.0,0.0,1906.0,0.0,1160.0,,220000.0,0.0,4.0
319229,44996.6260416667,45093.471087963,0.0,211.0,0.0,124.0,1160.0,87.3283333333333,0.0,3500.0,2.0
147004,45138.6870833333,45121.8294097222,36208.0,1359.0,3394.0,153.0,1160.0,261.268888888889,500000.0,12500.0,4.0
067071,45131.4516203704,45117.3448148148,38806.0,1903.0,5007.0,301.0,1160.0,103.117777777778,220000.0,0.0,1.5
158042,45121.1956018519,45104.4146296296,77397.0,0.0,1443.0,0.0,1160.0,86.0233333333333,250000.0,0.0,5.0
250066,0.0,0.0,0.0,TRAILER,10.0,FLEET MAINTENANCE HAULAGE,250TITANA23,2022 TRAILER VAN/TANKER ALUMINUM OPEN TOP 145-155 CUYD AND KEITH WALKING FLOOR,,,STANDARD
188069,45133.3243518519,45135.5666550926,17474.0,1926.0,4718.0,605.0,1160.0,29.1375,250000.0,6250.0,5.0
080118,45133.471099537,45083.3260416667,6812.0,662.0,6202.0,633.0,1160.0,18.8638888888889,220000.0,5500.0,4.0
076047,45135.5738425926,45127.3244675926,29880.0,1443.0,2665.0,22.0,1160.0,293.120277777778,220000.0,0.0,1.5
112342,45126.3293865741,45134.3844444444,70092.0,3820.0,3790.0,5.0,1160.0,176.881111111111,220000.0,0.0,1.5
067120,45136.7776273148,45111.3803935185,7618.0,895.0,7618.0,895.0,1032.0,446.751944444444,220000.0,0.0,1.5
202019,45021.4202083333,45021.4453703704,85543.0,3622.0,1559.0,3.0,1160.0,68.9038888888889,250000.0,10000.0,6.25
WORK1078,43434.5545486111,44474.2982638889,0.0,1289.0,0.0,0.0,152.0,4.0,4200.0,4301-1,CON-SKD-STR
045170,45126.2986111111,45131.308287037,37341.0,2711.0,5062.0,305.0,1160.0,187.422222222222,180000.0,0.0,1.5
050039,45134.0373263889,45056.3890625,13757.0,1703.0,3272.0,391.0,1160.0,8.46444444444444,180000.0,0.0,1.5
266095,44832.3445138889,0.0,0.0,0.0,0.0,TRAILER,0.5,TRL-UTILITY,000520,433 EASTERN AVE,
047080,45131.5432291667,44935.4617939815,54851.0,3103.0,5035.0,5.0,1160.0,8.85027777777778,180000.0,4500.0,1.5
156058,45126.4413078704,,106143.0,1443.0,5093.0,2.0,1160.0,73.9652777777778,220000.0,0.0,4.0
112283,45131.4317824074,45076.3227314815,78270.0,1831.0,4255.0,3.0,1160.0,301.596111111111,220000.0,0.0,1.5
206110,45135.1311458333,45113.2625462963,83876.0,1623.0,18942.0,363.0,1160.0,249.883333333333,400000.0,10000.0,5.0
050136,45112.4296875,44694.4659837963,6329.0,262.0,3.0,0.0,1160.0,,4500.0,005109,PICKU-1/2T
396288,45063.3059953704,41799.2977199074,0.0,781.0,0.0,13.0,1160.0,0.5,2800.0,005513,GM-MOWER
223103,43830.0,45124.2483912037,16517.0,428.0,5010.0,27.0,1160.0,301.698055555556,220000.0,5500.0,8.0
050100,45135.3131134259,45135.4433796296,37631.0,3776.0,6220.0,633.0,1160.0,35.1777777777778,180000.0,0.0,1.5
076029,45133.3758796296,45101.5312152778,93322.0,5289.0,3041.0,308.0,1160.0,547.616111111111,220000.0,0.0,1.5
237251,45123.4013888889,33597.0,2994.0,5464.0,581.0,CLASS8,749.635277777778,8.0,6250.0,004869,TRUCK-SLOAD
378203,44078.3171296296,1.0,1.0,0.0,0.0,GROUND,1.0,GM-UT-CART,000591,4169 BATHURST ST,
111047,45090.5540972222,44971.5432407407,76658.0,0.0,4151.0,0.0,1160.0,11.1666666666667,180000.0,0.0,1.5
376093,0.0,0.0,0.0,0.0,ICEMAIN,10.0,ICE-RESURF,ICE-MAIN-RESURFACER,5100 YONGE ST,,376ZAMBCNG14A
045194,45138.3864467593,45120.4745717593,12167.0,963.0,6074.0,535.0,1160.0,145.125,180000.0,0.0,1.5
041137,45120.3606828704,45112.4323148148,59041.0,1696.0,635.0,3.0,1160.0,39.8855555555556,160000.0,4000.0,1.5
003125,45138.425,45120.3675578704,81110.0,757.0,9210.0,3.0,1160.0,26.9738888888889,160000.0,0.0,1.0
204024,45135.3295486111,,89946.0,2525.0,7433.0,6.0,1160.0,183.083333333333,250000.0,10000.0,8.25
334022,0.0,0.0,0.0,0.0,LIFTING,15.0,LIFT-ART-BLIF,LIFTING-ARTICULATED BOOMLIFT,,,334GENIEL11A
009015,38420.3708333333,44043.5376273148,0.0,1634.0,0.0,0.0,1160.0,2.0,3500.0,004426,APP-THAW-MACH
065116,45057.712962963,45048.3655555556,67728.0,1405.0,3537.0,240.0,1160.0,719.476944444444,220000.0,0.0,1.5
322083,45015.452025463,44686.7011226852,0.0,5059.0,0.0,22.0,1160.0,8.0,7000.0,001984,
050187,45128.5131018519,45028.3536574074,2270.0,51.0,2270.0,51.0,496.0,99.6194444444444,180000.0,4500.0,1.5
396474,45135.5727546296,43621.2641203704,0.0,1157.0,0.0,238.0,1160.0,0.5,5600.0,005513,GM-MOWER
003122,45009.355474537,44872.7392476852,103387.0,1016.0,2354.0,1.0,648.0,1.0,0.0,005763,SEDAN-PASS
003325,45002.3357407407,30.0,0.0,30.0,0.0,CLASS1,37.2575,1.0,0.0,005181,SEDAN-PASS
112244,43069.3751851852,43139.3821990741,0.0,0.0,0.0,0.0,1160.0,1.5,0.0,,VAN-3/4T
003350,45009.3708333333,1.0,0.0,1.0,0.0,CLASS1,55.1,1.0,0.0,005763,SEDAN-PASS
301007,45072.2740972222,0.0,6.0,0.0,1.0,APPARATUS,,0.5,1400.0,4847-1,
112225,45133.3761689815,45105.6789467593,76685.0,3825.0,4230.0,113.0,1160.0,106.9625,220000.0,0.0,1.5
064153,44792.5075578704,,18348.0,414.0,0.0,0.0,152.0,0.0,220000.0,0.0,1.5
111073,45126.4123263889,45033.637337963,57129.0,2312.0,4345.0,139.0,1160.0,30.1163888888889,180000.0,0.0,1.5
376100,0.0,0.0,0.0,0.0,ICEMAIN,10.0,ICE-RESURF,ICE-MAIN-RESURFACER,1030 DON MILLS RD,,376ZAMBNG15C
237177,43830.0,45127.657025463,81185.0,7818.0,6323.0,500.0,1160.0,480.358888888889,250000.0,6250.0,8.0
396578,45114.7677893518,0.0,0.0,0.0,0.0,GROUND,26.6008333333333,0.5,2100.0,003681,GM-MOWER
045167,45138.3456597222,45040.4875231481,35676.0,3201.0,5932.0,560.0,1160.0,108.285833333333,180000.0,0.0,1.5
041417,45131.4693402778,45106.5564351852,15664.0,93.0,10272.0,1.0,1160.0,19.9875,160000.0,4000.0,1.5
041138,45133.4318981481,45120.3437268519,105877.0,2980.0,5249.0,234.0,1160.0,42.9561111111111,160000.0,4000.0,1.5
267202,0.0,0.0,0.0,0.0,TRAILER,15.0,TRL-UTILITY,,,,267VIATR17B
378344,44853.3087847222,0.0,1.0,0.0,0.0,GROUND,1.0,GM-UT-CART,005381,441 KIPLING AVE,GROUND-UTILITY CARTS
001063,45051.4663541667,45134.287662037,55341.0,2461.0,3.0,2.0,1160.0,90.1922222222222,160000.0,0.0,1.0
194022,45135.3054166667,45114.3009722222,48527.0,1729.0,4873.0,309.0,1160.0,152.730833333333,250000.0,10000.0,3.0
111108,45127.6512847222,44985.3571296296,24501.0,5.0,8382.0,2.0,1160.0,7.42888888888889,180000.0,0.0,1.5
112387,45077.498599537,45118.3292708333,62892.0,1306.0,3044.0,0.0,1160.0,3.31277777777778,220000.0,0.0,1.5
158084,45138.3551041667,45040.4905439815,17279.0,1476.0,3926.0,339.0,1160.0,271.798333333333,250000.0,6250.0,5.0
112397,45124.4354513889,45118.3594791667,24043.0,1340.0,2322.0,303.0,1160.0,95.5247222222222,220000.0,0.0,1.5
203003,44979.4111342593,44915.5136458333,27180.0,3128.0,63.0,15.0,1160.0,272.0,250000.0,6250.0,5.0
041313,45126.5264699074,44848.5022685185,27606.0,847.0,1944.0,80.0,1160.0,1.5,4000.0,005181,SEDAN-PASS
065176,45134.5028703704,44959.2641898148,6631.0,357.0,6631.0,357.0,992.0,120.0,220000.0,,1.5
064164,45135.5031828704,45051.3255555556,73207.0,2582.0,3508.0,5.0,1160.0,107.483333333333,220000.0,0.0,1.5
001161,45124.397025463,44993.3761921296,9587.0,304.0,2977.0,116.0,1160.0,2.63638888888889,160000.0,0.0,1.0
222022,45138.2187268519,45122.3590277778,155091.0,4359.0,13294.0,17.0,1160.0,231.883888888889,220000.0,,8.0
156179,45128.5713425926,45085.5715625,38532.0,1267.0,4976.0,3.0,1160.0,70.0458333333333,220000.0,0.0,4.0
112409,45136.640787037,45128.4847916667,69216.0,5894.0,8548.0,702.0,1160.0,,220000.0,0.0,1.5
045163,45138.7380787037,44967.3218287037,31036.0,1510.0,46.0,3.0,1160.0,,180000.0,0.0,1.5
112254,44663.3267939815,44741.3065046296,99488.0,1387.0,0.0,0.0,1160.0,1.5,0.0,004426,VAN-3/4T
154057,45132.480625,45063.8455324074,112859.0,4762.0,637.0,300.0,1160.0,593.228055555556,220000.0,5500.0,4.0
376107,44637.280462963,43237.590150463,0.0,1114.0,0.0,0.0,1160.0,3.0,4900.0,0520-1,ICE-RESURF
376106,43237.5795717593,0.0,1.0,0.0,0.0,ICEMAIN,3.0,ICE-RESURF,004512,580 FINCH AVE W,ICE-MAIN-RESURFACER
8-00-08,38338.4024074074,5000.0,0.0,0.0,0.0,CLASS7,5.0,TRUCK-ARCHI,,,TRUCK - AERIAL CHIPPER
080064,44968.6747569444,,157732.0,5696.0,2702.0,157.0,960.0,143.8675,220000.0,5500.0,4.0
041316,45135.8559375,45054.5457407407,38120.0,2220.0,4910.0,316.0,1160.0,10.8963888888889,160000.0,4000.0,1.5
396376,45119.3321875,44838.6142476852,0.0,3486.0,0.0,199.0,1160.0,0.5,7000.0,003975,GM-MOWER
047079,45122.3862615741,45124.4839699074,36254.0,1350.0,6220.0,302.0,1160.0,95.0688888888889,180000.0,4500.0,1.5
045202,45133.4836805556,44988.616724537,3431.0,70.0,3270.0,1.0,1160.0,0.128611111111111,180000.0,4500.0,
064119,45090.8490972222,44860.4597453704,57398.0,3517.0,1494.0,57.0,1160.0,1.5,0.0,005154,
073120,44974.7031597222,44880.4297222222,220862.0,9322.0,,176.0,464.0,,0.0,000619,PICKU-1TON
236294,,45131.3395833333,92898.0,10627.0,7422.0,1073.0,1160.0,255.701666666667,250000.0,10000.0,8.0
330139,45138.5068171296,45125.4574305556,0.0,430.0,0.0,397.0,1160.0,91.2255555555556,0.0,2100.0,4.0
223067,44956.1983912037,44852.3451388889,130457.0,4306.0,1046.0,62.0,304.0,0.0,220000.0,5500.0,8.0
063095,45134.4872916667,45022.3411111111,135573.0,6017.0,12608.0,26.0,1160.0,34.5638888888889,220000.0,5500.0,1.5
045192,,45075.5571180556,13347.0,944.0,6507.0,506.0,1160.0,,180000.0,0.0,1.5
003108,45009.5064351852,44880.3823148148,155447.0,0.0,,0.0,800.0,1.0,0.0,005763,SEDAN-PASS
289034,45129.2872106481,45132.3855787037,0.0,15.0,0.0,9.0,1160.0,,0.0,3500.0,1.0
045179,,45121.4210763889,4849.0,167.0,1066.0,1.0,1160.0,332.289166666667,180000.0,0.0,1.5
416004,45098.3698958333,40738.3189467593,0.0,0.0,0.0,0.0,1160.0,1.0,7000.0,,
095195,45127.5583796296,45126.5091782407,10574.0,305.0,5949.0,302.0,1160.0,10.6147222222222,160000.0,0.0,1.5
041419,45138.9518634259,45120.4774305556,11526.0,651.0,11526.0,651.0,1032.0,365.5775,160000.0,4000.0,1.5
319182,44996.3694791667,44996.4525925926,0.0,320.0,0.0,52.0,1160.0,827.568055555556,0.0,3500.0,2.0
396329,44880.2880902778,45113.4675578704,0.0,4180.0,0.0,53.0,1160.0,103.758888888889,0.0,4200.0,0.5
202025,45083.3254282407,45135.4619907407,89510.0,6234.0,783.0,113.0,1160.0,276.122777777778,250000.0,10000.0,6.25
205028,45138.5027083333,45114.2546180556,61659.0,2955.0,21333.0,1042.0,1160.0,263.909722222222,250000.0,6250.0,6.0
050020,45043.3320833333,45020.6076736111,82467.0,,1951.0,120.0,1160.0,3.4925,180000.0,4500.0,1.5
315065,41261.1960648148,41260.5896643518,0.0,0.0,0.0,0.0,1160.0,8.0,9000.0,,ROAD-ST-SWEEP
274010,44292.4007291667,0.0,0.0,0.0,0.0,APPARATUS,0.5,APP-ARR-BD,005495,1401 CASTLEFIELD AVE,APPARUTUS ARROW BOARD
396468,44405.4023263889,43572.3830324074,0.0,636.0,0.0,0.0,1160.0,0.5,2100.0,001984,GM-MOWER
236268,43830.0,45125.6786689815,78809.0,8064.0,10235.0,761.0,1160.0,271.904166666667,250000.0,10000.0,8.0
045075,45134.3974652778,45036.5024537037,109821.0,6611.0,4722.0,379.0,1160.0,229.158055555556,180000.0,0.0,1.5
095156,45097.4590856481,45107.3609490741,31215.0,1025.0,2354.0,86.0,1160.0,154.191388888889,160000.0,0.0,1.5
302530,0.0,0.0,0.0,0.0,LIFTING,15.0,LIFT-ELEV,LIFTING-ELEVATING PLATFORM,,,302GENEEL98
001053,45135.5262731481,44985.6522685185,48498.0,2028.0,2.0,2.0,1160.0,35.6319444444444,,0.0,1.0
074020,45119.4519328704,45048.2668402778,47292.0,3855.0,2595.0,212.0,1160.0,16.0,220000.0,0.0,1.5
051003,45137.4416087963,45072.4796643518,102351.0,3476.0,434.0,302.0,1160.0,392.715833333333,180000.0,4500.0,1.5
076067,,45138.3541435185,36059.0,2320.0,5386.0,538.0,1160.0,51.0955555555556,220000.0,0.0,1.5
115005,42979.246712963,42983.3808564815,0.0,0.0,0.0,0.0,1160.0,1.5,0.0,10070,VAN-1TON
064134,44995.4087962963,44991.4626273148,79522.0,2615.0,1821.0,199.0,648.0,10.1616666666667,220000.0,0.0,1.5
064129,44734.2933449074,44831.2332060185,89929.0,757.0,0.0,0.0,1160.0,1.5,0.0,003892,PICKU-3/4T
396541,45135.3061226852,44659.488900463,0.0,137.0,0.0,77.0,1160.0,0.5,2100.0,005848,GM-MOWER
003390,45057.2620601852,112.0,0.0,112.0,0.0,CLASS1,12.0,1.0,0.0,005763,SEDAN-PASS
334002,0.0,0.0,0.0,0.0,LIFTING,15.0,,LIFTING-SCISSOR-LIFT,,,334SKYJEL03
319242,45129.4610763889,45027.4378009259,0.0,11.0,0.0,11.0,536.0,64.3247222222222,0.0,7000.0,
156122,45134.5511574074,45098.4875115741,66805.0,3477.0,4610.0,338.0,1160.0,175.014166666667,220000.0,0.0,
396529,45105.3820717593,44538.2947569444,0.0,310.0,0.0,43.0,1160.0,0.5,2100.0,004847,GM-MOWER
077028,45119.538599537,45033.2783912037,4177.0,258.0,2497.0,122.0,1160.0,0.0,,0.0,1.5
396344,43873.4826967593,0.0,317.0,0.0,0.0,,0.5,GM-MOWER,003893,451 BRIMLEY RD,GROUND-MOWER
396301,45135.481412037,45100.3958333333,0.0,2626.0,0.0,193.0,1160.0,0.0619444444444444,0.0,7000.0,0.5
267197,45111.3276157407,0.0,0.0,0.0,0.0,TRAILER,68.585,0.5,0.0,0516-3,TRL-UTILITY
156202,45135.5451736111,45097.3249189815,20138.0,353.0,5001.0,1.0,1160.0,57.8113888888889,220000.0,0.0,4.0
236313,43830.0,45128.7904976852,53015.0,7190.0,9.0,9.0,1160.0,583.335,250000.0,10000.0,8.0
266019,45071.3528819444,0.0,0.0,0.0,0.0,TRAILER,0.08,0.5,0.0,002426,TRL-BOAT
045082,45134.3612384259,45040.6659027778,105487.0,933.0,63.0,305.0,1160.0,80.4577777777778,180000.0,0.0,1.5
156164,45134.2807986111,45015.3301157407,65126.0,2716.0,5045.0,302.0,1160.0,47.5211111111111,220000.0,5500.0,6.0
041267,43319.5335185185,43320.549849537,0.0,0.0,0.0,0.0,1160.0,1.5,4000.0,,SEDAN-PASS
156154,45132.3800347222,45112.3640625,45839.0,1667.0,5191.0,304.0,1160.0,963.615277777778,220000.0,5500.0,6.0
003351,,2.0,0.0,2.0,0.0,CLASS1,5.79194444444444,1.0,0.0,000520,SEDAN-PASS
112303,45096.4255671296,45072.3130092593,63897.0,0.0,727.0,0.0,1160.0,61.3347222222222,220000.0,,1.5
065105,45133.2847800926,45099.4382523148,144176.0,3494.0,7774.0,302.0,1160.0,78.0225,220000.0,0.0,1.5
289026,44440.2722453704,45047.3923842593,0.0,9.0,0.0,5.0,,180.105555555556,0.0,3500.0,1.0
076025,45138.3253356482,45042.3556944444,67541.0,3178.0,2794.0,3.0,1160.0,152.175,220000.0,0.0,1.5
318027,45134.519537037,44984.3106944444,0.0,1250.0,0.0,238.0,1160.0,-1,0.0,3500.0,0.5
379043,0.0,0.0,0.0,0.0,GROUND,8.0,GM-UT-CART,,2481 BIRCHMOUNT RD,,379YAMAUN18
007018,45138.1450462963,45082.7868171296,102028.0,4435.0,7624.0,2.0,,246.396111111111,160000.0,,1.5
323079,45076.5831712963,45036.3814236111,0.0,1658.0,0.0,34.0,1160.0,345.418333333333,0.0,4900.0,8.0
415017,44651.5590277778,0.0,97.0,0.0,0.0,GROUND,0.5,GM-MOWER,002979,4200 YONGE ST,GROUND-MOWER
317009,,0.0,297.0,0.0,0.0,FACILITY,8.0,3.0,700.0,,FM-FL-SCR
041409,45137.3498611111,45042.3353703704,11937.0,5.0,8674.0,2.0,1160.0,50.4786111111111,160000.0,4000.0,1.5
222046,45138.2188541667,45119.5868055556,5014.0,36.0,4.0,4.0,1160.0,,220000.0,5500.0,8.0
CLAW7,44623.5252314815,0.0,0.0,0.0,0.0,ATTACHMENT,0.5,ATT-CLW-BUC,000525,1116 KING ST W,
064172,45134.5841319444,45086.5708680556,34538.0,1878.0,8341.0,300.0,1160.0,55.1177777777778,220000.0,0.0,1.5
396377,45132.2984143519,45092.5049421296,0.0,2913.0,0.0,102.0,1160.0,3.88138888888889,0.0,7000.0,0.5
318062,45000.3706365741,0.0,15.0,0.0,15.0,GROUND,18.6333333333333,3.0,3500.0,,GM-TRACT
501014,,45138.4274421296,0.0,0.0,0.0,0.0,1160.0,5.74138888888889,0.0,1400.0,0.5
812018,44853.4746064815,0.0,304.0,0.0,0.0,GROUND,,GM-TRACT,,,GROUNT-TRACTOR
267126,,0.0,0.0,0.0,0.0,TRAILER,87.6730555555555,0.5,0.0,4426-1,TRL-UTILITY
223101,45137.9055902778,45124.3157638889,119773.0,10895.0,21671.0,2039.0,1160.0,193.980277777778,250000.0,6250.0,8.0
003096,45126.6047569444,44986.3884490741,45852.0,433.0,7397.0,107.0,1160.0,,160000.0,0.0,1.0
045156,45138.5810648148,45126.5734490741,23836.0,1302.0,,3.0,1160.0,154.805277777778,180000.0,0.0,1.5
378293,43052.5556597222,0.0,0.0,0.0,0.0,GROUND,1.0,GM-UT-CART,005649,51 BEECHGROVE DR,
250058,0.0,0.0,0.0,0.0,TRAILER,10.0,TRL-VAN/TANK,TRAILER-VAN/TANKER ALUMINUM,,,250TITANA23A
250050,45084.3790393519,0.0,0.0,0.0,0.0,TRAILER,50.1047222222222,0.5,0.0,51020,TRL-VAN/TANK
188061,45137.3214814815,45103.2659027778,42517.0,725.0,8579.0,313.0,1160.0,289.753611111111,250000.0,6250.0,5.0
323087,,,0.0,651.0,0.0,0.0,1160.0,9.74972222222222,0.0,15400.0,8.0
319146,45099.3976388889,45056.6675347222,0.0,2556.0,0.0,111.0,1160.0,,0.0,5600.0,0.5
113055,45106.352650463,44991.322962963,14214.0,7.0,2893.0,1.0,,7.77055555555556,220000.0,0.0,1.5
323099,,45100.3838310185,0.0,1185.0,0.0,321.0,1160.0,180.900833333333,0.0,9800.0,8.0
112424,45134.432037037,45069.366875,85905.0,2817.0,9675.0,323.0,1160.0,74.2313888888889,220000.0,0.0,1.5
111068,45138.5469907407,45085.5567361111,,1589.0,2541.0,68.0,1160.0,3.05722222222222,180000.0,0.0,1.5
269070,45047.3594791667,0.0,0.0,0.0,0.0,APPARATUS,75.155,0.5,0.0,001984,APP-ARR-BD
376062,41465.3649884259,1.0,1.0,0.0,0.0,ICEMAIN,3.0,ICE-RESURF,003256,95 BLACK CREEK DR,ICE-MAIN-RESURFACER
319116,44737.4064351852,0.0,378.0,0.0,0.0,GROUND,0.5,GM-TRACT,,,GROUNT-TRACTOR
041402,45124.2500925926,44890.813287037,72549.0,1722.0,7829.0,166.0,1160.0,8.0,160000.0,4000.0,1.5
250524,45083.4957638889,3.0,0.0,3.0,0.0,TRAILER,82.4422222222222,0.5,0.0,0582-1,TRL-VAN/TANK
322097,45135.2890046296,45098.3803935185,0.0,606.0,0.0,207.0,1160.0,217.526944444444,0.0,9800.0,8.0
077023,45119.6358912037,45099.3705902778,18499.0,1292.0,2453.0,300.0,1160.0,160.246111111111,220000.0,0.0,1.5
074010,45121.3045717593,45049.4260763889,80915.0,1821.0,3304.0,15.0,1160.0,28.5005555555556,220000.0,,1.5
175036,44945.3482407407,44872.541412037,86093.0,2391.0,120.0,7.0,304.0,5.0,6250.0,000525,TRUCK-DUMP
330208,0.0,0.0,0.0,ROADMAIN,6.0,YONGE GARAGE,330MADVDI23,2023 MADVAC ROAD MAINTENANCE LITTER VACUUM 21-30HP 4X2 6 YEAR DIESEL,,,STANDARD
050111,45125.4509490741,45134.3081134259,35034.0,2374.0,8050.0,586.0,1160.0,158.665,180000.0,0.0,1.5
050087,45138.5413310185,45069.281875,41713.0,3010.0,8393.0,595.0,1160.0,216.233611111111,180000.0,0.0,1.5
378229,45043.3199768519,15.0,13.0,3.0,3.0,GROUND,31.0363888888889,1.0,2100.0,006015,GM-UT-CART
304007,0.0,0.0,0.0,0.0,APPARATUS,11.0,APP-AERATOR,APPARUTUS-AERATOR,235 EDENBRIDGE DR,,304AERWNA08
041205,45133.6154282407,44932.3350694444,30933.0,1812.0,3306.0,200.0,1160.0,9.19277777777778,160000.0,4000.0,1.5
378345,45132.8366782407,44985.5799074074,0.0,78.0,0.0,78.0,952.0,34.6538888888889,0.0,2100.0,1.0
095161,45135.7055208333,44995.3012037037,47298.0,2595.0,5002.0,4.0,1160.0,91.6038888888889,160000.0,0.0,1.5
315109,45105.4825115741,45107.3807175926,0.0,796.0,0.0,206.0,1160.0,840.115,250000.0,9000.0,8.0
067070,45135.293587963,44994.5333680556,33604.0,3924.0,6537.0,837.0,1160.0,1.18777777777778,220000.0,0.0,1.5
112460,45131.4250462963,45072.3304050926,16163.0,1191.0,2428.0,1.0,1160.0,1.39027777777778,220000.0,0.0,1.5
286005,42837.341087963,0.0,370.0,0.0,0.0,APPARATUS,4.0,,,,APPARUTUS-GENERATOR
063053,44875.3553356481,45002.3790393519,99110.0,1146.0,1.0,1.0,648.0,6.90305555555556,220000.0,0.0,1.5
378322,44361.5368981482,0.0,7.0,0.0,0.0,GROUND,1.0,GM-UT-CART,0582-1,9 LESLIE ST,
045189,45121.4906365741,45104.2890740741,17228.0,1768.0,6223.0,615.0,1160.0,18.315,180000.0,0.0,1.5
501005,44972.272349537,0.0,0.0,0.0,0.0,ATTACHMENT,18.1483333333333,0.5,1400.0,000520,ATT-GEN
001145,45086.4293055556,44769.4688888889,25801.0,775.0,5845.0,61.0,1160.0,1.0,0.0,,SEDAN-PASS
112463,45111.3822453704,45099.5062152778,53691.0,3337.0,7747.0,727.0,1160.0,35.9213888888889,220000.0,0.0,1.5
051016,45077.2713773148,45120.3452662037,32125.0,1783.0,1713.0,1.0,1160.0,1.26388888888889,180000.0,4500.0,1.5
WORK1016,44642.3924074074,0.0,0.0,0.0,0.0,TRAILER,0.5,TRL-UTILITY,4847-1,251 ESTHER SHINER BLVD,
080081,45132.3388078704,45112.2414236111,81292.0,2833.0,3688.0,304.0,1160.0,208.394722222222,220000.0,5500.0,4.0
041434,45118.5939583333,45076.5189583333,7795.0,365.0,4938.0,236.0,1160.0,8.02222222222222,160000.0,4000.0,1.5
156167,45134.5414814815,45041.3986111111,44681.0,2885.0,3004.0,30.0,1160.0,2.43555555555556,220000.0,5500.0,6.0
157045,45138.5792361111,45105.5528009259,34976.0,2098.0,1586.0,8.0,1160.0,109.78,220000.0,5500.0,6.0
112150,45121.5608449074,45070.3011226852,139533.0,0.0,5446.0,0.0,1160.0,20.9197222222222,220000.0,0.0,1.5
044095,45136.404224537,44965.3674189815,17444.0,628.0,3909.0,155.0,1160.0,2.19583333333333,180000.0,0.0,1.5
236255,45137.5455555556,45098.5444444444,124639.0,5064.0,3802.0,9.0,1160.0,341.844722222222,250000.0,10000.0,8.0
080123,45131.302662037,45056.3107407407,4665.0,356.0,4665.0,356.0,840.0,81.8319444444444,220000.0,5500.0,4.0
076089,45135.4498032407,45044.3213425926,23166.0,1303.0,5021.0,209.0,1160.0,59.5133333333333,220000.0,0.0,1.5
041223,,45134.3333796296,71237.0,2713.0,3287.0,3.0,1160.0,7.54277777777778,160000.0,4000.0,1.5
112330,44944.3459259259,45044.3285069444,70599.0,2701.0,1.0,6.0,800.0,1.44027777777778,220000.0,0.0,1.5
050154,45138.6129282407,44987.2971296296,4041.0,68.0,1704.0,5.0,1160.0,87.9133333333333,180000.0,4500.0,
050161,45001.5824189815,45097.3147685185,5135.0,10.0,5002.0,2.0,1160.0,9.46166666666667,,4500.0,1.5
322096,45100.4971527778,,0.0,475.0,0.0,462.0,1160.0,47.9177777777778,0.0,7000.0,8.0
064154,44917.4301967593,44915.3112268519,35564.0,329.0,2.0,1.0,1160.0,,220000.0,0.0,1.5
112340,45131.3883796296,44959.6260300926,62232.0,2018.0,4473.0,53.0,1160.0,,220000.0,0.0,1.5
396510,44484.2864351852,43798.4426273148,0.0,277.0,0.0,0.0,1160.0,,2100.0,003975,GM-MOWER
378349,45135.7171296296,44854.2615277778,0.0,264.0,0.0,233.0,1160.0,1.0,2100.0,001772,GM-UT-CART
156104,45064.2900347222,45105.4598842593,70265.0,3541.0,1681.0,149.0,1160.0,177.413888888889,220000.0,5500.0,6.0
067081,45138.5713078704,45119.5136921296,18753.0,1057.0,4718.0,250.0,1160.0,11.7455555555556,220000.0,0.0,1.5
192011,45134.3084143518,45089.4134837963,92504.0,7063.0,5027.0,254.0,1160.0,533.765833333333,250000.0,10000.0,6.0
111080,45131.5459143519,44910.9111111111,44789.0,1943.0,4811.0,208.0,1160.0,1.5,0.0,,VAN-1/2T
318052,45135.5541898148,45043.5338078704,0.0,498.0,0.0,233.0,1160.0,,0.0,3500.0,0.5
046025,45119.3400231482,44854.2791319444,3249.0,169.0,3071.0,163.0,,1.5,4500.0,51018,PICKU-COMP
112242,45090.5645138889,44665.4937268519,112127.0,0.0,3873.0,0.0,1160.0,1.5,0.0,005671,VAN-3/4T
329009,45062.3169560185,0.0,733.0,0.0,1.0,LIFTING,430.637777777778,2.0,7000.0,0520-1,LIFT-FRKLFT
112335,45134.3075925926,45118.2905092593,63325.0,4506.0,1897.0,153.0,1160.0,69.2052777777778,220000.0,0.0,1.5
041197,45133.3738657407,44985.2966203704,35906.0,1357.0,4892.0,1.0,1160.0,15.75,160000.0,4000.0,1.5
007011,43942.4446296296,44017.2633449074,0.0,0.0,0.0,0.0,1160.0,1.5,0.0,,SEDAN-PASS
376018,41117.4020138889,,0.0,0.0,0.0,ICEMAIN,3.0,ICE-RESURF,001908,888 COSBURN AVE,ICE-MAIN-RESURFACER
188035,45135.3028240741,45125.3168171296,103138.0,3394.0,4612.0,507.0,1160.0,465.521111111111,250000.0,6250.0,5.0
041339,45110.7033796296,45106.2511574074,96011.0,6498.0,9723.0,869.0,1160.0,211.503888888889,160000.0,4000.0,1.5
112426,,45005.6934375,9434.0,161.0,1332.0,12.0,1160.0,21.9925,220000.0,0.0,1.5
050127,45131.3077199074,45035.3267361111,15748.0,1963.0,11.0,5.0,1160.0,13.4772222222222,180000.0,4500.0,1.5
396558,45135.5760300926,44517.6637615741,,352.0,0.0,232.0,1160.0,0.5,3500.0,,GM-MOWER
317006,0.0,0.0,0.0,0.0,FACILITY,8.0,FM-FL-SCR,FACILITY-FLOOR SCRUBBER,,,317TENNPR08
327003,0.0,0.0,0.0,0.0,CONSTRUCT,12.0,CON-SKD-STR,CONSTRUCT-SKID STEER,50 BOOTH AVE,,327TORODI11
319172,,44893.5685185185,0.0,567.0,0.0,0.0,1160.0,0.5,7000.0,005109,GM-TRACT
041168,45135.3532291667,44993.2296527778,93514.0,3236.0,6142.0,244.0,1160.0,59.395,160000.0,4000.0,1.5
222021,45138.2425462963,45134.241712963,114208.0,6339.0,6188.0,5.0,1160.0,267.112222222222,220000.0,5500.0,8.0
006033,45077.4258101852,45022.326412037,92109.0,610.0,1245.0,5.0,960.0,115.0825,160000.0,0.0,1.0
378272,44649.7319907407,0.0,3.0,0.0,0.0,GROUND,1.0,GM-UT-CART,0582-1,9 LESLIE ST,
041163,45063.5902546296,45114.4184143519,81415.0,5407.0,1312.0,2.0,1160.0,45.8402777777778,160000.0,,1.5
315113,45135.1747222222,45127.4768055556,0.0,1061.0,0.0,336.0,1160.0,827.498055555555,250000.0,9000.0,8.0
044091,45133.9555439815,45051.4738773148,12253.0,887.0,3803.0,320.0,1160.0,,180000.0,0.0,1.5
267230,44890.5488773148,0.0,0.0,0.0,0.0,TRAILER,13.2030555555556,0.5,0.0,003698,TRL-UTILITY
067102,45134.3143634259,45103.2918055556,26370.0,1864.0,9436.0,644.0,1160.0,50.0333333333333,220000.0,0.0,1.5
041337,45123.7076736111,45132.3048263889,105826.0,7149.0,12309.0,920.0,1160.0,54.9966666666667,160000.0,4000.0,1.5
175028,44571.5581018518,44946.2667939815,44728.0,2400.0,4.0,2.0,304.0,5.50888888888889,250000.0,6250.0,5.0
289035,45014.3219675926,45042.3463194444,0.0,8.0,0.0,2.0,1160.0,98.485,0.0,3500.0,1.0
380001,42801.0,44607.4491782407,4054.0,301.0,0.0,300.0,1160.0,8.0,21000.0,000591,WM-GROOM
041424,45133.5775231481,45076.3486226852,275.0,44.0,275.0,44.0,248.0,59.2872222222222,160000.0,4000.0,1.5
205010,45063.4153240741,,130144.0,784.0,3552.0,0.0,1160.0,7.34833333333333,250000.0,0.0,5.0
319103,43349.6006018519,45120.5069675926,0.0,1390.0,0.0,1.0,1160.0,0.0113888888888889,0.0,,0.5
396470,44823.3950810185,42899.4212731481,0.0,1133.0,0.0,300.0,1160.0,0.5,5600.0,005109,GM-MOWER
267273,44896.5736342593,0.0,0.0,0.0,0.0,TRAILER,0.5,TRL-UTILITY,10010,EASTERN GARAGE,
064118,44938.3958564815,44950.3715277778,115545.0,0.0,646.0,0.0,464.0,13.8497222222222,220000.0,0.0,1.5
378204,43718.4135648148,44944.5120023148,1458.0,3.0,2.0,2.0,1160.0,6.56916666666667,0.0,2100.0,1.0
001146,45133.3525231481,45138.439837963,7509.0,365.0,2080.0,95.0,1160.0,5.44388888888889,160000.0,0.0,1.0
112529,45134.3101967593,45119.4166435185,15323.0,1136.0,6624.0,546.0,1160.0,43.5430555555556,220000.0,0.0,1.5
269063,45063.490625,0.0,0.0,0.0,,APPARATUS,26.1288888888889,0.5,0.0,002426,APP-ARR-BD
205022,45138.3168287037,,149168.0,6135.0,10273.0,390.0,1160.0,348.924722222222,250000.0,6250.0,6.0
156101,44907.2403587963,44722.6861342593,60336.0,2063.0,0.0,0.0,1160.0,4.0,5500.0,004426,TRUCK-DUMP
003200,,44931.5797106481,88776.0,14.0,5627.0,1.0,1160.0,40.0566666666667,160000.0,0.0,1.0
378132,45000.3490277778,45034.5055902778,2890.0,305.0,16.0,300.0,1160.0,550.036666666667,0.0,2100.0,1.0
379045,43758.4972222222,10.0,0.0,0.0,0.0,GROUND,1.0,GM-UT-CART,002979,4200 YONGE ST,
007030,43970.3296296296,44025.3928240741,0.0,0.0,0.0,0.0,1160.0,1.5,0.0,,SEDAN-PASS
267213,44988.3650231482,0.0,0.0,0.0,0.0,TRAILER,119.239444444444,0.5,0.0,003698,TRL-UTILITY
267241,45106.4959490741,,0.0,0.0,0.0,TRAILER,8.06583333333333,0.5,0.0,001984,TRL-UTILITY
067023,44984.5148032407,44945.2224074074,112882.0,6561.0,1873.0,86.0,464.0,99.3494444444445,220000.0,0.0,1.5
396531,45133.3260300926,44051.3017824074,0.0,496.0,0.0,104.0,1160.0,0.5,2100.0,003698,GM-MOWER
050155,45134.4834953704,45077.374537037,8218.0,907.0,8056.0,902.0,1160.0,,180000.0,4500.0,1.5
159038,45127.4669212963,45013.3317592593,2338.0,165.0,2338.0,165.0,744.0,66.4913888888889,250000.0,6250.0,5.0
112412,45128.3399189815,44943.2783449074,77810.0,5271.0,280.0,1.0,1160.0,929.088888888889,220000.0,0.0,1.5
135159,45128.3866550926,45119.5246643519,104818.0,4047.0,8002.0,224.0,1160.0,184.709444444444,,0.0,3.0
319195,44978.9623148148,45126.5928587963,0.0,,0.0,177.0,1160.0,498.703333333333,0.0,3500.0,2.0
112274,45112.5126388889,45043.3423611111,92049.0,3129.0,2035.0,80.0,1160.0,0.146666666666667,,0.0,1.5
378317,44980.4396759259,44825.7971527778,0.0,171.0,0.0,18.0,1160.0,1.0,2100.0,004426,GM-UT-CART
333014,,44657.5836111111,0.0,1289.0,0.0,0.0,1160.0,8.0,12600.0,006015,CON-CRW-LOAD
135051,44824.4803009259,,37233.0,0.0,1.0,0.0,464.0,24.135,220000.0,5500.0,3.0
095203,45132.5849305556,45072.5978240741,5350.0,7.0,5130.0,2.0,1160.0,,160000.0,0.0,1.5
175052,45138.2765856481,45048.6001273148,35814.0,0.0,572.0,0.0,1160.0,123.395555555556,250000.0,6250.0,5.5
041391,45135.3931365741,44886.3635069444,21917.0,806.0,2862.0,127.0,1160.0,1.5,4000.0,005154,SEDAN-PASS
347005,36909.3416666667,44221.3662268519,0.0,107.0,0.0,0.0,1160.0,-1,21000.0,4301-1,WM-BLOW
236289,43830.0,45116.5985532407,104354.0,12243.0,11143.0,1456.0,1160.0,255.760833333333,250000.0,10000.0,8.0
322007,44718.3034259259,44623.6136805556,0.0,3788.0,0.0,,304.0,8.0,7000.0,005559,CON-BACKHOE
188001,45058.4783333333,45127.5683217593,86597.0,2205.0,740.0,50.0,1160.0,351.681666666667,250000.0,6250.0,5.0
112516,45131.5753819444,45135.4037847222,9213.0,368.0,2146.0,153.0,1160.0,,220000.0,0.0,1.5
005020,45138.0826388889,45103.3659027778,62560.0,826.0,15165.0,110.0,1160.0,560.118055555556,160000.0,4000.0,1.5
156155,43307.3420717593,43410.2828587963,0.0,0.0,0.0,0.0,1160.0,6.0,5500.0,,TRUCK-DUMP
003242,,45030.3688310185,32503.0,1677.0,4273.0,200.0,1160.0,33.5480555555556,160000.0,0.0,1.0
330204,0.0,,0.0,ROADMAIN,6.0,YONGE GARAGE,330MADVDI23,2023 MADVAC ROAD MAINTENANCE LITTER VACUUM 21-30HP 4X2 6 YEAR DIESEL,,,STANDARD
205025,45135.1890856481,,23087.0,1341.0,2185.0,149.0,1160.0,622.382777777778,250000.0,6250.0,6.0
001099,45118.4892476852,45075.3821643519,27503.0,1160.0,2176.0,240.0,,66.5802777777778,,0.0,1.0
050014,45130.3082986111,44726.4228935185,106271.0,4843.0,2035.0,327.0,1160.0,1.5,4500.0,000582,PICKU-1/2T
502346,45091.3113310185,,0.0,0.0,0.0,APPARATUS,4.0,1.0,,000520,APP-PWR-WASH
267091,45076.4715625,0.0,0.0,0.0,0.0,TRAILER,160.563055555556,0.5,0.0,004847,TRL-UTILITY
041443,45135.4346296296,44916.285150463,1680.0,48.0,1680.0,48.0,1104.0,0.819444444444444,160000.0,4000.0,1.5
050049,45099.4458101852,45118.7179861111,28429.0,1560.0,1095.0,68.0,1160.0,33.5583333333333,180000.0,0.0,1.5
376126,44673.3775231481,12.0,12.0,8.0,8.0,ICEMAIN,3.0,ICE-RESURF,,,ICE-MAIN-RESURFACER
112384,45129.4890393519,45138.2725694444,157220.0,7162.0,8473.0,5.0,1160.0,50.0180555555556,220000.0,0.0,1.5
111030,45117.4828125,45020.4792708333,80493.0,0.0,1621.0,0.0,1160.0,27.1936111111111,180000.0,0.0,1.5
065139,45121.5257291667,45133.5552430556,39503.0,2519.0,3740.0,2.0,,333.9975,220000.0,8000.0,1.5
095168,45119.3716550926,45124.4158680556,22415.0,1678.0,5004.0,301.0,1160.0,14.1325,160000.0,0.0,1.5
041265,45125.4477083333,45037.2661111111,39217.0,1451.0,1038.0,8.0,1160.0,812.466111111111,160000.0,4000.0,1.5
045148,45131.5541782407,45132.3078125,70672.0,3681.0,8597.0,430.0,1160.0,40.8038888888889,180000.0,4500.0,1.5
396419,45124.2879513889,42263.3036226852,0.0,525.0,0.0,152.0,1160.0,0.5,2100.0,0520-1,GM-MOWER
222029,44008.5499768518,45083.3148263889,15482.0,1159.0,1933.0,152.0,1160.0,250.133888888889,250000.0,10000.0,8.0
378130,44761.566412037,43613.4542361111,10193.0,13.0,0.0,0.0,1160.0,1.0,2100.0,005044,GM-UT-CART
223031,42989.5516435185,43004.6471759259,0.0,0.0,0.0,0.0,1160.0,8.0,6250.0,,TRUCK-SLOAD
236310,43830.0,45125.3421064815,76724.0,9297.0,2874.0,334.0,1160.0,709.840277777778,250000.0,10000.0,8.0
095146,45133.566712963,44813.7925462963,40339.0,929.0,3711.0,0.0,1160.0,,0.0,003892,VAN-PASS
006007,42180.441412037,42262.5165740741,0.0,0.0,0.0,0.0,1160.0,1.0,0.0,,SEDAN-PASS
045126,45098.4435532407,44820.2993402778,28623.0,990.0,1305.0,0.0,1160.0,1.5,4500.0,000520,PICKU-1/2T
206107,45138.5937384259,45120.7626157407,64062.0,1338.0,7958.0,305.0,1160.0,239.150555555556,400000.0,10000.0,5.0
395051,45138.2951851852,0.0,202.0,0.0,89.0,GROUND,0.5,GM-MOWER,,,GROUND-MOWER
396290,43270.6558217593,43284.4240625,0.0,612.0,0.0,0.0,1160.0,0.5,2800.0,001984,GM-MOWER
294040,45135.5309837963,45126.3159027778,0.0,239.0,0.0,64.0,1160.0,27.99,0.0,6300.0,1.0
330183,45126.5455208333,45133.3361921296,0.0,1098.0,0.0,225.0,1160.0,,0.0,2100.0,4.0
250521,45119.3098148148,0.0,0.0,0.0,0.0,TRAILER,128.734444444444,0.5,0.0,005449,TRL-VAN/TANK
051010,45134.6400810185,45054.3727662037,72949.0,5300.0,8.0,4.0,1160.0,0.0113888888888889,180000.0,4500.0,1.5
045125,45129.6418287037,45117.5845949074,32366.0,1207.0,5627.0,0.0,1160.0,18.95,180000.0,4500.0,1.5
159029,45015.3833333333,45016.5020486111,84436.0,4117.0,174.0,24.0,1160.0,27.9508333333333,250000.0,10000.0,5.0
003121,45135.4066087963,45092.3257523148,60460.0,479.0,1540.0,45.0,1160.0,29.7975,160000.0,0.0,1.0
396283,43767.4732986111,0.0,487.0,0.0,0.0,GROUND,0.5,GM-MOWER,003896,70 NASHDENE RD,GROUND-MOWER
323122,45134.5333333333,45097.4948726852,0.0,1620.0,0.0,877.0,1160.0,259.390555555556,0.0,17400.0,8.0
044055,44995.3856018518,44993.2506134259,113831.0,1559.0,503.0,300.0,648.0,37.65,180000.0,0.0,
073110,43082.5119328704,,0.0,0.0,0.0,0.0,1160.0,1.5,0.0,,PICKU-1TON
237181,,45125.7156712963,74006.0,8974.0,6346.0,830.0,1160.0,236.755555555556,250000.0,6250.0,8.0
003234,45107.3306712963,6252.0,0.0,0.0,0.0,CLASS1,11.3333333333333,1.0,0.0,004869,SEDAN-PASS
CLAW23,44882.4640162037,0.0,,0.0,0.0,ATTACHMENT,0.5,ATT-CLW-BUC,000525,1116 KING ST W,ATTACHMENT-CLAW BUCKET
236085,44266.3068634259,1961.0,0.0,0.0,0.0,CLASS8,8.0,TRUCK-RLOAD,,,TRUCK - REAR LOADER
332006,,39247.357962963,1.0,0.0,0.0,0.0,800.0,3.0,4900.0,005263,ICE-RESURF
261053,45054.555,20019.0,0.0,325.0,0.0,CLASS6,180.609444444444,,6250.0,003892,TRUCK-SEWER
379032,0.0,0.0,0.0,0.0,GROUND,8.0,GM-UT-CART,,,,379CLUBEL11
194008,45125.3401967593,45091.8364236111,34945.0,4645.0,2530.0,371.0,1160.0,216.853888888889,250000.0,10000.0,3.0
064169,45132.3908912037,45056.4634143518,24296.0,1259.0,5451.0,396.0,1160.0,68.7919444444444,220000.0,0.0,1.5
067055,45126.4602199074,45061.5117939815,9785.0,317.0,1219.0,5.0,1160.0,48.6763888888889,,0.0,1.5
041089,44896.5509490741,44848.5870949074,86529.0,0.0,0.0,0.0,152.0,1.5,4000.0,005154,SEDAN-PASS
067067,45082.6579976852,45134.4027662037,73510.0,3243.0,3403.0,1.0,1160.0,706.625555555556,220000.0,0.0,1.5
003093,45111.370474537,45030.4177083333,78632.0,0.0,2652.0,0.0,1160.0,,160000.0,0.0,1.0
067101,45138.5458912037,45071.2582407407,25134.0,1473.0,5829.0,302.0,,48.2380555555556,220000.0,0.0,1.5
188050,45133.3269212963,45085.3914467593,43013.0,4379.0,3411.0,357.0,1160.0,177.581111111111,250000.0,6250.0,5.0
304001,0.0,0.0,0.0,0.0,APPARATUS,11.0,APP-AERATOR,APPARUTUS-AERATOR,,,
112544,45121.475,45076.3405555556,74.0,0.0,74.0,0.0,96.0,0.0766666666666667,220000.0,0.0,1.5
250044,45132.7373842593,,0.0,0.0,0.0,TRAILER,39.04,0.5,0.0,005387,TRL-VAN/TANK
041084,44959.5620138889,,149947.0,941.0,622.0,15.0,1160.0,12.6175,160000.0,4000.0,1.5
045124,45133.3724421296,44908.5188194444,30848.0,1929.0,0.0,0.0,1160.0,1.5,4500.0,5109-1,PICKU-1/2T
237103,42437.476412037,,0.0,0.0,0.0,0.0,1160.0,8.0,6250.0,,TRUCK-SLOAD
237231,44372.7224768518,45114.7027777778,48160.0,4571.0,5958.0,15.0,1160.0,136.375833333333,250000.0,6250.0,8.0
267102,45117.3393634259,0.0,0.0,0.0,0.0,TRAILER,59.3647222222222,0.5,0.0,004447,TRL-UTILITY
267103,45050.5859606481,0.0,0.0,0.0,0.0,TRAILER,40.6855555555556,,0.0,005513,TRL-UTILITY
318013,45075.5186111111,45057.4226157407,0.0,1622.0,0.0,38.0,1160.0,0.0144444444444444,0.0,7000.0,4.0
041324,45132.2208217593,44970.5793287037,81794.0,3573.0,15431.0,703.0,1160.0,10.0961111111111,160000.0,4000.0,1.5
378214,43746.3786805556,33.0,35.0,0.0,0.0,GROUND,1.0,GM-UT-CART,0582-1,9 LESLIE ST,
045144,45126.5248726852,,23942.0,778.0,1353.0,1.0,1160.0,0.431111111111111,180000.0,0.0,1.5
378371,45036.4666319444,0.0,5.0,0.0,5.0,GROUND,32.4894444444444,1.0,700.0,000541,GM-UT-CART
289042,45098.539212963,,0.0,21.0,0.0,8.0,1160.0,96.9788888888889,0.0,3500.0,1.0
HE1131,45134.5375,45007.7218518518,0.0,5641.0,0.0,0.0,1160.0,40.0,0.0,18200.0,8.0
006026,45113.4510069444,44991.3168402778,34057.0,115.0,4315.0,1.0,1160.0,0.441944444444444,160000.0,0.0,1.0
287003,44735.6253935185,0.0,311.0,,0.0,APPARATUS,0.5,APP-WATER-PMP,004426,1026 FINCH AVE W,APPARUTUS-WATER PUMP
318055,44883.4515277778,45015.2786574074,0.0,64.0,0.0,36.0,1160.0,67.4166666666667,0.0,3500.0,0.5
080078,45127.5519328704,45103.3550231481,136694.0,6948.0,276.0,65.0,1160.0,287.479444444444,220000.0,5500.0,4.0
159022,43650.5937731481,45057.2826273148,38224.0,0.0,1.0,0.0,1160.0,50.7541666666667,250000.0,10000.0,5.0
007353,45132.2936111111,0.0,0.0,0.0,0.0,TRAILER,22.0536111111111,0.5,0.0,000582,TRL-UTILITY
154060,45113.3308217593,45065.5433796296,55845.0,2711.0,937.0,157.0,1160.0,,220000.0,5500.0,6.0
112156,45040.3428472222,45112.3506944444,89435.0,0.0,2045.0,0.0,1160.0,68.96,220000.0,0.0,1.5
396308,41410.3221527778,0.0,6.0,0.0,0.0,GROUND,0.5,GM-MOWER,005109,301 ROCKCLIFFE BLVD,GROUND-MOWER
065108,45000.5094675926,44890.2888541667,74875.0,2974.0,868.0,73.0,648.0,1.5,0.0,000525,PICKU-3/4T
065120,45118.4994560185,45128.3193287037,44743.0,2347.0,2633.0,167.0,1160.0,5.40888888888889,220000.0,0.0,1.5
095144,45138.3196759259,45097.3091087963,39269.0,1877.0,4293.0,301.0,1160.0,2.73888888888889,,0.0,1.5
076093,45132.2914467593,45007.4072569444,,1076.0,3412.0,168.0,1160.0,23.3663888888889,220000.0,0.0,1.5
192006,45131.5566435185,44932.3312847222,119393.0,4716.0,2802.0,255.0,1160.0,16.0,250000.0,10000.0,6.0
045057,45051.3230092593,45092.4936689815,111911.0,4039.0,560.0,47.0,1160.0,306.709166666667,180000.0,0.0,1.5
294050,44998.3266203704,44867.297337963,0.0,1186.0,0.0,16.0,648.0,1.0,9800.0,000520,APP-BRUSH-CH
379069,0.0,0.0,0.0,0.0,GROUND,8.0,GM-UT-CART,,,,379CLUBEL09
316016,45119.4273148148,45120.4500810185,0.0,1401.0,0.0,28.0,1160.0,450.313888888889,0.0,3500.0,4.5
222035,45115.2123958333,45117.2580208333,135847.0,10263.0,15933.0,730.0,1160.0,376.209166666667,220000.0,5500.0,8.0
044087,45137.4241666667,45030.4558217593,72337.0,3351.0,4534.0,299.0,1160.0,149.060277777778,180000.0,0.0,1.5
378249,43588.3145601852,43570.4914699074,207.0,3.0,,0.0,1160.0,1.0,2100.0,000549,GM-UT-CART
041219,45129.5871180556,45114.5466666667,53174.0,3588.0,2285.0,5.0,1160.0,42.4202777777778,160000.0,4000.0,1.5
378141,43662.3250231482,,2061.0,1.0,0.0,0.0,1160.0,,2100.0,,GM-UT-CART
006335,40553.4300578704,9.0,0.0,0.0,,ATTACHMENT,0.5,ATT-SNW-PLW,000582,7 LESLIE ST,ATTACHMENT-SNOW PLOW
003343,45009.371724537,2.0,0.0,2.0,0.0,CLASS1,19.5269444444444,1.0,0.0,002821,SEDAN-PASS
154058,45096.4241319444,45083.526099537,116459.0,4316.0,4008.0,238.0,1160.0,185.363888888889,220000.0,5500.0,6.0
156149,45132.3044444444,45112.5877546296,49365.0,3563.0,5003.0,3.0,1160.0,,220000.0,0.0,4.0
304011,0.0,0.0,0.0,0.0,APPARATUS,11.0,APP-AERATOR,,140 BENTWORTH AVE,,304AERWNA08
396337,44326.4997685185,0.0,376.0,0.0,0.0,GROUND,0.5,GM-MOWER,004301,27 TORYORK DR,GROUND-MOWER
194016,45133.4267013889,45131.8956597222,21905.0,1514.0,2787.0,467.0,1160.0,59.5336111111111,,10000.0,3.0
188036,45131.6204976852,45135.4368055556,111502.0,3502.0,2980.0,278.0,1160.0,434.920555555556,250000.0,6250.0,5.0
227001,45132.3184027778,39715.6249768519,27585.0,0.0,1573.0,0.0,1160.0,6.25,10000.0,,TRUCK-ARCHI
317012,0.0,0.0,0.0,0.0,FACILITY,8.0,FM-FL-SCR,FACILITY-FLOOR SCRUBBER,,,
378209,44893.3271527778,43097.2429166667,2698.0,519.0,0.0,0.0,1160.0,1.0,2100.0,005513,GM-UT-CART
301009,42174.5270949074,45118.4259837963,0.0,3.0,0.0,1.0,1160.0,52.6816666666667,0.0,1400.0,0.5
204025,45128.3120717593,45131.6180439815,154640.0,11142.0,8538.0,648.0,1160.0,188.382777777778,250000.0,10000.0,8.25
041362,44963.3977314815,45090.3834027778,12177.0,635.0,127.0,9.0,1160.0,0.615277777777778,160000.0,4000.0,1.5
003250,45137.7128356481,44994.5846759259,40559.0,2841.0,8974.0,510.0,1160.0,17.9677777777778,160000.0,0.0,1.0
267051,45091.3369097222,0.0,0.0,0.0,0.0,TRAILER,126.208055555556,0.5,0.0,003893,TRL-UTILITY
396363,43608.4576967593,0.0,1.0,0.0,0.0,GROUND,0.5,GM-MOWER,003975,3079 BIRCHMOUNT RD,GROUND-MOWER
378163,44137.4083101852,19.0,21.0,0.0,0.0,GROUND,1.0,GM-UT-CART,0582-1,9 LESLIE ST,
112458,45138.3319328704,45127.5557060185,42297.0,2146.0,7083.0,1.0,1160.0,22.9252777777778,220000.0,0.0,1.5
176031,,45096.3545138889,32904.0,1628.0,613.0,60.0,1160.0,264.935,250000.0,6250.0,6.0
001079,45134.6321296296,45079.3569097222,38363.0,2717.0,1.0,1.0,1160.0,23.4341666666667,160000.0,0.0,1.0
396466,43256.5718055556,43578.5793402778,0.0,368.0,0.0,0.0,1160.0,0.5,2100.0,003688,GM-MOWER
111086,44267.4806481482,45111.6430671296,1572.0,46.0,0.0,0.0,1160.0,,180000.0,0.0,1.5
003324,44984.4248958333,156.0,0.0,156.0,0.0,CLASS1,53.8025,1.0,0.0,006217,SEDAN-PASS
094098,45100.4025578704,44881.2533333333,34844.0,1227.0,3200.0,1.0,1160.0,30.2094444444444,160000.0,4000.0,1.0
095150,45135.3514814815,45065.329375,92860.0,3545.0,9119.0,394.0,1160.0,3.76,160000.0,0.0,1.5
395024,45133.4600925926,0.0,2046.0,0.0,72.0,GROUND,0.5,GM-MOWER,006155,2481 BIRCHMOUNT RD,GROUND-MOWER
159021,44862.472349537,45099.2995601852,56799.0,0.0,2.0,0.0,1160.0,,250000.0,10000.0,5.0
065153,45132.4334837963,45083.3162615741,23623.0,1348.0,7998.0,406.0,1160.0,49.3094444444444,220000.0,0.0,1.5
396107,41401.5638888889,41771.3915046296,0.0,825.0,0.0,0.0,1160.0,0.5,2800.0,,GM-MOWER
050170,45128.4412384259,45106.387962963,12088.0,1229.0,4637.0,472.0,1160.0,0.0813888888888889,180000.0,4500.0,1.5
250535,45058.2487152778,0.0,0.0,0.0,0.0,TRAILER,31.3516666666667,0.5,0.0,005387,TRL-VAN/TANK
396412,44341.577349537,42894.3547453704,0.0,407.0,0.0,0.0,1160.0,0.5,2100.0,004301,GM-MOWER
378320,45125.9331944444,0.0,306.0,0.0,0.0,GROUND,4.33333333333333,1.0,2100.0,0582-1,GM-UT-CART
112503,45138.3953703704,45051.5810069444,40737.0,1875.0,16946.0,817.0,1160.0,23.6363888888889,220000.0,0.0,1.5
050091,45131.3233449074,45054.2935648148,28512.0,1079.0,5882.0,1.0,1160.0,0.0,180000.0,0.0,1.5
376059,40912.4829398148,1.0,0.0,,0.0,ICEMAIN,3.0,ICE-RESURF,004497,205 WILMINGTON AVE,ICE-MAIN-RESURFACER
267275,44952.3382060185,0.0,0.0,0.0,0.0,TRAILER,23.8830555555556,1.0,0.0,003896,TRL-UTILITY
290007,43108.8847453704,0.0,2.0,0.0,0.0,APPARATUS,2.0,APP-THAW-MACH,,60 TIFFIELD RD,APPARUTUS-THAWING MACHINE
158078,45133.5817013889,45128.5845949074,84726.0,1615.0,4675.0,308.0,1160.0,236.935277777778,250000.0,6250.0,5.0
LF0022,43759.5526736111,0.0,0.0,0.0,0.0,ATTACHMENT,0.5,ATT-LEAF-BOX,4301-1,61 TORYORK DR,ATTACHMENT-LEAF BOX
061164,45128.437962963,45135.3499537037,78754.0,2060.0,4453.0,3.0,1160.0,278.468055555556,220000.0,0.0,1.5
378233,44727.2755208333,44252.5404861111,7609.0,7.0,0.0,0.0,1160.0,1.0,2100.0,006155,GM-UT-CART
330151,45138.5639930556,45131.4382060185,0.0,4010.0,0.0,328.0,1160.0,,0.0,2100.0,4.0
076101,45132.3377777778,44949.5536921296,4926.0,281.0,4924.0,279.0,1056.0,34.7113888888889,220000.0,5500.0,1.5
378199,0.0,,0.0,0.0,GROUND,8.0,GM-UT-CART,,441 KIPLING AVE,,378KUBODI12
396546,,0.0,135.0,0.0,135.0,GROUND,0.5,GM-MOWER,003681,891 MORNINGSIDE AVE,GROUND-MOWER
050193,45076.609849537,300.0,0.0,300.0,0.0,CLASS2,10.0016666666667,1.5,4500.0,004426,PICKU-1/2T
237249,45118.3334143519,30629.0,1650.0,6475.0,315.0,CLASS8,109.346666666667,8.0,6250.0,004869,TRUCK-SLOAD
041202,44477.3535416667,45033.2622106482,43517.0,324.0,2.0,2.0,1160.0,239.132777777778,160000.0,4000.0,1.5
095092,45132.5569097222,45047.3400810185,108060.0,0.0,8085.0,0.0,1160.0,61.2452777777778,160000.0,0.0,1.5
329072,45049.4099421296,0.0,0.0,0.0,0.0,LIFTING,73.1613888888889,2.0,2100.0,005649,LIFT-FRKLFT
001043,43839.473287037,43845.3261342593,0.0,0.0,0.0,0.0,1160.0,1.0,0.0,,SEDAN-PASS
319173,45092.4864583333,45096.4951388889,0.0,397.0,0.0,76.0,1160.0,57.9541666666667,0.0,7000.0,0.5
237151,45049.3347916667,44950.6761342593,29211.0,3411.0,914.0,156.0,1160.0,80.0,250000.0,6250.0,8.0
003131,44938.4583680556,44943.5378356481,45072.0,102.0,306.0,4.0,648.0,16.0319444444444,160000.0,0.0,1.0
003228,45134.356712963,44909.4196412037,104372.0,171.0,3799.0,2.0,1160.0,17.5088888888889,160000.0,0.0,1.0
041403,45132.3271064815,45016.5202430556,19316.0,814.0,5237.0,223.0,1160.0,,160000.0,4000.0,1.5
063083,45132.5201736111,44874.522337963,83329.0,1366.0,4736.0,0.0,1160.0,1.5,0.0,005464,PICKU-3/4T
001149,45123.4392824074,44931.5762384259,11142.0,434.0,1920.0,83.0,1160.0,82.1702777777778,160000.0,0.0,1.0
001078,45135.4323958333,45065.5262731481,43277.0,2275.0,23.0,1.0,1160.0,11.7855555555556,160000.0,0.0,1.0
378254,42675.4192476852,0.0,1.0,0.0,0.0,,1.0,GM-UT-CART,000579,130 THE QUEENSWAY,
330176,45095.5589930556,45020.4400347222,0.0,73.0,0.0,38.0,1160.0,19.7486111111111,0.0,2100.0,4.0
003223,44978.5159490741,45105.5606481481,32127.0,373.0,154.0,12.0,1160.0,120.658611111111,160000.0,0.0,1.0
204036,45138.5973032407,45125.5305902778,41898.0,1113.0,5982.0,5.0,1160.0,206.753333333333,250000.0,10000.0,8.25
188071,45135.3258912037,45119.4086226852,22340.0,2272.0,5276.0,752.0,1160.0,51.8947222222222,250000.0,6250.0,5.0
003294,45126.539212963,45055.4179513889,13145.0,451.0,1962.0,75.0,1160.0,13.2188888888889,160000.0,0.0,1.0
007019,45125.3334837963,45083.4656134259,105758.0,3824.0,6706.0,3.0,1160.0,53.7186111111111,160000.0,0.0,1.5
001132,45132.6590625,45079.3728240741,10519.0,348.0,7.0,2.0,1160.0,58.4825,160000.0,0.0,1.0
159012,44848.3244791667,44966.5542361111,53569.0,0.0,1.0,0.0,800.0,445.721388888889,250000.0,0.0,5.0
095142,45135.564375,45105.3313888889,124801.0,4510.0,10877.0,2.0,1160.0,35.2177777777778,160000.0,0.0,1.5
376030,41046.3290972222,3.0,0.0,0.0,0.0,ICEMAIN,3.0,,005381,441 KIPLING AVE,ICE-MAIN-RESURFACER
065126,45120.5557175926,45097.2988425926,80952.0,6615.0,2032.0,234.0,1160.0,667.148333333333,220000.0,0.0,1.5
378305,43965.6083217593,78.0,145.0,0.0,0.0,GROUND,1.0,GM-UT-CART,000580,21 REDWAY RD,
067019,44531.3378009259,44539.3629398148,106376.0,2224.0,0.0,0.0,1160.0,1.5,0.0,5381-1,PICKU-3/4T
378298,43479.8275462963,0.0,68.0,0.0,0.0,GROUND,1.0,GM-UT-CART,,130 THE QUEENSWAY,
269076,44939.5346875,0.0,0.0,0.0,0.0,APPARATUS,24.4480555555556,0.5,0.0,002426,APP-ARR-BD
050095,45118.4911574074,45014.5402662037,25799.0,1067.0,5503.0,220.0,1160.0,0.403333333333333,180000.0,0.0,1.5
159015,45020.3097222222,44910.5040046296,17816.0,0.0,109.0,0.0,960.0,0.0,250000.0,0.0,5.0
127011,,44763.3287384259,54085.0,1720.0,237.0,2.0,1160.0,1.5,0.0,007567,VAN-1/2T
046022,45135.2169675926,,159409.0,3135.0,15184.0,311.0,1160.0,215.360277777778,180000.0,4500.0,1.5
112370,43777.5883564815,43791.3675347222,0.0,0.0,0.0,0.0,1160.0,1.5,0.0,,VAN-3/4T
050008,42310.2082523148,41995.5334722222,0.0,0.0,0.0,0.0,1160.0,1.5,4500.0,006723,PICKU-1/2T
323083,45134.5333333333,45016.5371759259,0.0,7094.0,0.0,297.0,1160.0,12.0930555555556,0.0,17400.0,8.0
050129,45132.4529166667,45119.4516203704,30072.0,2765.0,6993.0,650.0,1160.0,0.0,180000.0,4500.0,1.5
095078,45119.4332523148,45119.4113194444,64027.0,2219.0,424.0,0.0,1160.0,12.6677777777778,160000.0,0.0,1.5
065123,45128.3881944444,,47993.0,2367.0,2812.0,0.0,,33.3236111111111,220000.0,0.0,1.5
001100,45138.619849537,45084.2793981481,34472.0,1412.0,4.0,2.0,1160.0,265.893611111111,160000.0,0.0,1.0
329041,44901.3961226852,0.0,761.0,0.0,1.0,LIFTING,0.0,2.0,2100.0,005386,LIFT-FRKLFT
237155,44935.4082638889,44812.3194907407,48984.0,2922.0,0.0,0.0,152.0,8.0,6250.0,004869,TRUCK-SLOAD
319101,45124.5335763889,44972.5727199074,0.0,2340.0,0.0,164.0,1160.0,146.254722222222,0.0,4900.0,0.5
003124,45065.2992361111,45058.6331944444,109177.0,1000.0,2941.0,,1160.0,56.8033333333333,160000.0,0.0,1.0
111075,44816.6306597222,,37844.0,1707.0,201.0,25.0,1160.0,1.5,0.0,,VAN-1/2T
333018,45129.6305555556,45044.4554861111,0.0,4172.0,0.0,147.0,1160.0,103.440555555556,,18200.0,8.0
319215,44993.2941898148,,0.0,262.0,0.0,75.0,1160.0,87.4075,0.0,3500.0,2.0
062089,43802.5659259259,43805.3641782407,0.0,0.0,0.0,0.0,1160.0,1.5,0.0,,PICKU-3/4T
045109,45012.8157175926,45127.4212384259,69301.0,1291.0,679.0,3.0,1160.0,313.3825,180000.0,0.0,1.5
222053,45137.5951157407,45126.2718287037,13960.0,343.0,13960.0,343.0,720.0,249.989166666667,220000.0,9000.0,8.0
045160,45127.8906597222,45055.5309837963,5778.0,218.0,,2.0,1160.0,16.4486111111111,180000.0,,1.5
073105,45128.3076273148,44873.3336805556,97537.0,1656.0,2541.0,216.0,1160.0,1.5,0.0,003893,PICKU-1TON
176016,45128.1650347222,45090.814537037,59809.0,2918.0,3437.0,214.0,1160.0,483.046388888889,250000.0,10000.0,5.5
050182,45085.4432060185,44994.3115509259,885.0,7.0,885.0,7.0,1000.0,61.0505555555556,180000.0,4500.0,1.5
223102,43830.0,45133.2635532407,27382.0,753.0,5007.0,64.0,1160.0,230.128055555556,220000.0,5500.0,8.0
396372,44467.3912615741,43745.3065046296,0.0,1221.0,0.0,0.0,1160.0,0.5,2800.0,003698,GM-MOWER
111071,45135.3415509259,45138.3230208333,123147.0,27.0,12033.0,1.0,1160.0,8.33333333333333,180000.0,0.0,1.5
050144,45093.4613194444,45047.5018865741,16737.0,710.0,5000.0,300.0,1160.0,141.159444444444,180000.0,4500.0,1.5
050093,45127.3705555556,,30132.0,1666.0,6013.0,323.0,1160.0,21.7263888888889,180000.0,0.0,1.5
395025,44852.2845833333,0.0,930.0,0.0,0.0,GROUND,0.5,GM-MOWER,005486,1000 JANE ST,GROUND-MOWER
330163,45134.5340277778,45112.5254166667,0.0,1383.0,0.0,171.0,1160.0,113.992777777778,0.0,2100.0,4.0
080114,45138.6659375,,7693.0,550.0,7691.0,548.0,1160.0,16.9827777777778,220000.0,5500.0,4.0
329062,44894.5331944444,0.0,3.0,0.0,0.0,LIFTING,2.0,LIFT-FRKLFT,10010,EASTERN GARAGE,
206106,45135.227337963,45125.7374074074,71852.0,2326.0,11445.0,521.0,1160.0,63.3272222222222,400000.0,10000.0,5.0
318019,44998.5373842593,44991.6009490741,0.0,851.0,0.0,79.0,1160.0,112.600833333333,0.0,3500.0,0.5
050074,45123.3552430556,44981.3084722222,95911.0,4555.0,11044.0,571.0,1160.0,16.8602777777778,180000.0,0.0,1.5
270013,43853.3992824074,0.0,0.0,0.0,0.0,TRAILER,,TRL-OFFICE,005154,545 COMMISSIONERS ST,TRAILER-OFFICE
050016,,44726.4679861111,88296.0,4726.0,70.0,6.0,1160.0,8.0,180000.0,4500.0,1.5
289015,43482.4458796296,0.0,0.0,0.0,0.0,ATTACHMENT,4.0,ATT-ASPHALT-B,,,ATTACHMENT-TRUCK MOUNTED ASPHA
396306,43658.2850810185,44333.3435185185,0.0,322.0,0.0,0.0,,0.5,2800.0,005109,GM-MOWER
156116,45127.5171180556,45128.3606597222,90184.0,4014.0,5489.0,4.0,1160.0,161.873055555556,220000.0,5500.0,6.0
208009,45056.5843171296,45009.5265162037,16700.0,1318.0,645.0,2.0,1160.0,235.363611111111,220000.0,5500.0,
041192,45091.7427083333,45084.5356018519,184537.0,5000.0,7988.0,,1160.0,175.129166666667,160000.0,4000.0,1.5
236297,43830.0,45135.3327893519,93423.0,12262.0,6976.0,1081.0,1160.0,208.124722222222,250000.0,10000.0,8.0
041169,45124.4541898148,,54351.0,1163.0,442.0,23.0,1160.0,14.6847222222222,160000.0,4000.0,1.5
041406,45131.2601041667,45012.5181481481,16053.0,6.0,8762.0,1.0,1160.0,5.02777777777778,160000.0,4000.0,1.5
041323,45130.867662037,45070.8013888889,19097.0,1438.0,3458.0,304.0,1160.0,112.054444444444,160000.0,4000.0,1.5
005002,45126.7012962963,45127.2880092593,134126.0,4782.0,16191.0,302.0,1160.0,,160000.0,4000.0,1.5
001069,45126.588587963,45134.6566435185,39527.0,1846.0,3118.0,2.0,1160.0,31.2888888888889,160000.0,0.0,1.0
396431,45138.3445023148,45132.4539583333,0.0,1027.0,0.0,,1160.0,31.3583333333333,0.0,3500.0,0.5
376110,0.0,0.0,0.0,0.0,ICEMAIN,10.0,ICE-RESURF,ICE-MAIN-RESURFACER,,,376ZAMBPR18B
009058,36794.0,44615.5889236111,0.0,1458.0,0.0,0.0,1160.0,2.0,3500.0,007430,
001082,45128.5304050926,45065.333912037,36349.0,1317.0,2360.0,0.0,1160.0,48.9697222222222,160000.0,0.0,1.0
355003,43984.5023148148,0.0,310.0,0.0,0.0,ATTACHMENT,1.0,ATT-BCH-CLEAN,000529,1561 LAKESHORE BLVD E,ATTACHMENT-BEACH CLEANER
202017,45007.4042592593,44995.4048958333,70912.0,2892.0,130.0,3.0,464.0,72.1908333333333,250000.0,10000.0,6.25
250035,,0.0,0.0,0.0,0.0,TRAILER,330.698055555556,0.5,0.0,4869-2,TRL-VAN/TANK
267267,44852.5788773148,0.0,0.0,0.0,0.0,TRAILER,0.5,TRL-UTILITY,002990,,
322068,45129.6305555556,45099.4651273148,0.0,6541.0,0.0,160.0,1160.0,181.311388888889,0.0,7000.0,8.0
319188,45131.4462962963,45057.41,0.0,455.0,0.0,155.0,1160.0,,0.0,7000.0,0.5
395048,45138.3605439815,0.0,914.0,0.0,79.0,GROUND,0.5,GM-MOWER,002979,4200 YONGE ST,GROUND-MOWER
194044,,45126.5889814815,9898.0,1963.0,2790.0,528.0,1160.0,65.8644444444444,250000.0,10000.0,3.0
072208,45120.5220949074,45040.4015162037,97941.0,2594.0,2304.0,125.0,1160.0,106.694166666667,220000.0,0.0,1.5
376051,42401.3183217593,1.0,1.0,0.0,0.0,ICEMAIN,3.0,ICE-RESURF,4426-1,21 ALNESS ST,ICE-MAIN-RESURFACER
094053,,44763.3027199074,129601.0,0.0,0.0,0.0,648.0,1.0,4000.0,007567,VAN-PASS
376104,43388.4235185185,0.0,0.0,0.0,0.0,ICEMAIN,3.0,ICE-RESURF,003894,1967 ELLESMERE RD,ICE-MAIN-RESURFACER
270020,44797.4340509259,0.0,0.0,0.0,0.0,TRAILER,0.5,TRL-OFFICE,002607,151 ELMCREST RD,TRAILER-OFFICE
396559,45127.4427314815,44727.5668402778,0.0,591.0,0.0,263.0,1160.0,0.5,3500.0,001984,GM-MOWER
111100,45132.3789699074,,37416.0,1677.0,6475.0,311.0,1160.0,78.2922222222222,180000.0,,1.5
382004,45124.3520949074,44413.2873611111,725.0,319.0,35.0,0.0,1160.0,,2800.0,006155,GM-UT-CART
003293,45124.6303240741,44959.2652893519,17201.0,14.0,4584.0,2.0,1160.0,0.173055555555556,160000.0,0.0,1.0
050096,45018.6300462963,,28009.0,2044.0,3102.0,192.0,1160.0,0.207777777777778,180000.0,0.0,1.5
112214,45134.3008217593,45106.5334606481,64486.0,0.0,,0.0,1160.0,139.597222222222,220000.0,0.0,1.5
076097,,45012.3919328704,8204.0,589.0,7287.0,545.0,1160.0,116.199166666667,,0.0,1.5
045152,45134.3894328704,44939.4189351852,18482.0,528.0,4849.0,1.0,1160.0,17.7011111111111,180000.0,0.0,1.5
041185,45131.4411226852,44462.3795486111,39474.0,930.0,5726.0,0.0,1160.0,1.5,4000.0,005381,SEDAN-PASS
065119,45114.2740393519,45134.2873148148,178076.0,6965.0,4151.0,7.0,1160.0,88.8227777777778,220000.0,0.0,1.5
156115,45138.4452662037,45055.3404861111,88500.0,1309.0,5218.0,5.0,1160.0,173.556388888889,220000.0,5500.0,6.0
379051,0.0,0.0,0.0,0.0,,8.0,GM-UT-CART,,,,379CLUBEL11
156120,45107.5590046296,44873.3010763889,55524.0,2328.0,2341.0,172.0,1160.0,4.0,0.0,004447,TRUCK-DUMP
112425,45135.2755439815,45072.4583333333,98422.0,,11853.0,4.0,1160.0,31.1016666666667,220000.0,0.0,1.5
041447,45132.4989351852,,820.0,172.0,817.0,169.0,1160.0,1.5,4000.0,000520,SEDAN-PASS
156126,45113.3148032407,45117.4369097222,145343.0,4559.0,7094.0,445.0,1160.0,267.376388888889,220000.0,5500.0,6.0
064173,45061.4253819444,45099.3344328704,13564.0,631.0,1192.0,62.0,1160.0,18.3944444444444,220000.0,0.0,1.5
112401,43325.4123958333,43325.4344328704,0.0,0.0,0.0,0.0,1160.0,1.5,0.0,,VAN-3/4T
274029,0.0,0.0,0.0,0.0,APPARATUS,12.0,APP-ARR-BD,APPARUTUS ARROW BOARD,,,274VERMNA19
293009,45132.4481712963,0.0,0.0,0.0,0.0,APPARATUS,6.00916666666667,2.0,3500.0,,APP-THAW-MACH
001123,45131.5372685185,44936.4844560185,,1340.0,5027.0,1.0,1160.0,4.37305555555556,160000.0,0.0,1.0
378279,45135.457337963,42962.2683912037,0.0,371.0,0.0,234.0,1160.0,1.0,2100.0,005267,GM-UT-CART
237235,43830.0,45124.4344675926,59312.0,5314.0,11406.0,308.0,1160.0,409.005555555556,250000.0,6250.0,8.0
061152,44910.2618287037,44915.3894097222,265912.0,6519.0,1.0,1.0,152.0,24.0,220000.0,0.0,1.5
384012,0.0,0.0,0.0,0.0,GROUND,8.0,GM-BIKE,GROUNT-CARGO-BIKE,433 EASTERN AVE,,384NORCNA07A
301001,44848.2846875,0.0,303.0,0.0,0.0,APPARATUS,0.5,APP-LT-TWR,4301-1,61 TORYORK DR,APPARUTUS-LIGHT TOWER
299002,42912.2864467593,59.0,43.0,0.0,0.0,APPARATUS,1.0,APP-VAC,20010,DISCO GARAGE,
319129,45118.2950462963,45035.3758912037,0.0,1974.0,0.0,26.0,1160.0,100.345277777778,0.0,4200.0,0.5
112343,45055.3350810185,45134.4632523148,102094.0,1226.0,5586.0,0.0,1160.0,0.0152777777777778,220000.0,0.0,1.5
047073,45134.9266087963,45097.3499537037,34571.0,2124.0,5.0,1.0,1160.0,1.81416666666667,180000.0,4500.0,1.5
050071,45138.8256481482,45022.5323148148,67180.0,4422.0,7123.0,756.0,1160.0,372.154444444444,180000.0,0.0,1.5
319198,45000.1603819444,45090.4096875,0.0,405.0,0.0,102.0,1160.0,462.59,0.0,3500.0,2.0
111088,45133.6139467593,45055.558912037,53160.0,1617.0,7030.0,1.0,1160.0,136.725277777778,180000.0,0.0,1.5
376115,0.0,0.0,0.0,0.0,ICEMAIN,10.0,ICE-RESURF,ICE-MAIN-RESURFACER,23 GRANDRAVINE DR,,376ZAMBNG18A
206105,45134.4947685185,45056.2622222222,97266.0,696.0,5004.0,5.0,1160.0,26.5686111111111,400000.0,10000.0,5.0
112419,45131.40875,45131.3480902778,50953.0,2799.0,1650.0,14.0,1160.0,190.396944444444,220000.0,0.0,1.5
319245,45104.2989699074,0.0,2.0,0.0,2.0,GROUND,4.74833333333333,0.5,7000.0,003892,GM-TRACT
135131,45051.4424074074,44897.575150463,76205.0,3192.0,1185.0,53.0,1160.0,3.0,5500.0,0520-1,TRUCK-CUBE
041338,44470.0547800926,44425.3377430556,55180.0,2021.0,0.0,0.0,1160.0,1.5,4000.0,,SEDAN-PASS
007012,45126.899212963,44491.3602199074,153152.0,2557.0,1625.0,0.0,1160.0,1.5,0.0,,SEDAN-PASS
077021,,44923.5070717593,28941.0,1827.0,1648.0,0.0,1160.0,1.5,0.0,000829,PICKU-1TON
156177,45131.2888194444,45099.4538773148,38731.0,1961.0,5511.0,2.0,1160.0,17.4602777777778,,0.0,4.0
065174,45127.2871064815,45127.3887268519,8222.0,571.0,8222.0,571.0,1024.0,,220000.0,0.0,1.5
324014,45108.5003356481,44967.9559953704,0.0,1179.0,0.0,37.0,1160.0,183.896111111111,0.0,6300.0,4.0
396430,45135.2992013889,45135.3779976852,0.0,407.0,,117.0,1160.0,147.735833333333,0.0,3500.0,0.5
041206,45137.870787037,,85424.0,4148.0,,85.0,1160.0,67.6241666666667,160000.0,4000.0,1.5
041319,45106.5620486111,45085.313599537,21597.0,1273.0,418.0,19.0,1160.0,40.0,160000.0,4000.0,1.5
205030,45127.3450810185,45033.2947453704,3175.0,115.0,3175.0,115.0,600.0,37.3316666666667,250000.0,0.0,5.5
222047,45138.215462963,45133.2463888889,26616.0,2919.0,7996.0,793.0,1160.0,385.391666666667,220000.0,5500.0,8.0
041382,45135.3625578704,,6591.0,939.0,1815.0,307.0,1160.0,276.183611111111,160000.0,4000.0,1.5
223082,45137.5710069444,45119.316400463,93418.0,8104.0,11528.0,1068.0,1160.0,,250000.0,6250.0,8.0
237229,43830.0,45126.660775463,47396.0,6817.0,4782.0,527.0,1160.0,243.668055555556,250000.0,6250.0,8.0
001072,45134.5783333333,45014.7247222222,14907.0,785.0,225.0,12.0,1160.0,49.165,160000.0,0.0,1.0
064179,45134.5286574074,45047.3007291667,17657.0,1000.0,4398.0,258.0,1160.0,58.2891666666667,220000.0,0.0,1.5
376123,0.0,0.0,0.0,0.0,ICEMAIN,10.0,ICE-RESURF,ICE-MAIN-RESURFACER,,,376ZAMBLP20B
376061,41228.3005439815,4.0,0.0,0.0,0.0,ICEMAIN,3.0,ICE-RESURF,002500,31 DRUMMOND ST,ICE-MAIN-RESURFACER
237219,43830.0,45135.3841435185,42204.0,2361.0,5887.0,59.0,1160.0,166.145,250000.0,6250.0,8.0
267121,45054.2992939815,0.0,0.0,0.0,0.0,TRAILER,43.9436111111111,0.5,0.0,002979,TRL-UTILITY
206086,45135.4626967593,45104.8778472222,174159.0,7319.0,20066.0,826.0,1160.0,,400000.0,10000.0,5.0
067058,45116.4140393519,45124.5492013889,42685.0,3098.0,4430.0,3.0,1160.0,633.2375,220000.0,,1.5
CLAW9584,44151.3073611111,3.0,2.0,0.0,0.0,ATTACHMENT,0.5,ATT-CLW-BUC,002990,64 MURRAY RD,ATTACHMENT-CLAW BUCKET
051008,45135.5837847222,44978.3669907407,89794.0,4242.0,3.0,1.0,1160.0,15.0297222222222,180000.0,4500.0,1.5
074036,,45036.6879513889,,2825.0,4641.0,479.0,1160.0,125.897222222222,220000.0,0.0,1.5
041322,45111.5695601852,44804.4543518519,14318.0,1105.0,1006.0,99.0,1160.0,,4000.0,005181,
376072,41684.9430671296,334.0,0.0,0.0,0.0,ICEMAIN,3.0,ICE-RESURF,004306,2650 FINCH AVE W,
205013,45121.3021296296,45058.5075462963,49079.0,2087.0,1794.0,138.0,1160.0,72.02,250000.0,6250.0,6.0
203004,45002.3555208333,45114.4515625,23685.0,1785.0,106.0,76.0,1160.0,378.573611111111,250000.0,6250.0,5.0
074024,45006.1773611111,45085.5742939815,6127.0,675.0,1.0,1.0,1160.0,0.00333333333333333,220000.0,0.0,1.5
236272,43830.0,45120.2933333333,92427.0,9297.0,7588.0,505.0,1160.0,153.692222222222,250000.0,10000.0,8.0
378213,44419.4940972222,9.0,9.0,0.0,0.0,GROUND,1.0,GM-UT-CART,0582-1,9 LESLIE ST,
041299,45138.5816666667,45050.6058333333,12921.0,696.0,2722.0,209.0,1160.0,,160000.0,4000.0,1.5
266082,0.0,0.0,0.0,0.0,TRAILER,15.0,TRL-BOAT,,,,266LOADNA20
319105,45133.4148958333,45072.2553472222,0.0,2751.0,0.0,1.0,1160.0,7.8575,0.0,4900.0,0.5
112484,45132.305775463,45005.716712963,25747.0,1144.0,7627.0,352.0,1160.0,16.0,220000.0,0.0,1.5
065053,41647.4567476852,41648.4190740741,0.0,0.0,0.0,0.0,1160.0,1.5,0.0,,PICKU-3/4T
378252,44882.2691435185,0.0,7.0,0.0,1.0,GROUND,136.0,1.0,4200.0,005356,GM-UT-CART
065159,45132.2407523148,44995.3448958333,770.0,85.0,770.0,85.0,792.0,64.3405555555556,220000.0,5500.0,1.5
274002,44214.5060648148,0.0,0.0,0.0,0.0,,0.5,,005495,1401 CASTLEFIELD AVE,APPARUTUS ARROW BOARD
067103,45111.5031481481,45118.5549537037,18348.0,1781.0,3801.0,542.0,1160.0,,220000.0,0.0,1.5
041103,44092.5596296296,44690.3055555556,46317.0,366.0,0.0,0.0,944.0,1.5,4000.0,003681,SEDAN-PASS
005024,45138.7965856481,45117.4159490741,77129.0,1506.0,11455.0,287.0,1160.0,233.324722222222,160000.0,4000.0,1.5
267224,45092.2904976852,0.0,0.0,0.0,0.0,TRAILER,3.05027777777778,0.5,0.0,,TRL-UTILITY
223086,45138.2563657407,45134.2761226852,123064.0,10580.0,12099.0,1081.0,1160.0,202.748888888889,250000.0,6250.0,8.0
379055,0.0,0.0,0.0,0.0,GROUND,8.0,GM-UT-CART,,,,
050196,45072.3535532407,2.0,0.0,2.0,0.0,CLASS2,5.93472222222222,1.5,4500.0,004426,PICKU-1/2T
188041,45124.3262731481,45124.5577893518,54286.0,4382.0,3294.0,234.0,1160.0,541.015833333333,250000.0,6250.0,5.0
378223,44749.4486111111,2.0,301.0,0.0,0.0,GROUND,1.0,GM-UT-CART,004577,5100 YONGE ST,
112437,45136.6774074074,44924.3303125,92026.0,6622.0,9986.0,761.0,1160.0,1.5,0.0,004426,VAN-3/4T
064163,44998.3187962963,44980.671400463,103839.0,5445.0,866.0,10.0,1160.0,183.745555555556,220000.0,0.0,1.5
074034,,45100.2952777778,41212.0,3515.0,7763.0,658.0,1160.0,93.8016666666667,220000.0,0.0,1.5
250519,45113.404224537,0.0,0.0,0.0,0.0,TRAILER,86.5230555555556,0.5,0.0,005449,TRL-VAN/TANK
001166,45132.2810069444,45125.4336689815,10009.0,418.0,5329.0,241.0,1160.0,0.966666666666667,160000.0,0.0,1.0
050160,45138.3596296296,44949.5109259259,8654.0,239.0,5000.0,3.0,1160.0,8.83416666666667,180000.0,4500.0,1.5
396406,45127.2959375,45014.4716782407,0.0,1020.0,0.0,28.0,1160.0,2.67972222222222,0.0,2100.0,0.5
192008,45104.5616319444,45105.3415393519,117449.0,7057.0,4285.0,280.0,1160.0,469.01,250000.0,10000.0,6.0
379060,0.0,0.0,0.0,0.0,GROUND,8.0,GM-UT-CART,,,,379CLUBEL14A
333026,45134.5381944444,45008.3432407407,0.0,301.0,0.0,,1160.0,351.705833333333,0.0,18200.0,8.0
095114,45138.9622337963,,56537.0,2845.0,10029.0,524.0,1160.0,22.1952777777778,160000.0,0.0,1.5
319179,44986.4536805556,45106.3594212963,0.0,476.0,0.0,41.0,1160.0,657.762222222222,0.0,3500.0,2.0
161007,45126.8501041667,45036.3505671296,81490.0,3177.0,8484.0,275.0,1160.0,224.023333333333,250000.0,0.0,3.0
187034,,,2582.0,90.0,2582.0,90.0,176.0,37.3966666666667,250000.0,6250.0,5.0
050145,45134.4020833333,45124.4715856481,15599.0,982.0,2438.0,157.0,1160.0,180.926944444444,180000.0,4500.0,1.5
202024,45012.5921759259,45106.3347453704,67668.0,4549.0,5.0,,1160.0,44.6102777777778,250000.0,10000.0,6.25
050165,45135.5374884259,45099.5751273148,27137.0,1577.0,10566.0,605.0,1160.0,28.605,180000.0,4500.0,1.5
317014,0.0,,0.0,0.0,FACILITY,8.0,FM-FL-SCR,FACILITY-FLOOR SCRUBBER,,,317NILFLPG20
047078,45133.5569328704,45082.3964699074,38925.0,2058.0,4.0,1.0,1160.0,72.1555555555556,180000.0,4500.0,1.5
041363,45100.5316435185,44999.5225,4626.0,215.0,366.0,21.0,1160.0,27.1488888888889,160000.0,4000.0,1.5
267009,44981.5176388889,0.0,0.0,0.0,0.0,TRAILER,3.57666666666667,0.5,0.0,000582,TRL-UTILITY
250529,44833.4045138889,0.0,0.0,0.0,0.0,TRAILER,0.5,TRL-VAN/TANK,0582-1,9 LESLIE ST,TRAILER-VAN/TANKER ALUMINUM
396265,45077.2846180556,44426.4187152778,0.0,3520.0,0.0,401.0,1160.0,0.5,7000.0,005848,GM-MOWER
094119,45133.588900463,45054.3393634259,15798.0,925.0,13.0,2.0,1160.0,51.4908333333333,160000.0,4000.0,1.0
041330,45129.6956944444,45042.5173032407,28412.0,978.0,5887.0,225.0,1160.0,4.14166666666667,160000.0,4000.0,1.5
237258,45133.4240740741,6077.0,451.0,6077.0,451.0,CLASS8,353.890833333333,8.0,6250.0,004869,TRUCK-SLOAD
304009,0.0,0.0,0.0,0.0,APPARATUS,11.0,APP-AERATOR,APPARUTUS-AERATOR,101 RIDGETOP RD,,304AERWNA08
267222,45008.3334490741,0.0,0.0,0.0,0.0,TRAILER,,0.5,0.0,002426,TRL-UTILITY
067033,44931.5637615741,44936.5069212963,63563.0,2338.0,306.0,2.0,464.0,22.0272222222222,220000.0,0.0,1.5
041153,45104.316400463,45082.3071875,49385.0,1314.0,3140.0,2.0,1160.0,22.76,160000.0,4000.0,1.5
267098,44972.4281018519,0.0,0.0,0.0,0.0,TRAILER,3.80305555555556,0.5,0.0,004847,TRL-UTILITY
330205,0.0,0.0,0.0,ROADMAIN,6.0,YONGE GARAGE,330MADVDI23,2023 MADVAC ROAD MAINTENANCE LITTER VACUUM 21-30HP 4X2 6 YEAR DIESEL,,,STANDARD
050189,45005.5379976852,44944.5116319444,135.0,6.0,135.0,6.0,992.0,41.7602777777778,180000.0,4500.0,1.5
045145,45131.398587963,45098.3616666667,31331.0,1196.0,2360.0,304.0,1160.0,186.328055555556,180000.0,0.0,1.5
237186,43830.0,45086.4603935185,83715.0,8749.0,9476.0,668.0,1160.0,509.855,250000.0,6250.0,8.0
135168,45134.466099537,45043.4315625,89998.0,3458.0,7273.0,310.0,1160.0,23.0255555555556,220000.0,5500.0,3.0
266072,44886.4194907407,0.0,0.0,0.0,0.0,TRAILER,0.5,TRL-UTILITY,003681,891 MORNINGSIDE AVE,
188053,45134.3762152778,45120.5759606482,12222.0,650.0,2342.0,302.0,1160.0,137.327777777778,250000.0,6250.0,5.0
287001,44736.3418171296,0.0,309.0,0.0,0.0,APPARATUS,0.5,APP-WATER-PMP,005154,545 COMMISSIONERS ST,APPARUTUS-WATER PUMP
111061,45132.520162037,45085.3711226852,65003.0,942.0,5580.0,2.0,1160.0,,180000.0,0.0,1.5
319221,44996.3977314815,44998.2472222222,0.0,248.0,0.0,117.0,1160.0,113.396111111111,0.0,3500.0,2.0
095090,,45111.5720717593,70914.0,2745.0,8669.0,10.0,1160.0,54.4630555555556,160000.0,0.0,1.5
191011,45135.8575462963,45083.5722569444,23595.0,,8040.0,1012.0,1160.0,348.206944444444,250000.0,0.0,4.0
248004,45105.2704398148,0.0,0.0,0.0,0.0,TRAILER,91.7852777777778,,0.0,005449,TRL-DMP-VTA
223094,45138.5718171296,45131.5716435185,109302.0,10086.0,10251.0,988.0,1160.0,354.126111111111,250000.0,6250.0,8.0
157031,,45016.4351736111,122322.0,2616.0,6058.0,302.0,1160.0,227.085555555556,250000.0,0.0,5.0
003288,45131.4459606481,45138.9075810185,19543.0,147.0,3511.0,3.0,1160.0,7.85222222222222,160000.0,0.0,1.0
045181,45134.4794444444,45118.4338078704,26338.0,1933.0,10.0,6.0,1160.0,155.730277777778,180000.0,0.0,1.5
112448,45138.3672453704,45093.4665856482,39961.0,2030.0,9473.0,496.0,1160.0,6.80194444444444,220000.0,0.0,1.5
202038,45134.3884606482,45086.363912037,13171.0,1145.0,4540.0,311.0,1160.0,66.8602777777778,250000.0,10000.0,6.25
378238,,44833.8798263889,5419.0,449.0,1.0,1.0,1160.0,81.7561111111111,0.0,2100.0,1.0
041176,45134.4168634259,45008.2672569444,47934.0,1872.0,2871.0,133.0,1160.0,344.0,160000.0,4000.0,1.5
076036,45132.5039467593,45069.4584027778,54122.0,3728.0,2352.0,2.0,1160.0,152.836944444444,,0.0,1.5
323105,45125.3941898148,45030.3764351852,0.0,1829.0,0.0,287.0,1160.0,3.96555555555556,0.0,12600.0,8.0
065134,45132.3902199074,45113.5194097222,36686.0,612.0,3706.0,256.0,1160.0,229.327222222222,220000.0,0.0,1.5
080129,45138.299212963,45131.6106712963,5026.0,50.0,5026.0,50.0,656.0,184.455277777778,220000.0,5500.0,4.0
063057,45113.4528125,44991.5537731481,78800.0,1528.0,616.0,228.0,1160.0,185.713888888889,220000.0,0.0,1.5
112311,45132.4913541667,45058.2916319444,91677.0,2738.0,671.0,4.0,1160.0,51.0691666666667,220000.0,0.0,1.5
115018,45131.3390393518,44957.5899189815,53870.0,3355.0,5622.0,2.0,1160.0,-1,220000.0,0.0,1.5
237154,44958.6064699074,45013.3117708333,37089.0,3481.0,7.0,7.0,1160.0,89.2075,250000.0,6250.0,8.0
296011,45138.3158796296,0.0,300.0,0.0,232.0,APPARATUS,2.0,APP-STUMP-CUT,003896,70 NASHDENE RD,APPARUTUS-STUMP CUTTER
094099,45136.319212963,45135.4116782407,134871.0,4592.0,10200.0,296.0,1160.0,170.845277777778,160000.0,4000.0,1.0
045067,45107.4018865741,45138.4844212963,61930.0,699.0,5528.0,1.0,1160.0,0.914722222222222,180000.0,0.0,1.5
188066,45138.6637037037,45138.716099537,26698.0,2580.0,6189.0,876.0,1160.0,2.49555555555556,250000.0,6250.0,5.0
322085,45120.7215277778,45058.3287962963,0.0,1970.0,0.0,157.0,1160.0,200.0,0.0,7000.0,8.0
112519,,45099.2992013889,14214.0,278.0,4112.0,0.0,1160.0,30.215,220000.0,0.0,1.5
319233,44996.6234259259,45096.3131597222,0.0,266.0,0.0,209.0,1160.0,528.668055555556,0.0,3500.0,2.0
376057,41327.3124305556,3.0,1.0,0.0,0.0,ICEMAIN,3.0,ICE-RESURF,,21 ALNESS ST,ICE-MAIN-RESURFACER
250526,45124.2687384259,0.0,0.0,0.0,0.0,TRAILER,33.7477777777778,0.5,0.0,005603,TRL-VAN/TANK
112435,45134.2923958333,45055.4603356481,89089.0,4597.0,11537.0,955.0,1160.0,165.841944444444,220000.0,0.0,1.5
112475,45134.3140740741,45033.6549074074,43438.0,2792.0,7756.0,448.0,1160.0,158.348055555556,,0.0,1.5
041450,45078.3946064815,45077.3612731481,312.0,5.0,188.0,3.0,1160.0,7.32944444444444,160000.0,4000.0,
045201,45057.6107291667,45098.5006944444,8982.0,379.0,2489.0,101.0,1160.0,341.479722222222,180000.0,0.0,1.5
396307,45077.3133912037,41894.293125,0.0,1010.0,0.0,14.0,1160.0,0.5,2800.0,005513,GM-MOWER
237217,43830.0,45138.4778009259,49552.0,5198.0,6838.0,1090.0,1160.0,162.534722222222,250000.0,6250.0,8.0
095155,45121.3858680556,45016.4104513889,34063.0,1654.0,3218.0,170.0,1160.0,68.3219444444444,160000.0,0.0,1.5
294047,44999.4318055556,45000.4229166667,0.0,1005.0,0.0,3.0,648.0,142.276666666667,0.0,9800.0,1.0
396402,45134.2783912037,44762.5710069444,0.0,863.0,0.0,20.0,1160.0,0.5,2100.0,004847,GM-MOWER
073098,45070.3020486111,44994.310775463,76231.0,0.0,1961.0,0.0,1160.0,16.9836111111111,220000.0,0.0,1.5
396561,45138.2897106481,44594.3621180556,0.0,478.0,0.0,478.0,1160.0,0.5,3500.0,005848,GM-MOWER
CLAW31,44852.2773726852,0.0,0.0,0.0,0.0,ATTACHMENT,0.5,ATT-CLW-BUC,10010,EASTERN GARAGE,ATTACHMENT-CLAW BUCKET
318028,45086.6259606481,45012.4844907407,0.0,396.0,0.0,330.0,1160.0,0.0,0.0,3500.0,0.5
045155,45138.4603935185,44840.4603009259,9333.0,464.0,1.0,0.0,1160.0,1.5,0.0,003763,PICKU-1/2T
396560,45097.4848611111,45099.5262962963,0.0,327.0,0.0,117.0,1160.0,3.42361111111111,,3500.0,0.5
076057,45111.6519212963,44943.4548726852,30574.0,1981.0,3396.0,1.0,1160.0,3.08305555555556,220000.0,0.0,1.5
075001,45138.3402430556,45128.6599652778,42529.0,3206.0,2243.0,206.0,1160.0,216.763888888889,220000.0,0.0,1.5
204039,45138.8452777778,45133.2656365741,46690.0,3238.0,10343.0,305.0,1160.0,124.870277777778,250000.0,10000.0,8.25
205011,45126.5324884259,45133.4606712963,50651.0,2884.0,2121.0,134.0,1160.0,200.226944444444,250000.0,6250.0,6.0
208011,45100.4439930556,42072.3889467593,15328.0,1599.0,781.0,,1160.0,4.0,5500.0,,TRUCK- UTILI
041291,45094.5368287037,45132.3375,66397.0,2912.0,19242.0,,1160.0,232.735833333333,160000.0,4000.0,1.5
156148,45132.547974537,45002.2907986111,43887.0,3874.0,3547.0,247.0,1160.0,72.8613888888889,220000.0,0.0,4.0
202043,45134.4374074074,45126.5867824074,3853.0,361.0,3853.0,361.0,944.0,116.980555555556,250000.0,10000.0,6.25
396467,43977.3637268519,44327.2932175926,0.0,452.0,0.0,0.0,1160.0,0.5,2100.0,003688,GM-MOWER
159023,44369.3365277778,45069.4634375,67664.0,3586.0,2.0,1.0,1160.0,,250000.0,10000.0,5.0
379028,0.0,0.0,0.0,0.0,GROUND,8.0,GM-UT-CART,,441 KIPLING AVE,,379YAMAUN10
269084,0.0,0.0,0.0,0.0,APPARATUS,12.0,APP-ARR-BD,APPARUTUS ARROW BOARD,30 NORTHLINE RD,,269VERMNA23
095068,44838.9850347222,44538.393599537,70445.0,0.0,0.0,0.0,304.0,1.5,0.0,000541,VAN-PASS
332010,40966.4799074074,1060.0,0.0,0.0,0.0,ICEMAIN,3.0,ICE-RESURF,005381,441 KIPLING AVE,ICE-MAIN-RESURFACER
064137,45120.4290509259,45120.430775463,81329.0,3663.0,5004.0,841.0,,89.7333333333333,220000.0,0.0,1.5
315084,45134.4666782407,45132.3404166667,0.0,1595.0,0.0,5.0,1160.0,1675.25722222222,250000.0,9000.0,8.0
041377,44788.3872222222,44818.5129050926,33149.0,2358.0,0.0,0.0,1160.0,1.5,4000.0,004426,SEDAN-PASS
415006,,0.0,0.0,0.0,ATTACHMENT,15.0,,ATTACHMENT-SAND GROOMER,1200 LANSDOWNE AVE,,415BANNERM16
355004,44392.6557175926,0.0,14.0,0.0,0.0,ATTACHMENT,1.0,ATT-BCH-CLEAN,,,ATTACHMENT-BEACH CLEANER
206091,45125.5935069444,45119.3040162037,95052.0,664.0,9689.0,9.0,1160.0,119.527777777778,400000.0,10000.0,5.0
111079,45119.4335069444,44937.4417824074,28916.0,680.0,4149.0,,1160.0,53.3972222222222,180000.0,0.0,1.5
111098,45126.4827893519,44999.3568981482,43730.0,3228.0,9307.0,540.0,1160.0,6.12722222222222,180000.0,0.0,1.5
298017,,44722.3094212963,0.0,332.0,0.0,0.0,1160.0,4.25,6300.0,4301-1,APP-LEAF-LD
379039,0.0,0.0,0.0,0.0,GROUND,8.0,GM-UT-CART,,,,
077032,45127.6349074074,45005.5805208333,9918.0,360.0,3962.0,302.0,1160.0,74.0675,220000.0,5500.0,1.5
135163,45138.5135185185,45133.3120601852,61699.0,2733.0,9249.0,454.0,1160.0,76.8805555555556,220000.0,,8.0
076062,45090.4209490741,,8404.0,294.0,1.0,1.0,1160.0,124.398055555556,220000.0,0.0,1.5
135138,45086.5035648148,45092.4246412037,80017.0,1147.0,1388.0,34.0,1160.0,460.031388888889,220000.0,5500.0,3.0
094096,,44978.3683217593,38814.0,1316.0,5467.0,58.0,1160.0,112.049722222222,160000.0,0.0,1.5
222043,44847.5679050926,44965.4194328704,4556.0,484.0,29.0,115.0,1160.0,77.9336111111111,250000.0,10000.0,8.0
155012,45124.420787037,45134.8738194444,74531.0,2984.0,847.0,300.0,1160.0,16.0,220000.0,5500.0,6.0
041278,45135.4191550926,45117.4560069444,15602.0,97.0,3837.0,2.0,1160.0,73.7711111111111,160000.0,4000.0,1.5
267207,45019.3253935185,0.0,0.0,0.0,0.0,TRAILER,200.234444444444,0.5,0.0,005154,TRL-UTILITY
051025,,45090.5359837963,1494.0,4.0,1494.0,4.0,360.0,37.7961111111111,180000.0,4500.0,1.5
049012,45138.4832407407,45005.288287037,31932.0,1103.0,7197.0,313.0,1160.0,14.2888888888889,180000.0,4500.0,1.5
319124,40977.3267476852,44137.2884259259,0.0,1045.0,0.0,0.0,1160.0,0.5,2800.0,0516-3,GM-TRACT
045139,45092.4685185185,44888.2794212963,40654.0,3352.0,6924.0,571.0,1160.0,1.5,0.0,001984,PICKU-1/2T
047071,43312.5848726852,43410.2818402778,0.0,0.0,0.0,0.0,1160.0,1.5,4500.0,,PICKU-COMP
269068,44571.4357175926,0.0,0.0,0.0,0.0,APPARATUS,0.5,APP-ARR-BD,002426,150 DISCO RD,APPARUTUS ARROW BOARD
331009,45112.477025463,44313.4174652778,0.0,2407.0,0.0,7.0,1160.0,,2100.0,,GM-TRACT
064191,45124.5503587963,44904.5042476852,2508.0,155.0,2508.0,155.0,1152.0,17.0472222222222,220000.0,0.0,1.5
267265,44866.3881944444,0.0,0.0,0.0,0.0,TRAILER,0.5,TRL-UTILITY,001984,30 NORTHLINE RD,
003236,45119.229849537,44943.3527777778,45713.0,61.0,7992.0,13.0,1160.0,293.388611111111,160000.0,0.0,1.0
319174,44959.3923958333,0.0,680.0,0.0,81.0,GROUND,5.55583333333333,0.5,5600.0,005649,GM-TRACT
384015,0.0,0.0,0.0,0.0,GROUND,8.0,GM-BIKE,GROUNT-CARGO-BIKE,433 EASTERN AVE,,384GTNA04
319127,44881.3857523148,45043.4901273148,0.0,2148.0,0.0,0.0,,-1,0.0,4200.0,0.5
135076,45084.318900463,45055.590150463,16310.0,623.0,1009.0,56.0,1160.0,85.0041666666667,220000.0,5500.0,3.0
076032,45054.0084606481,45070.503125,87444.0,1580.0,7918.0,6.0,960.0,227.355277777778,220000.0,0.0,1.5
267114,44964.3891203704,0.0,0.0,0.0,0.0,TRAILER,32.7113888888889,0.5,0.0,004847,TRL-UTILITY
396112,39371.5023958333,43319.405625,0.0,2427.0,0.0,0.0,304.0,,2800.0,,GM-MOWER
FNCE0766,44932.4715740741,0.0,1326.0,0.0,1.0,LIFTING,2.43666666666667,2.0,4200.0,003892,LIFT-FRKLFT
076095,45135.5695833333,45138.4438773148,13265.0,1710.0,3539.0,561.0,1160.0,,,0.0,1.5
378321,44939.8274421296,0.0,557.0,0.0,1.0,GROUND,0.0,1.0,2100.0,0582-1,GM-UT-CART
294085,45105.3469097222,,0.0,312.0,0.0,51.0,1160.0,22.0486111111111,0.0,9800.0,1.0
006031,45128.5325462963,45078.5553703704,86592.0,663.0,2201.0,9.0,1160.0,136.008611111111,160000.0,0.0,1.0
003256,,17712.0,0.0,1019.0,0.0,CLASS1,54.2827777777778,1.0,0.0,005178,SEDAN-PASS
267144,44980.3605555556,0.0,0.0,0.0,0.0,TRAILER,63.3466666666667,0.5,0.0,003688,TRL-UTILITY
376086,44891.3274537037,5544.0,0.0,0.0,0.0,ICEMAIN,3.0,ICE-RESURF,004256,15 CLUBHOUSE CRT,ICE-MAIN-RESURFACER
396490,44747.3230324074,43258.2758101852,0.0,1226.0,0.0,95.0,1160.0,0.5,2800.0,003681,GM-MOWER
CLAW8,44882.3087962963,1019.0,13.0,1.0,1.0,ATTACHMENT,66.9447222222222,0.5,0.0,4847-1,ATT-CLW-BUC
329066,45012.5591319444,0.0,1.0,0.0,1.0,LIFTING,106.580833333333,,2100.0,10010,
001075,45075.4822569444,45005.3515625,24066.0,1322.0,4.0,1.0,1160.0,17.0755555555556,160000.0,0.0,1.0
188067,45138.7551273148,45121.4553935185,18741.0,2050.0,4334.0,640.0,1160.0,116.250555555556,250000.0,6250.0,5.0
062068,45135.6961458333,43754.3358217593,38529.0,918.0,3620.0,300.0,1160.0,1.5,0.0,,PICKU-3/4T
319191,44987.0124305556,45042.4472800926,0.0,307.0,0.0,63.0,1160.0,656.619166666667,0.0,3500.0,2.0
112518,45104.3205902778,45009.4034259259,30680.0,1846.0,5267.0,1.0,1160.0,20.3252777777778,220000.0,0.0,1.5
044014,41759.4911458333,41765.4097569444,0.0,0.0,0.0,0.0,1160.0,1.5,0.0,,PICKU-1/2T
064194,45138.5307523148,45062.4846180556,10236.0,891.0,10236.0,891.0,1048.0,,220000.0,5500.0,1.5
322094,45070.3953009259,45125.3828356481,0.0,348.0,0.0,42.0,1160.0,136.595277777778,0.0,7000.0,8.0
111082,45138.3460069444,45049.4226851852,46902.0,2155.0,7567.0,384.0,1160.0,3.96833333333333,180000.0,0.0,1.5
067096,45133.5818634259,45103.3305902778,24282.0,2309.0,7395.0,731.0,1160.0,144.303055555556,220000.0,0.0,1.5
111063,45127.5040856482,44971.5508217593,49354.0,896.0,4787.0,276.0,1160.0,37.9877777777778,180000.0,0.0,1.5
001103,45135.6250925926,45132.5031134259,24727.0,1189.0,29.0,2.0,1160.0,174.218611111111,160000.0,0.0,1.0
267252,,0.0,0.0,0.0,0.0,TRAILER,0.5,TRL-UTILITY,002426,150 DISCO RD,
064120,45134.316712963,45054.3185763889,93083.0,1987.0,9062.0,2.0,,,220000.0,0.0,1.5
334018,0.0,0.0,0.0,0.0,LIFTING,15.0,LIFT-FRKLFT,,,,334GENELE18
001158,45134.3420486111,45125.6763078704,28833.0,1368.0,6678.0,409.0,1160.0,0.947222222222222,160000.0,0.0,1.0
065143,45127.5784722222,44909.3393981481,29166.0,2241.0,5621.0,400.0,1160.0,1.5,0.0,006217,PICKU-3/4T
350001,,0.0,0.0,0.0,0.0,ATTACHMENT,0.5,ATT-TURF-ART,001045,843 EASTERN AVE,ATTACHMENT-TURF AERATOR
112496,45132.3144328704,45132.3536689815,43148.0,2982.0,10186.0,734.0,1160.0,59.5455555555555,220000.0,0.0,1.5
080112,0.0,0.0,0.0,0.0,CLASS5,10.0,TRUCK- UTILI,TRUCK - UTILITY,ELLESMERE GARAGE,,080FORDUN22B
051019,45125.5430208333,45048.3082407407,45687.0,1601.0,2127.0,0.0,1160.0,74.8497222222222,180000.0,4500.0,1.5
250052,45085.2937962963,0.0,0.0,0.0,0.0,TRAILER,27.8455555555556,0.5,0.0,51020,TRL-VAN/TANK
003319,45125.4754398148,7285.0,0.0,1.0,0.0,CLASS1,17.0058333333333,1.0,0.0,000619,SEDAN-PASS
050043,45138.576412037,45054.4978819444,66259.0,4218.0,6768.0,613.0,1160.0,40.0236111111111,180000.0,0.0,1.5
045043,45093.3198032407,45091.420775463,116099.0,0.0,2354.0,0.0,1160.0,79.2661111111111,180000.0,0.0,1.5
065082,44941.5263888889,44727.3287962963,118144.0,4118.0,366.0,0.0,304.0,1.5,0.0,000525,PICKU-3/4T
095130,45008.662650463,44851.3912152778,98430.0,4673.0,2956.0,126.0,1160.0,1.5,0.0,,VAN-PASS
080117,45124.5225578704,390.0,12.0,390.0,12.0,CLASS5,19.4586111111111,4.0,5500.0,30010,TRUCK- UTILI
076063,45124.4287268519,45117.755462963,26996.0,1620.0,2793.0,0.0,1160.0,4.42777777777778,220000.0,0.0,1.5
319227,45000.7006481482,45065.4774537037,0.0,413.0,0.0,231.0,1160.0,,0.0,3500.0,2.0
094137,45055.5737731481,45132.5308217593,201.0,3.0,198.0,0.0,1160.0,2.09361111111111,160000.0,4000.0,1.0
202028,44956.3539467593,45002.5568634259,72627.0,4456.0,0.0,10.0,1160.0,737.568055555556,250000.0,10000.0,6.25
041208,45137.8320833333,45001.5536805556,90242.0,4302.0,3730.0,1.0,1160.0,,160000.0,4000.0,1.5
329042,44865.4178125,44890.6722337963,0.0,321.0,0.0,1.0,1160.0,0.0,0.0,3500.0,2.0
376121,0.0,0.0,0.0,0.0,ICEMAIN,10.0,ICE-RESURF,ICE-MAIN-RESURFACER,,,376ZAMBNG18A
077017,45022.5731134259,44985.4322569444,41214.0,1011.0,375.0,30.0,1160.0,60.5536111111111,220000.0,0.0,1.5
080080,45138.4985648148,45021.485775463,97798.0,4142.0,3673.0,304.0,1160.0,9.95361111111111,220000.0,5500.0,4.0
378248,43846.6001273148,42354.2977662037,1779.0,1.0,0.0,0.0,1160.0,1.0,2100.0,,GM-UT-CART
007026,45138.386400463,45091.8208333333,129930.0,6289.0,6739.0,0.0,1160.0,0.0,160000.0,0.0,1.5
317001,0.0,0.0,0.0,0.0,FACILITY,8.0,FM-FL-SCR,FACILITY-FLOOR SCRUBBER,,,317TENNPR14
294097,45027.4774537037,0.0,5.0,0.0,5.0,APPARATUS,,1.0,9800.0,,APP-BRUSH-CH
298009,44736.3444444444,0.0,649.0,0.0,0.0,APPARATUS,4.25,APP-LEAF-LD,4301-1,61 TORYORK DR,APPARUTUS-LEAF LOADER
095212,45138.5866435185,45029.5463541667,5973.0,4.0,390.0,,1160.0,29.975,160000.0,0.0,1.5
112263,45132.4350462963,45126.4100462963,111830.0,2160.0,4349.0,302.0,1160.0,64.7658333333333,220000.0,0.0,1.5
065077,44990.2964236111,44917.243599537,82569.0,2956.0,3965.0,0.0,1160.0,1.5,0.0,000525,PICKU-3/4T
379072,45137.7502777778,0.0,500.0,0.0,100.0,GROUND,1.0,GM-UT-CART,CNE,CANADIAN NATIONAL EXHIBITION,
135174,45134.3426273148,45138.2618518519,25053.0,1831.0,4192.0,368.0,1160.0,6.90916666666667,220000.0,5500.0,3.0
001055,45099.5946412037,44967.5764583333,50027.0,2042.0,1.0,1.0,1160.0,69.4813888888889,160000.0,0.0,1.0
206081,45132.7622337963,45134.2577083333,204606.0,8480.0,17160.0,846.0,,115.127222222222,400000.0,10000.0,5.0
065184,45135.3862268518,44929.2975462963,9194.0,76.0,9194.0,76.0,1072.0,86.1283333333333,220000.0,0.0,1.5
266094,,0.0,0.0,0.0,0.0,TRAILER,84.2111111111111,0.5,0.0,000535,TRL-UTILITY
347024,41682.2674305556,44861.4517592593,0.0,31.0,0.0,1.0,1160.0,,0.0,21000.0,2.0
205017,45138.264224537,45089.2694097222,302674.0,6099.0,6185.0,332.0,1160.0,308.106388888889,250000.0,6250.0,6.0
396277,43979.3284606481,0.0,323.0,0.0,0.0,GROUND,0.5,,003893,451 BRIMLEY RD,GROUND-MOWER
315078,45055.565625,45058.2596064815,0.0,2904.0,0.0,193.0,1160.0,971.481666666667,250000.0,9000.0,8.0
041405,45138.8504513889,45098.4582175926,21404.0,1220.0,4866.0,253.0,1160.0,123.931111111111,160000.0,4000.0,1.5
007043,45133.0820486111,45138.2649537037,49727.0,2010.0,5003.0,3.0,1160.0,26.2033333333333,160000.0,0.0,1.5
050063,45113.4148611111,45125.4368981481,25459.0,1361.0,2211.0,126.0,1160.0,6.31638888888889,180000.0,0.0,1.5
319098,45069.5749652778,0.0,417.0,0.0,27.0,GROUND,0.5,GM-TRACT,,,GROUNT-TRACTOR
274032,0.0,0.0,0.0,0.0,APPARATUS,12.0,APP-ARR-BD,APPARUTUS ARROW BOARD,891 MORNINGSIDE AVE,,274VERMNA19
112333,45134.24875,44971.6336574074,97787.0,1528.0,4212.0,301.0,1160.0,24.7922222222222,220000.0,0.0,1.5
065205,45133.2902893519,44970.3377777778,790.0,259.0,790.0,259.0,1000.0,173.339722222222,220000.0,0.0,1.5
396333,41171.3833564815,43615.4909837963,0.0,17.0,0.0,0.0,1160.0,0.5,2800.0,002522,GM-MOWER
330174,45137.547662037,45131.4042939815,0.0,2969.0,0.0,,1160.0,98.5952777777778,0.0,2100.0,4.0
324031,45062.5437847222,44946.3090509259,0.0,156.0,0.0,113.0,1160.0,0.0,0.0,7000.0,4.0
269052,44798.3596527778,0.0,0.0,0.0,,APPARATUS,0.5,APP-ARR-BD,,,
050017,45009.5137615741,45118.3328472222,,4501.0,5013.0,300.0,1160.0,46.4905555555556,180000.0,4500.0,1.5
156136,45088.3398032407,45131.4401851852,106182.0,6630.0,5528.0,608.0,1160.0,56.6925,220000.0,0.0,4.0
269083,44718.3241666667,,0.0,0.0,0.0,APPARATUS,0.5,APP-ARR-BD,4301-1,61 TORYORK DR,APPARUTUS ARROW BOARD
041130,45096.3169328704,44957.4082175926,71467.0,1189.0,1415.0,1.0,1160.0,13.5055555555556,160000.0,4000.0,1.5
075007,45117.473587963,45086.5078472222,40276.0,3077.0,3023.0,172.0,1160.0,618.728611111111,220000.0,0.0,1.5
267192,44986.8667824074,0.0,0.0,0.0,0.0,TRAILER,384.0,0.5,0.0,001984,TRL-UTILITY
041385,45119.666412037,44727.3374421296,19761.0,3190.0,2351.0,221.0,1160.0,1.5,4000.0,005154,
190004,45138.3214583333,45126.56875,33501.0,1668.0,8769.0,423.0,1160.0,210.319722222222,250000.0,6250.0,5.0
322063,44963.3336689815,44929.3893287037,0.0,5853.0,0.0,1.0,648.0,17.0388888888889,0.0,7000.0,8.0
285064,45056.3596875,0.0,15.0,0.0,15.0,APPARATUS,85.3022222222222,1.0,4200.0,001984,APP-COMPRRESS
274024,,0.0,0.0,0.0,APPARATUS,12.0,APP-ARR-BD,APPARUTUS ARROW BOARD,1401 CASTLEFIELD AVE,,274VERMNA19
377002,0.0,0.0,0.0,0.0,SNOWMOBILE,15.0,SNOWMOBILE,,4169 BATHURST ST,,377POLAUN11
250507,45138.384525463,0.0,0.0,0.0,0.0,TRAILER,136.816666666667,0.5,0.0,005603,TRL-VAN/TANK
156124,45133.3515277778,45126.4169560185,41990.0,0.0,1457.0,0.0,1160.0,105.097777777778,220000.0,5500.0,6.0
041237,45135.3885763889,44846.3353819444,44505.0,316.0,5000.0,0.0,1160.0,1.5,4000.0,005154,SEDAN-PASS
396507,45138.2899884259,43693.3976388889,0.0,308.0,0.0,26.0,1160.0,0.5,2800.0,004301,GM-MOWER
329061,44859.3632986111,0.0,18.0,0.0,0.0,LIFTING,2.0,LIFT-FRKLFT,002426,150 DISCO RD,
065142,45133.5565625,45051.5031944444,29797.0,845.0,5913.0,110.0,1160.0,208.001388888889,220000.0,0.0,1.5
095185,45133.4895601852,45084.5835648148,9535.0,304.0,3214.0,301.0,1160.0,104.3,160000.0,0.0,1.5
046028,45127.393912037,45120.3111805556,190.0,2.0,190.0,2.0,80.0,21.7091666666667,,4500.0,1.5
156099,45114.3739467593,45061.7882523148,90097.0,1750.0,182.0,82.0,1160.0,18.2780555555556,220000.0,0.0,1.5
319143,44851.3783796296,44930.9509490741,0.0,1536.0,0.0,1.0,800.0,152.0,0.0,4900.0,0.5
043261,44727.3847106481,44729.4265856482,227619.0,9140.0,0.0,0.0,1160.0,1.5,0.0,,PICKU-1/2T
396484,43286.4234837963,0.0,2.0,0.0,0.0,GROUND,0.5,GM-MOWER,0516-3,200 PARKSIDE DR,GROUND-MOWER
076058,45135.5804861111,45093.3521875,44692.0,2492.0,4609.0,358.0,1160.0,151.300555555556,220000.0,0.0,1.5
319085,44995.7908101852,45054.3304513889,0.0,1261.0,0.0,8.0,1160.0,48.9811111111111,0.0,9800.0,0.5
112451,45126.5654513889,45119.3329282407,34385.0,1847.0,2946.0,206.0,1160.0,25.2216666666667,220000.0,0.0,1.5
020020,45085.5250347222,45092.3975347222,25033.0,1814.0,1483.0,140.0,1160.0,251.271666666667,160000.0,0.0,1.0
378202,44671.5091782407,41654.6752777778,8068.0,1.0,0.0,0.0,1160.0,1.0,2100.0,005513,
322077,45065.6761574074,45055.7546180556,0.0,2097.0,0.0,2.0,1160.0,44.3041666666667,0.0,7000.0,8.0
396523,44203.3755902778,0.0,85.0,0.0,0.0,GROUND,0.5,GM-MOWER,005649,51 BEECHGROVE DR,GROUND-MOWER
194033,45132.6663888889,45033.7825925926,26802.0,1566.0,2615.0,331.0,1160.0,232.0,250000.0,10000.0,3.0
188059,45138.6116319444,45107.5306828704,41134.0,3159.0,9042.0,754.0,1160.0,174.700833333333,250000.0,6250.0,5.0
206102,45132.5800462963,45135.3399884259,58947.0,882.0,5009.0,309.0,1160.0,137.117222222222,400000.0,10000.0,5.0
095213,45138.297025463,44953.6254861111,8827.0,628.0,5493.0,526.0,1160.0,56.9883333333333,160000.0,0.0,1.5
076082,45138.3272106481,45114.3284259259,30448.0,1490.0,5430.0,240.0,,33.7988888888889,220000.0,0.0,1.5
267258,45119.337349537,0.0,0.0,0.0,0.0,TRAILER,26.4155555555556,,0.0,005109,TRL-UTILITY
045089,45126.3154398148,45104.3500231481,97363.0,2781.0,431.0,0.0,1160.0,8.11944444444444,180000.0,0.0,1.5
294073,45020.4084953704,44813.4106365741,0.0,1193.0,0.0,29.0,1160.0,1.0,6300.0,005381,APP-BRUSH-CH
048045,45127.3081365741,44992.408599537,47424.0,1152.0,1538.0,2.0,1160.0,124.793888888889,180000.0,4500.0,1.5
135186,45134.3468634259,45085.448912037,15418.0,643.0,13835.0,579.0,1160.0,3.75388888888889,220000.0,5500.0,3.0
156172,45131.2872337963,45015.5642708333,45894.0,3029.0,4321.0,30.0,1160.0,21.5552777777778,220000.0,5500.0,6.0
208014,45135.5060532407,45103.4244675926,4546.0,31.0,3482.0,7.0,1160.0,89.2361111111111,220000.0,5500.0,4.0
289019,43203.5333333333,43214.5568865741,0.0,,0.0,0.0,1160.0,1.0,3500.0,,APP-ASPHALT-B
334008,0.0,0.0,0.0,0.0,LIFTING,15.0,LIFT-ART-BLIF,LIFTING-ARTICULATED BOOMLIFT,,,334GENUN10
267240,45034.2627430556,0.0,0.0,0.0,0.0,TRAILER,24.2583333333333,0.5,0.0,001984,TRL-UTILITY
401276,45028.3115046296,0.0,0.0,0.0,0.0,TRAILER,80.0,0.5,0.0,002990,TRL-UTILITY
274025,0.0,0.0,0.0,0.0,APPARATUS,12.0,APP-ARR-BD,APPARUTUS ARROW BOARD,891 MORNINGSIDE AVE,,274VERMNA19
041448,45111.5568402778,44883.861724537,4642.0,315.0,4637.0,310.0,1160.0,1.5,4000.0,005763,SEDAN-PASS
045197,45138.5801273148,45028.3753703704,965.0,39.0,2.0,1.0,1160.0,31.6388888888889,,0.0,1.5
416006,0.0,0.0,0.0,0.0,BOAT,20.0,BOAT<=20 FEET,BOAT-LESH THAN 20 Feet,,,416SYLVUN02
003055,44561.5547685185,44692.452025463,84137.0,32.0,0.0,0.0,1160.0,1.0,0.0,003889,SEDAN-PASS
050035,45100.3571527778,45135.299212963,24411.0,1052.0,5567.0,147.0,1160.0,5.28027777777778,180000.0,4500.0,1.5
050123,45138.5612615741,44980.5376736111,32098.0,2696.0,7597.0,706.0,1160.0,0.410555555555556,180000.0,4500.0,1.5
396471,45133.4686226852,42914.2969675926,0.0,2279.0,0.0,172.0,1160.0,0.5,5600.0,005109,GM-MOWER
250056,45047.254212963,0.0,0.0,0.0,0.0,TRAILER,15.6694444444444,0.5,0.0,,TRL-VAN/TANK
396327,45133.3103125,44425.3680324074,0.0,1884.0,0.0,150.0,1160.0,0.5,7000.0,005109,GM-MOWER
223090,45138.537650463,45117.2539699074,61392.0,5144.0,5778.0,454.0,1160.0,481.776111111111,250000.0,6250.0,8.0
237252,45118.7458680556,27883.0,1693.0,5014.0,295.0,CLASS8,265.095277777778,8.0,6250.0,004869,TRUCK-SLOAD
076060,45134.3383912037,45085.3388541667,32225.0,1293.0,3704.0,302.0,1160.0,303.8675,220000.0,0.0,1.5
237228,43830.0,45135.5091550926,29734.0,3325.0,6514.0,965.0,1160.0,151.254722222222,250000.0,6250.0,8.0
041305,45131.3438657407,44944.3098148148,4092.0,267.0,1225.0,104.0,1160.0,52.9875,160000.0,4000.0,1.5
294094,44908.4989236111,0.0,3.0,0.0,3.0,APPARATUS,0.0,,9800.0,000520,APP-BRUSH-CH
050068,45130.3487731482,45133.4551851852,64973.0,3113.0,7164.0,319.0,1160.0,133.62,180000.0,0.0,1.5
067068,45132.300462963,45084.4075231481,34927.0,2257.0,3453.0,264.0,1160.0,52.4111111111111,220000.0,0.0,1.5
323126,45133.3347916667,45002.5656481481,0.0,462.0,0.0,236.0,1160.0,466.424444444444,0.0,12600.0,8.0
045119,45131.5339467593,45083.5138310185,35097.0,1353.0,3172.0,104.0,1160.0,59.48,180000.0,0.0,1.5
323118,45132.6368055556,45007.3671296296,0.0,2864.0,0.0,1674.0,1160.0,63.6427777777778,0.0,17400.0,8.0
043231,45096.4267592593,43973.3997685185,39387.0,1580.0,675.0,35.0,1160.0,1.5,4500.0,0582-1,PICKU-1/2T
LF0007,0.0,0.0,0.0,0.0,ATTACHMENT,10.0,ATT-LEAF-BOX,ATTACHMENT-LEAF BOX,61 TORYORK DR,,LEAFBOX
324015,39645.4451388889,45119.3670601852,0.0,331.0,0.0,0.0,1160.0,111.190555555556,0.0,6300.0,4.0
269055,44473.2830671296,0.0,0.0,0.0,0.0,APPARATUS,0.5,APP-ARR-BD,002426,150 DISCO RD,APPARUTUS ARROW BOARD
347016,44957.4320023148,0.0,,0.0,1.0,WINTERMAIN,5.63194444444444,2.0,21000.0,002990,WM-BLOW
050198,107.0,0.0,107.0,0.0,CLASS2,10.0,PICKU-1/2T,PICKUP - 1/2 TON,150 BOROUGH DR,,050FORDEL23
112317,45135.3469560185,45054.4328009259,71027.0,3740.0,4087.0,2.0,1160.0,34.3177777777778,220000.0,0.0,1.5
396352,42521.3204861111,43314.3409027778,0.0,1120.0,0.0,0.0,1160.0,0.5,2800.0,003688,GM-MOWER
396521,43858.4139351852,0.0,1.0,0.0,0.0,GROUND,0.5,GM-MOWER,003893,451 BRIMLEY RD,GROUND-MOWER
050051,45135.3462615741,44995.4271875,42863.0,3348.0,5002.0,4.0,1160.0,,180000.0,0.0,1.5
294029,43861.5966898148,43836.4243981481,0.0,685.0,0.0,0.0,304.0,1.0,6300.0,004301,APP-BRUSH-CH
112160,45125.5834722222,45006.3615509259,113502.0,4717.0,4580.0,315.0,1160.0,33.9730555555556,220000.0,0.0,1.5
080101,45106.3408449074,45113.258275463,102233.0,7046.0,9273.0,709.0,1160.0,69.6861111111111,220000.0,5500.0,4.0
041410,45124.4569791667,45106.3444675926,7398.0,398.0,1465.0,90.0,1160.0,38.5391666666667,160000.0,4000.0,1.5
065117,45134.5428587963,45036.3178240741,142224.0,6950.0,6842.0,416.0,1160.0,201.594166666667,220000.0,0.0,1.5
064168,45112.5802314815,45056.5551273148,34889.0,1417.0,1852.0,2.0,1160.0,12.3894444444444,220000.0,0.0,1.5
045058,,44900.485462963,95920.0,1525.0,2409.0,16.0,1160.0,200.0,180000.0,0.0,1.5
319222,44999.3023148148,45084.2955324074,0.0,342.0,0.0,96.0,1160.0,233.375,0.0,3500.0,2.0
267212,45069.5353356482,0.0,0.0,0.0,0.0,TRAILER,67.9138888888889,0.5,0.0,006015,TRL-UTILITY
237259,45133.8185185185,5006.0,163.0,5006.0,163.0,CLASS8,93.4330555555555,8.0,6250.0,004869,TRUCK-SLOAD
095095,45118.4063425926,45078.5296990741,68824.0,309.0,3150.0,1.0,1160.0,9.56444444444444,160000.0,0.0,1.5
112277,45133.4891319444,45041.6309606481,69142.0,0.0,3668.0,0.0,1160.0,5.85416666666667,220000.0,0.0,1.5
112443,45131.411712963,44945.6605787037,24762.0,2462.0,4124.0,1.0,1160.0,14.5233333333333,220000.0,0.0,1.5
236277,43830.0,45126.6636921296,48609.0,3365.0,5315.0,536.0,1160.0,108.837777777778,250000.0,10000.0,8.0
267142,45135.3063194444,0.0,0.0,0.0,0.0,TRAILER,72.245,0.5,0.0,003896,TRL-UTILITY
236273,43830.0,45121.4143634259,105057.0,12662.0,7966.0,1119.0,1160.0,,250000.0,10000.0,8.0
041093,45007.3065856481,44953.3642476852,69721.0,0.0,520.0,0.0,1160.0,14.0808333333333,160000.0,4000.0,1.5
045164,,45016.3265393519,40874.0,2057.0,5001.0,300.0,1160.0,8.0,180000.0,0.0,1.5
064162,45128.3375347222,45007.3532638889,97035.0,3697.0,3581.0,188.0,1160.0,63.5997222222222,220000.0,0.0,1.5
041350,45128.9428703704,45106.4327199074,23944.0,911.0,6667.0,267.0,1160.0,74.63,160000.0,4000.0,1.5
050078,45134.2591666667,45082.5653472222,66129.0,3126.0,9612.0,597.0,1160.0,104.931666666667,180000.0,0.0,
045132,45100.4203819444,44939.4602777778,17620.0,1128.0,1580.0,75.0,1160.0,4.95333333333333,180000.0,0.0,1.5
001068,45134.5128703704,44972.169837963,39227.0,2225.0,6387.0,2.0,1160.0,13.3172222222222,160000.0,0.0,1.0
041293,45124.3302314815,45134.4593865741,32422.0,1404.0,3128.0,1.0,1160.0,16.0069444444444,160000.0,4000.0,1.5
045175,45135.6560069444,45077.3255439815,45336.0,2550.0,5012.0,302.0,1160.0,615.764166666667,180000.0,0.0,1.5
064103,45135.3667361111,45124.5104861111,97133.0,1384.0,4129.0,130.0,1160.0,86.4147222222222,220000.0,0.0,1.5
237162,45125.369849537,45109.5333333333,50140.0,7926.0,407.0,95.0,1160.0,145.0725,250000.0,6250.0,8.0
050150,45118.6075231481,45049.4779861111,7037.0,264.0,3794.0,140.0,1160.0,2.20583333333333,180000.0,4500.0,1.5
095169,45133.3161226852,45002.4178703704,23746.0,1714.0,5000.0,2.0,1160.0,6.39472222222222,160000.0,0.0,1.5
315110,45127.4937384259,45128.5703125,0.0,1074.0,0.0,5.0,1160.0,,250000.0,9000.0,8.0
274018,0.0,0.0,0.0,0.0,APPARATUS,12.0,APP-ARR-BD,APPARUTUS ARROW BOARD,,,274VERMNA19
CLAW9098,44890.3750694444,18.0,14.0,0.0,0.0,ATTACHMENT,0.5,ATT-CLW-BUC,000525,1116 KING ST W,ATTACHMENT-CLAW BUCKET
395036,45138.4688425926,0.0,2274.0,0.0,164.0,GROUND,0.5,GM-MOWER,005486,1000 JANE ST,GROUND-MOWER
063082,45135.3046296296,45048.4824652778,94374.0,5031.0,6042.0,434.0,1160.0,37.5905555555556,220000.0,0.0,1.5
378348,45054.2924768518,45099.2978240741,0.0,138.0,0.0,128.0,1160.0,6.47444444444444,0.0,2100.0,1.0
237200,43830.0,45114.3098726852,74404.0,8126.0,6135.0,820.0,1160.0,313.659722222222,250000.0,6250.0,8.0
067061,45134.4688773148,44993.1907407407,32071.0,1069.0,4468.0,154.0,1160.0,13.2266666666667,220000.0,0.0,1.5
095216,45134.3075925926,44949.5313773148,3756.0,255.0,3756.0,255.0,912.0,123.246944444444,160000.0,0.0,1.5
395021,43606.2144097222,0.0,1220.0,0.0,0.0,GROUND,0.5,GM-MOWER,005267,11 ARMEL CRT,GROUND-MOWER
192015,45134.5671875,45055.5606944444,25990.0,2257.0,6245.0,578.0,1160.0,273.894166666667,250000.0,10000.0,6.0
041290,45120.4905324074,44964.5159837963,67859.0,2952.0,6099.0,,1160.0,8.65361111111111,160000.0,4000.0,1.5
237184,43830.0,45132.4466550926,50545.0,4504.0,7693.0,926.0,1160.0,185.091666666667,250000.0,6250.0,8.0
206062,44582.4800810185,45138.3922106481,344338.0,3232.0,3.0,3.0,1160.0,26.1997222222222,400000.0,10000.0,5.0
274005,44816.398275463,,0.0,0.0,0.0,APPARATUS,0.5,APP-ARR-BD,005495,1401 CASTLEFIELD AVE,APPARUTUS ARROW BOARD
007049,45138.6929861111,45127.4136458333,44604.0,1371.0,84.0,8.0,1160.0,676.703888888889,160000.0,0.0,1.5
236251,45128.5867013889,45124.331412037,105996.0,4049.0,9649.0,485.0,1160.0,206.750277777778,250000.0,10000.0,8.0
048013,45043.2962731481,5066.0,0.0,5000.0,0.0,CLASS2,1.5,PICKU-1/2T,,,PICKUP - 1/2 TON
314008,,44578.2776851852,0.0,333.0,0.0,0.0,800.0,4.0,2800.0,005495,CON-ASPH-RLR
065190,45114.4547916667,45021.277349537,5581.0,33.0,4313.0,3.0,,3.07472222222222,220000.0,0.0,1.5
376087,0.0,0.0,0.0,0.0,ICEMAIN,10.0,ICE-RESURF,ICE-MAIN-RESURFACER,4100 DUNDAS ST W,,376ZAMBCNG14
315100,45133.4475694444,45121.3141203704,0.0,2845.0,0.0,324.0,1160.0,264.480833333333,250000.0,9000.0,8.0
396532,45134.3069444444,44064.3873958333,0.0,121.0,0.0,0.0,1160.0,0.5,2100.0,003698,GM-MOWER
112499,45134.3341550926,44942.52375,27400.0,1717.0,5560.0,358.0,1160.0,9.10194444444445,220000.0,0.0,1.5
267227,44914.4348726852,0.0,0.0,0.0,0.0,TRAILER,0.5,TRL-UTILITY,004301,27 TORYORK DR,
020041,45128.5359953704,45075.2823032407,46527.0,1933.0,6006.0,211.0,1160.0,3.63805555555556,160000.0,0.0,1.0
044088,45128.2511111111,45127.6093518519,8604.0,1508.0,3.0,2.0,1160.0,2.47694444444444,180000.0,0.0,1.5
041325,45136.2249305556,45072.3643287037,59116.0,2473.0,1240.0,78.0,1160.0,89.3375,160000.0,4000.0,
112444,45051.5975231481,45075.457662037,32134.0,1259.0,1282.0,83.0,1160.0,5.83027777777778,220000.0,0.0,1.5
045098,45138.3071759259,44984.4987615741,62736.0,3550.0,5490.0,4.0,1160.0,59.6730555555556,180000.0,0.0,
379073,44877.5639930556,0.0,400.0,0.0,0.0,GROUND,1.0,GM-UT-CART,CNE,CANADIAN NATIONAL EXHIBITION,
063066,45082.2578240741,45083.2640625,94458.0,3666.0,,10.0,1160.0,173.923055555556,220000.0,0.0,1.5
065185,45138.2144675926,44980.2921527778,10125.0,49.0,8387.0,19.0,1160.0,19.5966666666667,220000.0,0.0,1.5
330148,45138.5468518519,45131.3157638889,0.0,3726.0,0.0,182.0,1160.0,406.734722222222,0.0,2100.0,4.0
050021,45135.449212963,45036.3069675926,63059.0,3068.0,5729.0,186.0,1160.0,96.0,180000.0,4500.0,1.5
319096,44999.5718402778,44996.8284722222,0.0,3040.0,0.0,,1160.0,25.0644444444444,0.0,2800.0,0.5
396422,45132.3239583333,44273.4077777778,0.0,1287.0,0.0,157.0,1160.0,0.5,2100.0,000549,GM-MOWER
064112,45021.8121180556,44872.3331712963,97248.0,3803.0,1112.0,69.0,1160.0,,,000534,PICKU-3/4T
289030,44392.4664583333,45042.5860532407,0.0,8.0,0.0,1.0,1160.0,49.9347222222222,0.0,3500.0,1.0
076065,45127.3016782407,45105.3689236111,17884.0,1336.0,2263.0,203.0,1160.0,30.2972222222222,220000.0,0.0,1.5
LF0020,43734.4344560185,0.0,0.0,0.0,0.0,ATTACHMENT,0.5,ATT-LEAF-BOX,4301-1,61 TORYORK DR,ATTACHMENT-LEAF BOX
156166,45135.2985416667,45082.759837963,53597.0,1848.0,2971.0,6.0,1160.0,133.737777777778,220000.0,5500.0,6.0
020031,45132.6351967593,44978.4933796296,38702.0,4049.0,2055.0,510.0,1160.0,44.4847222222222,160000.0,0.0,1.0
236291,43830.0,45123.25,86879.0,11662.0,7596.0,917.0,1160.0,216.989444444444,250000.0,10000.0,8.0
135170,44832.639224537,45121.3523726852,1441.0,116.0,111.0,8.0,1160.0,61.8241666666667,220000.0,5500.0,3.0
045096,45133.452349537,,34855.0,2007.0,1.0,44.0,1160.0,8.44555555555556,180000.0,0.0,1.5
041158,44943.4773726852,45090.546412037,153129.0,5169.0,280.0,0.0,1160.0,20.3344444444444,160000.0,4000.0,1.5
329036,45104.4506944444,0.0,336.0,0.0,4.0,LIFTING,49.6275,2.0,4200.0,004426,LIFT-FRKLFT
396421,43336.2695023148,44133.3641666667,0.0,915.0,0.0,0.0,1160.0,,,000549,GM-MOWER
376037,41235.4421412037,0.0,0.0,0.0,0.0,ICEMAIN,3.0,ICE-RESURF,,,ICE-MAIN-RESURFACER
001056,45126.6017824074,45079.445787037,40480.0,1340.0,28.0,1.0,1160.0,2.61777777777778,160000.0,0.0,1.0
062061,43124.4675462963,,0.0,0.0,0.0,0.0,1160.0,,0.0,,PICKU-3/4T
156089,45138.2983217593,45008.3925231481,87409.0,0.0,2075.0,0.0,1160.0,253.344722222222,220000.0,5500.0,6.0
112523,45138.314849537,45117.3820717593,24344.0,,8892.0,1.0,1160.0,23.3241666666667,220000.0,0.0,1.5
CLAW19,44620.5169212963,0.0,0.0,0.0,0.0,ATTACHMENT,0.5,ATT-CLW-BUC,000520,433 EASTERN AVE,ATTACHMENT-CLAW BUCKET
158062,44845.3227314815,45138.2746990741,74966.0,1485.0,36.0,3.0,1160.0,40.0,250000.0,6250.0,5.0
315092,45127.5106828704,45133.4265972222,0.0,2242.0,0.0,305.0,1160.0,845.481388888889,250000.0,9000.0,8.0
007463,38972.31375,0.0,0.0,0.0,0.0,GROUND,0.5,GM-TRACT,,,GROUNT-TRACTOR
064192,45137.3950578704,,8070.0,758.0,8070.0,758.0,960.0,67.6172222222222,220000.0,0.0,1.5
003247,45138.9544791667,44959.3408680556,23156.0,1054.0,2073.0,123.0,1160.0,6.17388888888889,160000.0,0.0,1.0
041425,45132.4846180556,44908.5209606482,339.0,31.0,275.0,30.0,1160.0,17.2647222222222,160000.0,4000.0,1.5
274011,44202.5247222222,0.0,0.0,0.0,0.0,APPARATUS,0.5,APP-ARR-BD,005559,320 BERING AVE,APPARUTUS ARROW BOARD
CLAW3,44768.3059375,20.0,20.0,0.0,0.0,ATTACHMENT,0.5,ATT-CLW-BUC,000525,1116 KING ST W,ATTACHMENT-CLAW BUCKET
318051,45119.3158564815,45078.3734490741,0.0,179.0,0.0,91.0,1160.0,61.2722222222222,0.0,3500.0,0.5
041246,45133.4359259259,45125.4279861111,45344.0,17.0,9773.0,1.0,1160.0,0.477222222222222,160000.0,4000.0,1.5
266045,40297.6343981481,0.0,0.0,0.0,0.0,TRAILER,0.5,TRL-UTILITY,003892,1050 ELLESMERE RD,
248008,0.0,,0.0,TRAILER,10.0,FLEET MAINTENANCE HAULAGE,248TITANA23,2023 TRAILER DUMP VAN/TANKER ALUMINUM OPEN TOP 45-60 CUYD HEAVY FOUR AXLE WITH LIFT 10 YEAR,,,STANDARD
156112,45079.5439699074,45065.4394791667,83835.0,3182.0,1.0,154.0,1160.0,204.116944444444,220000.0,5500.0,6.0
236281,43830.0,45070.854525463,83781.0,8157.0,6878.0,541.0,1160.0,243.448888888889,250000.0,10000.0,8.0
115028,45127.1866435185,,14780.0,836.0,5603.0,328.0,1160.0,1.5,0.0,005154,VAN-1TON
296014,44837.5986226852,44334.576724537,0.0,188.0,0.0,0.0,1160.0,2.0,2800.0,004847,APP-STUMP-CUT
323101,45133.4568634259,45104.3962268519,0.0,2798.0,0.0,567.0,1160.0,12.2211111111111,0.0,12600.0,8.0
041188,45120.3437037037,44936.5570833333,93786.0,1356.0,9988.0,258.0,1160.0,12.5022222222222,160000.0,4000.0,1.5
135144,44860.3023958333,44949.4583912037,88203.0,3807.0,1.0,1.0,1160.0,162.113333333333,220000.0,0.0,1.5
047038,45136.796412037,44781.432662037,107441.0,0.0,370.0,0.0,1160.0,1.5,4500.0,002960,PICKU-COMP
112323,45135.307037037,45118.5700810185,74553.0,827.0,7333.0,6.0,1160.0,39.3983333333333,220000.0,0.0,1.5
095121,45138.3961689815,44823.5366898148,50991.0,2748.0,2.0,1.0,1160.0,1.5,0.0,006217,VAN-PASS
003218,45098.6253935185,44893.4056365741,127210.0,1343.0,4019.0,0.0,1160.0,1.0,0.0,,SEDAN-PASS
043237,45100.3687615741,44650.5630671296,67758.0,2287.0,3721.0,147.0,1160.0,1.5,4500.0,2804-1,PICKU-1/2T
061119,45125.4275578704,45138.8550578704,115386.0,0.0,564.0,0.0,1160.0,0.0,220000.0,0.0,1.5
319064,,45015.5332175926,0.0,1495.0,0.0,24.0,1160.0,0.00388888888888889,0.0,3500.0,0.5
041241,45138.4032986111,45072.455787037,39138.0,657.0,4697.0,0.0,1160.0,5.51388888888889,160000.0,4000.0,1.5
080045,44867.341412037,44971.4016782407,229243.0,0.0,2.0,0.0,1160.0,40.0,220000.0,5500.0,4.0
376031,40385.5133796296,7.0,0.0,0.0,0.0,ICEMAIN,3.0,ICE-RESURF,003763,101 RIDGETOP RD,ICE-MAIN-RESURFACER
267153,45104.3375925926,0.0,0.0,0.0,0.0,TRAILER,40.805,0.5,0.0,004793,TRL-UTILITY
379033,0.0,0.0,0.0,,GROUND,8.0,GM-UT-CART,,,,379CLUBEL11
044092,45104.5631365741,44970.4343287037,7620.0,428.0,759.0,48.0,1160.0,186.666388888889,180000.0,0.0,1.5
156210,45138.3189583333,45030.3056018519,19122.0,395.0,11670.0,310.0,1160.0,36.2238888888889,220000.0,0.0,4.0
156142,45124.3081712963,45127.3215625,157583.0,5295.0,3007.0,225.0,1160.0,837.015833333333,220000.0,0.0,4.0
319235,44995.656087963,45097.3188310185,0.0,220.0,0.0,129.0,1160.0,432.574166666667,0.0,3500.0,2.0
043184,45119.4753125,45076.7826157407,86826.0,2172.0,1567.0,186.0,1160.0,32.0,180000.0,0.0,1.5
003262,45118.3631018518,1738.0,0.0,222.0,0.0,CLASS1,51.2180555555556,1.0,0.0,000862,SEDAN-PASS
061161,44161.4001041667,44944.4157175926,55792.0,0.0,1.0,0.0,304.0,,220000.0,0.0,1.5
159026,45086.5761921296,45006.5215856481,83920.0,2794.0,732.0,78.0,1160.0,163.481944444444,250000.0,10000.0,5.0
075010,45107.3127083333,45117.3891435185,31792.0,3390.0,3100.0,,1160.0,104.065277777778,220000.0,0.0,1.5
112417,,45091.4701967593,29984.0,1351.0,4684.0,0.0,1160.0,4.71527777777778,,0.0,1.5
050044,45121.4467361111,45090.489525463,52504.0,2582.0,5031.0,309.0,1160.0,80.0527777777778,180000.0,0.0,1.5
112366,45019.343275463,45062.5205092593,44131.0,1141.0,2.0,14.0,1160.0,40.1091666666667,220000.0,,1.5
236266,43830.0,45132.2798611111,100420.0,10210.0,5012.0,341.0,1160.0,407.9025,250000.0,10000.0,8.0
005016,45129.0089236111,44984.5503935185,52639.0,1095.0,6098.0,137.0,1160.0,28.4427777777778,160000.0,4000.0,1.5
237161,45063.5017592593,45008.6428819444,31383.0,5003.0,275.0,48.0,1160.0,373.118888888889,250000.0,6250.0,
396500,45104.4998032407,0.0,4.0,0.0,2.0,GROUND,0.193055555555556,0.5,4200.0,000591,GM-MOWER
111039,,45082.2815046296,133938.0,1841.0,4587.0,0.0,1160.0,130.921944444444,180000.0,0.0,1.5
001034,44313.4399652778,44998.6865162037,29742.0,0.0,1.0,0.0,1160.0,0.00388888888888889,160000.0,0.0,1.0
266084,0.0,0.0,0.0,0.0,TRAILER,15.0,TRL-BOAT,,,,266LOADNA20A
236296,43830.0,45135.3337615741,,11088.0,10144.0,1150.0,1160.0,333.673055555556,250000.0,10000.0,8.0
073111,45134.498900463,45105.5351388889,101581.0,4052.0,5221.0,355.0,1160.0,349.598055555556,220000.0,0.0,1.5
080127,45134.5832986111,45048.4922222222,4239.0,249.0,4239.0,249.0,456.0,4.18666666666667,220000.0,5500.0,4.0
112501,45138.2938310185,45128.3160416667,30653.0,2847.0,8745.0,1008.0,1160.0,2.19333333333333,220000.0,0.0,1.5
731564,43737.3640856482,42046.5136111111,0.0,1535.0,0.0,0.0,1160.0,0.5,4200.0,,GM-TRACT
114044,45091.4126967593,2.0,0.0,2.0,0.0,CLASS3,6.09527777777778,1.5,0.0,3892-1,VAN-1TON
194038,45138.501712963,45119.5453125,89336.0,2488.0,15862.0,457.0,1160.0,94.8630555555556,250000.0,0.0,3.0
208008,45121.477662037,45062.5743865741,60639.0,3313.0,2251.0,138.0,1160.0,182.603888888889,220000.0,5500.0,4.0
112336,45133.5706712963,44897.325462963,77453.0,2216.0,5729.0,294.0,1160.0,1.5,0.0,005381,VAN-3/4T
267156,45082.6631018519,0.0,0.0,0.0,0.0,TRAILER,251.702777777778,0.5,0.0,003975,TRL-UTILITY
315101,45135.5016898148,45117.3069907407,0.0,2164.0,0.0,880.0,1160.0,911.260833333333,250000.0,9000.0,8.0
067029,44949.3290509259,44993.5454282407,78578.0,4010.0,5623.0,34.0,1160.0,893.994722222222,220000.0,0.0,1.5
049006,45125.3930208333,,55307.0,1849.0,4542.0,0.0,1160.0,1.5,4500.0,004512,PICKU-1/2T
001126,45132.5617939815,44890.3085300926,9457.0,437.0,0.0,0.0,1160.0,1.0,,004577,SEDAN-PASS
114032,45134.4146296296,45127.5145601852,78346.0,3169.0,6035.0,456.0,1160.0,226.535277777778,220000.0,0.0,
112429,45121.3899421296,45126.460775463,14701.0,800.0,1973.0,0.0,1160.0,6.30444444444444,220000.0,0.0,
250061,,0.0,0.0,0.0,0.0,TRAILER,79.7713888888889,,0.0,51020,TRL-VAN/TANK
319247,45113.2889699074,0.0,1.0,0.0,1.0,GROUND,121.316666666667,0.5,7000.0,003681,GM-TRACT
250031,45128.2910185185,0.0,0.0,0.0,0.0,TRAILER,98.4002777777778,0.5,0.0,005464,TRL-VAN/TANK
317007,39699.3627314815,0.0,0.0,0.0,0.0,FACILITY,3.0,FM-FL-SCR,,,FACILITY-FLOOR SCRUBBER
065198,45135.2915972222,45097.9249189815,9690.0,52.0,7304.0,4.0,,165.464722222222,220000.0,0.0,1.5
156088,45127.5790625,,120853.0,2029.0,1444.0,3.0,1160.0,16.5669444444444,220000.0,5500.0,6.0
319210,44998.3230787037,45062.4178819444,0.0,600.0,0.0,197.0,1160.0,,0.0,3500.0,2.0
294063,45119.3650925926,44970.3487152778,0.0,1493.0,0.0,28.0,1160.0,160.622777777778,0.0,9800.0,1.0
319238,44996.0615856481,45096.3231712963,0.0,326.0,0.0,159.0,1160.0,531.230277777778,0.0,3500.0,2.0
285062,41932.2921759259,44540.5100462963,0.0,7.0,0.0,0.0,1160.0,1.0,6300.0,0520-1,APP-COMPRRESS
064115,44950.3333101852,44726.6831597222,,2389.0,398.0,0.0,1160.0,1.5,0.0,000529,PICKU-3/4T
094103,45132.2972800926,45128.4444444444,50805.0,2595.0,5092.0,311.0,1160.0,14.4019444444444,160000.0,4000.0,1.0
376116,0.0,0.0,0.0,0.0,ICEMAIN,10.0,ICE-RESURF,ICE-MAIN-RESURFACER,89 CHURCH AVE,,376ZAMBNG18A
202004,44972.3621990741,44925.3152893518,102175.0,3951.0,79.0,0.0,304.0,0.0,250000.0,10000.0,5.0
294059,44999.4445023148,45035.4280324074,0.0,731.0,0.0,2.0,1160.0,136.355277777778,0.0,9800.0,1.0
329035,44865.5592592593,0.0,565.0,0.0,0.0,LIFTING,2.0,LIFT-FRKLFT,005386,799 ISLINGTON AVE,
223104,43830.0,45089.2435532407,22980.0,1447.0,6154.0,532.0,1160.0,566.122222222222,220000.0,5500.0,8.0
267269,44852.582650463,0.0,0.0,0.0,0.0,TRAILER,0.5,TRL-UTILITY,,64 MURRAY RD,
111104,45131.3781134259,44942.3591898148,24288.0,,5093.0,0.0,1160.0,,180000.0,0.0,1.5
041251,45124.4290046296,,38437.0,474.0,1003.0,4.0,1160.0,58.3630555555556,160000.0,4000.0,1.5
318029,44872.5459606481,0.0,117.0,0.0,0.0,GROUND,0.5,GM-TRACT,005381,441 KIPLING AVE,GROUNT-TRACTOR
267195,45127.245,0.0,0.0,0.0,0.0,TRAILER,159.251111111111,0.5,0.0,002426,TRL-UTILITY
269089,0.0,0.0,0.0,0.0,APPARATUS,12.0,APP-ARR-BD,APPARUTUS ARROW BOARD,150 DISCO RD,,269VERMNA23
379054,0.0,,0.0,0.0,GROUND,8.0,GM-UT-CART,,,,379CLUBEL13
237222,43830.0,45134.7805555556,49726.0,6595.0,6377.0,1032.0,1160.0,168.252222222222,250000.0,6250.0,8.0
415003,44821.4911226852,42800.5006597222,3308.0,1118.0,0.0,0.0,1160.0,2.0,0.0,006155,ATT-SAND-GRM
323124,,45099.5663194444,0.0,332.0,0.0,198.0,1160.0,52.8397222222222,0.0,12600.0,8.0
007050,45088.3238541667,45089.4453935185,71651.0,3715.0,10003.0,365.0,1160.0,318.132777777778,160000.0,0.0,1.5
041087,45042.454525463,45034.2825462963,92970.0,1031.0,319.0,106.0,960.0,32.0,160000.0,4000.0,1.5
324017,45126.5535532407,44958.2777777778,0.0,2334.0,0.0,39.0,1160.0,136.0,0.0,,4.0
319078,42688.3243055556,45021.5622453704,0.0,1522.0,0.0,187.0,1160.0,6.0,0.0,2800.0,0.5
061165,45120.4169097222,44993.5590162037,61833.0,3626.0,1834.0,71.0,1160.0,0.0291666666666667,220000.0,0.0,1.5
045203,45134.3960532407,44988.6205787037,7992.0,160.0,3357.0,159.0,1160.0,0.184444444444444,180000.0,4500.0,1.5
094133,45135.4934953704,45138.3451273148,5160.0,262.0,5158.0,260.0,1160.0,4.43666666666667,160000.0,4000.0,1.0
067028,45126.4426041667,45097.3395949074,76043.0,0.0,1740.0,0.0,1160.0,267.809722222222,220000.0,0.0,1.5
041115,44693.5804050926,44747.3325810185,97085.0,335.0,0.0,0.0,1144.0,1.5,4000.0,0582-1,SEDAN-PASS
076035,45113.530474537,45120.5586921296,58796.0,3459.0,3170.0,2.0,1160.0,130.722222222222,220000.0,0.0,1.5
080103,45125.3172106482,45104.7122337963,94613.0,3380.0,9588.0,409.0,1160.0,34.5413888888889,220000.0,5500.0,4.0
080077,45115.2995717593,45078.6084837963,76767.0,4635.0,938.0,71.0,1160.0,49.3963888888889,220000.0,5500.0,4.0
269049,44930.5178587963,0.0,0.0,0.0,0.0,APPARATUS,57.465,0.5,0.0,002990,APP-ARR-BD
094113,45133.4134837963,45105.565462963,16922.0,1333.0,1340.0,120.0,1160.0,32.8775,160000.0,4000.0,1.0
156211,45138.3207291667,45138.4069791667,2286.0,197.0,2286.0,197.0,1064.0,108.431944444444,220000.0,5500.0,5.0
236303,43830.0,,70256.0,9357.0,9608.0,984.0,1160.0,172.598888888889,250000.0,10000.0,8.0
080124,45134.3419328704,45071.3468981481,3577.0,323.0,3577.0,323.0,800.0,,220000.0,5500.0,4.0
001153,,45071.5133333333,1289.0,11.0,838.0,3.0,1160.0,20.1663888888889,160000.0,0.0,1.0
188063,44221.2836574074,45117.267337963,13530.0,700.0,6.0,3.0,1160.0,6.95472222222222,250000.0,6250.0,5.0
298018,41613.6006944444,44893.3171412037,0.0,148.0,0.0,1.0,1160.0,56.0,0.0,6300.0,4.25
073064,44910.4039236111,44914.5365856482,263655.0,4985.0,0.0,0.0,152.0,50.5608333333333,220000.0,0.0,1.5
188058,45138.3128125,45132.3014236111,46409.0,805.0,9904.0,433.0,1160.0,77.6738888888889,250000.0,6250.0,5.0
396566,45134.5307060185,44533.4822337963,0.0,795.0,0.0,242.0,1160.0,,4200.0,006155,GM-MOWER
302002,44594.5354398148,0.0,421.0,0.0,0.0,APPARATUS,0.5,APP-WATER-PMP,002426,150 DISCO RD,APPARUTUS-WATER PUMP
073063,45103.3468518518,45113.5891203704,79750.0,4542.0,2612.0,261.0,1160.0,289.861111111111,220000.0,0.0,1.5
319216,44996.678900463,45093.4489351852,0.0,248.0,0.0,148.0,1160.0,395.904722222222,0.0,3500.0,2.0
396334,41149.5622106481,42194.3117361111,0.0,2.0,0.0,0.0,1160.0,0.5,2800.0,004301,GM-MOWER
6-03-34,5000.0,0.0,0.0,0.0,CLASS8,12.0,TRUCK-FLATB,TRUCK - FLATBED,,,TRCA-GMCDI03
112291,45124.3824537037,44956.4480902778,118395.0,5185.0,2429.0,167.0,1160.0,11.7833333333333,220000.0,0.0,1.5
041193,,45090.5400462963,182176.0,1592.0,2566.0,1.0,1160.0,104.191666666667,160000.0,4000.0,1.5
384016,0.0,0.0,0.0,0.0,GROUND,8.0,GM-BIKE,GROUNT-CARGO-BIKE,433 EASTERN AVE,,384GIANNA20
146004,44965.379375,45069.7259606481,57993.0,0.0,1005.0,0.0,1160.0,20.5705555555556,220000.0,5500.0,8.0
157035,45117.5309953704,45120.3564236111,39474.0,2442.0,1189.0,103.0,1160.0,397.155555555556,250000.0,0.0,5.0
378125,42270.3621296296,41681.3303356481,353.0,10.0,0.0,0.0,1160.0,1.0,2100.0,003763,GM-UT-CART
073123,45127.5867824074,45121.3018287037,47178.0,2844.0,3637.0,7.0,1160.0,128.548333333333,220000.0,0.0,1.5
003244,45121.455162037,45051.5530439815,29548.0,1807.0,5363.0,334.0,1160.0,32.5833333333333,160000.0,0.0,1.0
188032,45138.3192939815,45117.3992939815,,3461.0,6231.0,584.0,1160.0,122.230833333333,250000.0,,5.0
041213,45132.404224537,44984.367650463,37896.0,944.0,2501.0,300.0,1160.0,19.2827777777778,160000.0,4000.0,1.5
001066,45126.4503240741,45000.3613425926,50321.0,3267.0,2838.0,85.0,1160.0,36.5327777777778,160000.0,0.0,1.0
396588,45114.7693634259,0.0,0.0,0.0,0.0,GROUND,26.6461111111111,0.5,2100.0,003681,GM-MOWER
329040,44859.2542592593,0.0,403.0,0.0,1.0,LIFTING,56.0,2.0,3500.0,005464,LIFT-FRKLFT
080082,45091.3560648148,45132.335,85822.0,4102.0,7300.0,301.0,1160.0,177.126944444444,220000.0,5500.0,4.0
003103,44349.4842013889,45099.2753587963,49066.0,69.0,0.0,0.0,1160.0,8.03333333333333,160000.0,0.0,1.0
073093,45009.5966319444,,78077.0,2499.0,1753.0,2.0,1160.0,86.3702777777778,220000.0,0.0,1.5
064151,44523.5458217593,45131.4651736111,28677.0,709.0,5001.0,1.0,1160.0,103.605277777778,220000.0,0.0,1.5
316014,44398.5591203704,42423.2820138889,0.0,148.0,0.0,0.0,,4.5,3500.0,,ROAD-SWK-SWP
001059,45138.6205324074,45092.399212963,,2180.0,3888.0,0.0,1160.0,2.41888888888889,160000.0,0.0,1.0
396473,44748.2864814815,43259.263275463,0.0,869.0,0.0,0.0,1160.0,0.5,5600.0,003975,GM-MOWER
161014,45136.3598032407,45055.497037037,74589.0,1907.0,3376.0,5.0,1160.0,80.6569444444444,250000.0,0.0,3.0
274038,0.0,0.0,0.0,0.0,APPARATUS,12.0,APP-ARR-BD,APPARUTUS ARROW BOARD,,,274VERMNA19
396438,43654.4755208333,0.0,5.0,0.0,0.0,GROUND,0.5,GM-MOWER,002522,919 SCARLETT RD,GROUND-MOWER
050183,45138.4936574074,45135.560787037,1146.0,46.0,1146.0,46.0,576.0,110.8575,180000.0,4500.0,1.5
289037,44508.5588078704,45008.3010416667,0.0,312.0,0.0,1.0,1160.0,16.0,0.0,3500.0,1.0
223080,45089.308275463,45069.2723032407,73988.0,6217.0,6513.0,524.0,1160.0,569.081111111111,250000.0,6250.0,8.0
317017,0.0,0.0,0.0,0.0,FACILITY,8.0,FM-FL-SCR,FACILITY-FLOOR SCRUBBER,,,317NILFEL20
112433,45134.6414236111,,111378.0,6626.0,12201.0,734.0,1160.0,21.995,220000.0,0.0,1.5
115023,45131.4711689815,44882.4209027778,12118.0,864.0,2694.0,1.0,1160.0,1.5,0.0,003763,VAN-1TON
250534,45104.339375,0.0,0.0,0.0,0.0,TRAILER,283.186666666667,0.5,0.0,000579,TRL-VAN/TANK
286009,44820.5992592593,,0.0,338.0,0.0,0.0,1160.0,0.5,0.0,000902,ATT-WELD
076085,45132.46,45037.3313657407,42298.0,2299.0,4320.0,270.0,1160.0,10.4541666666667,220000.0,0.0,1.5
396282,43977.5409837963,0.0,831.0,0.0,0.0,GROUND,0.5,GM-MOWER,003896,70 NASHDENE RD,GROUND-MOWER
342292,43864.3071412037,0.0,0.0,0.0,0.0,TRAILER,0.5,TRL-VAN/TANK,,,TRAILER-VAN/TANKER ALUMINUM
067044,45132.427025463,44986.3081944444,72885.0,3940.0,4054.0,2.0,1160.0,477.596944444444,220000.0,0.0,1.5
076053,45135.4933796296,45082.4407291667,43912.0,2475.0,6127.0,2.0,1160.0,96.5113888888889,220000.0,0.0,1.5
045108,45092.1206134259,44937.4653703704,73683.0,3560.0,5828.0,1.0,1160.0,3.71972222222222,180000.0,0.0,1.5
188072,45132.3630671296,45125.8194907407,22935.0,2236.0,5359.0,619.0,1160.0,125.3175,250000.0,6250.0,5.0
067051,45125.3358449074,45114.4657638889,25850.0,1333.0,3260.0,,1160.0,57.1047222222222,220000.0,0.0,1.5
396219,45138.5559375,44033.4626851852,0.0,5428.0,0.0,151.0,1160.0,0.5,2800.0,005043,GM-MOWER
712524,0.0,0.0,0.0,0.0,LIFTING,15.0,LIFT-FRKLFT,,,,FORK010197
376070,0.0,0.0,0.0,0.0,ICEMAIN,10.0,ICE-RESURF,ICE-MAIN-RESURFACER,6000 LESLIE ST,,376ZAMBNG12
094142,45138.3879282407,45127.3923842593,5663.0,363.0,5663.0,363.0,720.0,57.7147222222222,160000.0,4000.0,1.0
319199,,45090.4318055556,0.0,427.0,0.0,108.0,1160.0,,0.0,3500.0,2.0
001160,45103.3860416667,45106.7931365741,11832.0,413.0,1993.0,77.0,1160.0,96.0,160000.0,0.0,1.0
020018,45138.6176157407,45042.5301967593,55639.0,3206.0,6213.0,436.0,1160.0,18.7394444444444,160000.0,0.0,1.0
324036,45112.2241666667,45070.3726157407,0.0,32.0,0.0,32.0,792.0,67.0752777777778,0.0,,4.0
067063,45138.5674652778,45089.7211574074,51890.0,3908.0,6826.0,565.0,1160.0,131.686388888889,220000.0,0.0,1.5
041269,45125.2047800926,45131.3289699074,72843.0,2230.0,13630.0,1.0,1160.0,48.0,160000.0,4000.0,1.5
267084,44894.4177662037,0.0,0.0,0.0,0.0,TRAILER,0.5,TRL-UTILITY,005109,301 ROCKCLIFFE BLVD,
045088,45138.4927083333,45051.4730555556,87598.0,913.0,192.0,10.0,1160.0,165.671388888889,180000.0,,1.5
001151,45126.5665625,44896.3360532407,5766.0,25.0,201.0,0.0,1160.0,-1,0.0,000520,SEDAN-PASS
158076,44902.3395023148,44939.3129050926,87308.0,3966.0,2.0,2.0,152.0,0.0,250000.0,6250.0,5.0
095173,45133.5742708333,45089.4327662037,10556.0,670.0,5.0,2.0,1160.0,54.7883333333333,160000.0,0.0,1.5
187014,45083.5387615741,45015.3158564815,115596.0,2775.0,228.0,26.0,1160.0,36.8733333333333,250000.0,6250.0,5.0
135179,45100.2824189815,45040.5573263889,16505.0,931.0,1454.0,1.0,1160.0,114.624166666667,220000.0,0.0,1.5
003198,44931.3839467593,,52217.0,171.0,,0.0,152.0,1.0,0.0,005581,SEDAN-PASS
237247,45118.5366319444,28199.0,1645.0,6138.0,309.0,CLASS8,579.109444444444,,6250.0,004869,TRUCK-SLOAD
222006,44498.4026041667,39225.3184490741,15050.0,0.0,0.0,0.0,1160.0,8.0,10000.0,,TRUCK-RLOAD
294080,45035.331724537,45079.6105787037,0.0,4.0,0.0,0.0,1160.0,,0.0,9800.0,1.0
041196,45090.0438773148,45084.5708564815,110404.0,2111.0,7351.0,305.0,1160.0,169.532222222222,160000.0,4000.0,1.5
396508,45138.5654513889,43749.2792939815,0.0,498.0,0.0,84.0,1160.0,,2100.0,,GM-MOWER
095116,45134.5162384259,45041.5405671296,98568.0,1439.0,5768.0,4.0,1160.0,242.629722222222,160000.0,0.0,1.5
331011,45138.2172916667,44595.3886226852,0.0,897.0,0.0,100.0,1160.0,0.5,2100.0,005267,GM-TRACT
156125,,44967.4311574074,69878.0,3183.0,1674.0,1.0,1160.0,48.65,220000.0,5500.0,6.0
396335,41898.5604166667,0.0,94.0,0.0,0.0,GROUND,0.5,GM-MOWER,0516-3,200 PARKSIDE DR,GROUND-MOWER
396506,45138.4551041667,43693.3902314815,0.0,360.0,0.0,148.0,1160.0,0.5,2800.0,004301,GM-MOWER
041279,45132.5608680556,44972.5792939815,50905.0,16.0,5539.0,1.0,1160.0,8.82027777777778,160000.0,4000.0,1.5
074031,45127.4407407407,44966.3626157407,27002.0,2058.0,3794.0,98.0,1160.0,112.697777777778,220000.0,0.0,1.5
155025,45132.4571527778,45138.5261921296,22688.0,779.0,8091.0,120.0,1160.0,40.8669444444444,220000.0,0.0,4.0
112464,45132.3116087963,45100.7954513889,53719.0,1960.0,7242.0,309.0,1160.0,62.1177777777778,220000.0,0.0,1.5
382010,45133.3930902778,43528.3341782407,0.0,221.0,0.0,34.0,1160.0,1.0,700.0,005267,GM-UT-CART
067047,45107.4210069444,45131.390775463,23591.0,2149.0,2873.0,218.0,1160.0,46.6213888888889,220000.0,0.0,1.5
001061,45128.5030787037,45135.2990509259,17101.0,876.0,2.0,2.0,1160.0,23.1477777777778,160000.0,0.0,1.0
094117,45043.8355902778,45120.4618055556,19568.0,711.0,4332.0,1.0,1160.0,1.10388888888889,160000.0,4000.0,1.0
067069,45119.3162152778,44895.4033796296,21526.0,1316.0,1408.0,1.0,1160.0,1.5,0.0,,PICKU-3/4T
250518,45098.2651388889,0.0,0.0,0.0,0.0,TRAILER,60.4558333333333,0.5,0.0,005468,TRL-VAN/TANK
318044,45091.3237962963,45027.2854166667,0.0,223.0,0.0,83.0,1160.0,23.9166666666667,0.0,3500.0,0.5
319142,44519.4009259259,45029.2826967593,0.0,783.0,0.0,0.0,1160.0,0.0,0.0,4900.0,0.5
041351,45134.4552430556,45106.8006828704,17602.0,1342.0,4723.0,387.0,1160.0,169.073611111111,160000.0,4000.0,1.5
305007,0.0,0.0,0.0,0.0,ATTACHMENT,10.0,ATT-SPRD,ATTACHMENT-SPREADER,101 RIDGETOP RD,,305REDEXNA08
067036,44944.3747685185,44837.6861111111,99106.0,3309.0,462.0,16.0,304.0,1.5,0.0,005154,PICKU-3/4T
076077,45112.4614236111,44886.4365625,3900.0,268.0,938.0,67.0,1160.0,,220000.0,0.0,1.5
045091,45138.4357986111,45040.3797916667,68969.0,710.0,1.0,5.0,1160.0,34.3555555555556,180000.0,0.0,1.5
043264,45138.4190277778,45076.521099537,92110.0,4255.0,5002.0,2.0,1160.0,,180000.0,0.0,1.5
237237,43830.0,45104.2995023148,69373.0,6533.0,10185.0,804.0,1160.0,767.109444444444,250000.0,6250.0,8.0
396435,43888.4799652778,44505.4239814815,0.0,1033.0,0.0,94.0,1160.0,0.5,2800.0,,GM-MOWER
192014,45138.5588541667,45126.286099537,25961.0,2597.0,6021.0,662.0,1160.0,204.681111111111,250000.0,10000.0,6.0
001116,45134.4094097222,45049.4218287037,18609.0,988.0,600.0,3.0,1160.0,11.2844444444444,160000.0,0.0,1.0
250047,45077.3369328704,0.0,0.0,0.0,0.0,TRAILER,113.890833333333,0.5,0.0,005387,TRL-VAN/TANK
396247,43342.3284837963,0.0,62.0,0.0,0.0,GROUND,0.5,GM-MOWER,005381,441 KIPLING AVE,GROUND-MOWER
095110,,45106.3836805556,30813.0,1525.0,,84.0,1160.0,93.3680555555556,160000.0,0.0,1.5
041167,45134.2940625,45063.2694212963,87918.0,508.0,1938.0,10.0,1160.0,237.089166666667,160000.0,4000.0,1.5
094045,44803.5324884259,44606.4889583333,126286.0,1772.0,0.0,0.0,304.0,1.0,4000.0,003892,VAN-PASS
050031,45042.3567708333,,17042.0,924.0,1351.0,81.0,1160.0,1.36166666666667,180000.0,4500.0,1.5
396300,45135.2706712963,42207.3767013889,0.0,2636.0,0.0,147.0,1160.0,0.5,7000.0,005513,GM-MOWER
095133,44790.6203356481,44931.3975694444,60041.0,1945.0,1.0,1.0,1160.0,0.431944444444444,160000.0,0.0,1.5
095118,45131.3171643519,44754.6195601852,49904.0,655.0,3479.0,0.0,1160.0,,0.0,005902,VAN-PASS
051023,45138.5366782407,45099.3019560185,81944.0,4164.0,6626.0,798.0,1160.0,254.508888888889,180000.0,4500.0,1.5
319156,45058.4987847222,45007.6142824074,0.0,831.0,0.0,48.0,1160.0,9.25722222222222,0.0,7000.0,0.5
050113,45121.4515625,44967.4550694444,29381.0,1214.0,3490.0,186.0,1160.0,97.7325,180000.0,0.0,1.5
324026,44658.2893055556,0.0,325.0,0.0,0.0,CONSTRUCT,4.0,CON-SKD-STR,004301,27 TORYORK DR,CONSTRUCT-SKID STEER
285049,41423.3010648148,43397.4430439815,0.0,705.0,0.0,0.0,960.0,1.0,4200.0,001984,APP-COMPRRESS
041178,45132.5157407407,,56611.0,2021.0,5760.0,9.0,1160.0,144.010277777778,160000.0,4000.0,1.5
061074,41288.4273032407,41291.5699537037,0.0,0.0,0.0,0.0,1160.0,1.5,0.0,10070,PICKU-3/4T
041427,45099.5514236111,44978.4696643519,4872.0,175.0,2655.0,96.0,1160.0,59.7280555555556,160000.0,4000.0,1.5
268013,0.0,0.0,0.0,0.0,TRAILER,15.0,TRL-UTILITY,,EASTERN GARAGE,,268J&JNA22
378160,0.0,0.0,0.0,0.0,GROUND,8.0,GM-UT-CART,,51 BEECHGROVE DR,,378KUBODI09
301010,44148.8661689815,43549.3816782407,0.0,116.0,0.0,0.0,1160.0,,1400.0,001984,APP-LT-TWR
267217,45033.5475,0.0,0.0,0.0,0.0,TRAILER,2.86,0.5,0.0,001984,TRL-UTILITY
041184,45138.4867939815,44860.579849537,52899.0,1936.0,2215.0,70.0,1160.0,1.5,4000.0,005381,SEDAN-PASS
270004,43592.7316203704,0.0,0.0,0.0,0.0,TRAILER,0.5,,003763,101 RIDGETOP RD,
285061,45083.5553587963,45050.4456828704,0.0,930.0,0.0,106.0,1160.0,161.076111111111,0.0,4200.0,0.5
378365,45114.4490509259,45008.7500462963,0.0,84.0,0.0,84.0,800.0,31.9536111111111,0.0,2100.0,1.0
076100,45134.3793287037,44986.4952430556,1976.0,183.0,1892.0,180.0,1160.0,93.1686111111111,220000.0,5500.0,1.5
314010,44789.3574189815,44062.3448726852,0.0,328.0,0.0,0.0,1160.0,4.0,2100.0,001984,CON-ASPH-RLR
223095,45138.5642708333,45111.2580324074,105659.0,10235.0,16257.0,1801.0,1160.0,476.727777777778,250000.0,6250.0,8.0
050143,45135.3377199074,45033.4020833333,25905.0,667.0,13064.0,4.0,1160.0,89.6538888888889,180000.0,4500.0,1.5
323069,45111.4562384259,45007.3238773148,0.0,5963.0,0.0,81.0,1160.0,,0.0,12600.0,8.0
334010,0.0,0.0,0.0,0.0,LIFTING,15.0,LIFT-SCS-LIFT,LIFTING-SCISSOR-LIFT,,,334GENELE14
094100,45119.5797916667,45127.6208449074,17451.0,493.0,1080.0,1.0,1160.0,5.90111111111111,160000.0,4000.0,1.0
187032,45100.6210300926,45138.4134953704,36259.0,2045.0,332.0,28.0,1160.0,51.9227777777778,250000.0,6250.0,5.0
041340,45138.3686226852,45097.3630208333,19489.0,2059.0,5108.0,336.0,1160.0,29.7977777777778,160000.0,4000.0,1.5
323077,45037.4916666667,45043.2168402778,0.0,16069.0,0.0,112.0,800.0,5.62055555555556,0.0,17400.0,8.0
112312,44427.4743865741,45076.7892476852,117867.0,3070.0,0.0,0.0,1160.0,24.0,220000.0,0.0,1.5
067082,45120.4808449074,45065.2865625,43637.0,2655.0,7916.0,575.0,1160.0,1.85583333333333,220000.0,0.0,1.5
007045,45110.7413888889,,59130.0,4154.0,5132.0,2.0,1160.0,211.289722222222,160000.0,0.0,1.5
294071,45069.322662037,45028.505162037,0.0,989.0,0.0,14.0,,30.8361111111111,0.0,6300.0,1.0
094144,45132.5329513889,45091.5332060185,4209.0,102.0,4209.0,102.0,720.0,82.6080555555556,160000.0,4000.0,1.0
237192,43830.0,45134.2930324074,81629.0,10005.0,6466.0,803.0,1160.0,313.041666666667,250000.0,6250.0,8.0
266075,45092.3234837963,0.0,0.0,0.0,0.0,TRAILER,76.0411111111111,0.5,0.0,000520,TRL-UTILITY
274035,0.0,0.0,0.0,0.0,APPARATUS,12.0,APP-ARR-BD,APPARUTUS ARROW BOARD,,,274VERMNA19
324022,45007.2925,0.0,380.0,0.0,254.0,CONSTRUCT,48.0,4.0,4900.0,005154,CON-SKD-STR
112395,45134.6153587963,45127.38125,39020.0,2569.0,4880.0,1.0,1160.0,20.4727777777778,220000.0,0.0,1.5
045140,,44987.4456944444,34604.0,3009.0,3954.0,730.0,1160.0,0.212222222222222,180000.0,0.0,1.5
396411,42905.3586805556,42264.3451041667,0.0,441.0,0.0,0.0,1160.0,0.5,2100.0,005109,GM-MOWER
050192,45072.3419675926,2.0,0.0,2.0,0.0,CLASS2,5.86138888888889,1.5,4500.0,004426,PICKU-1/2T
004209,0.0,0.0,0.0,0.0,ATTACHMENT,10.0,ATT-SPRD,ATTACHMENT-SPREADER,,,SPREAD03
236258,45085.398900463,45085.6905092593,119315.0,4733.0,11.0,11.0,1160.0,,250000.0,10000.0,8.0
378338,45131.2883912037,44904.3218518519,0.0,921.0,0.0,920.0,1160.0,17.035,0.0,2100.0,1.0
330153,45013.7444444444,45092.3803935185,0.0,270.0,0.0,4.0,1160.0,62.8705555555556,0.0,2100.0,4.0
045158,45131.3967939815,44979.344525463,18514.0,962.0,565.0,145.0,1160.0,113.701388888889,180000.0,0.0,1.5
077005,41746.2850231481,41799.3637384259,0.0,0.0,0.0,0.0,1160.0,1.5,0.0,,PICKU-1TON
061077,43516.5028819444,43508.8570601852,0.0,0.0,0.0,0.0,1160.0,1.5,0.0,,PICKU-3/4T
190000,45133.5122453704,45033.5519907407,30267.0,2293.0,980.0,95.0,1160.0,,250000.0,6250.0,6.0
384004,0.0,0.0,0.0,0.0,GROUND,8.0,GM-BIKE,GROUNT-CARGO-BIKE,433 EASTERN AVE,,384GTNA04
156090,45096.5542708333,44873.3394328704,112653.0,3258.0,936.0,81.0,1160.0,6.0,5500.0,003893,TRUCK-DUMP
267266,44866.388912037,0.0,0.0,0.0,0.0,TRAILER,0.5,TRL-UTILITY,001984,30 NORTHLINE RD,
156175,45134.4235532407,45089.5062731481,41941.0,2450.0,6446.0,530.0,1160.0,47.86,220000.0,0.0,4.0
076076,45138.5803472222,45082.2943634259,40322.0,3046.0,4859.0,419.0,1160.0,13.6191666666667,220000.0,0.0,1.5
003264,45135.464849537,45016.382025463,32706.0,1250.0,5719.0,188.0,1160.0,49.6305555555556,160000.0,0.0,
157047,45135.409224537,45128.5596875,50644.0,1896.0,5553.0,645.0,1160.0,128.236944444444,220000.0,5500.0,6.0
236254,45136.2294791667,45128.7150347222,119504.0,4844.0,8337.0,13.0,1160.0,198.0075,250000.0,10000.0,8.0
041394,45135.3484375,45049.3439236111,36840.0,862.0,9473.0,283.0,1160.0,81.2808333333333,160000.0,4000.0,1.5
095171,45120.5396875,44698.5718402778,1003.0,47.0,3.0,0.0,1160.0,1.5,0.0,002821,VAN-PASS
318014,45093.4335185185,0.0,148.0,0.0,124.0,GROUND,43.5458333333333,0.5,5600.0,005356,GM-AIRTOW-TRC
267154,45138.2769791667,,0.0,0.0,0.0,TRAILER,173.228333333333,0.5,0.0,003688,TRL-UTILITY
270022,45092.4236342593,0.0,0.0,0.0,0.0,TRAILER,58.5447222222222,0.5,0.0,004426,TRL-UTILITY
155026,45132.5927199074,45085.5183101852,12275.0,666.0,1885.0,4.0,1160.0,71.4511111111111,220000.0,0.0,4.0
045205,45133.5726851852,45117.4670833333,8700.0,10.0,6448.0,1.0,1160.0,1.635,180000.0,0.0,1.5
111058,45098.5905324074,45138.4475115741,70807.0,3382.0,5002.0,2.0,1160.0,71.6930555555556,180000.0,0.0,1.5
396520,43858.4126273148,0.0,1.0,0.0,0.0,GROUND,0.5,GM-MOWER,000523,19 HORTICULTURAL AVE,GROUND-MOWER
223075,45138.5575347222,45134.2749768519,117227.0,11139.0,15625.0,1548.0,1160.0,292.052777777778,250000.0,6250.0,8.0
206104,45138.1819791667,45120.2722222222,83222.0,1373.0,6396.0,602.0,1160.0,147.071388888889,400000.0,10000.0,5.0
194017,45138.5502314815,45131.8975462963,22046.0,2626.0,2922.0,403.0,1160.0,,250000.0,10000.0,3.0
067017,44942.4543518519,44929.7091203704,212863.0,3485.0,517.0,1.0,304.0,72.0,220000.0,0.0,1.5
156183,45133.46125,45079.5213310185,47602.0,3951.0,10331.0,974.0,,78.9655555555556,220000.0,0.0,4.0
073112,44903.3002083333,44848.4830208333,83932.0,0.0,0.0,0.0,304.0,0.0,220000.0,0.0,1.5
396346,45133.4491898148,45104.2984027778,0.0,4480.0,0.0,393.0,1160.0,15.0666666666667,0.0,3500.0,0.5
041170,45107.5016319444,45044.523599537,40283.0,976.0,493.0,1.0,1160.0,,160000.0,4000.0,1.5
043208,45126.5779513889,45133.2585532407,60182.0,1197.0,739.0,36.0,1160.0,47.2052777777778,180000.0,0.0,1.5
CLAW10,44162.9691319444,1.0,1.0,0.0,0.0,ATTACHMENT,0.5,ATT-CLW-BUC,000582,7 LESLIE ST,ATTACHMENT-CLAW BUCKET
043275,45071.4605439815,44538.9157175926,7457.0,1890.0,1488.0,0.0,1160.0,1.5,0.0,0582-1,PICKU-1/2T
176029,45106.3405092593,45124.3146527778,52250.0,3957.0,772.0,96.0,1160.0,232.292222222222,250000.0,10000.0,5.5
155023,45138.525474537,45085.5651736111,21633.0,1659.0,3522.0,301.0,1160.0,,,0.0,4.0
323106,45120.6401388889,,0.0,1580.0,0.0,356.0,1160.0,354.340277777778,0.0,12600.0,8.0
157046,45134.2940162037,45121.4090509259,53866.0,,855.0,311.0,1160.0,221.186388888889,220000.0,5500.0,6.0
112517,45131.315,44824.5519907407,15803.0,387.0,4759.0,5.0,1160.0,1.5,0.0,4426-1,VAN-3/4T
044063,45124.4684143519,44995.3577430556,128291.0,0.0,4019.0,0.0,1160.0,29.2833333333333,180000.0,0.0,1.5
236293,43830.0,,114817.0,15593.0,11392.0,1348.0,1160.0,164.588333333333,250000.0,10000.0,8.0
396299,45135.5247800926,0.0,5011.0,0.0,137.0,GROUND,0.5,GM-MOWER,005267,11 ARMEL CRT,GROUND-MOWER
322091,44912.3354282407,44929.5568402778,0.0,763.0,0.0,1.0,1160.0,90.6358333333333,0.0,7000.0,8.0
401274,44651.4060763889,0.0,0.0,0.0,0.0,TRAILER,0.5,TRL-UTILITY,000582,7 LESLIE ST,
063078,44986.5221990741,44936.5342824074,222146.0,6354.0,2370.0,1.0,464.0,54.02,220000.0,0.0,1.5
156205,45127.3075347222,44967.5598148148,13884.0,1051.0,5270.0,301.0,1160.0,36.2044444444444,220000.0,0.0,4.0
267263,44820.5908796296,0.0,0.0,0.0,0.0,TRAILER,0.5,TRL-UTILITY,10010,EASTERN GARAGE,
159032,45082.375474537,44987.5823148148,59627.0,2603.0,988.0,46.0,1160.0,40.4475,250000.0,10000.0,5.0
041148,45126.4973032407,44993.4072569444,28610.0,120.0,1235.0,13.0,1160.0,37.3211111111111,160000.0,4000.0,1.5
317011,0.0,0.0,0.0,0.0,FACILITY,8.0,FM-FL-SCR,FACILITY-FLOOR SCRUBBER,,,317TENNEL14
314005,45083.3571527778,45075.4833333333,0.0,903.0,0.0,15.0,1160.0,9.77888888888889,,2100.0,4.0
041423,45119.5441782407,45028.3528819444,10792.0,184.0,5643.0,101.0,1160.0,0.245833333333333,160000.0,4000.0,1.5
112486,45134.413287037,44827.4591435185,15020.0,674.0,5062.0,252.0,1160.0,1.5,0.0,4869-2,VAN-3/4T
050075,45135.8041898148,45138.3091203704,41280.0,2604.0,5043.0,428.0,1160.0,427.712777777778,180000.0,0.0,1.5
065115,45083.3170949074,45086.4125231481,74394.0,3060.0,2746.0,72.0,1160.0,2.05388888888889,220000.0,0.0,1.5
076084,45128.3809027778,44846.31625,19322.0,1045.0,2812.0,223.0,1160.0,1.5,0.0,005513,PICKU-1TON
269024,44323.5015856481,0.0,0.0,0.0,0.0,APPARATUS,0.5,APP-ARR-BD,000582,7 LESLIE ST,
323092,45085.5747453704,45071.7971643519,0.0,695.0,0.0,87.0,1160.0,56.0,0.0,9800.0,8.0
379068,0.0,0.0,0.0,GROUND,8.0,EASTERN GARAGE,PS-GUZAEEEZZZ,PLAN SPEC: GROUND MAINTENANCE CARTS <10HP 3 WHEEL 8Y ELECT,,,STANDARD
041392,45134.3159143518,45019.4714467593,7152.0,302.0,2843.0,133.0,1160.0,4.39138888888889,160000.0,4000.0,1.5
396336,45134.5478935185,44665.5084953704,0.0,1257.0,0.0,230.0,1160.0,,2800.0,005848,GM-MOWER
347030,40588.4840277778,45077.5765856481,0.0,178.0,0.0,1.0,1160.0,302.615277777778,0.0,21000.0,2.0
074023,45064.3346527778,45085.5794328704,8694.0,820.0,1956.0,244.0,1160.0,163.573055555556,220000.0,0.0,1.5
094121,45127.4690393519,45075.4759606481,21495.0,690.0,5003.0,6.0,1160.0,0.233333333333333,160000.0,4000.0,1.0
112434,45137.6100347222,44991.6678587963,88136.0,5012.0,6753.0,3.0,1160.0,95.1675,220000.0,0.0,1.5
294025,43227.2994791667,44812.5464467593,0.0,651.0,0.0,0.0,304.0,1.0,6300.0,004301,APP-BRUSH-CH
095198,45133.3048958333,45111.3372453704,5389.0,56.0,5002.0,3.0,1160.0,73.0305555555556,160000.0,0.0,1.5
045103,45020.4700925926,45090.8206018519,85154.0,4769.0,3749.0,269.0,,132.848888888889,180000.0,0.0,1.5
378353,45125.2831828704,44862.2803009259,0.0,260.0,0.0,234.0,984.0,1.0,2100.0,CNE,GM-UT-CART
502045,45027.340775463,,135.0,0.0,0.0,ATTACHMENT,0.5,ATT-WELD,000902,786 DUNDAS ST E,ATTACHMENT-VEHICLE MOUNTED WEL
112510,45107.4002314815,44970.3051273148,6583.0,491.0,2.0,77.0,1160.0,65.0369444444444,220000.0,0.0,1.5
267264,45028.3574189815,0.0,0.0,0.0,0.0,TRAILER,25.9947222222222,,0.0,10010,TRL-UTILITY
330198,45121.4304398148,0.0,0.0,0.0,0.0,ROADMAIN,17.68,4.0,2100.0,000619,ROAD-LIT-VAC
067131,45120.4551273148,45106.427349537,380.0,17.0,380.0,17.0,112.0,21.7436111111111,220000.0,0.0,1.5
236259,45132.2677893518,45130.3548611111,117405.0,6216.0,3984.0,578.0,1160.0,249.081388888889,250000.0,10000.0,8.0
319111,45133.5290625,45113.5460532407,0.0,2426.0,,84.0,1160.0,258.389444444444,0.0,5600.0,0.5
267220,45126.3909953704,0.0,0.0,0.0,0.0,TRAILER,70.6161111111111,0.5,0.0,001984,TRL-UTILITY
333020,45125.7493055556,45064.2336805556,0.0,7672.0,0.0,225.0,1160.0,749.551388888889,0.0,18200.0,8.0
045062,45134.4828703704,45120.4012731481,108947.0,2032.0,9746.0,300.0,1160.0,120.859166666667,180000.0,0.0,1.5
322075,45134.4856365741,45091.3058217593,0.0,4604.0,0.0,236.0,1160.0,72.8591666666667,0.0,7000.0,8.0
250033,45086.5086689815,0.0,0.0,0.0,0.0,TRAILER,85.4458333333333,0.5,0.0,005449,TRL-VAN/TANK
067106,45131.3212037037,45111.2942708333,2492.0,489.0,2492.0,489.0,680.0,,220000.0,0.0,1.5
222042,44151.4183333333,45135.3106944444,51326.0,3355.0,7801.0,11.0,1160.0,474.082222222222,220000.0,5500.0,8.0
396481,45135.3048611111,44747.9615277778,0.0,487.0,0.0,88.0,1160.0,0.5,2100.0,,GM-MOWER
376102,,0.0,0.0,0.0,ICEMAIN,10.0,ICE-RESURF,ICE-MAIN-RESURFACER,,,376ZAMBNG15C
003339,45114.492650463,116.0,0.0,116.0,0.0,CLASS1,6.20638888888889,1.0,0.0,005680,SEDAN-PASS
267059,45012.387337963,0.0,0.0,0.0,0.0,TRAILER,30.7119444444444,-1,0.0,005381,TRL-UTILITY
115020,45133.5735416667,44957.4159027778,42389.0,2294.0,4756.0,12.0,1160.0,,220000.0,0.0,1.5
331006,45133.3989583333,44970.6180208333,0.0,2289.0,0.0,29.0,1160.0,508.060833333333,0.0,2100.0,0.5
378280,43809.2805208333,0.0,3.0,0.0,0.0,GROUND,1.0,GM-UT-CART,,200 PARKSIDE DR,
396349,43034.3651041667,44148.4362384259,0.0,692.0,0.0,0.0,1160.0,0.5,,004301,GM-MOWER
112344,44739.5553819444,44740.3472337963,18707.0,982.0,0.0,0.0,304.0,1.5,0.0,001984,VAN-3/4T
076088,45127.3950925926,45050.374849537,12569.0,431.0,2683.0,5.0,1160.0,108.655555555556,220000.0,0.0,1.5
237238,43830.0,44883.7219675926,39608.0,4541.0,217.0,17.0,,1159.15444444444,250000.0,6250.0,8.0
076072,45135.2777199074,45121.4401967593,47180.0,3637.0,10159.0,709.0,1160.0,23.1294444444444,220000.0,0.0,1.5
237256,45134.4262731482,41074.0,4360.0,8157.0,979.0,CLASS8,115.553333333333,8.0,6250.0,3892-2,TRUCK-SLOAD
384011,0.0,0.0,0.0,0.0,GROUND,8.0,GM-BIKE,GROUNT-CARGO-BIKE,433 EASTERN AVE,,384NORCNA07
376002,41608.3358680556,1483.0,0.0,0.0,0.0,ICEMAIN,3.0,ICE-RESURF,4426-1,21 ALNESS ST,ICE-MAIN-RESURFACER
323094,45135.5354166667,45132.4122569444,0.0,10166.0,0.0,1009.0,1160.0,46.1058333333333,0.0,17400.0,8.0
376028,41458.4149884259,2.0,300.0,0.0,0.0,ICEMAIN,3.0,ICE-RESURF,003763,101 RIDGETOP RD,ICE-MAIN-RESURFACER
205021,45125.4443171296,45125.4137962963,277143.0,2469.0,5084.0,15.0,1160.0,496.1925,250000.0,6250.0,6.0
274023,0.0,0.0,0.0,0.0,APPARATUS,12.0,APP-ARR-BD,APPARUTUS ARROW BOARD,1401 CASTLEFIELD AVE,,274VERMNA19
045128,45128.4120949074,45127.4246180556,30132.0,1071.0,1124.0,49.0,1160.0,48.3133333333333,180000.0,4500.0,1.5
158033,44900.6539467593,45127.4921875,97151.0,0.0,1.0,0.0,1160.0,24.0127777777778,250000.0,6250.0,5.0
322067,45134.5340277778,,0.0,5827.0,0.0,230.0,1160.0,268.596111111111,0.0,7000.0,8.0
315097,45138.5755555556,45126.5637384259,0.0,3624.0,0.0,405.0,1160.0,669.573611111111,250000.0,9000.0,8.0
041287,45084.5691898148,45125.4328935185,19807.0,323.0,953.0,0.0,1160.0,97.7830555555555,160000.0,4000.0,1.5
041360,,44851.5860763889,10050.0,302.0,2608.0,71.0,1160.0,1.5,4000.0,005963,SEDAN-PASS
319196,44987.0105555556,45114.599537037,0.0,292.0,0.0,92.0,1160.0,424.157777777778,0.0,3500.0,2.0
190001,45132.3456018519,45134.4007291667,36455.0,3488.0,1870.0,148.0,1160.0,117.098333333333,250000.0,6250.0,6.0
378189,0.0,0.0,0.0,0.0,GROUND,8.0,GM-UT-CART,,,,378CLUBEL06
041315,45131.7261111111,44979.3950578704,60247.0,2899.0,9430.0,424.0,1160.0,7.59083333333333,160000.0,4000.0,1.5
270007,45106.5250578704,0.0,0.0,0.0,0.0,TRAILER,191.590555555556,0.5,0.0,005154,TRL-OFFICE
206077,45135.4328009259,45119.2957175926,190184.0,7750.0,16320.0,583.0,1160.0,53.2561111111111,400000.0,10000.0,5.0
045168,45132.3834953704,45086.4166666667,33543.0,2374.0,0.0,0.0,1160.0,0.0,180000.0,0.0,1.5
045048,45132.3201851852,45027.3875347222,172924.0,4321.0,6.0,2.0,1160.0,2.98166666666667,180000.0,0.0,1.5
156178,45058.3136458333,45127.4669675926,18092.0,1343.0,844.0,67.0,1160.0,115.384166666667,220000.0,5500.0,6.0
041453,45127.4842824074,45107.5225925926,3083.0,473.0,3083.0,473.0,1088.0,46.2908333333333,,4000.0,1.5
112300,44484.4304398148,44630.5638541667,22898.0,631.0,0.0,0.0,1160.0,1.5,0.0,006072,VAN-3/4T
062097,45064.3371412037,45093.4652777778,72938.0,4284.0,1978.0,204.0,1160.0,258.398333333333,220000.0,0.0,1.5
376006,41257.3698842593,1677.0,0.0,0.0,0.0,ICEMAIN,3.0,ICE-RESURF,005381,441 KIPLING AVE,ICE-MAIN-RESURFACER
094104,45135.390625,45118.6260185185,23382.0,1443.0,4697.0,301.0,1160.0,104.017222222222,160000.0,4000.0,1.0
379061,0.0,0.0,0.0,0.0,GROUND,8.0,GM-UT-CART,,,,379CLUBEL14A
396451,42887.7596875,0.0,2.0,0.0,0.0,GROUND,0.5,GM-MOWER,004793,149 ELMCREST RD,GROUND-MOWER
237206,43830.0,,40099.0,4620.0,0.0,0.0,1160.0,1160.0,250000.0,6250.0,8.0
112078,45111.3219444444,38205.0,0.0,750.0,0.0,CLASS2,1.5,VAN-3/4T,,,VAN - 3/4 TON
267236,44833.5663541667,0.0,0.0,0.0,0.0,TRAILER,0.5,TRL-UTILITY,002426,150 DISCO RD,
095200,45134.3693518518,45119.362650463,5435.0,7.0,5183.0,2.0,1160.0,2.44027777777778,160000.0,0.0,1.5
159007,45093.5513310185,45120.4499884259,58669.0,3257.0,1319.0,126.0,1160.0,135.805,250000.0,0.0,5.0
112511,45135.3271064815,45124.7267939815,,891.0,5005.0,312.0,1160.0,159.310277777778,220000.0,0.0,1.5
072207,45128.2858680556,44958.4453472222,88877.0,2887.0,1545.0,75.0,1160.0,72.0166666666667,220000.0,0.0,1.5
378359,45036.400150463,0.0,3.0,0.0,3.0,GROUND,63.6244444444444,1.0,2100.0,005988,GM-UT-CART
156129,45114.2205555556,,47028.0,1011.0,3400.0,2.0,1160.0,240.405277777778,220000.0,0.0,4.0
322056,44771.4090972222,,862.0,0.0,0.0,CONSTRUCT,4.0,CON-SKD-STR,003896,70 NASHDENE RD,CONSTRUCT-SKID STEER
323082,45135.5354166667,45132.4576273148,0.0,,0.0,20.0,1160.0,1148.98972222222,0.0,17400.0,8.0
250530,45119.9046064815,1608.0,0.0,1608.0,0.0,TRAILER,48.7769444444444,0.5,0.0,0582-1,TRL-VAN/TANK
299004,43734.3113541667,,0.0,273.0,0.0,0.0,1160.0,1.0,2100.0,006217,
237223,43830.0,45125.7770833333,43557.0,5059.0,2465.0,346.0,1160.0,270.289166666667,250000.0,6250.0,8.0
064174,45107.3820833333,45002.4170138889,9586.0,790.0,1298.0,1.0,1160.0,7.29,220000.0,0.0,
050169,,44971.4553703704,8029.0,429.0,1.0,1.0,1160.0,3.64138888888889,180000.0,4500.0,1.5
159028,45113.3079166667,45036.9128703704,57983.0,0.0,478.0,0.0,1160.0,,250000.0,10000.0,5.0
294061,42094.5472222222,44854.3941550926,0.0,483.0,,0.0,1160.0,1.0,6300.0,005381,APP-BRUSH-CH
063069,44838.5174768519,44958.6004050926,91080.0,521.0,1.0,1.0,464.0,49.5902777777778,220000.0,0.0,1.5
157033,45135.4889236111,45112.3184490741,141210.0,4891.0,11367.0,708.0,1160.0,234.8875,220000.0,0.0,4.0
222023,,45134.5710069444,129880.0,9143.0,1168.0,117.0,1160.0,414.329722222222,220000.0,5500.0,8.0
194041,45133.429849537,45135.5734722222,50752.0,1949.0,11130.0,443.0,1160.0,34.5472222222222,250000.0,0.0,3.0
004195,39302.5960763889,0.0,0.0,0.0,0.0,TRAILER,0.5,TRL-UTILITY,,,
111085,45127.5979050926,45037.4809722222,44260.0,1840.0,4858.0,3.0,1160.0,17.7705555555556,180000.0,0.0,1.5
304008,0.0,0.0,0.0,0.0,APPARATUS,11.0,APP-AERATOR,APPARUTUS-AERATOR,235 EDENBRIDGE DR,,304AERWNA08
112308,42977.9340393519,43137.4466087963,0.0,0.0,0.0,0.0,1160.0,1.5,0.0,,VAN-3/4T
194014,45135.6783564815,45131.8889351852,20393.0,332.0,3130.0,2.0,1160.0,74.8711111111111,250000.0,10000.0,3.0
318059,45001.5361111111,44998.4161921296,0.0,174.0,0.0,174.0,1152.0,21.1575,0.0,3500.0,3.0
267058,45030.3289814815,0.0,0.0,0.0,0.0,TRAILER,1.0,0.5,0.0,005109,TRL-UTILITY
041275,45065.4366435185,45078.3560416667,11628.0,657.0,739.0,23.0,1160.0,0.0,160000.0,4000.0,1.5
8-02-17,38335.4195486111,5000.0,0.0,0.0,0.0,CLASS8,5.0,TRUCK-DUMP,,,TRUCK - DUMP
315098,45070.3708680556,45125.8552083333,0.0,2390.0,0.0,10.0,1160.0,697.610277777778,250000.0,9000.0,8.0
041083,45096.3897569444,45036.5380902778,84597.0,0.0,2495.0,0.0,1160.0,7.57111111111111,160000.0,4000.0,1.5
050211,106.0,0.0,106.0,0.0,CLASS2,10.0,PICKU-1/2T,PICKUP - 1/2 TON,EASTERN GARAGE,,050FORDEL23
378319,44768.7794444444,0.0,227.0,0.0,0.0,GROUND,1.0,GM-UT-CART,0582-1,9 LESLIE ST,
267101,45103.3515393519,0.0,0.0,0.0,0.0,TRAILER,60.5069444444444,0.5,0.0,004301,TRL-UTILITY
329011,44875.3080324074,0.0,391.0,0.0,0.0,LIFTING,2.0,LIFT-FRKLFT,002426,150 DISCO RD,
050065,45132.3184027778,,49698.0,4071.0,6287.0,456.0,1160.0,201.833888888889,180000.0,0.0,1.5
396424,44733.3147569444,44477.4902662037,0.0,1508.0,0.0,0.0,1160.0,0.5,2100.0,004190,GM-MOWER
080069,45019.3046759259,44992.5458449074,174535.0,3690.0,895.0,0.0,648.0,412.681111111111,220000.0,5500.0,4.0
378334,44999.4217824074,0.0,99.0,0.0,99.0,GROUND,53.7744444444444,1.0,2100.0,0582-1,GM-UT-CART
041095,43220.5381597222,43221.4336458333,0.0,0.0,0.0,0.0,1160.0,1.5,4000.0,,SEDAN-PASS
396386,43371.385150463,42250.6077199074,0.0,723.0,0.0,37.0,1160.0,0.5,2800.0,005109,GM-MOWER
155029,45138.5841550926,,4788.0,359.0,4788.0,359.0,1104.0,60.3236111111111,220000.0,5500.0,6.0
156085,45127.3410763889,45083.4371064815,77937.0,0.0,3229.0,0.0,1160.0,50.3294444444445,220000.0,5500.0,6.0
396392,45138.3315509259,43977.3008912037,0.0,,0.0,210.0,1160.0,0.5,4200.0,003688,GM-MOWER
065186,45135.2204976852,,7622.0,54.0,6349.0,22.0,1160.0,3.16166666666667,220000.0,0.0,1.5
319248,45113.2901388889,0.0,0.0,0.0,0.0,GROUND,113.005555555556,0.5,7000.0,003892,GM-TRACT
094125,45134.3530324074,45078.2825115741,25073.0,667.0,5002.0,2.0,1160.0,29.4533333333333,160000.0,4000.0,1.0
065195,45134.3014467593,45124.358900463,7790.0,46.0,6914.0,14.0,1160.0,29.7088888888889,,0.0,1.5
396538,44732.5495138889,44860.391875,0.0,58.0,0.0,0.0,1160.0,0.5,2100.0,005848,GM-MOWER
112410,45137.2863078704,44994.800462963,92329.0,5951.0,10150.0,512.0,1160.0,86.5386111111111,220000.0,0.0,1.5
041139,45119.4769675926,,70621.0,1679.0,2562.0,6.0,1160.0,96.9672222222222,160000.0,4000.0,1.5
319167,45135.5595601852,,0.0,727.0,0.0,141.0,1160.0,80.0,0.0,7000.0,0.5
045191,45098.9200347222,,14929.0,1306.0,3999.0,289.0,1160.0,78.4683333333333,180000.0,0.0,1.5
050072,45134.4918055556,45126.2981712963,62374.0,4459.0,8011.0,657.0,1160.0,61.6313888888889,180000.0,,1.5
CLAW9,44588.5157175926,5.0,5.0,0.0,0.0,ATTACHMENT,0.5,ATT-CLW-BUC,000520,433 EASTERN AVE,
064177,45138.5733680556,45037.326400463,46523.0,1994.0,4528.0,54.0,1160.0,32.0,220000.0,0.0,1.5
112441,45128.5605787037,44930.3117361111,22453.0,703.0,5002.0,300.0,1160.0,16.0,220000.0,0.0,1.5
077029,45135.4783217593,,14323.0,765.0,9013.0,755.0,1160.0,51.65,220000.0,0.0,1.5
159017,45022.5076157407,45015.4740740741,37231.0,2040.0,71.0,7.0,960.0,8.76305555555555,250000.0,0.0,
045153,45135.4140972222,44995.3100115741,3011.0,200.0,4.0,4.0,1160.0,32.4463888888889,180000.0,0.0,1.5
315055,,43303.4378240741,0.0,0.0,0.0,0.0,1160.0,8.0,9000.0,,ROAD-ST-SWEEP
115030,45126.500162037,44867.521400463,5984.0,308.0,1779.0,96.0,1160.0,56.0,220000.0,0.0,1.5
065063,44322.3368865741,44348.5829513889,0.0,0.0,0.0,0.0,1160.0,1.5,0.0,,PICKU-3/4T
115022,45135.5471180556,45065.4146296296,43914.0,2036.0,7378.0,375.0,1160.0,8.0675,220000.0,0.0,1.5
250036,45047.2844328704,0.0,0.0,0.0,0.0,TRAILER,39.85,0.5,0.0,005449,TRL-VAN/TANK
112432,45134.3147569444,45128.5055439815,61144.0,4370.0,5327.0,313.0,1160.0,91.3591666666667,220000.0,0.0,1.5
050034,45135.6806828704,,184324.0,10618.0,16807.0,954.0,1160.0,105.939444444444,180000.0,4500.0,1.5
041035,44518.4610532407,40960.4611342593,186825.0,0.0,0.0,0.0,1160.0,1.5,4000.0,0549-1,SEDAN-PASS
396326,41598.5756944444,43357.4865625,0.0,67.0,0.0,0.0,1160.0,0.5,7000.0,002700,GM-MOWER
112416,45125.5034722222,45009.4531134259,39387.0,304.0,3621.0,1.0,1160.0,,220000.0,0.0,1.5
330152,45138.5651041667,45138.2482523148,0.0,3683.0,0.0,387.0,1160.0,,0.0,2100.0,4.0
237275,1543.0,48.0,1543.0,48.0,CLASS8,5.0,TRUCK-SLOAD,TRUCK - SIDE LOADER,BERMONDSEY GARAGE,,237MACKNG23
020024,45134.4896180556,45019.2737615741,19453.0,11.0,5710.0,2.0,1160.0,19.0913888888889,160000.0,0.0,1.0
158090,45135.3390856481,45119.5577777778,15746.0,1142.0,8074.0,687.0,1160.0,239.237777777778,250000.0,6250.0,5.0
331008,45029.5482523148,45120.6942708333,0.0,872.0,0.0,12.0,1160.0,19.4088888888889,0.0,2100.0,0.5
378315,43859.6624074074,0.0,4.0,0.0,0.0,GROUND,1.0,GM-UT-CART,005649,51 BEECHGROVE DR,
050137,45133.3274074074,45048.3021180556,1976.0,88.0,57.0,10.0,1160.0,12.8469444444444,180000.0,4500.0,1.5
041349,44912.5713078704,44907.5863888889,18824.0,747.0,403.0,12.0,1160.0,1.5,4000.0,004129,SEDAN-PASS
041161,,44989.7065972222,121167.0,4118.0,4500.0,2.0,1160.0,27.615,160000.0,4000.0,1.5
376128,,,4.0,4.0,4.0,ICEMAIN,12.2777777777778,3.0,4900.0,4426-1,ICE-RESURF
115021,45135.3637384259,45076.5649421296,53435.0,2136.0,4542.0,1.0,1160.0,34.4413888888889,220000.0,0.0,1.5
376060,0.0,0.0,0.0,0.0,ICEMAIN,10.0,ICE-RESURF,ICE-MAIN-RESURFACER,441 KIPLING AVE,,376ZAMBNG10
379047,0.0,0.0,0.0,0.0,GROUND,8.0,GM-UT-CART,,1000 JANE ST,,379YAMAUN18
062098,45132.5186574074,45132.6086226852,28283.0,983.0,3721.0,147.0,1160.0,0.0,220000.0,0.0,1.5
095164,45138.4858449074,45065.3393634259,12639.0,446.0,5.0,2.0,1160.0,31.8552777777778,160000.0,0.0,1.5
065163,45135.3670717593,44888.4023958333,1980.0,16.0,1657.0,3.0,1160.0,1.5,0.0,000525,PICKU-3/4T
095115,45125.4743171296,45000.5677777778,31375.0,1056.0,927.0,95.0,1160.0,31.0225,160000.0,0.0,1.5
095137,45127.4640162037,45111.5503240741,43251.0,1637.0,1908.0,1.0,1160.0,28.1311111111111,160000.0,0.0,1.5
236276,43830.0,45112.4740046296,78959.0,7873.0,5514.0,591.0,1160.0,88.0747222222222,250000.0,10000.0,8.0
222036,44361.3055439815,45126.2465277778,26931.0,2499.0,5006.0,306.0,,384.151666666667,220000.0,5500.0,8.0
049008,45132.4688425926,45097.4033101852,34738.0,1475.0,3812.0,170.0,1160.0,2.32888888888889,180000.0,4500.0,1.5
187030,45135.4463888889,45006.4914583333,25419.0,692.0,124.0,1.0,1160.0,164.205,250000.0,6250.0,5.0
098001,45128.7186574074,45091.5709375,47933.0,3514.0,2416.0,226.0,1160.0,318.698333333333,220000.0,0.0,1.5
376082,0.0,0.0,0.0,0.0,ICEMAIN,10.0,ICE-RESURF,ICE-MAIN-RESURFACER,50 BOOTH AVE,,
329038,45126.3843634259,0.0,319.0,0.0,1.0,LIFTING,30.7752777777778,2.0,3500.0,000525,LIFT-FRKLFT
112439,45138.3535763889,44935.2976388889,64975.0,538.0,3984.0,1.0,,1.19694444444444,220000.0,0.0,1.5
395019,42837.4312037037,0.0,955.0,0.0,0.0,GROUND,0.5,GM-MOWER,005267,11 ARMEL CRT,GROUND-MOWER
045183,45114.5795138889,45002.5389583333,15778.0,930.0,2561.0,301.0,1160.0,16.8397222222222,180000.0,0.0,1.5
237213,43830.0,45133.6374189815,64630.0,,8065.0,1025.0,1160.0,252.432777777778,250000.0,6250.0,
043202,43696.5425925926,43754.287650463,0.0,0.0,0.0,0.0,,1.5,0.0,,PICKU-1/2T
205009,45008.3146064815,45037.340162037,107931.0,2444.0,208.0,0.0,1160.0,559.836111111111,,0.0,5.0
050186,45082.378587963,45084.4218171296,807.0,28.0,807.0,28.0,576.0,34.5933333333333,180000.0,4500.0,1.5
112238,45135.3843865741,45132.4053819444,122445.0,0.0,1425.0,0.0,1160.0,344.866666666667,220000.0,0.0,1.5
267129,43573.2821759259,0.0,0.0,0.0,0.0,TRAILER,0.5,TRL-UTILITY,,,
135158,45138.3908101852,45034.4471527778,119407.0,4465.0,8483.0,352.0,1160.0,-1,250000.0,0.0,3.0
064155,45085.4491782407,45008.7355092593,22129.0,1186.0,3149.0,116.0,1160.0,161.37,220000.0,0.0,1.5
396324,44879.2784722222,43445.3299768519,0.0,3674.0,0.0,0.0,1160.0,0.5,7000.0,005381,GM-MOWER
330168,45133.5451388889,45138.2669675926,0.0,2240.0,0.0,5.0,1160.0,604.610555555556,0.0,2100.0,4.0
067031,44992.3261458333,45119.507349537,96734.0,3855.0,1643.0,407.0,1160.0,,220000.0,0.0,1.5
298001,41974.3115046296,44868.3042013889,0.0,1102.0,0.0,0.0,1160.0,4.25,6300.0,003892,APP-LEAF-LD
041400,45135.1883333333,45084.6501967593,125908.0,7733.0,28959.0,1629.0,1160.0,213.618055555556,,4000.0,1.5
080070,44936.3254282407,44950.3563194444,158123.0,2737.0,592.0,2.0,648.0,159.448333333333,220000.0,5500.0,4.0
048053,45133.3563194444,45030.2565625,20813.0,1787.0,3421.0,327.0,1160.0,36.0475,180000.0,4500.0,1.5
112378,44881.3578356481,44911.5528703704,148178.0,7362.0,0.0,0.0,152.0,1.5,0.0,004426,
267092,45114.4149074074,0.0,0.0,0.0,0.0,TRAILER,204.296388888889,0.5,0.0,003893,TRL-UTILITY
194046,45135.4443287037,45099.3863425926,2933.0,98.0,2933.0,98.0,160.0,30.7277777777778,250000.0,0.0,3.0
155011,44861.5300810185,44853.3239236111,129420.0,3821.0,2.0,0.0,464.0,6.0,5500.0,002426,TRUCK-DUMP
322071,45132.6368055556,44999.5165856481,0.0,3662.0,0.0,101.0,1160.0,0.0280555555555556,0.0,7000.0,8.0
064181,45132.5039583333,44986.3789699074,15368.0,728.0,3513.0,177.0,1160.0,15.9930555555556,220000.0,,1.5
050195,45117.4277430556,960.0,0.0,960.0,0.0,CLASS2,77.3113888888889,1.5,4500.0,004426,PICKU-1/2T
379064,0.0,0.0,0.0,,GROUND,8.0,GM-UT-CART,,,,379CLUBEL14C
731536,39209.2583333333,42426.4106018519,0.0,575.0,0.0,0.0,960.0,0.5,2800.0,,GM-TRACT
003243,45122.9836226852,45119.3591666667,31361.0,1788.0,3819.0,182.0,1160.0,1.8,160000.0,0.0,1.0
CLAW32,44914.5005902778,0.0,0.0,0.0,0.0,ATTACHMENT,25.1205555555556,0.5,0.0,005495,ATT-CLW-BUC
041411,45134.5108912037,44929.5240740741,23796.0,,9680.0,373.0,1160.0,11.5402777777778,160000.0,4000.0,1.5
007022,45137.1806597222,,165048.0,5802.0,21065.0,2.0,1160.0,78.1925,160000.0,0.0,1.5
330217,45117.4560416667,0.0,2.0,0.0,2.0,ROADMAIN,165.572777777778,4.0,2100.0,000619,ROAD-LIT-VAC
379040,,0.0,0.0,0.0,GROUND,8.0,GM-UT-CART,,,,
290008,44840.3705555556,0.0,0.0,0.0,0.0,TRAILER,0.5,TRL-WATER-CIS,005154,545 COMMISSIONERS ST,TRAILER-WATER CISTERN
236300,43830.0,45125.3686921296,66203.0,8321.0,5463.0,763.0,1160.0,279.935833333333,250000.0,10000.0,8.0
266018,45014.4197916667,0.0,0.0,0.0,0.0,TRAILER,23.93,0.5,0.0,002426,TRL-UTILITY
041341,45138.6777893519,45099.3874884259,31155.0,2707.0,4305.0,478.0,1160.0,10.6988888888889,160000.0,4000.0,1.5
CLAW15,43474.5431365741,2.0,1.0,0.0,0.0,ATTACHMENT,0.5,ATT-CLW-BUC,000520,433 EASTERN AVE,ATTACHMENT-CLAW BUCKET
041166,44791.3582175926,45085.2865277778,21716.0,351.0,0.0,0.0,1160.0,24.0,160000.0,4000.0,1.5
007037,45135.9734606482,45125.3933449074,162266.0,8251.0,3859.0,3.0,1160.0,223.949722222222,160000.0,0.0,1.5
379062,0.0,0.0,0.0,0.0,GROUND,8.0,GM-UT-CART,,,,379CLUBEL14B
080086,45138.4247569444,45028.6445601852,47244.0,1490.0,3600.0,531.0,1160.0,440.530555555556,220000.0,5500.0,4.0
006028,44315.5631597222,,54859.0,142.0,3.0,2.0,1160.0,88.3783333333333,160000.0,0.0,1.0
415013,0.0,0.0,0.0,0.0,GROUND,10.0,GM-MOWER,GROUND-MOWER,2481 BIRCHMOUNT RD,,415TOROUN19
114031,45131.2951041667,45127.4163541667,96186.0,4209.0,4299.0,6.0,1160.0,302.884166666667,220000.0,0.0,
080065,45135.2646990741,45096.5654513889,201892.0,9238.0,5607.0,4.0,1160.0,443.123055555556,220000.0,5500.0,4.0
047051,44735.3194328704,44931.2969907407,101940.0,,1.0,1.0,1160.0,8.0,180000.0,4500.0,1.5
111055,45138.4075925926,44837.2888888889,67719.0,1741.0,5712.0,0.0,1160.0,1.5,0.0,,VAN-1/2T
319131,45040.5124305556,45027.56625,0.0,2048.0,0.0,166.0,1160.0,119.076944444444,0.0,5600.0,0.5
067050,45044.6110416667,45047.5070833333,81864.0,2203.0,4280.0,19.0,1160.0,507.83,220000.0,0.0,1.5
266022,44690.3707407407,0.0,0.0,0.0,0.0,TRAILER,0.5,TRL-UTILITY,003896,70 NASHDENE RD,
396519,45121.4903240741,0.0,532.0,0.0,25.0,GROUND,0.5,GM-MOWER,006155,2481 BIRCHMOUNT RD,GROUND-MOWER
188060,45135.6653819444,45118.2750925926,41977.0,841.0,7966.0,2.0,1160.0,171.694444444444,250000.0,6250.0,5.0
062092,45133.5341898148,45054.5253356481,81424.0,0.0,5055.0,0.0,1160.0,36.5297222222222,220000.0,0.0,1.5
267276,45096.2563541667,0.0,0.0,0.0,0.0,TRAILER,84.3102777777778,0.5,0.0,10010,TRL-UTILITY
250532,45126.2665277778,0.0,0.0,0.0,0.0,TRAILER,24.3288888888889,0.5,0.0,,TRL-VAN/TANK
187029,45118.3120717593,45092.5111574074,27927.0,1730.0,2821.0,203.0,1160.0,106.667222222222,250000.0,6250.0,5.0
376095,43738.5419560185,1.0,1.0,0.0,0.0,ICEMAIN,3.0,ICE-RESURF,004623,2539 BAYVIEW AVE,ICE-MAIN-RESURFACER
319205,44872.9759027778,45106.3648263889,0.0,598.0,0.0,57.0,1160.0,729.616666666667,0.0,3500.0,2.0
286003,44314.3488541667,0.0,324.0,0.0,0.0,APPARATUS,1.0,APP-COMPRRESS,005154,545 COMMISSIONERS ST,APPARUTUS-COMPRESSOR
322055,44953.3626851852,44953.4632986111,0.0,3005.0,0.0,31.0,960.0,,,7000.0,8.0
050066,45125.3779513889,45099.4333564815,16215.0,1099.0,1.0,0.0,1160.0,24.3158333333333,180000.0,0.0,1.5
067111,45127.4573958333,44950.3658680556,5978.0,351.0,5977.0,350.0,1072.0,28.7097222222222,220000.0,0.0,1.5
330210,0.0,0.0,0.0,ROADMAIN,6.0,YONGE GARAGE,330MADVDI23,,,,STANDARD
294090,45020.2384375,0.0,9.0,0.0,1.0,APPARATUS,40.0,1.0,9800.0,5109-1,APP-BRUSH-CH
322088,45132.3110185185,45113.579837963,0.0,2117.0,0.0,632.0,1160.0,53.83,0.0,7000.0,8.0
156128,45087.03125,45117.3366435185,55654.0,3951.0,2121.0,1.0,1160.0,125.047222222222,220000.0,0.0,4.0
317016,0.0,0.0,0.0,0.0,FACILITY,8.0,FM-FL-SCR,FACILITY-FLOOR SCRUBBER,,,317NILFLPG20A
041240,45138.354212963,45064.2717013889,30463.0,629.0,2252.0,3.0,1160.0,,160000.0,4000.0,
319093,44158.3558564815,45096.4591666667,0.0,783.0,0.0,0.0,1160.0,12.98,0.0,2800.0,0.5
051004,45128.7940046296,45107.4065393519,84540.0,2185.0,3447.0,5.0,1160.0,,180000.0,4500.0,1.5
005009,45099.7851736111,45103.3524305556,73564.0,4492.0,10064.0,2.0,1160.0,4.74388888888889,160000.0,4000.0,1.5
378201,42583.5184490741,43556.3769907407,273.0,258.0,0.0,0.0,1160.0,1.0,2100.0,001984,GM-UT-CART
324033,44930.5668171296,0.0,6.0,0.0,,CONSTRUCT,26.7011111111111,4.0,7000.0,30010,CON-SKD-STR
041422,45124.5247106481,45091.3069791667,18799.0,942.0,7833.0,484.0,1088.0,74.3925,160000.0,4000.0,1.5
041292,45134.33,45125.4512847222,84852.0,3002.0,10691.0,4.0,1160.0,112.111388888889,160000.0,4000.0,1.5
074017,45047.9471643519,44956.3130787037,23113.0,1699.0,1226.0,2.0,1160.0,35.4577777777778,220000.0,0.0,1.5
020021,45121.4742476852,45056.6027662037,28135.0,1824.0,2704.0,141.0,1160.0,0.494722222222222,160000.0,0.0,1.0
041376,45134.2908912037,45065.5342013889,12506.0,1226.0,1875.0,129.0,1160.0,26.5413888888889,160000.0,4000.0,1.5
396222,44447.3682523148,43719.3795138889,0.0,2171.0,0.0,0.0,152.0,0.5,5600.0,001984,GM-MOWER
294053,45091.3312152778,45089.4562847222,0.0,760.0,0.0,306.0,1160.0,92.7405555555556,0.0,9800.0,1.0
318025,,45112.7831828704,0.0,1662.0,0.0,219.0,1160.0,77.6163888888889,0.0,3500.0,0.5
194032,45133.4908449074,45127.4549421296,50183.0,1678.0,6201.0,164.0,1160.0,429.636666666667,250000.0,10000.0,3.0
296010,44679.3783217593,44894.4130092593,0.0,121.0,0.0,0.0,648.0,2.0,6300.0,5109-1,APP-STUMP-CUT
067100,45135.5403472222,45057.4268287037,36691.0,2375.0,7127.0,559.0,1160.0,27.0788888888889,220000.0,0.0,1.5
237153,45042.3159606481,45042.3664351852,46429.0,7153.0,172.0,121.0,1160.0,104.075,250000.0,6250.0,8.0
395040,44659.4771527778,0.0,797.0,0.0,0.0,GROUND,0.5,GM-MOWER,,11 ARMEL CRT,GROUND-MOWER
267216,45126.3893518519,0.0,0.0,0.0,0.0,TRAILER,70.6555555555556,0.5,0.0,001984,TRL-UTILITY
378236,44994.3942824074,42347.3812731481,5727.0,158.0,10.0,0.0,1160.0,1.0,2100.0,005486,GM-UT-CART
396477,45135.2818287037,43146.3141319444,0.0,979.0,0.0,76.0,1160.0,0.5,4200.0,005513,GM-MOWER
222020,45138.2503009259,45137.3069444444,,8091.0,12579.0,1194.0,1160.0,377.278611111111,220000.0,5500.0,8.0
043201,45127.3300347222,44819.5335300926,67522.0,1543.0,3008.0,143.0,1160.0,1.5,0.0,,PICKU-1/2T
319209,44996.7038888889,45121.7335416667,0.0,449.0,0.0,118.0,1160.0,632.485833333333,0.0,3500.0,2.0
094120,45034.3289930556,45120.4872337963,12980.0,582.0,524.0,5.0,1160.0,84.9897222222222,160000.0,4000.0,1.0
065101,44929.4931944444,44924.5566435185,83278.0,3110.0,1.0,1.0,152.0,0.0,220000.0,0.0,1.5
285001,41927.5846875,44720.5355671296,0.0,1669.0,0.0,0.0,1160.0,1.0,4200.0,005495,APP-COMPRRESS
203001,44812.3609953704,45044.3241898148,14456.0,1312.0,1.0,1.0,1160.0,954.823888888889,250000.0,6250.0,5.0
041122,45051.4508333333,44860.1942013889,58528.0,16.0,0.0,0.0,1160.0,1.5,4000.0,000541,SEDAN-PASS
005023,45117.637974537,45120.3255439815,35733.0,615.0,3179.0,5.0,1160.0,341.965277777778,160000.0,4000.0,1.5
330172,45138.4149884259,45125.3475231481,0.0,2463.0,0.0,47.0,1160.0,270.176666666667,0.0,2100.0,4.0
050038,45114.5459953704,45133.478912037,39615.0,1434.0,1358.0,45.0,1160.0,69.7019444444445,180000.0,4500.0,1.5
006025,45086.5363194444,45007.3171990741,23320.0,33.0,1.0,1.0,1160.0,14.3741666666667,160000.0,0.0,1.0
274022,0.0,0.0,0.0,0.0,APPARATUS,12.0,APP-ARR-BD,APPARUTUS ARROW BOARD,,,274VERMNA19
317013,0.0,0.0,0.0,0.0,FACILITY,8.0,FM-FL-SCR,FACILITY-FLOOR SCRUBBER,,,317TENNEL18
350006,0.0,0.0,0.0,0.0,ATTACHMENT,10.0,ATT-TURF-ART,ATTACHMENT-TURF AERATOR,11 ARMEL CRT,,350RYANNA03
237271,45128.6917361111,9584.0,415.0,9584.0,415.0,CLASS8,51.32,8.0,6250.0,004869,TRUCK-SLOAD
112146,44942.3386226852,44904.334849537,110359.0,2878.0,856.0,36.0,464.0,276.0,220000.0,0.0,
285054,45113.2159837963,0.0,649.0,0.0,1.0,APPARATUS,56.9033333333333,1.0,4200.0,003892,APP-COMPRRESS
158077,45129.3173263889,45091.5486458333,98218.0,3927.0,3332.0,269.0,1160.0,,250000.0,6250.0,5.0
319246,45104.3019328704,0.0,2.0,0.0,2.0,GROUND,14.3183333333333,0.5,7000.0,003892,GM-TRACT
319153,45128.3417592593,45103.2648726852,0.0,2006.0,0.0,97.0,1160.0,169.9975,0.0,5600.0,0.5
114027,44922.3936342593,,61184.0,0.0,2.0,0.0,304.0,33.2030555555556,220000.0,0.0,1.5
112515,45124.3483680556,45131.3760300926,15665.0,717.0,6994.0,380.0,1160.0,561.318888888889,220000.0,0.0,1.5
334013,0.0,0.0,0.0,0.0,LIFTING,15.0,LIFT-ART-BLIF,LIFTING-ARTICULATED BOOMLIFT,,,334JLGAJN16
047065,45131.5047453704,45028.5712384259,170588.0,3052.0,19800.0,300.0,1160.0,30.7180555555556,180000.0,4500.0,1.5
067130,45103.4225,45085.3736805556,95.0,5.0,95.0,5.0,224.0,59.5722222222222,220000.0,0.0,1.5
115017,45132.5020949074,45114.6540393519,65460.0,3159.0,6055.0,302.0,1160.0,266.404444444444,220000.0,,1.5
156093,44886.515775463,44652.6501967593,79816.0,0.0,0.0,0.0,152.0,1.5,0.0,004847,PICKU-1TON
378255,43279.5820138889,43788.2820486111,0.0,160.0,0.0,0.0,1160.0,1.0,2100.0,0582-1,GM-UT-CART
158060,45114.3017824074,45015.2983912037,54775.0,0.0,884.0,0.0,1160.0,-1,250000.0,6250.0,5.0
156163,45121.4455555556,44880.410162037,42810.0,2204.0,1641.0,44.0,1160.0,515.418611111111,220000.0,5500.0,6.0
202041,45135.5316435185,45128.2533101852,9236.0,524.0,2054.0,120.0,1160.0,529.640555555556,250000.0,10000.0,6.25
222030,43830.0,45119.8488541667,53795.0,3997.0,9736.0,719.0,1160.0,430.730277777778,,10000.0,8.0
223079,45138.5513078704,45134.4009837963,147082.0,12586.0,17419.0,1519.0,1160.0,327.053888888889,250000.0,6250.0,8.0
044094,45078.4398726852,44462.3646412037,5877.0,283.0,5.0,1.0,1160.0,1.5,0.0,005381,PICKU-1/2T
330182,45138.5474421296,,0.0,527.0,0.0,96.0,1160.0,194.3675,0.0,2100.0,4.0
063070,45111.5544907407,44978.5033333333,59666.0,2520.0,2696.0,2.0,1160.0,16.2991666666667,220000.0,0.0,1.5
378127,45090.3845833333,45120.4707291667,0.0,1021.0,0.0,54.0,1160.0,116.7025,0.0,2100.0,1.0
156158,45121.453599537,,64692.0,3670.0,4803.0,559.0,1160.0,233.792777777778,220000.0,5500.0,6.0
127008,45116.6023148148,44965.4188541667,37295.0,484.0,984.0,66.0,1160.0,165.9475,220000.0,0.0,1.5
112399,45119.4065856481,44984.6276157407,40086.0,757.0,4413.0,4.0,1160.0,112.444166666667,220000.0,0.0,1.5
267260,45100.3199421296,0.0,0.0,0.0,0.0,,2.64916666666667,0.5,0.0,,TRL-UTILITY
188051,45134.3899884259,45124.3391319444,17631.0,1980.0,3040.0,291.0,1160.0,223.541111111111,250000.0,6250.0,5.0
003225,44770.4042013889,45002.4141203704,100311.0,280.0,3.0,2.0,1160.0,82.3458333333333,160000.0,0.0,1.0
003266,45112.5552893519,930.0,0.0,1.0,0.0,CLASS1,17.6072222222222,1.0,0.0,005181,SEDAN-PASS
384008,0.0,0.0,0.0,0.0,GROUND,8.0,GM-BIKE,GROUNT-CARGO-BIKE,433 EASTERN AVE,,384GIANNA08
020006,45131.4532407407,45134.6396064815,37222.0,2678.0,3714.0,302.0,1160.0,8.67055555555556,160000.0,0.0,1.0
003320,45117.3421990741,13133.0,0.0,4605.0,0.0,CLASS1,11.4377777777778,1.0,0.0,000619,SEDAN-PASS
076056,45131.3272916667,45042.2963888889,62826.0,2278.0,7946.0,367.0,1160.0,127.818888888889,220000.0,0.0,1.5
194028,44735.8342361111,45131.2551736111,24606.0,981.0,0.0,0.0,1160.0,48.0,250000.0,10000.0,3.0
378164,43061.6665625,2.0,2.0,0.0,0.0,GROUND,1.0,GM-UT-CART,000579,130 THE QUEENSWAY,
006320,41276.2881828704,6.0,1.0,0.0,0.0,ATTACHMENT,0.5,ATT-SNW-PLW,005495,1401 CASTLEFIELD AVE,ATTACHMENT-SNOW PLOW
157044,45133.5135069444,45120.3332291667,68762.0,3410.0,3407.0,302.0,1160.0,20.8080555555556,220000.0,0.0,4.0
378304,45127.3911342593,1088.0,239.0,84.0,0.0,GROUND,1.0,GM-UT-CART,002979,4200 YONGE ST,
041431,45137.6426041667,45128.5329282407,5433.0,309.0,5377.0,308.0,1160.0,20.7422222222222,160000.0,4000.0,1.5
378326,43868.5124305556,0.0,5.0,0.0,0.0,,1.0,GM-UT-CART,004793,149 ELMCREST RD,
111083,45126.291412037,44796.6072800926,42088.0,,2669.0,131.0,1160.0,1.5,0.0,,VAN-1/2T
041186,45138.4511458333,,79918.0,4056.0,3597.0,4.0,1160.0,247.728888888889,160000.0,4000.0,1.5
112483,45133.3941782407,45134.4494212963,27294.0,1737.0,2672.0,200.0,1160.0,4.24333333333333,,0.0,1.5
396454,,,1586.0,0.0,108.0,GROUND,0.5,GM-MOWER,002979,4200 YONGE ST,GROUND-MOWER
001121,45134.4061574074,45021.8184953704,,1615.0,27.0,8.0,1160.0,33.905,160000.0,0.0,1.0
W003,38128.3581828704,,0.0,0.0,0.0,TRAILER,0.5,TRL-UTILITY,,,
267250,44799.5563541667,0.0,0.0,0.0,0.0,TRAILER,0.5,TRL-UTILITY,002426,150 DISCO RD,
396526,45133.3134259259,,0.0,699.0,0.0,182.0,1160.0,0.5,4200.0,,GM-MOWER
065085T,44834.6088078704,44915.3477314815,96655.0,2854.0,0.0,0.0,856.0,1.5,0.0,002990,PICKU-3/4T
294070,45058.3513773148,44848.5378819444,0.0,571.0,0.0,23.0,1160.0,1.0,6300.0,000520,APP-BRUSH-CH
080130,45135.324849537,45064.3107638889,4350.0,82.0,4350.0,82.0,544.0,,220000.0,5500.0,4.0
329027,44998.4568518518,0.0,606.0,0.0,2.0,LIFTING,240.823888888889,2.0,3500.0,005649,LIFT-FRKLFT
135151,44901.426099537,44896.3510648148,151585.0,3856.0,0.0,0.0,152.0,3.0,5500.0,3892-1,TRUCK-CUBE
043239,,45131.5928240741,111119.0,2272.0,9849.0,660.0,1160.0,45.9494444444444,180000.0,4500.0,1.5
314022,,0.0,102.0,0.0,1.0,CONSTRUCT,2.84611111111111,4.0,2100.0,003763,CON-ASPH-RLR
095117,45131.5117361111,45111.5424189815,93334.0,315.0,6760.0,0.0,1160.0,3.62777777777778,160000.0,0.0,1.5
396522,44872.3012615741,43868.5267939815,0.0,442.0,0.0,0.0,1160.0,0.5,2100.0,003698,GM-MOWER
045204,45125.5497222222,45120.3086574074,7944.0,13.0,2854.0,0.0,1160.0,,180000.0,0.0,1.5
041401,45127.528912037,45085.3770949074,12055.0,186.0,6000.0,34.0,1160.0,37.7077777777778,160000.0,4000.0,1.5
095202,,45112.4943518518,8166.0,9.0,7793.0,6.0,1160.0,128.515277777778,160000.0,0.0,1.5
145021,44896.4619097222,45138.3992361111,58383.0,3566.0,921.0,9.0,1160.0,749.649722222222,250000.0,0.0,3.0
175019,44585.3710416667,39486.3608101852,29151.0,0.0,0.0,0.0,1160.0,5.0,6250.0,,TRUCK-DUMP
188031,,45097.3812847222,116340.0,7810.0,2031.0,194.0,1160.0,393.556388888889,250000.0,6250.0,5.0
063090,,45133.4195717593,126857.0,4997.0,5751.0,7.0,1160.0,432.526666666667,220000.0,5500.0,1.5
396444,42625.4947106481,0.0,74.0,0.0,0.0,GROUND,0.5,GM-MOWER,005381,441 KIPLING AVE,GROUND-MOWER
378224,45138.6007060185,41977.3111458333,0.0,6067.0,0.0,482.0,1160.0,1.0,2100.0,,GM-UT-CART
114035,,44992.4796990741,59077.0,3852.0,3269.0,1.0,1160.0,132.487222222222,220000.0,0.0,1.5
159014,45013.4723263889,45028.612650463,25659.0,0.0,56.0,0.0,800.0,11.2252777777778,250000.0,0.0,5.0
204028,45133.5086574074,45119.4764236111,48336.0,48.0,6051.0,4.0,1160.0,235.236111111111,250000.0,10000.0,8.25
285043,42338.3137962963,42310.3644097222,0.0,154.0,0.0,0.0,1160.0,1.0,6300.0,002979,APP-COMPRRESS
294067,45072.3260416667,44840.4780671296,0.0,829.0,0.0,30.0,1160.0,,6300.0,003763,APP-BRUSH-CH
330164,45135.5486226852,45120.4209953704,0.0,2101.0,0.0,225.0,1160.0,234.218888888889,0.0,2100.0,4.0
294093,45132.3302662037,45009.5094328704,0.0,37.0,0.0,36.0,1112.0,16.2794444444444,0.0,9800.0,1.0
112365,44987.4286805556,45091.4770023148,90639.0,224.0,734.0,203.0,1160.0,146.118611111111,220000.0,0.0,1.5
041204,45133.9275,45064.5953240741,91845.0,4384.0,5155.0,3.0,1160.0,12.22,,4000.0,1.5
156207,45138.5634606481,45084.7504976852,22610.0,824.0,6815.0,1.0,1160.0,15.8297222222222,220000.0,0.0,4.0
041119,45132.4926967593,45133.2636921296,122065.0,0.0,4857.0,0.0,1160.0,313.08,160000.0,4000.0,1.5
315083,45138.4902430556,45086.4012152778,0.0,1850.0,0.0,450.0,1160.0,914.394166666667,250000.0,9000.0,8.0
237260,45129.5549884259,9385.0,728.0,9385.0,728.0,CLASS8,161.131111111111,8.0,6250.0,,TRUCK-SLOAD
156180,45134.5828472222,45005.5427199074,42524.0,1951.0,8085.0,275.0,1160.0,11.2752777777778,220000.0,0.0,4.0
378329,44904.7972916667,0.0,11.0,0.0,0.0,GROUND,1.0,GM-UT-CART,003975,3079 BIRCHMOUNT RD,
041094,45106.6672337963,45047.6136574074,43389.0,93.0,1932.0,1.0,1160.0,77.6741666666667,160000.0,,1.5
043277,45082.4158680556,44998.6796180556,18924.0,945.0,4865.0,1.0,1160.0,0.0,180000.0,0.0,1.5
064188,45138.3416782407,45012.3365046296,13621.0,11.0,7346.0,1.0,1160.0,15.9108333333333,220000.0,8000.0,1.5
050152,45134.5126736111,44939.4240740741,625.0,43.0,3.0,1.0,1160.0,69.7372222222222,180000.0,4500.0,1.5
237195,43830.0,45096.5261805556,69133.0,8455.0,5028.0,331.0,1160.0,373.109166666667,250000.0,6250.0,8.0
267201,0.0,0.0,0.0,0.0,TRAILER,15.0,TRL-UTILITY,,,,267VIATR17B
237204,43830.0,45138.4327777778,65528.0,6716.0,7351.0,236.0,1160.0,892.141944444444,250000.0,6250.0,8.0
135161,45086.4739467593,45086.562349537,,328.0,141.0,74.0,1160.0,21.2102777777778,220000.0,5500.0,3.0
156144,45071.2963078704,45021.4272337963,117525.0,4538.0,5076.0,455.0,1160.0,111.511944444444,220000.0,0.0,4.0
112498,45134.3183680556,45097.4136458333,30331.0,2510.0,9087.0,913.0,1160.0,59.8697222222222,,0.0,1.5
095162,45138.4012268518,45055.4770023148,51342.0,1988.0,7724.0,426.0,1160.0,31.2891666666667,160000.0,0.0,
267056,45044.3091435185,,0.0,0.0,0.0,TRAILER,67.5297222222222,0.5,0.0,001984,TRL-UTILITY
378006,38905.4229166667,38174.6044791667,0.0,0.0,0.0,0.0,1160.0,1.0,2800.0,,GM-UT-CART
041203,45135.5835532407,45092.4310532407,90389.0,4897.0,8128.0,2.0,1160.0,13.8469444444444,160000.0,4000.0,1.5
075003,45128.5099652778,45126.4889583333,24773.0,1912.0,461.0,113.0,1160.0,306.932222222222,220000.0,0.0,1.5
192016,45138.552037037,45015.4530439815,24087.0,1923.0,4973.0,426.0,1160.0,252.403333333333,250000.0,10000.0,6.0
063068,45135.491099537,45042.3235416667,167698.0,6290.0,5700.0,398.0,1160.0,385.240277777778,220000.0,0.0,1.5
237224,43830.0,,46602.0,5871.0,6137.0,,1160.0,174.050277777778,250000.0,6250.0,8.0
080119,45127.4294791667,45132.4729166667,5778.0,292.0,5063.0,256.0,1160.0,4.65,220000.0,5500.0,4.0
188039,45132.32625,45105.3950694444,54543.0,5418.0,3157.0,308.0,1160.0,187.529444444444,250000.0,6250.0,5.0
266050,44762.4627893519,0.0,0.0,0.0,0.0,TRAILER,0.5,TRL-UTILITY,004847,247 ESTHER SHINER BLVD,
020037,45131.5880555556,45099.2509953704,33212.0,1418.0,1890.0,81.0,1160.0,,160000.0,0.0,1.0
155030,45133.3201851852,44916.433912037,4658.0,396.0,4658.0,396.0,1072.0,65.4455555555556,220000.0,5500.0,6.0
043222,,45034.4273263889,92445.0,2349.0,1323.0,3.0,960.0,31.7,180000.0,4500.0,1.5
020032,,,42132.0,2854.0,6930.0,328.0,1160.0,23.2383333333333,160000.0,0.0,1.0
267231,45127.2456597222,0.0,0.0,0.0,0.0,TRAILER,2.01194444444444,0.5,0.0,002426,TRL-UTILITY
191017,45135.56,45128.7952662037,36935.0,2073.0,13722.0,824.0,1160.0,132.250277777778,250000.0,0.0,4.0
041132,45113.4111226852,45022.5609375,57559.0,1839.0,5310.0,2.0,1160.0,5.42277777777778,160000.0,4000.0,1.5
065056,44993.4653125,45000.453900463,83661.0,6623.0,1472.0,151.0,960.0,353.905833333333,220000.0,0.0,1.5
114047,45091.415462963,198.0,0.0,198.0,0.0,CLASS3,,,0.0,3892-1,VAN-1TON
050011,45114.4273263889,45103.4211342593,202235.0,4320.0,9705.0,616.0,1160.0,70.7016666666667,180000.0,4500.0,1.5
396544,45131.2897106481,44616.4460763889,0.0,116.0,0.0,116.0,1160.0,,2100.0,,GM-MOWER
001134,,45034.5561226852,24036.0,55.0,6487.0,2.0,1160.0,,160000.0,0.0,1.0
319185,45137.1529166667,44720.2882060185,0.0,320.0,0.0,312.0,,,7000.0,000529,GM-TRACT
050140,45132.3472337963,45071.3370138889,10084.0,606.0,2156.0,203.0,,101.971111111111,180000.0,4500.0,1.5
047061,45120.6103703704,45113.5741898148,49251.0,0.0,3456.0,0.0,1160.0,307.545833333333,180000.0,4500.0,1.5
285033,41541.4555902778,44421.4278703704,0.0,293.0,0.0,0.0,1160.0,1.0,6300.0,005495,APP-COMPRRESS
094134,45134.5360416667,45134.4260185185,4089.0,166.0,4087.0,164.0,1160.0,7.73833333333333,160000.0,4000.0,1.0
376101,0.0,0.0,0.0,0.0,ICEMAIN,10.0,ICE-RESURF,ICE-MAIN-RESURFACER,190 BERMONDSEY RD,,376ZAMBNG15C
095129,,44950.5925462963,56153.0,2503.0,9865.0,386.0,1160.0,67.0741666666667,160000.0,0.0,1.5
194026,45135.3236458333,45069.3130555556,39140.0,1021.0,4095.0,0.0,1160.0,,250000.0,10000.0,3.0
067129,45134.4840509259,44929.4328356481,4852.0,282.0,4852.0,282.0,,15.1872222222222,,0.0,1.5
111106,45133.3251157407,45086.3338194444,7834.0,6.0,2716.0,1.0,1160.0,0.969722222222222,180000.0,0.0,1.5
266060,0.0,0.0,0.0,0.0,TRAILER,15.0,TRL-UTILITY,,,,266JDJNA09
112393,45131.465775463,45121.4425347222,84136.0,3727.0,7535.0,383.0,1160.0,59.9433333333333,220000.0,0.0,1.5
294089,44959.3322222222,44972.6112384259,0.0,16.0,0.0,4.0,1160.0,41.3302777777778,0.0,9800.0,1.0
041389,45135.3626157407,45076.4831481481,13753.0,641.0,3613.0,292.0,1160.0,14.9513888888889,160000.0,4000.0,1.5
001071,45117.4516782407,44932.5503935185,14738.0,707.0,7.0,2.0,1160.0,18.8977777777778,160000.0,0.0,1.0
112240,45034.7933217593,,69976.0,1082.0,974.0,52.0,960.0,184.936666666667,220000.0,0.0,1.5
041386,45106.7489814815,45111.5052546296,14399.0,589.0,2322.0,0.0,1160.0,35.8630555555556,160000.0,4000.0,1.5
080079,45113.3331134259,45078.4200347222,108551.0,5814.0,4978.0,484.0,1160.0,83.8358333333333,220000.0,5500.0,4.0
156171,45128.3613194444,45119.3270486111,39716.0,1540.0,2696.0,304.0,1160.0,84.9397222222222,220000.0,0.0,4.0
289038,45058.6909722222,,0.0,312.0,0.0,0.0,1160.0,1.0,3500.0,4301-1,APP-ASPHALT-B
318040,44624.3962152778,44841.4295486111,0.0,829.0,0.0,0.0,1160.0,0.5,3500.0,000529,GM-TRACT
396499,45135.2938078704,44230.5123148148,0.0,2447.0,0.0,320.0,1160.0,0.5,4200.0,003896,GM-MOWER
415015,45138.4869212963,43720.6023958333,850.0,1.0,117.0,0.0,1160.0,2.0,0.0,005486,ATT-SAND-GRM
319197,45128.4028703704,45128.6296990741,0.0,415.0,0.0,184.0,1160.0,176.538055555556,0.0,3500.0,2.0
095145,45127.3954398148,45051.5044791667,31288.0,973.0,3209.0,10.0,1160.0,285.286944444444,160000.0,0.0,1.5
064158,45135.4001736111,,49201.0,2412.0,2881.0,4.0,1160.0,550.834444444444,220000.0,0.0,1.5
318054,45092.3206712963,44853.5801967593,0.0,249.0,0.0,149.0,1160.0,0.5,3500.0,000529,GM-TRACT
329050,45055.7196527778,0.0,317.0,0.0,2.0,LIFTING,8.0,2.0,4200.0,5464-1,LIFT-FRKLFT
5-00-39,38338.4041087963,5000.0,0.0,0.0,,CLASS2,1.5,PICKU-3/4T,,,PICKUP - 3/4 TON
237191,43830.0,45112.2638310185,81524.0,8434.0,4654.0,737.0,1160.0,419.689444444444,250000.0,6250.0,8.0
396433,42642.3053472222,0.0,1.0,0.0,0.0,GROUND,0.5,GM-MOWER,004793,,GROUND-MOWER
050012,45134.3917708333,45093.7481828704,189050.0,7745.0,12026.0,621.0,1160.0,252.246388888889,180000.0,4500.0,1.5
112266,45105.4688773148,45041.644525463,85554.0,0.0,709.0,0.0,1160.0,15.3597222222222,220000.0,0.0,1.5
8015,45126.4522453704,0.0,0.0,0.0,0.0,TRAILER,15.9633333333333,0.5,0.0,002426,TRL-UTILITY
267096,45016.4131597222,0.0,0.0,0.0,0.0,TRAILER,14.0841666666667,0.5,0.0,003763,TRL-UTILITY
044093,45118.4279513889,,,237.0,2443.0,1.0,1160.0,1.5,0.0,005486,PICKU-1/2T
050064,45138.5574884259,45036.3710069444,32599.0,1938.0,19.0,3.0,1160.0,30.4111111111111,180000.0,0.0,1.5
303002,0.0,0.0,0.0,0.0,GROUND,10.0,GM-LEAF-BLW,GROUNT-LEAF BLOWER,1000 JANE ST,,303TOROUN18
289024,41638.3430555556,45048.3677430556,0.0,16.0,0.0,5.0,1160.0,61.1311111111111,0.0,3500.0,1.0
135057,44907.4031018519,44902.3611689815,40468.0,0.0,0.0,0.0,152.0,3.0,5500.0,4426-1,TRUCK-CUBE
041359,45126.5643634259,44991.4144560185,33075.0,1297.0,6509.0,225.0,1160.0,46.0530555555556,160000.0,4000.0,1.5
080090,45082.319849537,45090.2992013889,50058.0,3987.0,4218.0,0.0,1160.0,184.0,220000.0,5500.0,4.0
112457,,45133.3502199074,36757.0,1765.0,4147.0,1.0,1160.0,119.515277777778,220000.0,0.0,1.5
047030,,,74035.0,1400.0,0.0,0.0,1160.0,1.5,4500.0,,PICKU-COMP
267246,45036.358275463,0.0,,0.0,0.0,TRAILER,15.4013888888889,0.5,0.0,001984,TRL-UTILITY
041301,45134.3866550926,45093.3767013889,40467.0,123.0,7331.0,1.0,1160.0,33.4613888888889,160000.0,4000.0,1.5
289029,45126.371099537,45076.4160069444,0.0,16.0,0.0,7.0,1160.0,57.1525,0.0,3500.0,1.0
329034,45062.5353009259,0.0,310.0,0.0,301.0,LIFTING,426.331944444444,2.0,4200.0,001984,LIFT-FRKLFT
041200,45124.4349421296,45056.4641319444,61759.0,2579.0,3686.0,4.0,1160.0,235.493888888889,160000.0,4000.0,1.5
237233,43830.0,45128.7064236111,71009.0,6052.0,13675.0,55.0,1160.0,312.659166666667,250000.0,6250.0,8.0
063091,45138.5276851852,45132.3181597222,129974.0,4927.0,9552.0,2.0,1160.0,317.008888888889,220000.0,5500.0,1.5
067039,45132.3199189815,,44496.0,1815.0,3955.0,107.0,,77.6352777777778,220000.0,0.0,1.5
376049,41319.6069444444,4.0,4.0,0.0,0.0,ICEMAIN,3.0,ICE-RESURF,002102,1501 ALBION RD,ICE-MAIN-RESURFACER
076090,45092.4139930556,45076.2667708333,18861.0,9.0,4007.0,1.0,1160.0,84.1702777777778,220000.0,0.0,1.5
061026,45131.4209259259,45042.5884375,93753.0,793.0,1548.0,4.0,1160.0,351.07,220000.0,0.0,1.5
112477,45138.3099768519,44872.7271527778,48355.0,2965.0,8726.0,618.0,1160.0,1.5,0.0,000862,VAN-3/4T
378369,,45000.4337615741,0.0,32.0,0.0,32.0,656.0,,0.0,,1.0
323107,45091.4108333333,45029.5265972222,0.0,843.0,0.0,114.0,1160.0,54.7925,0.0,12600.0,8.0
156201,45126.3891550926,45075.3637384259,12157.0,1054.0,5159.0,306.0,1160.0,91.5741666666667,220000.0,5500.0,5.0
301002,44846.3507638889,0.0,375.0,0.0,0.0,APPARATUS,0.5,APP-LT-TWR,002990,64 MURRAY RD,APPARUTUS-LIGHT TOWER
076099,45118.5825925926,45105.2566087963,1190.0,166.0,1048.0,154.0,1160.0,18.2969444444444,220000.0,0.0,1.5
322054,44848.5037384259,44943.4676967593,0.0,6183.0,0.0,1.0,800.0,444.775277777778,0.0,7000.0,
223072,44897.3237847222,44894.4737847222,105800.0,6454.0,0.0,0.0,152.0,8.0,5500.0,004869,TRUCK-SLOAD
009099,44455.4790509259,7.0,4.0,0.0,,ATTACHMENT,,ATT-CLW-BUC,000520,433 EASTERN AVE,ATTACHMENT-CLAW BUCKET
330165,45129.5226736111,45107.2760069444,0.0,2739.0,0.0,334.0,1160.0,356.456944444444,0.0,2100.0,4.0
319046,43034.4840277778,45013.640462963,0.0,1760.0,0.0,301.0,1160.0,0.0,0.0,3500.0,
381001,42782.0,41793.423587963,0.0,318.0,0.0,0.0,1160.0,0.5,700.0,003892,ATT-CON-BRK
112428,45138.3989583333,44998.6115162037,45699.0,507.0,5439.0,2.0,1160.0,18.6441666666667,220000.0,0.0,1.5
206079,,45132.7505787037,247923.0,8771.0,10872.0,534.0,1160.0,32.0872222222222,400000.0,10000.0,5.0
094069,44917.5253472222,44778.4468865741,95001.0,2284.0,0.0,0.0,152.0,1.0,4000.0,,VAN-PASS
204043,0.0,0.0,0.0,0.0,CLASS8,10.0,TRUCK-SEWER,TRUCK - SEWER,FINCH GARAGE,,204FREIDI23
001042,44994.3762268519,45054.4137268519,49291.0,0.0,652.0,0.0,1160.0,179.738888888889,160000.0,0.0,1.0
041371,45115.4165046296,44693.4542939815,20268.0,742.0,1996.0,94.0,1160.0,1.5,4000.0,005963,SEDAN-PASS
156208,45135.3220601852,45126.2701967593,35410.0,1812.0,7461.0,599.0,1160.0,65.6936111111111,220000.0,5500.0,5.0
267272,44900.3630902778,0.0,0.0,0.0,0.0,TRAILER,0.5,,,DISCO GARAGE,
112479,45134.2685763889,44980.5587847222,26342.0,614.0,4007.0,1.0,1160.0,182.348611111111,220000.0,0.0,1.5
041216,45135.6016666667,45019.3478472222,55593.0,877.0,6445.0,4.0,1160.0,16.4388888888889,160000.0,4000.0,1.5
378264,42716.3683217593,,3.0,0.0,0.0,GROUND,1.0,GM-UT-CART,005649,51 BEECHGROVE DR,
067088,45076.2957291667,44981.3927430556,25223.0,953.0,4705.0,305.0,1160.0,18.7986111111111,220000.0,0.0,1.5
222034,45138.4403009259,45113.5753819444,97310.0,9602.0,2562.0,427.0,,435.047222222222,220000.0,5500.0,8.0
316022,45135.4736805556,45128.2934953704,0.0,283.0,0.0,131.0,1160.0,199.248611111111,0.0,3500.0,4.5
396366,,45086.4144560185,0.0,853.0,0.0,0.0,1160.0,1.09583333333333,0.0,2800.0,0.5
050159,45114.4423263889,45001.5043055556,5877.0,479.0,2667.0,255.0,1160.0,52.0241666666667,180000.0,4500.0,1.5
285060,44280.3500115741,45062.4460069444,0.0,1546.0,0.0,1.0,1160.0,114.247777777778,0.0,4200.0,1.0
094112,45132.5364930556,45041.3515162037,29833.0,2002.0,4382.0,281.0,1160.0,111.563611111111,160000.0,4000.0,1.0
267146,45072.4564236111,0.0,0.0,0.0,0.0,TRAILER,50.4625,0.5,0.0,0520-1,TRL-UTILITY
073065,44972.2656481481,44946.2704166667,256624.0,11573.0,2142.0,177.0,464.0,40.0,220000.0,0.0,1.5
CLAW35,44889.4825462963,0.0,0.0,0.0,0.0,ATTACHMENT,0.5,ATT-CLW-BUC,10010,EASTERN GARAGE,ATTACHMENT-CLAW BUCKET
322076,45132.2819097222,45103.4696759259,0.0,4475.0,0.0,240.0,1160.0,643.149166666667,0.0,7000.0,8.0
319049,44833.2750462963,,0.0,2425.0,0.0,1.0,,0.00361111111111111,0.0,3500.0,0.5
067074,45118.4536226852,45075.5636458333,22038.0,1216.0,1093.0,3.0,1160.0,139.42,220000.0,0.0,1.5
236269,43830.0,,46211.0,5986.0,979.0,384.0,1160.0,154.948333333333,250000.0,10000.0,8.0
041413,45083.9657291667,44515.5329050926,15426.0,4.0,2923.0,0.0,1160.0,1.5,4000.0,0549-1,SEDAN-PASS
378302,45137.4474074074,972.0,0.0,114.0,0.0,GROUND,1.0,GM-UT-CART,005486,1000 JANE ST,
157036,45132.5725810185,45112.5389467593,82307.0,3002.0,3533.0,193.0,1160.0,191.771666666667,220000.0,0.0,4.0
074038,45133.5438078704,45097.4118171296,560.0,92.0,560.0,92.0,704.0,36.3744444444444,220000.0,0.0,1.5
112265,45133.4543981481,45062.3381365741,78931.0,0.0,2625.0,0.0,1160.0,97.9622222222222,220000.0,0.0,1.5
322101,45121.2938773148,45049.5580671296,0.0,65.0,0.0,65.0,1136.0,170.943611111111,0.0,7000.0,8.0
112440,45118.5753009259,44932.5635763889,28330.0,951.0,2620.0,300.0,1160.0,11.3086111111111,220000.0,,1.5
319081,45093.5296412037,44656.3808217593,0.0,2382.0,0.0,144.0,1160.0,0.5,5600.0,,GM-TRACT
094093,44908.5048958333,45077.2650231481,54629.0,2857.0,0.0,0.0,1160.0,42.5175,160000.0,4000.0,1.0
318056,44989.4804166667,45057.4434837963,0.0,59.0,0.0,24.0,1160.0,0.0227777777777778,0.0,3500.0,0.5
396375,44812.3453703704,44337.5430902778,0.0,4095.0,0.0,0.0,1160.0,0.5,,001984,GM-MOWER
250057,45131.2591782407,0.0,0.0,0.0,0.0,TRAILER,43.9213888888889,0.5,0.0,51020,TRL-VAN/TANK
319108,45138.3066203704,45057.431099537,0.0,4229.0,0.0,180.0,1160.0,401.440555555556,0.0,4900.0,0.5
396358,44498.5499884259,44333.3918287037,0.0,728.0,0.0,0.0,1160.0,0.5,2800.0,000937,GM-MOWER
043274,45120.535625,45055.5027083333,21830.0,945.0,3043.0,132.0,,15.5905555555556,180000.0,0.0,1.5
316019,45133.465625,45131.618900463,0.0,1166.0,0.0,420.0,1160.0,122.951944444444,0.0,3500.0,4.5
395029,43945.4536458333,0.0,1914.0,0.0,0.0,GROUND,0.5,GM-MOWER,,11 ARMEL CRT,GROUND-MOWER
046029,0.0,0.0,0.0,CLASS1,10.0,DISCO GARAGE,046FORDUN23A,"2023 Ford Maverick, AWD, Crew Cab,  4.5FT Bed",,,STANDARD
112533,45104.368599537,45076.2923263889,502.0,10.0,502.0,10.0,192.0,44.0,220000.0,0.0,1.5
001098,45125.6764236111,45128.5836458333,43585.0,1854.0,11.0,0.0,1160.0,50.0091666666667,160000.0,0.0,1.0
041300,45131.4096412037,44945.4402546296,,502.0,3775.0,1.0,1160.0,1.20527777777778,160000.0,4000.0,1.5
047083,45131.4792824074,45120.2866550926,49054.0,3558.0,10835.0,539.0,1160.0,97.6319444444444,,4500.0,1.5
001131,,45133.4665509259,36882.0,2109.0,3139.0,1.0,1160.0,145.361388888889,160000.0,0.0,1.0
223088,45138.2454050926,45138.4017824074,114451.0,11199.0,19370.0,1846.0,1160.0,349.524166666667,250000.0,6250.0,8.0
041133,44860.538125,45090.5541898148,69322.0,2364.0,0.0,0.0,1160.0,22.8877777777778,160000.0,4000.0,1.5
065187,45107.2251273148,45016.3009375,7968.0,36.0,7583.0,17.0,1160.0,72.4333333333333,220000.0,0.0,1.5
112380,45133.464525463,45135.3607175926,64396.0,2399.0,2921.0,315.0,1160.0,432.178888888889,220000.0,0.0,1.5
041180,45056.6011458333,45127.3038310185,57116.0,3181.0,1073.0,61.0,1160.0,61.8922222222222,160000.0,4000.0,1.5
094046,45021.7111689815,45035.4079513889,135349.0,0.0,2684.0,0.0,960.0,44.3288888888889,160000.0,4000.0,1.0
112526,45134.3115509259,45085.3509837963,34494.0,1961.0,11813.0,702.0,1160.0,0.0475,220000.0,0.0,1.5
202018,45079.5633680556,,55745.0,1663.0,359.0,2.0,1160.0,,250000.0,10000.0,6.25
319169,45118.3859143518,45089.4789351852,0.0,293.0,0.0,49.0,1160.0,86.6436111111111,0.0,7000.0,0.5
378313,45078.7527083333,2.0,2.0,1.0,1.0,GROUND,0.0,1.0,2100.0,0582-1,GM-UT-CART
007016,45131.4305092593,44970.6244444444,185486.0,2863.0,4930.0,2.0,1160.0,19.1666666666667,160000.0,0.0,1.5
076087,45132.2925115741,44981.8883912037,29566.0,618.0,6627.0,2.0,1160.0,50.4552777777778,220000.0,0.0,1.5
384001,0.0,0.0,0.0,0.0,GROUND,8.0,GM-BIKE,GROUNT-CARGO-BIKE,433 EASTERN AVE,,384ROCKNA01
626A,,0.0,0.0,0.0,0.0,APPARATUS,0.5,APP-WATER-PMP,005381,441 KIPLING AVE,APPARUTUS-WATER PUMP
396495,44041.5336342593,43570.6262847222,0.0,302.0,0.0,0.0,1160.0,0.5,4200.0,002522,GM-MOWER
043124,44609.4448148148,45051.3272916667,111888.0,0.0,321.0,0.0,1160.0,6.52083333333333,180000.0,0.0,1.5
396569,,0.0,2.0,0.0,0.0,GROUND,0.5,GM-MOWER,0520-1,50 BOOTH AVE,GROUND-MOWER
045074,45138.3608101852,45135.4375,100448.0,5697.0,9869.0,986.0,1160.0,22.7002777777778,180000.0,0.0,1.5
067040,45134.2719444444,45138.2845486111,106236.0,3060.0,9730.0,6.0,1160.0,259.367777777778,220000.0,0.0,1.5
236301,43830.0,44786.512974537,52332.0,6554.0,0.0,0.0,1160.0,1159.99583333333,250000.0,10000.0,8.0
157043,45113.3003472222,45119.6046412037,56105.0,2905.0,4134.0,301.0,1160.0,49.3413888888889,220000.0,0.0,4.0
323129,0.0,0.0,0.0,0.0,CONSTRUCT,12.0,CON-ART-LOAD,CONSTRUCT-ARTICULATED LOADER,30 NORTHLINE RD,,323CASEDI22
378217,0.0,0.0,0.0,0.0,GROUND,8.0,GM-UT-CART,,30 NORTHLINE RD,,378JOHNDI13
050045,44999.5890162037,45075.3136226852,41161.0,3022.0,333.0,21.0,1160.0,297.350555555556,180000.0,0.0,1.5
319219,45005.5348263889,45132.43875,0.0,308.0,0.0,208.0,1160.0,85.3919444444444,0.0,3500.0,2.0
176032,45135.4276851852,45111.6573611111,24882.0,1455.0,4569.0,217.0,1160.0,183.741388888889,250000.0,6250.0,5.0
157030,45132.5760185185,45040.7193287037,105183.0,1613.0,978.0,2.0,1160.0,23.5002777777778,250000.0,0.0,5.0
095182,45121.4659259259,45103.6046527778,6508.0,329.0,1515.0,72.0,1160.0,104.064444444444,160000.0,0.0,1.5
318047,45106.3117476852,45056.3112847222,0.0,349.0,0.0,139.0,1160.0,72.2588888888889,0.0,3500.0,0.5
501006,44923.4970717593,0.0,0.0,0.0,0.0,ATTACHMENT,0.0,0.5,1400.0,002426,ATT-GEN
316020,45138.5290740741,45124.2980555556,0.0,1033.0,0.0,380.0,1160.0,128.070833333333,0.0,3500.0,4.5
050153,,44939.4417708333,7346.0,163.0,5000.0,1.0,1160.0,18.4305555555556,180000.0,4500.0,1.5
043271,44986.4586574074,45007.3008101852,22377.0,826.0,1158.0,52.0,1160.0,31.5372222222222,180000.0,0.0,1.5
323120,45134.5340277778,45075.2981944444,0.0,2323.0,0.0,1285.0,1160.0,743.745555555556,0.0,17400.0,8.0
396357,43644.6652777778,44851.4745833333,0.0,10.0,0.0,0.0,1160.0,0.5,2800.0,006063,GM-MOWER
8066,38883.0,39307.5224189815,0.0,0.0,0.0,0.0,1160.0,0.5,2800.0,20020,APP-WATER-PMP
330171,45137.554525463,45117.4989814815,0.0,3130.0,0.0,196.0,1160.0,85.5905555555556,0.0,2100.0,4.0
378364,44973.5491319444,0.0,2.0,0.0,2.0,GROUND,66.8208333333333,1.0,2100.0,005154,GM-UT-CART
095079,45119.308900463,45093.311412037,86179.0,597.0,3536.0,47.0,1160.0,77.5147222222222,160000.0,0.0,1.5
157048,45107.4446412037,45117.2691898148,111751.0,6081.0,8272.0,524.0,,88.6952777777778,220000.0,5500.0,6.0
094105,45135.4595023148,45085.2631481482,31394.0,2165.0,5525.0,383.0,1160.0,1.84361111111111,160000.0,4000.0,1.0
PE1068,42523.5763425926,1883.0,0.0,0.0,0.0,ATTACHMENT,0.5,ATT-GEN,0582-1,9 LESLIE ST,ATTACHMENT-VEHICLE MOUNTED GEN
323111,45132.3875810185,45117.3287615741,0.0,415.0,0.0,127.0,1160.0,216.238611111111,0.0,4900.0,8.0
004011,42342.4924074074,42562.5123726852,97600.0,0.0,0.0,0.0,1160.0,1.0,0.0,,SEDAN-PASS
194006,45135.6221875,45048.3602314815,85085.0,3918.0,5524.0,463.0,1160.0,217.034444444444,250000.0,10000.0,3.0
269067,43853.4322222222,0.0,0.0,0.0,0.0,APPARATUS,0.5,APP-ARR-BD,,,APPARUTUS ARROW BOARD
378231,44355.1999768519,42347.4553587963,2791.0,1.0,0.0,0.0,1160.0,1.0,2100.0,002979,GM-UT-CART
045069,45121.4055671296,44889.4459259259,84037.0,2463.0,1.0,4.0,1160.0,10.0152777777778,180000.0,0.0,1.5
003097,,44958.6206597222,36352.0,0.0,2365.0,0.0,1160.0,1.09305555555556,160000.0,0.0,1.0
378117,44505.5933796296,0.0,304.0,0.0,0.0,GROUND,1.0,GM-UT-CART,,,
382009,45138.3775231481,43550.4031018519,159.0,1.0,49.0,0.0,1160.0,1.0,700.0,005486,GM-UT-CART
319236,44950.4838425926,45070.5044212963,0.0,43.0,0.0,37.0,1160.0,980.908611111111,0.0,3500.0,2.0
073103,44894.5884953704,44894.5717939815,104999.0,2592.0,0.0,0.0,152.0,1.5,0.0,005044,PICKU-1TON
236265,43830.0,45106.5522685185,70072.0,6533.0,3258.0,380.0,1160.0,191.880277777778,250000.0,10000.0,8.0
322064,44929.508599537,45057.4087847222,0.0,1619.0,0.0,9.0,1160.0,60.5288888888889,0.0,7000.0,8.0
415005,45126.3013888889,9049.0,0.0,95.0,0.0,GROUND,2.0,ATT-SAND-GRM,005267,11 ARMEL CRT,ATTACHMENT-SAND GROOMER
378327,44235.2940277778,0.0,12.0,0.0,0.0,GROUND,1.0,GM-UT-CART,0516-3,200 PARKSIDE DR,
329076,,0.0,0.0,0.0,LIFTING,15.0,LIFT-FRKLFT,,EASTERN GARAGE,,329COMBEL22
112497,45132.3161574074,45091.4012037037,28438.0,2715.0,7913.0,844.0,1160.0,65.7944444444445,220000.0,0.0,1.5
266026,39941.404849537,0.0,0.0,0.0,0.0,TRAILER,0.5,TRL-UTILITY,,,
396323,,43565.3352430556,0.0,4339.0,0.0,143.0,1160.0,0.5,7000.0,005513,GM-MOWER
236252,45133.2925694444,45133.8383680556,84916.0,4760.0,1.0,1.0,1160.0,776.056388888889,250000.0,10000.0,8.0
267208,44890.3475231481,0.0,0.0,0.0,0.0,TRAILER,0.5,TRL-UTILITY,001984,30 NORTHLINE RD,
135142,44959.5818055556,45132.2652893519,58813.0,2171.0,67.0,13.0,1160.0,179.010277777778,220000.0,0.0,1.5
001089,45135.5319444444,45083.3476041667,57970.0,2163.0,7893.0,0.0,1160.0,,160000.0,0.0,1.0
329039,45119.3555902778,0.0,325.0,0.0,4.0,LIFTING,180.357222222222,2.0,4200.0,5464-1,LIFT-FRKLFT
376113,0.0,0.0,0.0,0.0,ICEMAIN,10.0,ICE-RESURF,ICE-MAIN-RESURFACER,50 MONTGOMERY RD,,376ZAMBNG18A
324029,44994.3711111111,45117.2622337963,0.0,200.0,0.0,140.0,1160.0,32.0797222222222,0.0,7000.0,4.0
041227,45120.350162037,45103.5536574074,57532.0,593.0,4464.0,2.0,,16.3297222222222,160000.0,4000.0,1.5
127014,45064.6030787037,44873.5076041667,4659.0,183.0,1.0,1.0,1160.0,-1,220000.0,0.0,1.5
050089,45114.2952777778,45013.2618865741,23061.0,679.0,6484.0,1.0,1160.0,216.918333333333,180000.0,0.0,1.5
319104,45033.4377083333,0.0,959.0,0.0,1.0,GROUND,0.201944444444444,0.5,4900.0,005109,GM-TRACT
005019,45137.8156018518,44974.4149768519,24002.0,624.0,1.0,35.0,1160.0,2.20722222222222,160000.0,4000.0,1.5
202039,45112.5674189815,45084.6403819444,12350.0,1043.0,1980.0,249.0,1160.0,170.088888888889,250000.0,10000.0,6.25
094135,45133.4170717593,45077.4576157407,6784.0,312.0,6782.0,310.0,1160.0,28.8802777777778,,4000.0,1.0
188003,45113.5021412037,45118.3661574074,85334.0,1822.0,1536.0,106.0,1160.0,125.431944444444,250000.0,6250.0,5.0
005015,45136.72375,45133.3581712963,60353.0,1312.0,5008.0,13.0,1160.0,301.875,160000.0,4000.0,1.5
007463,38972.31375,0.0,0.0,0.0,0.0,GROUND,0.5,GM-TRACT,,,GROUNT-TRACTOR
003345,45086.4099305556,2.0,0.0,2.0,0.0,CLASS1,19.4138888888889,1.0,0.0,005763,SEDAN-PASS
318031,45098.3218981481,45077.2372453704,0.0,1030.0,0.0,302.0,1160.0,389.753888888889,0.0,3500.0,0.5
267229,45021.4774768519,0.0,0.0,0.0,0.0,TRAILER,4.54055555555556,0.5,0.0,003681,TRL-UTILITY
080100,,45055.8128703704,92850.0,7235.0,3366.0,231.0,1160.0,120.0,220000.0,5500.0,4.0
051020,45093.8061921296,,37121.0,1611.0,8488.0,312.0,1160.0,39.2175,180000.0,4500.0,1.5
378277,45133.5019675926,42962.264375,0.0,1543.0,0.0,129.0,1160.0,1.0,2100.0,006155,GM-UT-CART
329028,45029.3984027778,0.0,350.0,0.0,51.0,LIFTING,50.3033333333333,2.0,3500.0,006217,LIFT-FRKLFT
M7-022,38342.4097337963,0.0,0.0,0.0,0.0,TRAILER,0.5,TRL-UTILITY,,,
095214,,45064.3939351852,2847.0,7.0,1542.0,5.0,1160.0,5.57305555555556,160000.0,0.0,1.5
396543,,44616.4446180556,0.0,210.0,0.0,210.0,1160.0,0.5,2100.0,003896,GM-MOWER
003263,45093.3759606481,1319.0,0.0,1.0,0.0,CLASS1,1.54361111111111,1.0,0.0,000782,SEDAN-PASS
156173,45134.4253472222,44960.5695486111,34859.0,2435.0,2729.0,197.0,1160.0,59.8761111111111,220000.0,0.0,4.0
065043,45117.4570486111,45071.4639236111,66762.0,908.0,290.0,11.0,1160.0,13.4325,220000.0,0.0,1.5
269079,45113.4358449074,0.0,0.0,0.0,0.0,APPARATUS,35.4569444444444,0.5,0.0,001984,APP-ARR-BD
236057,45135.3187384259,45105.5780555556,42594.0,2823.0,1117.0,318.0,1160.0,42.7155555555556,250000.0,10000.0,8.0
112449,45083.3259490741,45019.5266782407,13024.0,549.0,4368.0,207.0,1160.0,0.176944444444444,220000.0,0.0,1.5
177003,45075.4327083333,45075.4410185185,58188.0,2011.0,2178.0,145.0,1160.0,189.415555555556,250000.0,10000.0,5.5
111028,45134.6173842593,44998.6386342593,104209.0,0.0,6178.0,0.0,1160.0,88.6727777777778,180000.0,0.0,1.5
330161,45138.5359722222,45120.3117708333,0.0,2942.0,0.0,307.0,1160.0,139.241944444444,0.0,2100.0,4.0
285058,44788.5578472222,45086.5251851852,0.0,520.0,0.0,0.0,1160.0,27.3955555555556,0.0,4200.0,1.0
001120,45132.5841203704,45022.3182291667,29585.0,1555.0,0.0,0.0,1160.0,10.0,160000.0,0.0,1.0
285056,,44342.5026851852,0.0,214.0,0.0,0.0,1160.0,1.0,4200.0,000582,APP-COMPRRESS
333016,45042.4708333333,45000.4611111111,0.0,7230.0,0.0,1.0,1160.0,0.0,0.0,18200.0,8.0
330184,45138.556099537,45111.4676736111,0.0,751.0,0.0,136.0,1160.0,240.059722222222,0.0,2100.0,4.0
188023,45126.5347222222,45091.3965740741,86164.0,0.0,1965.0,0.0,1160.0,174.804166666667,250000.0,6250.0,5.0
267233,45118.4483449074,0.0,0.0,0.0,0.0,TRAILER,83.3805555555556,0.5,0.0,002426,TRL-UTILITY
LF0041,43740.4905208333,0.0,0.0,0.0,0.0,ATTACHMENT,0.5,ATT-LEAF-BOX,4301-1,61 TORYORK DR,ATTACHMENT-LEAF BOX
321006,45090.3624421296,45132.3357407407,0.0,22.0,0.0,19.0,1160.0,11.7333333333333,0.0,2100.0,0.5
396238,45138.2833564815,44221.4243055556,0.0,2663.0,0.0,300.0,1160.0,0.5,2800.0,005513,GM-MOWER
045141,45132.3234606481,45125.3787384259,45193.0,3181.0,6630.0,517.0,1160.0,184.396111111111,180000.0,0.0,1.5
376071,0.0,0.0,0.0,0.0,ICEMAIN,10.0,ICE-RESURF,ICE-MAIN-RESURFACER,600 RODING ST,,376ZAMBNG12
111038T,44544.5309606481,44371.568912037,,991.0,3.0,0.0,856.0,1.5,0.0,001045,VAN-1/2T
236283,43830.0,45103.6385532407,115248.0,14267.0,7607.0,731.0,1160.0,283.209444444444,250000.0,10000.0,8.0
396480,45132.5403819444,45058.6489583333,0.0,1222.0,0.0,55.0,1160.0,0.425,0.0,5600.0,0.5
376027,40954.4570601852,3.0,0.0,0.0,0.0,ICEMAIN,3.0,ICE-RESURF,005381,441 KIPLING AVE,ICE-MAIN-RESURFACER
041276,45085.4028819444,45022.4528009259,13959.0,879.0,2847.0,1.0,1160.0,41.0163888888889,160000.0,4000.0,1.5
396440,42625.2940046296,0.0,1.0,0.0,0.0,GROUND,0.5,GM-MOWER,0516-3,200 PARKSIDE DR,
415012,0.0,0.0,0.0,0.0,GROUND,10.0,GM-MOWER,GROUND-MOWER,781 VICTORIA PARK AVE,,415TOROUN19
250032,45069.3770949074,0.0,0.0,0.0,0.0,TRAILER,18.2538888888889,0.5,0.0,4869-2,TRL-VAN/TANK
047032,44824.6091087963,44930.4079976852,68646.0,961.0,1.0,1.0,152.0,6.20805555555556,180000.0,4500.0,1.5
322058,45113.4064236111,45113.648599537,0.0,5285.0,0.0,187.0,1160.0,136.433611111111,0.0,7000.0,8.0
062095,45104.34,45091.4558101852,70661.0,3129.0,2698.0,303.0,1160.0,231.763888888889,220000.0,0.0,1.5
095187,45133.4907291667,45125.4015856481,5613.0,5.0,5202.0,2.0,1160.0,67.5505555555556,160000.0,0.0,1.5
050138,45119.3546990741,45138.4697800926,6523.0,359.0,0.0,1.0,1160.0,0.0586111111111111,180000.0,4500.0,1.5
003128,44365.6246643519,44392.5235416667,52051.0,449.0,0.0,0.0,1160.0,1.0,,,SEDAN-PASS
398004,0.0,0.0,0.0,0.0,GROUND,10.0,GM-MOWER,GROUND-MOWER,1000 JANE ST,,398TOROUN18
041421,45131.4381828704,44959.5971412037,18540.0,837.0,5487.0,305.0,1088.0,63.2025,160000.0,4000.0,1.5
269081,44935.3013888889,0.0,0.0,0.0,0.0,APPARATUS,232.0,0.5,0.0,002426,APP-ARR-BD
156168,45132.2983680556,45120.3272337963,51164.0,3076.0,3071.0,333.0,1160.0,332.611388888889,220000.0,,4.0
378210,45112.4785416667,,21.0,5001.0,2.0,GROUND,344.735833333333,1.0,2100.0,005943,GM-UT-CART
067112,45072.3926967593,45012.2991087963,556.0,72.0,556.0,72.0,944.0,147.346666666667,220000.0,0.0,1.5
267159,45093.423587963,0.0,0.0,0.0,0.0,TRAILER,77.4913888888889,0.5,0.0,002426,TRL-UTILITY
319120,41989.3552314815,45043.30375,0.0,2320.0,0.0,1.0,1160.0,22.5455555555556,0.0,5600.0,0.5
112473,45121.4976851852,45020.3805439815,32001.0,3122.0,6187.0,516.0,1160.0,86.3222222222222,220000.0,0.0,1.5
112450,45113.3125,45005.3615972222,16907.0,614.0,1079.0,34.0,1160.0,,220000.0,0.0,1.5
145017,44994.5428819444,45111.4775,56494.0,4028.0,319.0,23.0,1160.0,193.711944444444,250000.0,0.0,3.0
333017,,45016.5580671296,0.0,4543.0,0.0,341.0,1160.0,304.864722222222,0.0,18200.0,8.0
CLAW12,44184.5260648148,1.0,1.0,0.0,0.0,ATTACHMENT,,ATT-CLW-BUC,000525,1116 KING ST W,ATTACHMENT-CLAW BUCKET
2166,37559.0,44881.4888078704,0.0,19.0,0.0,5.0,1160.0,24.0,0.0,1400.0,2.0
205027,45063.4661921296,45106.5238888889,7685.0,438.0,988.0,2.0,1160.0,26.7508333333333,250000.0,0.0,5.5
288003,44001.4215162037,0.0,6.0,0.0,0.0,APPARATUS,0.75,APP-CEM-MX,003681,891 MORNINGSIDE AVE,APPARUTUS-CEMENT MIXER
236267,43830.0,45078.8490856482,91078.0,9189.0,15000.0,308.0,1160.0,163.848055555556,250000.0,10000.0,8.0
112213,45135.3764351852,45037.4720486111,95490.0,2801.0,2160.0,2.0,1160.0,78.8438888888889,220000.0,0.0,1.5
112431,45097.475775463,45036.4893634259,47002.0,1958.0,4673.0,233.0,1160.0,14.4208333333333,220000.0,0.0,1.5
003222,45133.5115046296,44998.6663541667,48193.0,491.0,5000.0,1.0,1160.0,27.3230555555556,160000.0,0.0,1.0
074016,44994.2234722222,44958.3310763889,21008.0,1496.0,1817.0,1.0,1160.0,8.0,220000.0,0.0,1.5
396353,43677.4355092593,0.0,307.0,0.0,0.0,GROUND,0.5,GM-MOWER,003681,891 MORNINGSIDE AVE,GROUND-MOWER
329055,43896.3970138889,,1.0,0.0,0.0,LIFTING,2.0,LIFT-FRKLFT,005468,3350 VICTORIA PARK AVE,
274031,0.0,0.0,0.0,0.0,APPARATUS,12.0,APP-ARR-BD,APPARUTUS ARROW BOARD,,,274VERMNA19
329047,45107.3696180556,0.0,23.0,0.0,1.0,LIFTING,2.41166666666667,2.0,4900.0,5381-1,LIFT-FRKLFT
202033,,45084.5328587963,58914.0,4052.0,2030.0,295.0,1160.0,28.0730555555556,250000.0,10000.0,6.25
384022,44861.3806018519,0.0,0.0,0.0,0.0,GROUND,0.5,GM-BIKE,001007,65 FRONT ST W,GROUNT-CARGO-BIKE
050201,45076.4381481481,3.0,0.0,3.0,0.0,CLASS2,17.7802777777778,1.5,4500.0,003893,PICKU-1/2T
112485,45138.3210763889,44993.3821990741,10825.0,579.0,2891.0,171.0,1160.0,5.46444444444444,220000.0,0.0,1.5
007007,45132.6181481481,45012.6465740741,162667.0,1526.0,3924.0,1.0,1160.0,0.0,160000.0,0.0,1.5
050117,45135.2108101852,45131.5339467593,97079.0,5378.0,23228.0,1206.0,1160.0,227.906666666667,180000.0,0.0,1.5
290010,45050.5896412037,0.0,1501.0,0.0,285.0,APPARATUS,1.0,,,,
043228,45057.4166203704,44945.4372106481,107288.0,0.0,3026.0,0.0,1160.0,14.4811111111111,180000.0,0.0,1.5
041321,45131.6136574074,45069.452025463,31905.0,1508.0,3681.0,209.0,1160.0,16.8333333333333,160000.0,4000.0,1.5
396453,,0.0,57.0,0.0,0.0,GROUND,0.5,,000529,1561 LAKESHORE BLVD E,GROUND-MOWER
267188,45048.5410532407,0.0,0.0,0.0,0.0,TRAILER,12.8894444444444,,0.0,0520-1,TRL-UTILITY
112289,43591.6400347222,43595.2878587963,0.0,0.0,0.0,0.0,1160.0,1.5,0.0,,VAN-3/4T
237196,43830.0,45133.5197222222,71044.0,7777.0,6117.0,586.0,1160.0,372.784722222222,250000.0,6250.0,8.0
289033,44498.5435300926,45100.792349537,0.0,962.0,0.0,306.0,1160.0,,0.0,3500.0,1.0
267149,44909.438587963,0.0,0.0,0.0,0.0,TRAILER,0.5,,004301,,
156097,45138.4976157407,,45588.0,1533.0,2187.0,114.0,1160.0,118.06,220000.0,,6.0
236306,43830.0,45118.3387037037,72183.0,9511.0,7250.0,1221.0,1160.0,337.372222222222,250000.0,10000.0,8.0
050139,45124.5221180556,45132.5924189815,11000.0,668.0,6.0,1.0,1160.0,,180000.0,4500.0,1.5
067091,45135.3337847222,45029.5681828704,12593.0,537.0,3685.0,224.0,1160.0,16.1422222222222,220000.0,0.0,1.5
2165,44931.8342361111,0.0,199.0,0.0,2.0,LIFTING,0.0,2.0,1400.0,003917,LIFT-ELEV
065104,44784.3658796296,44880.5966666667,105625.0,2559.0,0.0,,152.0,1.5,0.0,003892,PICKU-3/4T
335001,45071.3076388889,44329.4024537037,7977.0,1557.0,133.0,0.0,1160.0,2.0,1000.0,,GM-TURF-SWP
050028,45132.3720138889,45091.2868518519,15165.0,795.0,2932.0,190.0,1160.0,,180000.0,0.0,1.5
376122,0.0,0.0,0.0,0.0,ICEMAIN,10.0,ICE-RESURF,ICE-MAIN-RESURFACER,,,376ZAMBLP20B
396556,45072.3118287037,44803.5234259259,0.0,153.0,0.0,151.0,1160.0,,7000.0,003893,GM-MOWER
061137,43700.3419097222,43712.3931365741,92322.0,0.0,0.0,0.0,1160.0,1.5,0.0,001984,PICKU-3/4T
157042,45135.2972916667,,46132.0,2801.0,3033.0,4.0,1160.0,87.6413888888889,220000.0,,6.0
398005,0.0,0.0,0.0,0.0,GROUND,10.0,GM-MOWER,GROUND-MOWER,4200 YONGE ST,,MOWER082619
111074,45064.4285069444,45126.2582523148,,2143.0,823.0,55.0,1160.0,55.9883333333333,180000.0,0.0,1.5
323089,,44953.3522916667,0.0,1484.0,0.0,2.0,1160.0,72.2861111111111,0.0,7000.0,8.0
050098,45125.4534027778,44868.4873032407,20170.0,977.0,3720.0,187.0,1160.0,1.5,0.0,005559,PICKU-1/2T
396356,42969.3264930556,0.0,309.0,0.0,0.0,GROUND,0.5,,003896,70 NASHDENE RD,GROUND-MOWER
378239,45113.6153472222,44645.9449768519,4211.0,95.0,0.0,0.0,1160.0,1.0,2100.0,,GM-UT-CART
095119,45112.5620833333,44999.3111805556,55604.0,535.0,2716.0,2.0,1160.0,2.03,160000.0,0.0,1.5
236315,43830.0,45126.2949768519,,6462.0,11824.0,1034.0,1160.0,61.6427777777778,250000.0,10000.0,8.0
250048,45133.6865277778,0.0,0.0,0.0,0.0,TRAILER,57.4405555555556,0.5,0.0,005387,TRL-VAN/TANK
155022,45133.5915972222,45064.7381712963,79773.0,2914.0,10361.0,0.0,1160.0,6.5,220000.0,0.0,4.0
383002,45137.4679282407,45029.3619791667,15457.0,926.0,936.0,0.0,1160.0,,0.0,7000.0,2.0
236319,43830.0,45125.7203935185,76365.0,8627.0,5556.0,660.0,1160.0,363.068888888889,250000.0,10000.0,8.0
041150,44988.542337963,45090.5490856481,95520.0,2268.0,1091.0,0.0,1160.0,114.796388888889,160000.0,4000.0,1.5
156109,45138.4296527778,45078.6847916667,100801.0,4630.0,6030.0,513.0,1160.0,288.0,220000.0,5500.0,6.0
063096,45137.4037268519,45056.3646990741,120524.0,4104.0,15473.0,14.0,1160.0,250.194444444444,220000.0,5500.0,1.5
396295,43395.0,40697.4247453704,0.0,547.0,0.0,0.0,1160.0,0.5,2100.0,,GM-MOWER
378221,42782.5400694444,2.0,2.0,0.0,0.0,GROUND,1.0,GM-UT-CART,003681,891 MORNINGSIDE AVE,
194004,45127.5115856481,45030.3375694444,84437.0,,3700.0,236.0,1160.0,146.410555555556,250000.0,10000.0,3.0
327005,45133.3834143519,0.0,316.0,0.0,300.0,CONSTRUCT,16.9941666666667,4.0,4200.0,005154,CON-MINI-EXC
050054,45133.4331481481,45037.2641666667,73238.0,3672.0,4521.0,239.0,1160.0,111.536666666667,180000.0,0.0,1.5
330158,45138.5622453704,45114.2441898148,0.0,2262.0,0.0,180.0,1160.0,226.886388888889,0.0,2100.0,4.0
204018,45083.6219675926,45084.2615277778,147655.0,11267.0,70.0,478.0,1160.0,422.7475,250000.0,10000.0,8.25
378256,44518.425474537,0.0,103.0,0.0,0.0,GROUND,,GM-UT-CART,0582-1,9 LESLIE ST,
384009,0.0,0.0,0.0,0.0,GROUND,8.0,GM-BIKE,GROUNT-CARGO-BIKE,433 EASTERN AVE,,384ROCKNA04
330201,0.0,0.0,0.0,ROADMAIN,6.0,YONGE GARAGE,330MADVDI23,2023 MADVAC ROAD MAINTENANCE LITTER VACUUM 21-30HP 4X2 6 YEAR DIESEL,,,STANDARD
154068,45118.6051157407,45035.3953703704,2595.0,177.0,1073.0,78.0,1160.0,10.2469444444444,220000.0,0.0,4.0
332019,0.0,0.0,0.0,0.0,ICEMAIN,10.0,ICE-M-RESURF,ICE-MAIN-TRACTOR MOUNTED RESUR,441 KIPLING AVE,,332OLYMNA11
135187,45138.4197106482,45077.274212963,10548.0,658.0,8678.0,556.0,1160.0,4.79222222222222,220000.0,5500.0,3.0
376036,0.0,0.0,0.0,0.0,ICEMAIN,10.0,ICE-RESURF,ICE-MAIN-RESURFACER,,,376ZAMBNG05
396365,45138.2927777778,43748.3751273148,0.0,4051.0,0.0,99.0,1160.0,,2800.0,0520-1,GM-MOWER
050048,45111.3696643518,44677.6608564815,46197.0,2042.0,2659.0,120.0,1160.0,1.5,0.0,4301-1,PICKU-1/2T
223089,45138.2778472222,45138.4269444444,93511.0,,19524.0,1857.0,1160.0,381.016388888889,250000.0,6250.0,8.0
188057,45124.6110185185,45128.3436342593,41316.0,1071.0,7957.0,304.0,1160.0,309.781666666667,250000.0,6250.0,5.0
007051,45118.5059490741,45127.4210648148,42184.0,656.0,7872.0,5.0,1160.0,169.008333333333,160000.0,0.0,1.5
384005,0.0,0.0,0.0,0.0,GROUND,8.0,GM-BIKE,GROUNT-CARGO-BIKE,433 EASTERN AVE,,384NORCNA07
330155,45084.5484722222,45054.3334259259,0.0,191.0,0.0,186.0,1160.0,81.1661111111111,0.0,2100.0,4.0
041390,45119.5374537037,44984.5347453704,24062.0,831.0,3861.0,130.0,1160.0,8.08666666666667,160000.0,4000.0,1.5
2164,44881.4628703704,0.0,19.0,0.0,3.0,LIFTING,0.0,2.0,1400.0,003342,LIFT-ELEV
047058,45138.3240046296,45006.5166782407,102426.0,2005.0,3209.0,8.0,,49.5336111111111,180000.0,4500.0,1.5
135141,45092.4387962963,45098.4034606482,88169.0,0.0,352.0,0.0,1160.0,19.8330555555556,220000.0,0.0,1.5
095179,45100.4340625,45041.6394328704,5025.0,238.0,64.0,1.0,1160.0,47.3022222222222,160000.0,0.0,1.5
112389,45133.5552430556,45103.5709143519,160291.0,1756.0,9028.0,3.0,1160.0,,220000.0,0.0,1.5
064187,45128.5592708333,45021.3740046296,14885.0,6.0,7535.0,1.0,1160.0,0.222777777777778,220000.0,8000.0,1.5
156073,45138.3087847222,45009.6275115741,112599.0,0.0,4266.0,0.0,1160.0,48.9397222222222,220000.0,0.0,4.0
094051,44680.4819444444,44355.4296412037,81847.0,0.0,0.0,0.0,304.0,1.0,4000.0,000520,VAN-PASS
202042,45132.3283912037,45076.4259375,16011.0,622.0,2538.0,8.0,1160.0,252.748611111111,250000.0,10000.0,6.25
376125,44517.6617939815,,4.0,0.0,0.0,ICEMAIN,3.0,ICE-RESURF,0520-1,50 BOOTH AVE,ICE-MAIN-RESURFACER
269078,44467.5618518519,0.0,0.0,0.0,0.0,APPARATUS,0.5,APP-ARR-BD,003892,1050 ELLESMERE RD,APPARUTUS ARROW BOARD
005021,,45117.4790046296,51704.0,742.0,9586.0,34.0,1160.0,160.968888888889,160000.0,4000.0,1.5
065194,45132.5730671296,45119.3464930556,10101.0,54.0,8432.0,16.0,1160.0,4.33166666666667,220000.0,0.0,
269022,44435.3427662037,0.0,0.0,0.0,0.0,APPARATUS,0.5,APP-ARR-BD,000582,7 LESLIE ST,APPARUTUS ARROW BOARD
045107,45132.3634375,45041.375,76803.0,4834.0,8325.0,2.0,1160.0,90.3716666666667,180000.0,0.0,1.5
319217,45001.2882986111,45058.3105671296,0.0,357.0,0.0,222.0,1160.0,265.451666666667,0.0,3500.0,2.0
330104,43344.5563425926,43367.2742939815,0.0,0.0,0.0,0.0,1160.0,4.0,2100.0,,ROAD-LIT-VAC
076080,45124.4425462963,45076.354212963,17785.0,1109.0,4842.0,239.0,1160.0,70.1011111111111,220000.0,0.0,1.5
112321,45132.3821643519,45001.4407638889,55019.0,1689.0,3964.0,2.0,1160.0,62.2952777777778,220000.0,0.0,1.5
041295,45096.4499537037,44909.1770833333,10561.0,365.0,1875.0,3.0,1160.0,19.4244444444444,160000.0,4000.0,1.5
077012,44979.3058680556,6989.0,0.0,420.0,0.0,CLASS3,1.5,PICKU-1TON,,,PICKUP - 1 TON
223077,45137.8529513889,45138.2587615741,129798.0,11757.0,19263.0,,1160.0,156.386944444444,250000.0,6250.0,8.0
CLAW1,43972.4150231481,,1.0,0.0,0.0,ATTACHMENT,0.5,ATT-CLW-BUC,000520,433 EASTERN AVE,ATTACHMENT-CLAW BUCKET
074011,45009.2103587963,44981.3698032407,74733.0,,2399.0,217.0,1160.0,7.53472222222222,220000.0,0.0,1.5
334015,45044.8460648148,0.0,35.0,0.0,2.0,LIFTING,8.0,2.0,1400.0,5464-1,LIFT-ELEV
076073,45133.2868518519,44777.5156134259,55426.0,3911.0,4466.0,354.0,1160.0,1.5,0.0,4301-1,PICKU-1TON
041257,45128.3607523148,45061.4722106481,34796.0,623.0,4385.0,5.0,1160.0,13.85,160000.0,4000.0,1.5
347026,41321.2591087963,44834.3497685185,0.0,41.0,0.0,1.0,1160.0,0.0,0.0,21000.0,2.0
285051,44532.5666435185,0.0,13.0,0.0,0.0,APPARATUS,1.0,APP-COMPRRESS,003892,1050 ELLESMERE RD,
111064,45135.4392708333,45106.3818055556,56332.0,2320.0,5805.0,1.0,1160.0,30.8366666666667,180000.0,0.0,1.5
396322,45135.5692824074,44972.4624537037,0.0,3589.0,0.0,254.0,1160.0,3.16222222222222,0.0,7000.0,0.5
041416,44978.5353587963,44944.490462963,128.0,3.0,128.0,3.0,1000.0,44.2288888888889,160000.0,4000.0,1.5
T.T.C.BUS,45131.3260069444,0.0,0.0,0.0,0.0,CLASS7,8.0,,,,BUS - PASSENGER
206076,45111.3801736111,45128.5103819444,187096.0,7629.0,5143.0,275.0,1160.0,134.553611111111,400000.0,10000.0,5.0
377001,42132.3560416667,0.0,0.0,0.0,0.0,SNOWMOBILE,,SNOWMOBILE,004793,149 ELMCREST RD,
319254,0.0,0.0,0.0,0.0,GROUND,12.0,GM-TRACT,GROUNT-TRACTOR,DISCO GARAGE,,319KUBODI23
322069,45119.7222222222,44993.7910763889,0.0,5455.0,0.0,177.0,1160.0,176.638888888889,0.0,7000.0,8.0
050080,45135.3227662037,45105.2927430556,60387.0,3001.0,8077.0,305.0,1160.0,138.005555555556,180000.0,4500.0,1.5
003233,,15605.0,0.0,0.0,0.0,CLASS1,6.50194444444444,1.0,0.0,004869,SEDAN-PASS
267254,45113.6963541667,0.0,0.0,0.0,0.0,TRAILER,11.6175,0.5,0.0,004301,TRL-UTILITY
074013,45064.3482407407,44945.4052777778,94283.0,5213.0,5410.0,301.0,1160.0,78.1608333333333,220000.0,0.0,1.5
376026,42072.5353472222,1653.0,2.0,0.0,0.0,ICEMAIN,3.0,ICE-RESURF,005381,441 KIPLING AVE,ICE-MAIN-RESURFACER
067090,45050.4496875,45015.4431481482,3003.0,134.0,342.0,18.0,1160.0,1.43166666666667,220000.0,0.0,1.5
063087,45136.2941203704,45096.2487847222,87568.0,6201.0,3471.0,480.0,1160.0,839.446388888889,220000.0,5500.0,1.5
076086,45129.2716666667,45007.5453703704,28457.0,2073.0,5034.0,544.0,1160.0,82.9111111111111,220000.0,0.0,1.5
396400,,0.0,406.0,,0.0,GROUND,0.5,GM-MOWER,004847,247 ESTHER SHINER BLVD,GROUND-MOWER
CLAW22,44950.4941782407,0.0,0.0,0.0,0.0,ATTACHMENT,18.0680555555556,0.5,0.0,000525,ATT-CLW-BUC
158082,44896.3632523148,45035.3152662037,7572.0,611.0,82.0,14.0,1160.0,53.5738888888889,250000.0,6250.0,5.0
095206,45125.4130671296,45041.6635416667,769.0,56.0,326.0,25.0,1160.0,0.00194444444444444,160000.0,0.0,1.5
076092,45138.3085300926,44981.6459953704,18605.0,1090.0,3804.0,248.0,1160.0,251.411666666667,220000.0,0.0,1.5
065136,45135.5755902778,45089.7168518519,54143.0,4044.0,7615.0,1.0,1160.0,12.7375,220000.0,8000.0,1.5
319228,44996.6236921296,45093.4750231481,0.0,240.0,0.0,153.0,1160.0,519.096944444444,0.0,3500.0,2.0
378367,44998.251724537,0.0,9.0,0.0,9.0,GROUND,45.9802777777778,1.0,2100.0,000579,GM-UT-CART
161009,45020.2744675926,45050.7496296296,112851.0,5150.0,1362.0,72.0,1160.0,19.2044444444444,250000.0,0.0,3.0
045086,45044.4307638889,45114.5763194444,91277.0,3193.0,2.0,2.0,1160.0,241.983333333333,180000.0,0.0,1.5
222052,45138.2215972222,45128.3254166667,14234.0,204.0,14234.0,204.0,704.0,188.816944444444,220000.0,9000.0,8.0
007006,45083.7022800926,44879.4905092593,114686.0,2424.0,1439.0,1.0,1160.0,0.0,160000.0,0.0,1.5
156064,45138.575625,45111.3319328704,118617.0,3635.0,1075.0,44.0,1160.0,289.381944444444,220000.0,0.0,4.0
329017,45138.4505787037,,735.0,0.0,2.0,LIFTING,120.0,2.0,4200.0,005178,LIFT-FRKLFT
267232,45126.3676851852,0.0,0.0,0.0,0.0,TRAILER,1.43916666666667,0.5,0.0,002426,TRL-UTILITY
050058,45138.6204861111,45071.245625,77383.0,3015.0,9998.0,409.0,1160.0,68.8694444444444,180000.0,0.0,1.5
376097,0.0,0.0,0.0,0.0,ICEMAIN,10.0,ICE-RESURF,ICE-MAIN-RESURFACER,1967 ELLESMERE RD,,376ZAMBPR15B
294069,45138.3231134259,45000.4911921296,0.0,372.0,0.0,60.0,1160.0,73.4866666666667,,6300.0,1.0
045174,45132.4365740741,45131.316099537,18708.0,1560.0,5001.0,301.0,1160.0,174.291388888889,180000.0,0.0,1.5
020044,45127.5933333333,45016.3435532407,13459.0,779.0,1026.0,92.0,1160.0,0.450555555555556,160000.0,0.0,1.0
378181,45125.530625,42465.4449421296,3152.0,157.0,171.0,0.0,1160.0,1.0,2800.0,005486,GM-UT-CART
396525,,44044.2965162037,0.0,303.0,0.0,0.0,1160.0,0.5,4200.0,002522,GM-MOWER
095183,45132.5842824074,45120.5283449074,5595.0,54.0,5232.0,2.0,1160.0,43.2266666666667,160000.0,0.0,1.5
396330,45138.2867824074,43733.291087963,0.0,2863.0,0.0,39.0,1160.0,0.5,4200.0,001984,GM-MOWER
065177,45132.4458333333,45118.6268981481,5101.0,369.0,5101.0,369.0,1024.0,102.853611111111,220000.0,0.0,1.5
112536,45128.5832986111,45076.3223263889,30.0,0.0,30.0,0.0,56.0,0.0,220000.0,0.0,1.5
156145,45078.6375810185,45048.47875,114933.0,4382.0,1566.0,112.0,1160.0,,,5500.0,6.0
076030,45138.550474537,45131.3821527778,61200.0,3001.0,4887.0,4.0,1160.0,377.863333333333,220000.0,0.0,1.5
315091,45138.5630324074,45133.3092013889,0.0,2233.0,0.0,8.0,1160.0,339.445555555556,250000.0,9000.0,8.0
045099,45138.4248263889,45082.2803587963,77856.0,4293.0,9037.0,771.0,1160.0,196.556666666667,180000.0,0.0,1.5
043188,45138.3541319444,45015.5432638889,61181.0,0.0,5744.0,0.0,1160.0,2.96166666666667,180000.0,0.0,1.5
065182,45125.3276967593,45106.3874652778,2615.0,167.0,2615.0,167.0,704.0,71.1172222222222,220000.0,0.0,1.5
095125,45057.4782060185,,15305.0,1199.0,1.0,31.0,1160.0,21.9877777777778,160000.0,0.0,1.5
319119,45120.121412037,45118.3540625,0.0,5585.0,0.0,433.0,1160.0,94.3672222222222,0.0,5600.0,0.5
045056,45138.2995138889,44958.5015740741,82621.0,883.0,8669.0,59.0,1160.0,,180000.0,0.0,1.5
223078,45136.5874884259,,111956.0,11233.0,16134.0,1494.0,1160.0,394.866944444444,250000.0,6250.0,8.0
379049,44646.2474652778,0.0,301.0,0.0,0.0,GROUND,1.0,GM-UT-CART,002979,4200 YONGE ST,
095209,45133.714837963,45091.4409837963,336.0,7.0,197.0,0.0,1160.0,34.6275,160000.0,0.0,1.5
047076,45135.6249768519,45131.3628356481,42894.0,904.0,5066.0,301.0,1160.0,5.80361111111111,180000.0,4500.0,1.5
396570,45076.3086342593,44789.5756018519,0.0,39.0,0.0,37.0,1160.0,0.5,700.0,0520-1,GM-MOWER
236309,43830.0,45138.8560532407,69169.0,9614.0,6568.0,1022.0,1160.0,238.976944444444,250000.0,10000.0,8.0
267132,45008.3900462963,0.0,0.0,0.0,0.0,TRAILER,44.975,0.5,0.0,004301,TRL-UTILITY
094056,,43213.5379166667,0.0,0.0,0.0,0.0,1160.0,1.0,4000.0,0582-1,VAN-PASS
001157,45134.3969560185,45029.5996643519,9307.0,344.0,3230.0,129.0,1160.0,14.3194444444444,160000.0,0.0,1.0
176027,44986.4441666667,45097.3199537037,28935.0,1265.0,112.0,7.0,1160.0,161.254722222222,250000.0,10000.0,5.5
003105,45030.5911805556,45043.3324305556,137985.0,597.0,1652.0,2.0,800.0,6.37277777777778,160000.0,0.0,1.0
319207,44911.6083333333,45040.4397453704,0.0,150.0,0.0,4.0,1160.0,666.944444444445,0.0,3500.0,2.0
350009,0.0,0.0,0.0,0.0,APPARATUS,11.0,APP-WLK-ART,APPARUTUS-WALK BEHIND AERATOR,2481 BIRCHMOUNT RD,,350TOROUN12
378244,,,8208.0,842.0,2.0,2.0,1160.0,369.664444444444,0.0,2100.0,1.0
112320,45138.3331712963,45044.3000231481,80839.0,3366.0,3141.0,215.0,1160.0,,220000.0,,1.5
378274,45127.2332407407,,0.0,854.0,0.0,37.0,1160.0,1.0,2100.0,002979,GM-UT-CART
378099,45086.2112731481,44645.9196990741,8566.0,1542.0,,0.0,960.0,1.0,700.0,,GM-UT-CART
041379,45138.3502199074,45126.4389236111,16780.0,1944.0,2351.0,280.0,1160.0,0.0111111111111111,160000.0,4000.0,1.5
073066,44945.3707638889,44914.2674652778,258455.0,,1522.0,80.0,304.0,,0.0,005559,PICKU-1TON
323080,,45036.6689930556,0.0,12504.0,0.0,356.0,1160.0,549.339722222222,0.0,17400.0,8.0
319180,44995.3321412037,45062.4287615741,0.0,422.0,0.0,105.0,1160.0,415.666388888889,0.0,3500.0,2.0
318039,,45033.4471064815,0.0,1097.0,0.0,301.0,1160.0,0.00666666666666667,0.0,3500.0,0.5
001137,45128.6187268519,45135.4493055556,14599.0,683.0,1795.0,139.0,1160.0,10.3508333333333,160000.0,0.0,1.0
112339,45133.6207523148,45051.3632175926,68337.0,3828.0,3059.0,1.0,1160.0,47.2886111111111,220000.0,0.0,1.5
041212,45138.5828587963,44894.473287037,50360.0,1089.0,5540.0,1.0,1160.0,1.5,4000.0,004426,SEDAN-PASS
041314,45111.3610416667,45121.2669328704,21167.0,27.0,3017.0,,1160.0,40.8847222222222,160000.0,4000.0,1.5
095069,44739.5294328704,0.0,2040.0,0.0,0.0,CLASS1,1.5,VAN-PASS,,,VAN - PASSENGER
202034,45124.3461805556,45126.4531597222,28158.0,3073.0,1705.0,195.0,1160.0,65.5080555555556,250000.0,10000.0,6.25
267111,45047.407974537,0.0,0.0,0.0,0.0,TRAILER,22.2086111111111,0.5,0.0,,TRL-UTILITY
065171,45134.4783217593,44959.2561689815,6797.0,400.0,6797.0,400.0,848.0,132.0,220000.0,0.0,
112326,45117.3544907407,45118.4082523148,57949.0,1663.0,5735.0,2.0,1160.0,72.8194444444444,220000.0,0.0,1.5
001073,45127.5221990741,44984.2771527778,19048.0,1336.0,1.0,1.0,1160.0,20.5338888888889,160000.0,0.0,1.0
187006,45112.4099652778,45076.5375,55506.0,894.0,381.0,22.0,1160.0,119.244722222222,250000.0,6250.0,5.0
064157,45103.8206828704,45111.5325925926,70169.0,3704.0,3806.0,,1160.0,225.921388888889,220000.0,0.0,1.5
156119,45120.3959837963,45132.5201041667,84601.0,3946.0,5013.0,302.0,1160.0,275.134444444444,220000.0,0.0,4.0
236227,41305.4836689815,41333.455775463,0.0,0.0,0.0,0.0,1160.0,8.0,10000.0,,TRUCK-RLOAD
274003,44082.456400463,0.0,0.0,0.0,0.0,APPARATUS,0.5,APP-ARR-BD,005495,1401 CASTLEFIELD AVE,APPARUTUS ARROW BOARD
112414,45133.0934837963,45100.5927893519,85972.0,6090.0,7489.0,503.0,1160.0,269.713611111111,220000.0,,1.5
223092,,45134.2541782407,129882.0,4591.0,15269.0,1416.0,1160.0,336.5975,250000.0,6250.0,8.0
201006,45132.3136574074,45114.3195023148,65494.0,1335.0,6264.0,361.0,1160.0,-1,220000.0,8000.0,1.5
112470,45134.8463657407,45064.438912037,44453.0,2011.0,7639.0,320.0,1160.0,45.4661111111111,220000.0,0.0,1.5
095140T,44986.3281134259,44718.3800694444,32860.0,656.0,2435.0,0.0,856.0,1.5,0.0,,VAN-PASS
376010,41250.3650347222,5397.0,0.0,0.0,0.0,ICEMAIN,3.0,ICE-RESURF,005381,441 KIPLING AVE,ICE-MAIN-RESURFACER
135130,,45091.4987615741,29105.0,0.0,451.0,0.0,1160.0,287.893055555556,220000.0,5500.0,3.0
041356,45051.4709490741,45016.2956365741,7270.0,358.0,1070.0,60.0,1160.0,32.5,160000.0,4000.0,1.5
355006,41474.3132060185,0.0,0.0,0.0,0.0,GROUND,,ATT-SAND-GRM,4426-1,21 ALNESS ST,ATTACHMENT-SAND GROOMER
378196,42662.5333333333,284.0,200.0,,0.0,GROUND,1.0,GM-UT-CART,0520-1,50 BOOTH AVE,
111056,45132.5671875,44917.3667361111,81620.0,2857.0,,260.0,1160.0,1.5,0.0,,VAN-1/2T
2-02-28,5000.0,0.0,0.0,0.0,CLASS2,10.0,PICKU-1TON,PICKUP - 1 TON,,,TRCA-FORDDI02
041298,45138.4449537037,44960.3084722222,48544.0,4866.0,7826.0,765.0,1160.0,0.660833333333333,160000.0,4000.0,1.5
319088,44949.4296412037,0.0,674.0,0.0,54.0,GROUND,0.5,GM-TRACT,,,GROUNT-TRACTOR
296009,44900.3330439815,43131.3468634259,0.0,433.0,0.0,0.0,648.0,2.0,6300.0,004847,APP-STUMP-CUT
267122,44995.4449652778,0.0,0.0,0.0,0.0,TRAILER,65.8016666666667,0.5,0.0,004301,TRL-UTILITY
003134,45050.3935300926,2844.0,0.0,1.0,0.0,CLASS1,6.55527777777778,1.0,0.0,001772,SEDAN-PASS
236318,43830.0,45119.7339236111,68072.0,6514.0,7515.0,783.0,1160.0,173.7875,250000.0,10000.0,8.0
112329,45029.5424652778,45138.4501041667,78008.0,3100.0,9160.0,302.0,1160.0,563.648333333333,220000.0,0.0,1.5
223100,45138.5704513889,45120.2835185185,124496.0,10527.0,14619.0,1214.0,1160.0,245.578333333333,250000.0,6250.0,8.0
204033,45134.3407407407,44999.409849537,6768.0,317.0,763.0,1.0,1160.0,218.441388888889,250000.0,6250.0,8.0
001088,45133.4641782407,45114.5298148148,33598.0,1103.0,1.0,1.0,1160.0,154.291388888889,160000.0,0.0,1.0
080072,45015.3582986111,45013.3808680556,124876.0,3392.0,3654.0,173.0,648.0,36.6219444444444,220000.0,5500.0,4.0
330177,45105.68125,45064.314375,0.0,451.0,0.0,76.0,1160.0,,0.0,2100.0,4.0
050059,45128.5106018518,45051.5229282407,19072.0,964.0,2470.0,161.0,1160.0,195.511666666667,180000.0,0.0,1.5
067053,45133.2984027778,44551.2961805556,39940.0,358.0,3933.0,0.0,1160.0,1.5,0.0,,PICKU-3/4T
318057,45075.3174652778,0.0,8.0,0.0,8.0,GROUND,16.8416666666667,3.0,3500.0,000525,GM-TRACT
135162,45113.4136342593,45056.4572453704,25563.0,821.0,1859.0,1.0,,56.3022222222222,220000.0,5500.0,3.0
267186,45128.4987731481,0.0,0.0,0.0,0.0,TRAILER,52.0294444444444,0.5,0.0,003763,TRL-UTILITY
294055,45138.3297800926,44980.3652314815,0.0,1716.0,0.0,43.0,1160.0,389.322777777778,0.0,9800.0,1.0
112383,44869.6486458333,44943.3143634259,112866.0,716.0,3.0,2.0,1160.0,92.2266666666667,220000.0,0.0,1.5
347022,44999.709837963,45099.5383449074,0.0,738.0,0.0,201.0,1160.0,60.845,0.0,21000.0,2.0
067093,45112.5476388889,45135.3351041667,2919.0,340.0,657.0,101.0,1160.0,29.0863888888889,220000.0,0.0,1.5
396446,44806.5274768519,42620.334375,0.0,798.0,0.0,0.0,1160.0,0.5,2100.0,005109,GM-MOWER
266061,44326.4994675926,0.0,0.0,0.0,0.0,TRAILER,0.5,TRL-UTILITY,4869-1,195 BERMONDSEY RD,
266036,45120.3710416667,0.0,0.0,0.0,0.0,TRAILER,48.465,0.5,0.0,0520-1,TRL-UTILITY
003341,44998.3779513889,2.0,0.0,2.0,0.0,CLASS1,12.7283333333333,1.0,0.0,005763,SEDAN-PASS
111093,45134.3137615741,44914.3099652778,38847.0,60.0,8287.0,1.0,1160.0,0.0,180000.0,0.0,1.5
080109,45135.3108217593,45111.4052314815,2157.0,55.0,2157.0,55.0,264.0,53.3155555555556,220000.0,5500.0,4.0
330156,45137.5594097222,45131.2496064815,0.0,2626.0,0.0,195.0,1160.0,,0.0,,4.0
378246,44812.8275462963,42368.4597569444,23718.0,2.0,0.0,0.0,1160.0,1.0,2100.0,,GM-UT-CART
045026,,44040.3819791667,0.0,0.0,0.0,0.0,1160.0,1.5,0.0,,PICKU-1/2T
159034,45001.3432407407,,51604.0,2864.0,999.0,81.0,1160.0,171.51,250000.0,0.0,5.0
156132,45111.5653240741,45113.4931597222,,4361.0,7307.0,859.0,1160.0,12.3797222222222,220000.0,0.0,4.0
396278,44067.3690972222,0.0,157.0,0.0,0.0,GROUND,0.5,,,451 BRIMLEY RD,GROUND-MOWER
045095,,45016.3066435185,24154.0,1667.0,5827.0,243.0,1160.0,21.7822222222222,180000.0,0.0,1.5
222032,45138.2149421296,45132.8349305556,113257.0,8946.0,7198.0,464.0,1160.0,184.643888888889,220000.0,5500.0,8.0
237183,43830.0,45135.6920138889,74587.0,8371.0,4244.0,28.0,1160.0,330.698055555556,250000.0,6250.0,8.0
094115,45132.4900694444,44600.3625115741,32182.0,1378.0,3902.0,176.0,1160.0,,4000.0,,SEDAN-PASS
112390,45136.4729282407,45103.5762962963,177273.0,583.0,7396.0,3.0,1160.0,45.6158333333333,220000.0,,1.5
315112,45134.5468865741,45135.3193981481,0.0,535.0,0.0,222.0,1160.0,565.008055555556,250000.0,9000.0,8.0
378187,44543.505150463,8.0,8.0,0.0,0.0,GROUND,1.0,,005154,545 COMMISSIONERS ST,
206098,45138.4197337963,45096.3254513889,132276.0,1645.0,28278.0,307.0,1160.0,65.5761111111111,400000.0,10000.0,5.0
378323,44075.712962963,44861.509224537,0.0,197.0,0.0,0.0,1160.0,1.0,2100.0,0582-1,GM-UT-CART
112462,45134.3105902778,,71965.0,4677.0,10848.0,732.0,1160.0,39.2713888888889,220000.0,0.0,1.5
323123,45131.4558101852,45105.2627314815,0.0,658.0,0.0,365.0,1160.0,84.2741666666667,0.0,12600.0,8.0
206097,45138.4983680556,45118.2584490741,123724.0,1350.0,18362.0,307.0,1160.0,150.277777777778,400000.0,10000.0,5.0
396439,,44735.3319791667,0.0,408.0,0.0,0.0,1160.0,0.5,2100.0,004301,
004423,0.0,0.0,0.0,0.0,GROUND,12.0,GM-TRACT,GROUNT-TRACTOR,,,TRACTOR04
047072,45127.5940509259,44902.5670717593,56319.0,4956.0,2.0,0.0,1160.0,1.5,4500.0,005581,PICKU-COMP
376067,0.0,0.0,0.0,0.0,ICEMAIN,10.0,ICE-RESURF,ICE-MAIN-RESURFACER,,,376ZAMBUN11
378106,43901.2799884259,759.0,137.0,0.0,0.0,GROUND,1.0,GM-UT-CART,001984,30 NORTHLINE RD,
135176,45105.4052083333,45013.5440393519,13199.0,748.0,1200.0,3.0,1160.0,65.4316666666667,220000.0,5500.0,3.0
114046,45091.4147222222,2.0,0.0,2.0,0.0,CLASS3,4.50416666666667,1.5,0.0,3892-1,VAN-1TON
080095,45115.2419560185,45029.4365625,29521.0,2429.0,955.0,76.0,1160.0,15.3341666666667,220000.0,5500.0,4.0
301008,44930.3930555556,0.0,5.0,0.0,1.0,APPARATUS,46.5666666666667,0.5,1400.0,002990,APP-LT-TWR
065183,44980.5372569444,44953.4391898148,300.0,10.0,300.0,10.0,1048.0,220.047222222222,220000.0,0.0,1.5
050007,44938.4218634259,44945.3541782407,111668.0,1791.0,1.0,1.0,464.0,16.5672222222222,180000.0,4500.0,1.5
201007,45132.3361574074,45084.6415046296,38609.0,2837.0,1929.0,130.0,1160.0,107.548055555556,220000.0,8000.0,1.5
135171,44992.4509953704,45093.4505671296,1784.0,91.0,253.0,24.0,1160.0,12.2452777777778,220000.0,5500.0,3.0
237210,43830.0,45131.2911805556,64245.0,6939.0,5014.0,34.0,1160.0,253.284444444444,250000.0,6250.0,8.0
001138,44582.506099537,44587.5808680556,13619.0,451.0,0.0,0.0,1160.0,1.0,0.0,003977,SEDAN-PASS
001093,45114.4521180556,45113.2496296296,73004.0,3383.0,7765.0,301.0,1160.0,87.2369444444444,160000.0,0.0,1.0
396286,44694.37375,,0.0,1137.0,0.0,0.0,464.0,0.5,2800.0,005848,GM-MOWER
175031,44988.2930671296,45121.3811458333,81630.0,0.0,264.0,0.0,1160.0,70.6208333333333,250000.0,6250.0,5.5
072206,44924.5144560185,44970.5129861111,97437.0,3169.0,1.0,1.0,464.0,59.6883333333333,220000.0,0.0,1.5
001081,,45097.593599537,45788.0,3423.0,5880.0,175.0,1160.0,,160000.0,0.0,1.0
318020,45093.5230324074,45033.3100925926,0.0,1304.0,0.0,7.0,1160.0,88.5752777777778,0.0,3500.0,0.5
020039,45134.4022916667,45120.5640393519,51426.0,2591.0,6122.0,281.0,1160.0,104.195277777778,160000.0,0.0,1.0
161011,45134.4950810185,45127.2649652778,137823.0,4444.0,7042.0,402.0,1160.0,301.425277777778,250000.0,0.0,3.0
286015,45127.3638078704,0.0,2.0,0.0,2.0,APPARATUS,115.765,0.5,2100.0,003698,APP-GENERATOR
001038,44909.2884027778,44851.4335069444,59205.0,0.0,0.0,0.0,152.0,1.0,0.0,,SEDAN-PASS
003252,45138.4127430556,45113.3507523148,45215.0,1392.0,6561.0,109.0,,188.413611111111,160000.0,0.0,1.0
205008,45133.313599537,45128.4678356481,64095.0,1200.0,2890.0,7.0,1160.0,20.4941666666667,250000.0,0.0,5.0
067078,45006.4990740741,44991.5240162037,6791.0,448.0,325.0,17.0,1160.0,47.5438888888889,220000.0,0.0,1.5
378328,43859.657349537,10.0,0.0,0.0,0.0,GROUND,1.0,GM-UT-CART,003763,101 RIDGETOP RD,
319077,43402.5094791667,44882.8836342593,0.0,4984.0,0.0,0.0,800.0,0.5,2800.0,000535,GM-TRACT
378136,44153.2624074074,286.0,10.0,0.0,0.0,GROUND,1.0,GM-UT-CART,005154,545 COMMISSIONERS ST,
045182,45125.3881597222,,27020.0,1705.0,5005.0,303.0,1160.0,122.501388888889,180000.0,0.0,1.5
395041,45138.3085185185,0.0,2526.0,0.0,155.0,GROUND,0.5,GM-MOWER,006155,2481 BIRCHMOUNT RD,GROUND-MOWER
202031,45128.5270138889,45028.3641319444,56152.0,2725.0,4203.0,406.0,1160.0,163.767777777778,250000.0,10000.0,6.25
267104,44978.4528009259,0.0,0.0,0.0,0.0,TRAILER,93.3094444444444,0.5,0.0,004301,
007033,45130.3930092593,45019.7778009259,146109.0,7228.0,9740.0,2.0,1160.0,12.3055555555556,160000.0,0.0,1.5
296013A,43551.6120138889,0.0,0.0,0.0,0.0,TRAILER,0.5,TRL-UTILITY,004301,27 TORYORK DR,
065097,44938.5379398148,44951.3969212963,115303.0,1329.0,259.0,2.0,464.0,55.0080555555556,220000.0,0.0,1.5
001144,45131.5309953704,45076.5802314815,27683.0,1569.0,4917.0,335.0,1160.0,59.9744444444444,160000.0,0.0,1.0
067113,45131.6005555556,44978.5861921296,751.0,189.0,751.0,189.0,800.0,73.9313888888889,220000.0,0.0,1.5
112512,45135.3198263889,45008.3056481481,7178.0,554.0,71.0,59.0,1160.0,2.80888888888889,220000.0,0.0,1.5
112155,45133.3115972222,44886.5343981481,107123.0,0.0,1008.0,0.0,1160.0,1.5,0.0,000902,VAN-3/4T
188068,45131.3292476852,45138.3415740741,17180.0,1600.0,3468.0,405.0,1160.0,31.8022222222222,250000.0,6250.0,5.0
319140,45112.4312847222,45040.32875,0.0,2207.0,0.0,150.0,1160.0,,0.0,3500.0,0.5
112168,45133.5872916667,45104.4766666667,101599.0,1374.0,4128.0,1.0,1160.0,5.06361111111111,220000.0,,1.5
158086,45119.2989699074,45118.4791782407,4089.0,143.0,551.0,36.0,1160.0,96.0991666666667,250000.0,,5.0
396563,44687.3871759259,44594.368275463,0.0,26.0,0.0,0.0,1160.0,0.5,3500.0,005109,GM-MOWER
020010,,45086.3525,48919.0,2912.0,7489.0,535.0,1160.0,81.5422222222222,160000.0,0.0,1.0
331005,45131.3774305556,45132.4871412037,0.0,7260.0,0.0,174.0,1160.0,103.502777777778,0.0,12600.0,8.0
095093,45098.4094212963,45098.5319328704,94401.0,802.0,2759.0,6.0,1160.0,187.645277777778,160000.0,0.0,1.5
267127,45008.2466898148,0.0,0.0,0.0,0.0,TRAILER,16.6730555555556,,0.0,002522,TRL-UTILITY
156151,45132.4084837963,44893.2712847222,23027.0,1244.0,4.0,0.0,1160.0,-1,0.0,004190,TRUCK-DUMP
396317,45138.5234375,44658.4813657407,0.0,3623.0,0.0,170.0,1160.0,0.5,,006155,GM-MOWER
376008,39097.4222337963,455.0,0.0,0.0,0.0,ICEMAIN,3.0,ICE-RESURF,005381,441 KIPLING AVE,ICE-MAIN-RESURFACER
074015,44986.2293865741,45012.254224537,,2286.0,1374.0,131.0,1160.0,167.241944444444,220000.0,0.0,1.5
187026,45081.3149074074,45092.4709606481,30747.0,1797.0,1882.0,262.0,1160.0,360.27,250000.0,6250.0,5.0
250523,45085.5208796296,0.0,0.0,0.0,0.0,TRAILER,11.4988888888889,0.5,0.0,0582-1,TRL-VAN/TANK
094132,45138.6040162037,44998.5249421296,30672.0,1291.0,8624.0,586.0,1160.0,0.211666666666667,160000.0,4000.0,1.0
274030,0.0,0.0,0.0,0.0,APPARATUS,12.0,APP-ARR-BD,,,,274VERMNA19
078012,45126.5024537037,45013.3516087963,34176.0,1669.0,2403.0,154.0,1160.0,87.5575,220000.0,5500.0,4.0
135083,45135.5535185185,44958.615150463,37179.0,0.0,5058.0,0.0,1160.0,27.1847222222222,220000.0,5500.0,3.0
065161,45138.3228356481,45104.5523958333,8236.0,184.0,7185.0,144.0,1160.0,21.0144444444444,220000.0,0.0,1.5
396360,44090.3337731482,0.0,547.0,0.0,0.0,GROUND,0.5,GM-MOWER,000534,190 SHERWOOD AVE,GROUND-MOWER
065164,45127.5041782407,44868.5225,3838.0,10.0,2919.0,2.0,1160.0,1.5,0.0,000525,PICKU-3/4T
003261,45118.4181944444,3362.0,0.0,0.0,0.0,CLASS1,207.332777777778,1.0,0.0,000862,SEDAN-PASS
041395,45078.4976273148,5060.0,9.0,1.0,1.0,CLASS1,,1.5,4000.0,,SEDAN-PASS
064193,45137.5190046296,45132.3112615741,16353.0,1263.0,13671.0,1059.0,1160.0,47.9283333333333,220000.0,5500.0,1.5
001128,45125.3921759259,44978.4565046296,26323.0,1308.0,13.0,1.0,1160.0,0.00583333333333333,160000.0,0.0,1.0
349003,38257.7163773148,0.0,0.0,0.0,0.0,ATTACHMENT,0.5,ATT-SAND-GRM,0516-3,200 PARKSIDE DR,ATTACHMENT-SAND GROOMER
188028,45127.3350231481,45135.4319907407,142078.0,8328.0,3809.0,295.0,1160.0,121.474444444444,250000.0,6250.0,5.0
761518,39953.5465277778,36209.0,0.0,0.0,0.0,0.0,1160.0,1.0,2100.0,005486,GM-UT-CART
203005,45138.3001967593,45043.3022453704,58648.0,3375.0,2694.0,162.0,1160.0,38.0663888888889,250000.0,6250.0,5.0
064149,44733.3612615741,44935.3155555556,109122.0,0.0,2.0,0.0,152.0,12.3613888888889,220000.0,0.0,1.5
113057,45138.3452662037,45047.3333564815,20684.0,1220.0,,3.0,1160.0,11.6852777777778,220000.0,0.0,1.5
156092,,45119.341087963,74101.0,3491.0,2060.0,174.0,1160.0,143.151111111111,220000.0,0.0,1.5
114040,,44992.3045601852,38298.0,3098.0,3631.0,242.0,1160.0,32.0,220000.0,0.0,1.5
376085,0.0,0.0,0.0,0.0,ICEMAIN,10.0,ICE-RESURF,ICE-MAIN-RESURFACER,,,376ZAMBPR13
286012,44973.3242939815,44991.5167592593,0.0,13.0,0.0,13.0,824.0,80.0225,0.0,9800.0,0.5
041393,45048.2705787037,6010.0,306.0,1.0,1.0,CLASS1,12.25,1.5,4000.0,005154,SEDAN-PASS
154064,,45033.5125925926,86113.0,5690.0,2674.0,83.0,1160.0,58.4252777777778,220000.0,5500.0,6.0
CLAW30,44972.6125810185,,0.0,0.0,0.0,ATTACHMENT,17.2980555555556,0.5,0.0,4847-1,ATT-CLW-BUC
379058,0.0,0.0,0.0,0.0,GROUND,8.0,GM-UT-CART,,,,379CLUBEL14
041055,45002.5124074074,44854.5211574074,124319.0,0.0,207.0,0.0,960.0,0.0,160000.0,4000.0,1.5
269064,45055.4797569444,0.0,0.0,0.0,0.0,APPARATUS,45.8705555555556,0.5,0.0,002426,APP-ARR-BD
047085,45134.6668402778,45056.7177662037,61762.0,1019.0,6508.0,1.0,1160.0,0.0,180000.0,4500.0,1.5
396388,45093.3603240741,44714.41875,0.0,1817.0,0.0,264.0,1160.0,0.5,,005109,GM-MOWER
045199,,45086.5,10513.0,1238.0,5657.0,687.0,1160.0,,180000.0,4500.0,1.5
113056,45135.4686342593,45058.7461342593,25102.0,989.0,11033.0,372.0,1160.0,200.4175,220000.0,0.0,1.5
045162,45119.4368287037,44992.3222685185,20992.0,988.0,11.0,1.0,1160.0,27.47,180000.0,0.0,1.5
112534,45104.3953009259,45076.2942592593,159.0,8.0,159.0,8.0,192.0,32.0,220000.0,0.0,1.5
076031,45128.4263078704,45133.3041666667,99687.0,5028.0,3357.0,249.0,1160.0,270.901388888889,220000.0,0.0,1.5
237220,43830.0,,45631.0,6299.0,24.0,23.0,1160.0,203.240555555556,250000.0,6250.0,8.0
396580,44770.4094444444,0.0,2.0,0.0,0.0,GROUND,0.5,GM-MOWER,000549,275 MANITOBA DR,GROUND-MOWER
112453,45126.4570833333,45008.3965509259,20585.0,988.0,2567.0,137.0,1160.0,58.7166666666667,220000.0,0.0,1.5
112394,45124.5327430556,44986.5439236111,28821.0,1595.0,2855.0,3.0,1160.0,53.8330555555556,220000.0,0.0,1.5
396491,,43579.3119791667,0.0,947.0,0.0,119.0,1160.0,0.5,1400.0,005486,GM-MOWER
395030,45138.3171643519,0.0,3235.0,0.0,164.0,GROUND,0.5,GM-MOWER,005267,11 ARMEL CRT,GROUND-MOWER
378270,44768.4736342593,0.0,248.0,0.0,0.0,GROUND,1.0,GM-UT-CART,0582-1,9 LESLIE ST,
415011,0.0,0.0,0.0,0.0,GROUND,10.0,GM-MOWER,GROUND-MOWER,11 ARMEL CRT,,415TOROUN18
112418,45134.6593865741,44988.6052199074,35918.0,1730.0,9085.0,1.0,1160.0,9.47472222222222,220000.0,0.0,1.5
237207,43830.0,45099.6756944444,79985.0,8062.0,12577.0,869.0,1160.0,471.308055555556,250000.0,,8.0
047082,45135.6479513889,45054.3248958333,50161.0,692.0,5821.0,3.0,1160.0,7.80916666666667,180000.0,4500.0,1.5
319192,44907.0625694444,45042.4394328704,0.0,258.0,0.0,4.0,1160.0,162.763055555556,0.0,3500.0,2.0
043270,45091.2525462963,45132.4220949074,23523.0,836.0,4490.0,147.0,1160.0,38.15,180000.0,0.0,1.5
396325,45135.2759143518,44460.5220138889,0.0,3284.0,0.0,228.0,1160.0,0.5,7000.0,005381,GM-MOWER
045081,45132.4026967593,45120.5378819444,140280.0,6577.0,7666.0,618.0,1160.0,220.35,180000.0,0.0,1.5
050133,45134.5428703704,45138.4917708333,20784.0,1940.0,7269.0,756.0,1160.0,22.0827777777778,180000.0,4500.0,1.5
135177,44915.5414467593,45048.5442476852,2155.0,140.0,3.0,1.0,1160.0,66.9380555555556,220000.0,5500.0,3.0
236321,45114.338287037,5493.0,352.0,6.0,6.0,CLASS8,28.3488888888889,8.0,10000.0,3892-2,TRUCK-RLOAD
267189,45048.9032291667,,0.0,0.0,0.0,TRAILER,205.334722222222,0.5,0.0,0520-1,TRL-UTILITY
250527,45135.3142013889,0.0,0.0,0.0,0.0,TRAILER,204.790833333333,0.5,0.0,,TRL-VAN/TANK
330141,44817.3629282407,43224.5759375,0.0,649.0,0.0,0.0,1160.0,4.0,2100.0,,ROAD-LIT-VAC
330130,43407.5607407407,43412.2621180556,0.0,0.0,0.0,0.0,1160.0,,2100.0,,ROAD-LIT-VAC
378354,44862.2839814815,0.0,7.0,0.0,5.0,GROUND,1.0,GM-UT-CART,CNE,CANADIAN NATIONAL EXHIBITION,GROUND-UTILITY CARTS
006242,0.0,0.0,0.0,0.0,WINTERMAIN,25.0,WM-SW-PLOW,WINTER-MAIN-SIDEWALK SNOW PLOW,1116 KING ST W,,PLOW061482
329029,44147.5137962963,0.0,305.0,0.0,0.0,LIFTING,2.0,LIFT-FRKLFT,004426,1026 FINCH AVE W,
077019,45132.3761458333,45015.6843634259,82922.0,2428.0,3098.0,456.0,1160.0,142.926388888889,,0.0,1.5
001057,45127.5917013889,45054.3308449074,56052.0,2086.0,1.0,1.0,1160.0,14.1841666666667,160000.0,0.0,1.0
267138,44970.4097106481,0.0,0.0,0.0,0.0,TRAILER,27.4494444444444,0.5,0.0,002522,TRL-UTILITY
323056,45033.5638888889,44903.5625231481,0.0,14268.0,0.0,93.0,800.0,155.356666666667,0.0,17400.0,8.0
376092,0.0,0.0,0.0,0.0,ICEMAIN,10.0,ICE-RESURF,ICE-MAIN-RESURFACER,160 NEPTUNE DR,,376ZAMBCNG14A
041270,45138.5196064815,45107.2715277778,115671.0,4226.0,21770.0,451.0,,115.771388888889,160000.0,4000.0,1.5
396319,45138.2863657407,44055.4406134259,0.0,3936.0,0.0,262.0,1160.0,0.5,7000.0,003681,GM-MOWER
112528,45135.3072916667,45075.3342361111,29451.0,1957.0,8394.0,539.0,1160.0,79.64,220000.0,0.0,1.5
156138,45000.460162037,45097.303275463,126988.0,6979.0,601.0,2.0,1160.0,148.816388888889,220000.0,5500.0,6.0
379021,0.0,0.0,0.0,0.0,GROUND,8.0,GM-UT-CART,,,,
094123,45132.4604166667,44929.6033217593,22321.0,1275.0,1.0,1.0,1160.0,34.6083333333333,160000.0,4000.0,1.0
076052,45054.5602662037,45016.4120949074,44549.0,4135.0,492.0,366.0,1160.0,-1,220000.0,0.0,1.5
395045,45138.3427893519,43693.4254513889,0.0,1473.0,0.0,194.0,1160.0,0.5,1400.0,005043,GM-MOWER
112237,,45093.3335532407,94010.0,0.0,5518.0,0.0,1160.0,238.059166666667,220000.0,0.0,1.5
095086,44504.3225,44503.3199074074,99492.0,0.0,0.0,0.0,1160.0,1.5,0.0,004426,VAN-PASS
319135,45041.3880671296,44651.2954513889,0.0,930.0,0.0,,1160.0,0.5,4200.0,005486,GM-TRACT
114037,45132.5157291667,44960.5546990741,63339.0,2958.0,7669.0,218.0,1160.0,66.6872222222222,220000.0,0.0,1.5
324020,44690.3640162037,45084.6637268519,0.0,233.0,0.0,1.0,1160.0,42.47,0.0,2800.0,4.0
379030,0.0,0.0,0.0,0.0,GROUND,8.0,GM-UT-CART,,,,379CLUBEL10
112347,45132.88,45103.5625,104064.0,3326.0,2417.0,116.0,1160.0,175.760277777778,220000.0,0.0,1.5
041354,45129.3276157407,45005.5991319444,28425.0,2084.0,1523.0,208.0,1160.0,10.2205555555556,160000.0,4000.0,1.5
267085,45104.5333796296,0.0,0.0,0.0,0.0,TRAILER,8.60138888888889,0.5,0.0,005381,TRL-UTILITY
007021,45126.9651273148,44943.2753240741,139261.0,6579.0,3139.0,1.0,1160.0,0.0,160000.0,0.0,1.5
050197,45072.3553009259,238.0,0.0,238.0,0.0,CLASS2,,1.5,4500.0,004426,PICKU-1/2T
322102,,45133.5259606481,0.0,67.0,0.0,67.0,1136.0,289.739722222222,0.0,7000.0,8.0
112530,45137.7007638889,45097.3028703704,2409.0,119.0,1051.0,67.0,1160.0,18.0680555555556,220000.0,0.0,
396391,43651.362037037,44286.626400463,0.0,967.0,0.0,0.0,1160.0,0.5,7000.0,004793,GM-MOWER
322036,41680.3393634259,41572.5396759259,0.0,0.0,0.0,0.0,1160.0,8.0,7000.0,,CON-BACKHOE
204034,45128.5197800926,45113.7963310185,50199.0,1125.0,4252.0,6.0,1160.0,420.574722222222,250000.0,,8.25
043243,44726.5802662037,44925.6248958333,98787.0,5031.0,0.0,0.0,152.0,0.0,180000.0,0.0,1.5
065152,45138.3828356481,45071.3694791667,44045.0,2106.0,15636.0,727.0,1160.0,12.0702777777778,220000.0,0.0,1.5
154046,45013.5415509259,45062.5966319444,28103.0,774.0,1185.0,2.0,1160.0,376.419166666667,220000.0,0.0,4.0
415016,,1277.0,0.0,162.0,0.0,GROUND,2.0,ATT-SAND-GRM,002979,4200 YONGE ST,ATTACHMENT-SAND GROOMER
266093,45091.3790393519,0.0,0.0,0.0,0.0,TRAILER,0.0,0.5,0.0,,TRL-UTILITY
050162,45133.5642939815,45036.3314814815,151.0,13.0,11.0,7.0,1160.0,0.0183333333333333,180000.0,4500.0,1.5
041159,45133.2912268518,45134.343125,103936.0,4033.0,3692.0,1.0,1160.0,117.140277777778,160000.0,4000.0,1.5
330209,,0.0,0.0,ROADMAIN,6.0,YONGE GARAGE,330MADVDI23,2023 MADVAC ROAD MAINTENANCE LITTER VACUUM 21-30HP 4X2 6 YEAR DIESEL,,,STANDARD
175042,45111.5438888889,45119.5362037037,44080.0,0.0,3887.0,0.0,1160.0,47.3652777777778,250000.0,6250.0,5.5
050070,44962.4247800926,44834.9592361111,19991.0,1429.0,0.0,0.0,1160.0,1.5,0.0,,PICKU-1/2T
329068,,0.0,2.0,0.0,0.0,LIFTING,2.0,LIFT-FRKLFT,004869,25 OLD EGLINTON AVE,
095123,45071.5463657407,44881.3150231481,85125.0,3647.0,2076.0,34.0,1160.0,1.5,0.0,000522,VAN-PASS
330147,45008.2918287037,44901.3954050926,0.0,2786.0,0.0,300.0,960.0,4.0,2100.0,000520,ROAD-LIT-VAC
003239,45137.9514351852,44999.3366203704,45924.0,28.0,7215.0,4.0,1160.0,0.0133333333333333,160000.0,0.0,1.0
396460,45132.2859606482,44662.5056597222,0.0,1244.0,,286.0,1160.0,0.5,5600.0,005848,GM-MOWER
112480,45134.3971990741,44838.5856018519,23496.0,310.0,4360.0,0.0,1160.0,1.5,0.0,005680,VAN-3/4T
044070,45086.374849537,44615.2727893519,117593.0,0.0,2325.0,0.0,1160.0,1.5,0.0,003977,PICKU-1/2T
077018,45127.4225115741,44936.4828472222,53150.0,322.0,2241.0,1.0,1160.0,210.122777777778,220000.0,5500.0,1.5
094073,44915.4252083333,44608.4626041667,111428.0,1280.0,0.0,0.0,464.0,1.0,4000.0,,VAN-PASS
003323,45034.5583217593,781.0,0.0,779.0,0.0,CLASS1,43.1797222222222,1.0,0.0,003889,SEDAN-PASS
050119,45100.4407060185,45076.5243055556,8073.0,378.0,3228.0,150.0,1160.0,109.763055555556,180000.0,0.0,1.5
003300,45019.3246643519,,0.0,1.0,0.0,CLASS1,0.0,1.0,0.0,005181,SEDAN-PASS
067124,45137.520462963,45103.5756134259,7989.0,898.0,7923.0,895.0,904.0,170.779444444444,220000.0,5500.0,1.5
396449,44546.4340972222,42622.5020833333,0.0,921.0,0.0,0.0,1160.0,0.5,2100.0,003681,GM-MOWER
159030,45131.6014583333,45118.5871643519,44297.0,2548.0,2146.0,193.0,1160.0,129.094444444444,250000.0,10000.0,5.0
076019,45006.4311805556,44994.4205439815,74014.0,3996.0,1384.0,301.0,648.0,62.8758333333333,220000.0,0.0,1.5
094108,45133.3715277778,45117.4484490741,23610.0,1569.0,3248.0,210.0,1160.0,,160000.0,4000.0,1.0
159031,45121.5969328704,45096.5786111111,54864.0,0.0,1267.0,0.0,1160.0,48.5983333333333,250000.0,10000.0,5.0
112279,45016.476099537,45120.4011574074,22650.0,797.0,290.0,14.0,1160.0,14.2483333333333,220000.0,0.0,1.5
114034,45135.4760648148,,,2429.0,3782.0,2.0,1160.0,77.8583333333333,220000.0,0.0,1.5
396517,45106.453587963,43802.5506597222,0.0,275.0,0.0,47.0,1160.0,0.5,2100.0,006063,GM-MOWER
112514,45131.544212963,45048.4766087963,12641.0,571.0,6089.0,442.0,1160.0,100.125277777778,220000.0,0.0,1.5
396310,41830.5909143519,0.0,14.0,0.0,0.0,GROUND,0.5,GM-MOWER,005381,441 KIPLING AVE,
156156,45138.4090046296,45078.5757060185,56500.0,1439.0,5563.0,412.0,1160.0,260.008333333333,220000.0,5500.0,6.0
LF0006,0.0,0.0,0.0,0.0,ATTACHMENT,10.0,ATT-LEAF-BOX,ATTACHMENT-LEAF BOX,61 TORYORK DR,,LEAFBOX
376103,43061.3470138889,0.0,0.0,0.0,0.0,ICEMAIN,3.0,ICE-RESURF,003324,2467 EGLINTON AVE E,
041054,44867.5654976852,45049.3596527778,90407.0,1739.0,5.0,5.0,800.0,63.8597222222222,160000.0,4000.0,1.5
908TP,44908.3488078704,0.0,0.0,0.0,0.0,TRAILER,17.0958333333333,0.5,0.0,4301-1,TRL-UTILITY
296013,44848.3830092593,,0.0,46.0,0.0,0.0,1160.0,2.0,2800.0,004301,APP-STUMP-CUT
043269,45057.5268981481,,17358.0,759.0,3.0,1.0,1160.0,46.9488888888889,180000.0,0.0,1.5
329010,45084.6924421296,0.0,478.0,0.0,0.0,LIFTING,0.0,2.0,3500.0,005154,LIFT-FRKLFT
203002,,45105.7135532407,36864.0,2825.0,597.0,63.0,1160.0,667.063333333333,250000.0,6250.0,5.0
020038,45099.5670486111,45100.3421990741,33248.0,2775.0,2008.0,162.0,1160.0,47.005,160000.0,0.0,1.0
323085,45126.7541666667,45126.4031134259,0.0,8701.0,0.0,489.0,1160.0,806.776944444444,0.0,17400.0,8.0
379048,0.0,0.0,0.0,0.0,GROUND,8.0,GM-UT-CART,,1000 JANE ST,,379YAMAUN18
067043,45131.5560300926,45090.288599537,71624.0,2818.0,6419.0,3.0,1160.0,163.745,220000.0,0.0,1.5
396557,45138.5077083333,44804.3050347222,0.0,187.0,0.0,181.0,1160.0,0.5,7000.0,20010,GM-MOWER
113067,45099.4380208333,45084.4605902778,100.0,0.0,100.0,0.0,224.0,11.0847222222222,220000.0,0.0,1.5
045068,45082.3815046296,45138.4756712963,83414.0,2295.0,5144.0,310.0,1160.0,349.224166666667,180000.0,0.0,1.5
194043,45114.5161805556,45117.5240162037,6859.0,1138.0,2704.0,496.0,1160.0,,250000.0,10000.0,3.0
222049,45136.5227199074,45138.5716782407,38366.0,3188.0,10626.0,1270.0,1160.0,233.485,220000.0,5500.0,8.0
415007,0.0,0.0,0.0,0.0,ATTACHMENT,15.0,ATT-SAND-GRM,ATTACHMENT-SAND GROOMER,30 NORTHLINE RD,,415BANNERM16
156212,45133.5751851852,45030.5333333333,2959.0,112.0,1570.0,75.0,1160.0,,22000.0,0.0,4.0
CLAW17,44585.4460185185,5.0,3.0,0.0,,ATTACHMENT,0.5,ATT-CLW-BUC,002990,64 MURRAY RD,ATTACHMENT-CLAW BUCKET
395046,45130.3238773148,43693.3866782407,0.0,1108.0,0.0,154.0,1160.0,0.5,1400.0,005486,GM-MOWER
067132,,45106.428912037,392.0,70.0,392.0,70.0,112.0,128.904722222222,220000.0,0.0,1.5
067084,45131.2961111111,45054.4563773148,39169.0,3149.0,8813.0,708.0,1160.0,0.503055555555556,220000.0,0.0,1.5
188055,45138.594525463,45131.3344097222,43789.0,,9672.0,880.0,1160.0,265.177777777778,250000.0,6250.0,5.0
319154,45043.3178935185,44981.5691666667,0.0,1630.0,0.0,59.0,1160.0,302.069722222222,0.0,5600.0,0.5
051017,45127.3672222222,45015.572650463,48889.0,2712.0,5496.0,275.0,1160.0,147.5825,180000.0,4500.0,1.5
041280,45128.4888078704,44967.4656365741,22603.0,887.0,5513.0,0.0,1160.0,8.87,160000.0,4000.0,1.5
237274,44781.262650463,0.0,0.0,0.0,0.0,CLASS8,8.0,TRUCK-SLOAD,30020,BERMONDSEY GARAGE,TRUCK - SIDE LOADER
266007,0.0,0.0,0.0,0.0,TRAILER,15.0,TRL-UTILITY,,,,TRAILER102500
158034,44957.5735763889,45127.4884953704,90706.0,2084.0,111.0,25.0,1160.0,76.2761111111111,250000.0,6250.0,5.0
396393,45070.5819560185,44321.4214699074,0.0,2560.0,0.0,27.0,1160.0,0.5,7000.0,003896,GM-MOWER
067087,45138.5840740741,45127.6387037037,44720.0,2862.0,9877.0,668.0,1160.0,121.0475,220000.0,0.0,1.5
135189,45076.6028009259,487.0,37.0,484.0,34.0,CLASS5,220.170277777778,6.0,6250.0,,TRUCK-DENTA
236280,43830.0,45125.764375,91033.0,9304.0,5789.0,552.0,1160.0,,250000.0,10000.0,8.0
223098,45138.5524189815,45124.2667361111,118815.0,9839.0,8931.0,802.0,1160.0,363.534722222222,250000.0,6250.0,8.0
376009,41264.5093055556,1249.0,0.0,0.0,0.0,ICEMAIN,3.0,ICE-RESURF,005381,441 KIPLING AVE,ICE-MAIN-RESURFACER
041177,45133.5037731481,44616.6279282407,48324.0,,2475.0,91.0,1160.0,,4000.0,000520,SEDAN-PASS
001109,43437.5689583333,43614.293287037,0.0,0.0,0.0,0.0,1160.0,1.0,0.0,,SEDAN-PASS
396369,44125.4378587963,0.0,42.0,0.0,0.0,GROUND,0.5,GM-MOWER,003893,451 BRIMLEY RD,GROUND-MOWER
050142,45120.3537268518,45124.4710416667,7294.0,427.0,3164.0,136.0,1160.0,30.1341666666667,180000.0,4500.0,1.5
177002,42207.3382175926,45076.7910416667,0.0,0.0,0.0,0.0,960.0,,250000.0,6250.0,5.0
319151,44953.5460532407,45135.326099537,0.0,1777.0,0.0,89.0,1160.0,632.94,0.0,3500.0,0.5
048052,45132.4315046296,45134.3469560185,8409.0,629.0,33.0,3.0,1160.0,49.5380555555556,180000.0,4500.0,1.5
285024,44215.3292361111,0.0,166.0,0.0,0.0,APPARATUS,1.0,APP-COMPRRESS,005154,545 COMMISSIONERS ST,APPARUTUS-COMPRESSOR
267244,45138.3280092593,0.0,0.0,0.0,0.0,TRAILER,8.0,0.5,0.0,001984,TRL-UTILITY
274012,44477.2979398148,0.0,0.0,0.0,0.0,APPARATUS,0.5,APP-ARR-BD,005559,320 BERING AVE,APPARUTUS ARROW BOARD
005001,45138.3747453704,45107.3103009259,109894.0,5468.0,15324.0,172.0,1160.0,143.470833333333,160000.0,4000.0,1.5
095136,45126.3764699074,45083.4022916667,44930.0,1239.0,2396.0,5.0,1160.0,57.3711111111111,160000.0,0.0,1.5
266053,45131.3449421296,0.0,0.0,0.0,0.0,TRAILER,68.3672222222222,0.5,0.0,003681,TRL-UTILITY
332022,0.0,0.0,0.0,0.0,ICEMAIN,10.0,ICE-M-RESURF,ICE-MAIN-TRACTOR MOUNTED RESUR,441 KIPLING AVE,,332OLYMNA11
396361,45065.4247685185,43609.3511226852,0.0,1707.0,0.0,0.0,1160.0,0.5,2800.0,001984,GM-MOWER
146008,42429.4632407407,31311.0,0.0,0.0,0.0,CLASS4,4.0,BUS-PASS,,,BUS - PASSENGER
111092,45133.6019444444,45117.2752662037,43409.0,1811.0,8689.0,2.0,1160.0,63.6844444444444,180000.0,0.0,1.5
045100,45135.6766203704,45124.4313194444,73766.0,1950.0,7651.0,553.0,1160.0,177.594444444444,180000.0,0.0,1.5
267170,44988.3628472222,0.0,0.0,0.0,0.0,TRAILER,115.301666666667,0.5,0.0,003698,TRL-UTILITY
396305,45135.2926388889,45092.3352083333,0.0,1027.0,0.0,140.0,1160.0,17.1977777777778,0.0,2800.0,0.5
067076,45133.2946643519,45103.3856712963,34040.0,2751.0,7405.0,559.0,1160.0,24.7452777777778,220000.0,0.0,1.5
266087,44497.4176851852,0.0,0.0,0.0,0.0,TRAILER,0.5,TRL-UTILITY,003892,1050 ELLESMERE RD,
067048,45112.595162037,44518.4839467593,51450.0,3386.0,1242.0,31.0,1160.0,1.5,0.0,001984,PICKU-3/4T
323074,45125.3193171296,45077.5701157407,0.0,3659.0,0.0,184.0,1160.0,141.9725,0.0,12600.0,8.0
095165,45138.3113657407,45061.6234953704,5453.0,233.0,1283.0,4.0,1160.0,12.7533333333333,160000.0,0.0,1.5
065148,45104.5561689815,45104.5442708333,39646.0,2400.0,9687.0,544.0,1160.0,331.592777777778,220000.0,0.0,1.5
274015,,0.0,0.0,0.0,APPARATUS,12.0,APP-ARR-BD,APPARUTUS ARROW BOARD,,,274VERMNA19
006029,45135.6279976852,45099.5639583333,75658.0,203.0,3063.0,38.0,1160.0,-1,160000.0,0.0,1.0
043278,45127.8544675926,45127.6110648148,55978.0,1223.0,14050.0,294.0,1160.0,207.261388888889,180000.0,0.0,1.5
045184,45133.447662037,45083.5435532407,20956.0,1449.0,50.0,4.0,1160.0,,180000.0,0.0,1.5
250045,45084.5369791667,0.0,0.0,0.0,0.0,TRAILER,62.5294444444444,0.5,0.0,4869-2,TRL-VAN/TANK
076051,45135.5485069444,45076.4034722222,63646.0,6609.0,5703.0,899.0,1160.0,39.6025,220000.0,0.0,1.5
319082,45131.327974537,,0.0,2238.0,0.0,31.0,1160.0,0.5,5600.0,,GM-TRACT
041044,,44981.3968981481,106600.0,1399.0,1866.0,15.0,1160.0,193.489444444444,160000.0,4000.0,
156121,45137.4317939815,45006.5682060185,78678.0,0.0,3743.0,0.0,1160.0,17.4075,220000.0,0.0,4.0
095141,45138.5369212963,45036.5167708333,111842.0,,7266.0,2.0,1160.0,107.928611111111,160000.0,0.0,1.5
044086,45138.3611111111,45084.3728125,73958.0,2777.0,3911.0,157.0,1160.0,9.85111111111111,180000.0,0.0,1.5
045185,45118.482974537,45019.534525463,18111.0,1047.0,5287.0,261.0,1160.0,7.39944444444444,180000.0,0.0,1.5
156181,45135.3875462963,45111.3113888889,46308.0,2577.0,5551.0,3.0,1160.0,108.655,220000.0,0.0,4.0
267162,44825.4018981481,0.0,0.0,0.0,0.0,TRAILER,0.5,TRL-UTILITY,5381-1,435 KIPLING AVE,
314009,,0.0,156.0,0.0,0.0,CONSTRUCT,4.0,CON-ASPH-RLR,003892,1050 ELLESMERE RD,CONSTRUCT-ASPHALT ROLLER
378295,44858.8678472222,2.0,2.0,0.0,0.0,GROUND,1.0,GM-UT-CART,0582-1,9 LESLIE ST,
274019,0.0,0.0,0.0,0.0,APPARATUS,12.0,APP-ARR-BD,APPARUTUS ARROW BOARD,,,274VERMNA19
267194,45126.3373611111,0.0,0.0,0.0,0.0,TRAILER,217.655277777778,0.5,0.0,002426,TRL-UTILITY
237239,43830.0,45107.4137268519,65130.0,7813.0,13298.0,1457.0,1160.0,374.9875,250000.0,6250.0,8.0
267255,44879.3953935185,0.0,0.0,0.0,0.0,TRAILER,336.0,0.5,0.0,004301,TRL-UTILITY
080061,45132.3422916667,44980.4356712963,66547.0,1614.0,92.0,1.0,1160.0,200.085,220000.0,5500.0,4.0
003287,45134.6313194444,45138.6169675926,32766.0,451.0,8286.0,4.0,1160.0,77.4655555555556,160000.0,0.0,1.0
274014,,0.0,0.0,0.0,0.0,APPARATUS,0.5,APP-ARR-BD,005559,320 BERING AVE,APPARUTUS ARROW BOARD
329069,0.0,0.0,0.0,0.0,LIFTING,15.0,LIFT-FRKLFT,,799 ISLINGTON AVE,,329CROWEL15
112154,45128.3523263889,44987.3636574074,70477.0,0.0,917.0,0.0,1160.0,15.2722222222222,220000.0,0.0,1.5
113052,45138.4272685185,44935.6146527778,29548.0,1441.0,3380.0,160.0,1160.0,177.248333333333,220000.0,0.0,1.5
175040,41220.4409722222,41241.408287037,0.0,0.0,0.0,0.0,1160.0,5.0,6250.0,,
157034,45134.5257986111,45091.3466319444,198790.0,4588.0,7143.0,394.0,1160.0,233.671944444444,220000.0,0.0,4.0
187031,45118.1812847222,45006.4270023148,33187.0,2295.0,217.0,17.0,1160.0,516.030833333333,250000.0,6250.0,5.0
267134,45125.552037037,0.0,0.0,0.0,0.0,TRAILER,36.9663888888889,0.5,0.0,002522,TRL-UTILITY
202030,45105.3177083333,45119.2202083333,61745.0,4781.0,1701.0,246.0,1160.0,275.354444444444,250000.0,10000.0,6.25
161015,45126.3657291667,45096.4073032407,66680.0,1765.0,975.0,76.0,1160.0,166.431388888889,250000.0,0.0,3.0
003237,45125.693900463,44942.3520486111,48808.0,28.0,4304.0,3.0,1160.0,0.116944444444444,160000.0,0.0,1.0
095128,44895.4803356481,44867.4871990741,23869.0,1887.0,1131.0,103.0,1160.0,1.5,0.0,,VAN-PASS
041190,45138.2584027778,45121.490462963,144981.0,2423.0,7266.0,603.0,1160.0,205.926944444444,160000.0,4000.0,1.5
064098,44803.3050925926,44914.5355324074,71211.0,0.0,0.0,0.0,152.0,1.5,0.0,004847,PICKU-3/4T
156143,45091.8534953704,45127.33375,141668.0,4911.0,4908.0,3.0,1160.0,69.1313888888889,220000.0,5500.0,6.0
378263,42713.5455555556,0.0,3.0,0.0,0.0,GROUND,1.0,GM-UT-CART,005649,51 BEECHGROVE DR,
156161,45120.360162037,45125.2505671296,51561.0,2426.0,571.0,2.0,1160.0,110.905555555556,220000.0,0.0,4.0
080060,45131.3244560185,45113.3654976852,142948.0,6222.0,6445.0,614.0,1160.0,49.4391666666667,220000.0,,4.0
237185,43830.0,45132.7120138889,71097.0,6983.0,6997.0,42.0,1160.0,267.185555555556,250000.0,6250.0,8.0
376013,42604.5775231481,26.0,3.0,0.0,0.0,ICEMAIN,3.0,ICE-RESURF,003763,101 RIDGETOP RD,
270009,44833.4170023148,0.0,0.0,0.0,0.0,TRAILER,0.5,TRL-OFFICE,005154,545 COMMISSIONERS ST,TRAILER-OFFICE
050040,45118.6138425926,45128.5150347222,32935.0,2451.0,2978.0,195.0,1160.0,0.005,180000.0,0.0,1.5
205018,45124.196099537,45133.317650463,166817.0,5665.0,8559.0,306.0,1160.0,105.233611111111,250000.0,6250.0,6.0
155027,,45114.3651041667,5001.0,17.0,1.0,1.0,1160.0,84.8969444444445,22000.0,0.0,4.0
111096,45138.341087963,45082.5006944444,41261.0,2155.0,6967.0,357.0,1160.0,106.806388888889,180000.0,0.0,1.5
396472,44354.4383796296,44120.4597800926,0.0,1257.0,0.0,0.0,1160.0,0.5,5600.0,003893,GM-MOWER
396533,45096.2830092593,44051.2989351852,0.0,235.0,0.0,50.0,1160.0,0.5,2100.0,005381,GM-MOWER
159020,44959.4726041667,44959.7747916667,43303.0,2040.0,114.0,,648.0,71.3455555555555,250000.0,0.0,5.0
003290,45138.699849537,45117.4903472222,28754.0,1839.0,7885.0,504.0,1160.0,124.530555555556,160000.0,0.0,1.0
323115,45133.6388888889,,0.0,2069.0,0.0,1035.0,1160.0,380.199722222222,0.0,17400.0,8.0
267099,45084.2905902778,0.0,0.0,0.0,0.0,TRAILER,103.214722222222,0.5,0.0,,TRL-UTILITY
001127,45134.4281365741,44959.3888541667,14576.0,386.0,4303.0,2.0,1160.0,30.6675,160000.0,0.0,1.0
396401,44782.3164351852,44670.3962847222,0.0,1300.0,0.0,0.0,1160.0,0.5,2100.0,004847,GM-MOWER
095153,45131.5040740741,45075.4348611111,36520.0,2145.0,3838.0,151.0,1160.0,82.5869444444444,160000.0,0.0,1.5
396338,44349.5197800926,43976.4182175926,0.0,209.0,0.0,0.0,1160.0,0.5,2800.0,004301,GM-MOWER
329026,44998.3755208333,0.0,356.0,0.0,2.0,LIFTING,160.611666666667,2.0,3500.0,005649,LIFT-FRKLFT
067066,45138.5679398148,45005.4347569444,47595.0,3884.0,4671.0,354.0,1160.0,23.7597222222222,220000.0,0.0,1.5
003133,44749.3682523148,6429.0,0.0,0.0,0.0,CLASS1,1.0,SEDAN-PASS,,,SEDAN - PASSENGER
020012,45132.4231597222,45051.4204398148,29065.0,985.0,2015.0,70.0,1160.0,27.5761111111111,160000.0,0.0,1.0
003231,45112.4424884259,5004.0,0.0,0.0,0.0,CLASS1,0.966666666666667,1.0,0.0,005181,SEDAN-PASS
048035,45128.5393055556,45133.5008680556,83294.0,1097.0,4785.0,44.0,1160.0,,180000.0,0.0,1.5
050085,45133.4229282407,45047.5108449074,38261.0,3040.0,905.0,7.0,1160.0,1.00166666666667,180000.0,0.0,1.5
329014,0.0,0.0,0.0,0.0,LIFTING,15.0,LIFT-FRKLFT,,,,329HYSTPR03A
237159,45063.4991666667,44994.5975231481,41647.0,4065.0,3.0,3.0,960.0,,250000.0,6250.0,8.0
041346,45127.6558564815,45000.5306597222,27836.0,1566.0,4411.0,209.0,1160.0,4.60222222222222,160000.0,4000.0,1.5
001122,,45134.4345717593,30062.0,376.0,5002.0,3.0,1160.0,96.1530555555556,160000.0,0.0,1.0
267206,44973.2589814815,0.0,0.0,0.0,0.0,TRAILER,48.0,0.5,0.0,5464-1,TRL-UTILITY
270015,44960.4712731481,0.0,0.0,0.0,0.0,TRAILER,0.106111111111111,0.5,0.0,005154,TRL-OFFICE
274008,44117.5425462963,0.0,0.0,0.0,0.0,APPARATUS,0.5,APP-ARR-BD,005495,1401 CASTLEFIELD AVE,APPARUTUS ARROW BOARD
094118,45091.4508564815,45092.5813194444,39639.0,2139.0,1398.0,2.0,1160.0,327.111388888889,160000.0,4000.0,1.0
378273,43173.6279976852,0.0,1.0,0.0,0.0,GROUND,1.0,GM-UT-CART,000579,130 THE QUEENSWAY,
064184,45138.5099884259,45133.2988078704,19357.0,72.0,11873.0,40.0,1160.0,4.45222222222222,220000.0,8000.0,1.5
237198,43830.0,,75909.0,8103.0,4785.0,621.0,1160.0,553.873888888889,250000.0,6250.0,8.0
203006,44896.3280671296,45117.5562384259,16511.0,727.0,0.0,0.0,1160.0,30.5372222222222,250000.0,6250.0,5.0
237242,45135.7750810185,30597.0,4267.0,6589.0,,CLASS8,313.326111111111,8.0,6250.0,3892-2,TRUCK-SLOAD
047064,45138.6146990741,45084.5322222222,89208.0,5514.0,3517.0,265.0,1160.0,118.159444444444,180000.0,4500.0,1.5
045087,45133.5822916667,44958.5214236111,92661.0,2796.0,2879.0,0.0,1160.0,478.948888888889,180000.0,0.0,1.5
001076,45120.6604282407,44939.5801041667,34382.0,2523.0,1.0,2.0,1160.0,1.11027777777778,160000.0,0.0,1.0
274016,0.0,0.0,0.0,0.0,APPARATUS,12.0,APP-ARR-BD,,1401 CASTLEFIELD AVE,,274VERMNA19
379019,0.0,0.0,0.0,0.0,GROUND,8.0,GM-UT-CART,,,,379CLUBEL06
323073,45111.3326851852,,0.0,4544.0,0.0,18.0,1160.0,,0.0,12600.0,8.0
095170,45078.3262731481,45047.4179282407,40482.0,1490.0,2731.0,20.0,1160.0,31.9322222222222,160000.0,0.0,1.5
329049,45050.4954861111,0.0,311.0,0.0,1.0,LIFTING,0.00583333333333333,2.0,700.0,005386,LIFT-FRKLFT
396370,44818.3172337963,0.0,3.0,0.0,0.0,GROUND,0.5,GM-MOWER,006063,5720 BATHURST ST,GROUND-MOWER
156184,,45117.3837037037,63547.0,4399.0,12597.0,1178.0,1160.0,,220000.0,0.0,4.0
266063,0.0,0.0,0.0,0.0,TRAILER,15.0,TRL-BOAT,,,,266SHORE16
250531,45083.472974537,4999.0,0.0,4999.0,0.0,TRAILER,179.648611111111,0.5,0.0,005649,TRL-VAN/TANK
396527,45138.2605439815,44972.464224537,0.0,1381.0,0.0,293.0,1160.0,3.04388888888889,0.0,4200.0,0.5
396343,45135.3054166667,45047.593599537,0.0,3311.0,0.0,127.0,1160.0,3.63,0.0,7000.0,0.5
041361,45129.9738541667,44958.4192708333,16687.0,606.0,5630.0,243.0,1160.0,16.3402777777778,160000.0,4000.0,1.5
041191,45136.5144097222,45043.3236921296,164574.0,3792.0,8218.0,1.0,1160.0,11.7158333333333,160000.0,4000.0,1.5
206109,45138.3708101852,45132.2595023148,91000.0,1640.0,22298.0,317.0,1160.0,234.655833333333,400000.0,10000.0,5.0
067026,45103.3275925926,45103.2950231481,122057.0,4286.0,2194.0,115.0,1160.0,165.7,220000.0,0.0,1.5
045151,45085.260150463,45134.4427546296,25776.0,850.0,5002.0,196.0,1160.0,330.480277777778,180000.0,0.0,1.5
065150,45128.3443518519,45104.5476157407,38292.0,2327.0,7885.0,525.0,1160.0,51.2333333333333,220000.0,0.0,1.5
191015,45054.25125,45069.3210532407,31575.0,1261.0,3119.0,302.0,1160.0,472.263055555556,250000.0,0.0,4.0
286013,45069.5048611111,44938.4533564815,0.0,12.0,0.0,12.0,792.0,77.1194444444444,0.0,9800.0,0.5
396294,44699.3031134259,42507.4540162037,0.0,1785.0,0.0,0.0,1160.0,0.5,7000.0,004301,GM-MOWER
378182,45086.2140393518,6692.0,472.0,90.0,0.0,GROUND,1.0,GM-UT-CART,006155,2481 BIRCHMOUNT RD,
319163,45112.3194097222,44735.8974652778,0.0,1311.0,0.0,202.0,1160.0,0.5,3500.0,,GM-TRACT
222031,43830.0,45124.3903356481,30172.0,,2.0,2.0,1160.0,149.145833333333,250000.0,10000.0,8.0
156147,45133.3000925926,45134.3824884259,51806.0,2836.0,4168.0,1.0,1160.0,94.4055555555556,220000.0,0.0,4.0
396341,42158.4020833333,41457.3968402778,0.0,22.0,0.0,0.0,1160.0,0.5,2800.0,005109,GM-MOWER
062084,44245.3269097222,44246.3662384259,0.0,0.0,0.0,0.0,1160.0,1.5,0.0,,PICKU-3/4T
094055,45138.2320717593,45062.2794675926,84584.0,2449.0,9479.0,478.0,1160.0,97.4183333333333,160000.0,4000.0,1.0
298007,44862.3896064815,0.0,1153.0,0.0,0.0,APPARATUS,4.25,APP-LEAF-LD,003681,891 MORNINGSIDE AVE,APPARUTUS-LEAF LOADER
266073,45138.563912037,0.0,0.0,0.0,0.0,TRAILER,2.46611111111111,0.5,0.0,005495,TRL-UTILITY
395047,45114.3598148148,0.0,945.0,0.0,93.0,GROUND,0.5,GM-MOWER,,4200 YONGE ST,GROUND-MOWER
236270,43830.0,45093.7716435185,88377.0,8322.0,4876.0,503.0,1160.0,122.1625,250000.0,10000.0,8.0
396483,43286.4256712963,0.0,2.0,0.0,0.0,GROUND,0.5,GM-MOWER,005381,441 KIPLING AVE,GROUND-MOWER
376052,,44127.3195023148,10739.0,1296.0,1582.0,0.0,1160.0,3.0,4900.0,0520-1,ICE-RESURF
396285,45070.2921412037,44690.4720023148,0.0,997.0,0.0,16.0,1160.0,0.5,2800.0,004847,GM-MOWER
319189,44987.5321759259,0.0,0.0,0.0,0.0,GROUND,0.5,GM-TRACT,CNE,CANADIAN NATIONAL EXHIBITION,GROUNT-TRACTOR
067097,45130.024224537,45121.3852430556,54002.0,689.0,13310.0,304.0,1160.0,168.141388888889,220000.0,0.0,1.5
044084,,44967.3277893519,133633.0,2345.0,1.0,1.0,800.0,88.0,180000.0,0.0,1.5
314021,45135.2702199074,0.0,0.0,0.0,0.0,CONSTRUCT,0.0,4.0,2100.0,003681,CON-ASPH-RLR
080121,45134.3078703704,45126.4848263889,6549.0,416.0,6549.0,416.0,1104.0,,220000.0,5500.0,4.0
080092,45134.2802199074,45103.4582638889,57815.0,6353.0,3695.0,4.0,1160.0,110.966666666667,220000.0,5500.0,4.0
065166,45134.2826273148,45131.5958101852,8169.0,507.0,8167.0,505.0,1160.0,0.423055555555556,220000.0,0.0,1.5
194010,45065.5883101852,45133.3026157407,29504.0,3239.0,,208.0,1160.0,163.264166666667,250000.0,10000.0,3.0
378269,,44070.3700462963,0.0,1124.0,0.0,148.0,1160.0,1.0,2100.0,006063,GM-UT-CART
396339,42853.2540740741,0.0,6.0,0.0,0.0,GROUND,0.5,GM-MOWER,,451 BRIMLEY RD,GROUND-MOWER
045076,45132.5496875,44670.3702662037,111522.0,6796.0,5371.0,334.0,1160.0,1.5,0.0,4301-1,PICKU-1/2T
041397,45138.2772685185,44909.3295717593,9448.0,353.0,2610.0,112.0,1160.0,1.5,4000.0,4426-1,SEDAN-PASS
CLAW21,44833.4433333333,0.0,0.0,0.0,0.0,ATTACHMENT,0.5,ATT-CLW-BUC,005559,320 BERING AVE,ATTACHMENT-CLAW BUCKET
396549,45138.2824884259,44770.5170023148,0.0,82.0,0.0,80.0,1160.0,0.5,2100.0,003896,GM-MOWER
296007,44958.417337963,44032.8674768519,0.0,940.0,0.0,3.0,648.0,2.0,7000.0,005381,APP-STUMP-CUT
CLAW5,44775.5352430556,8.0,8.0,0.0,0.0,ATTACHMENT,0.5,,000520,433 EASTERN AVE,ATTACHMENT-CLAW BUCKET
222019,45132.3750578704,45107.3165046296,213120.0,12295.0,11882.0,1159.0,1160.0,335.530555555556,220000.0,5500.0,8.0
319136,41856.3498726852,,0.0,1049.0,0.0,1.0,1160.0,0.0777777777777778,0.0,4200.0,0.5
067121,45136.5023958333,45076.5356134259,2414.0,979.0,2414.0,979.0,840.0,104.6575,220000.0,0.0,1.5
001105,45117.7461226852,44953.3162037037,11732.0,704.0,,2.0,1160.0,42.8088888888889,160000.0,0.0,1.0
323103,45132.558599537,45048.3384143518,0.0,1829.0,0.0,381.0,1160.0,332.070277777778,0.0,12600.0,8.0
396445,42634.5463773148,0.0,195.0,0.0,194.0,GROUND,0.5,GM-MOWER,005381,441 KIPLING AVE,GROUND-MOWER
112461,45131.3427083333,45125.630787037,22668.0,379.0,8555.0,301.0,1160.0,31.805,220000.0,0.0,1.5
378143,,2.0,3.0,0.0,0.0,GROUND,1.0,GM-UT-CART,004793,149 ELMCREST RD,
319003,38940.0,44567.331724537,0.0,7.0,0.0,0.0,800.0,0.5,5600.0,000579,GM-TRACT
323058,45132.4526041667,45063.2677314815,0.0,4566.0,0.0,215.0,1160.0,18.1877777777778,0.0,9800.0,8.0
266079,45098.6526736111,0.0,0.0,0.0,0.0,TRAILER,32.5536111111111,0.5,0.0,004847,TRL-UTILITY
376068,0.0,0.0,0.0,0.0,ICEMAIN,10.0,ICE-RESURF,ICE-MAIN-RESURFACER,30 SLIDELL CRES,,376ZAMBNG12
156100,45106.526412037,45127.5496180556,43136.0,637.0,2328.0,3.0,1160.0,178.156666666667,220000.0,0.0,1.5
206092,45134.5654166667,45134.8274768519,94165.0,1048.0,16451.0,9.0,1160.0,65.5105555555556,400000.0,10000.0,5.0
156127,45083.6658333333,45113.2944097222,44087.0,3980.0,2347.0,257.0,1160.0,271.3725,220000.0,0.0,4.0
159036,45135.2803125,45119.2603125,26727.0,0.0,2566.0,0.0,1160.0,55.5683333333333,250000.0,0.0,5.0
8018,40599.358587963,43102.6584606481,0.0,371.0,0.0,0.0,1160.0,2.0,3500.0,,APP-THAW-MACH
289040,45111.3284722222,45103.3273726852,0.0,82.0,0.0,62.0,1160.0,119.5875,0.0,3500.0,1.0
501003,44677.5094097222,0.0,0.0,0.0,0.0,ATTACHMENT,0.5,ATT-GEN,003892,1050 ELLESMERE RD,ATTACHMENT-VEHICLE MOUNTED GEN
324016,43516.4432291667,,0.0,1028.0,0.0,1.0,1160.0,0.0,0.0,6300.0,4.0
396548,45127.2998842593,44749.5935300926,0.0,216.0,0.0,67.0,1160.0,0.5,2100.0,003698,GM-MOWER
003136,45106.3640046296,45085.5859606481,58609.0,231.0,3554.0,0.0,1160.0,,160000.0,0.0,1.0
302003,43654.4123958333,0.0,319.0,0.0,0.0,APPARATUS,0.5,APP-WATER-PMP,5381-1,435 KIPLING AVE,APPARUTUS-WATER PUMP
156195,45134.5225462963,,35025.0,2219.0,4660.0,303.0,,226.6525,220000.0,5500.0,5.0
003129,45010.635162037,45000.6666782407,107913.0,1490.0,1535.0,95.0,648.0,20.3983333333333,160000.0,0.0,1.0
376064,0.0,0.0,0.0,0.0,ICEMAIN,10.0,ICE-RESURF,ICE-MAIN-RESURFACER,50 BOOTH AVE,,376ZAMBUN10
005027,45058.6623611111,45086.4357175926,502.0,20.0,15.0,8.0,1160.0,285.542777777778,160000.0,4000.0,1.5
250510,0.0,0.0,0.0,TRAILER,10.0,FLEET MAINTENANCE HAULAGE,250TITANA23,2022 TRAILER VAN/TANKER ALUMINUM OPEN TOP 145-155 CUYD AND KEITH WALKING FLOOR,,,STANDARD
112455,45134.336412037,45126.4102893519,43476.0,2925.0,8119.0,580.0,1160.0,132.896666666667,220000.0,0.0,1.5
045085,45138.3366203704,45119.6108449074,114231.0,4290.0,4392.0,21.0,1160.0,-1,180000.0,0.0,1.5
003110,44914.4731365741,44714.6469560185,85984.0,0.0,0.0,0.0,152.0,1.0,0.0,005581,SEDAN-PASS
041274,45133.352974537,44995.3252893519,44429.0,328.0,4325.0,2.0,1160.0,33.0175,160000.0,4000.0,1.5
194039,45132.4572916667,45128.4997916667,57072.0,2217.0,9595.0,406.0,1160.0,90.485,250000.0,0.0,3.0
319162,45125.4164814815,45096.2946064815,0.0,1929.0,0.0,443.0,1160.0,18.4755555555556,0.0,3500.0,0.5
267094,44987.3495833333,0.0,0.0,0.0,0.0,TRAILER,169.453611111111,0.5,0.0,003763,TRL-UTILITY
378300,45001.4530324074,43214.5525115741,0.0,131.0,0.0,9.0,1160.0,1.0,2100.0,5381-1,GM-UT-CART
191008,45133.5726851852,45106.3048842593,54198.0,1592.0,11089.0,545.0,1160.0,121.310555555556,250000.0,0.0,
274007,44300.545787037,0.0,0.0,0.0,0.0,APPARATUS,0.5,APP-ARR-BD,005495,1401 CASTLEFIELD AVE,APPARUTUS ARROW BOARD
112468,45133.6206481481,45028.5492824074,54378.0,3229.0,10417.0,348.0,1160.0,35.8038888888889,220000.0,0.0,1.5
065199,44995.6679513889,44908.4056134259,641.0,36.0,0.0,0.0,1160.0,1.5,0.0,000525,PICKU-3/4T
319144,45054.4124421296,45089.5518865741,0.0,2682.0,0.0,211.0,1160.0,179.6125,0.0,4900.0,0.5
051024,45136.6691898148,45118.4880902778,40748.0,1550.0,16877.0,670.0,1160.0,148.805,180000.0,4500.0,1.5
378174,45064.2558217593,717.0,605.0,3.0,3.0,GROUND,22.1847222222222,1.0,2100.0,004869,GM-UT-CART
064175,45086.4278125,45063.4756365741,13145.0,692.0,2096.0,1.0,1160.0,19.7816666666667,220000.0,0.0,1.5
020028,45129.5954282407,45084.3011111111,45874.0,2631.0,3167.0,277.0,1160.0,16.4166666666667,160000.0,0.0,1.0
050052,45138.3163425926,45021.8000115741,84256.0,3581.0,12679.0,575.0,1160.0,0.0,180000.0,0.0,1.5
175039,44896.6683564815,44903.3933912037,86422.0,2618.0,1.0,1.0,152.0,0.0,250000.0,6250.0,5.0
065071,45006.4012962963,45099.4473032407,156067.0,2325.0,462.0,0.0,1160.0,40.9444444444444,,0.0,1.5
237272,1478.0,45.0,1478.0,45.0,CLASS8,5.0,TRUCK-SLOAD,TRUCK - SIDE LOADER,BERMONDSEY GARAGE,,237MACKNG23
050027,45127.4626041667,45128.3103009259,62362.0,2609.0,5504.0,292.0,1160.0,88.0077777777778,180000.0,4500.0,
047040,45138.5817824074,45121.3434375,96250.0,0.0,7434.0,0.0,1160.0,8.45638888888889,180000.0,4500.0,1.5
112505,45137.2917361111,45127.2749421296,759.0,28.0,3.0,4.0,1160.0,0.948055555555556,220000.0,0.0,1.5
285057,41538.4118055556,44740.5750347222,0.0,3.0,0.0,0.0,1160.0,1.0,4200.0,4847-1,APP-COMPRRESS
050194,45092.3370486111,378.0,0.0,378.0,0.0,CLASS2,16.7055555555556,1.5,4500.0,004426,PICKU-1/2T
095139,45135.531875,45000.4179398148,71821.0,2392.0,3428.0,158.0,1160.0,2.96666666666667,160000.0,0.0,1.5
383001,45106.4600231481,45098.3975347222,32577.0,1141.0,2105.0,1.0,1160.0,299.188055555556,0.0,7000.0,2.0
319186,45030.596099537,45072.3465509259,0.0,39.0,0.0,13.0,1160.0,0.135,0.0,7000.0,0.5
350007,,,300.0,0.0,0.0,APPARATUS,1.0,,002979,4200 YONGE ST,APPARUTUS-WALK BEHIND AERATOR
378361,45113.4129166667,44973.5475925926,0.0,165.0,0.0,165.0,800.0,58.8577777777778,0.0,2100.0,1.0
112327,45117.395474537,45086.575775463,81578.0,2928.0,2197.0,159.0,1160.0,151.784722222222,220000.0,0.0,1.5
041155,45093.3863310185,45126.4935648148,52751.0,1723.0,2935.0,0.0,1160.0,-1,160000.0,4000.0,1.5
378192,44677.3018518519,41933.5457523148,923.0,42.0,0.0,0.0,648.0,1.0,2800.0,005513,GM-UT-CART
318033,45121.279837963,0.0,2.0,0.0,1.0,GROUND,0.0,0.5,2100.0,005181,GM-TRACT
161003,44946.5492708333,44950.3053819444,144337.0,1413.0,1036.0,2.0,464.0,32.0,250000.0,0.0,5.5
156150,45124.4306018519,45107.5294560185,51327.0,2708.0,631.0,301.0,1160.0,76.5997222222222,220000.0,0.0,4.0
194030,,45083.3361458333,26850.0,2458.0,3792.0,106.0,1160.0,,250000.0,10000.0,
067089,45134.3964351852,45132.5121296296,15499.0,1140.0,4232.0,360.0,1160.0,105.621944444444,220000.0,0.0,1.5
075012,45135.4618981481,45113.6547222222,35657.0,3014.0,3458.0,304.0,1160.0,202.246388888889,220000.0,0.0,1.5
004152,,0.0,0.0,0.0,TRAILER,15.0,TRL-UTILITY,,9 QUEENS QUAY W,,TRAILER010182
396373,43718.502337963,0.0,38.0,0.0,0.0,GROUND,0.5,GM-MOWER,002522,919 SCARLETT RD,GROUND-MOWER
330157,45138.5610416667,45125.3360763889,0.0,2754.0,0.0,291.0,,,0.0,2100.0,
384018,0.0,0.0,0.0,0.0,GROUND,8.0,GM-BIKE,GROUNT-CARGO-BIKE,433 EASTERN AVE,,384NORCNA07
135167,45134.489849537,45117.5302083333,86930.0,4003.0,8857.0,301.0,1160.0,86.96,220000.0,5500.0,3.0
135119,45134.5627546296,45114.6589351852,137074.0,2486.0,6837.0,293.0,1160.0,11.4944444444444,220000.0,0.0,1.5
156165,,45027.4946527778,48225.0,1742.0,6802.0,371.0,1160.0,284.128333333333,220000.0,5500.0,6.0
076050,45127.9858912037,45086.3377546296,94217.0,6862.0,6737.0,20.0,1160.0,206.7,220000.0,0.0,1.5
194018,,45131.8999189815,22222.0,3583.0,2253.0,461.0,1160.0,243.438888888889,250000.0,10000.0,3.0
045113,45125.5816435185,45071.3195601852,94456.0,1416.0,13322.0,1.0,1160.0,65.2425,180000.0,0.0,1.5
188026,45138.5407986111,45121.5844212963,79115.0,3521.0,6788.0,3.0,1160.0,113.775,250000.0,6250.0,5.0
